{"type": "FeatureCollection", "features": [{"type": "Feature", "properties": {"id": "EKSISTING", "nama": "Area Eksisting", "kategori": "Eksisting", "warna": "#2563eb", "luas_ha": 62.39, "luas_batas_ha": 75.21, "sumber": "21 blok area_eksisting_tanpa_garis.geojson, jalan di antaranya ditutup (closing 35 m)"}, "geometry": {"type": "Polygon", "coordinates": [[[106.83351361, -7.09372647], [106.83352109, -7.09372468], [106.83361539, -7.09370223], [106.83361882, -7.09370142], [106.83362227, -7.09370076], [106.83363476, -7.09369836], [106.83364358, -7.09369667], [106.83367864, -7.09368786], [106.83371247, -7.09367511], [106.83374462, -7.0936586], [106.83375253, -7.09365394], [106.83375253, -7.09365394], [106.83378916, -7.0936324], [106.83379344, -7.09362989], [106.83379787, -7.09362764], [106.83380983, -7.09362158], [106.83381624, -7.09361834], [106.83382079, -7.09361603], [106.83382549, -7.09361402], [106.83387176, -7.09359421], [106.8338778, -7.09359162], [106.83388419, -7.09359007], [106.83388573, -7.0935897], [106.83388749, -7.09358927], [106.8338905, -7.09358854], [106.83389354, -7.09358792], [106.83395826, -7.09357484], [106.83398129, -7.09357018], [106.83399831, -7.09356625], [106.83400637, -7.09356415], [106.83403357, -7.09355575], [106.83405991, -7.09354495], [106.83408517, -7.09353183], [106.83410915, -7.09351649], [106.83411967, -7.09350907], [106.83412398, -7.09350603], [106.83412849, -7.09350329], [106.83419477, -7.0934629], [106.834201, -7.09345909], [106.83420804, -7.09345714], [106.83424044, -7.09344815], [106.83424935, -7.09344567], [106.83425848, -7.09344425], [106.83426626, -7.09344304], [106.83427173, -7.09344219], [106.83427724, -7.09344173], [106.83428067, -7.09344144], [106.83428437, -7.09344112], [106.83429511, -7.09344021], [106.83430588, -7.09344077], [106.83436317, -7.09344372], [106.83436966, -7.09344406], [106.834376, -7.09344545], [106.83438129, -7.0934466], [106.83438558, -7.09344754], [106.83438981, -7.09344872], [106.83441132, -7.09345469], [106.83444534, -7.09346215], [106.83447998, -7.09346584], [106.83448382, -7.09346604], [106.83448382, -7.09346604], [106.83449662, -7.09346669], [106.83449716, -7.09346672], [106.8345146, -7.09346713], [106.83454723, -7.093467], [106.83456453, -7.09346693], [106.83456453, -7.09346693], [106.83458049, -7.09346687], [106.83458346, -7.09346686], [106.83458644, -7.09346696], [106.83461401, -7.09346788], [106.83462807, -7.09346836], [106.83462807, -7.09346836], [106.83462807, -7.09346836], [106.83463757, -7.09346867], [106.83464717, -7.093469], [106.83465513, -7.09347125], [106.83468465, -7.09347618], [106.83471614, -7.09347826], [106.83474767, -7.09347721], [106.83477894, -7.09347302], [106.83480964, -7.09346575], [106.83483946, -7.09345546], [106.83486811, -7.09344226], [106.8348953, -7.09342628], [106.83492077, -7.09340768], [106.83494426, -7.09338664], [106.83496553, -7.09336337], [106.83498439, -7.0933381], [106.83500063, -7.09331109], [106.83501411, -7.09328259], [106.83502468, -7.09325289], [106.83503224, -7.0932223], [106.83503671, -7.0931911], [106.83503806, -7.09315961], [106.83503627, -7.09312815], [106.83503135, -7.09309702], [106.83502335, -7.09306653], [106.83501236, -7.09303699], [106.83500686, -7.09302419], [106.83500637, -7.09302306], [106.83500591, -7.09302192], [106.83499615, -7.09299823], [106.83499082, -7.09298526], [106.83499044, -7.09298435], [106.83499008, -7.09298343], [106.83498205, -7.09296321], [106.83498175, -7.09296246], [106.83498146, -7.09296171], [106.83497439, -7.09294335], [106.83497389, -7.09294205], [106.83497389, -7.09294204], [106.83497226, -7.09293782], [106.83497224, -7.09293779], [106.83497224, -7.09293777], [106.83496794, -7.09292661], [106.83496793, -7.09292659], [106.83496793, -7.09292658], [106.83495536, -7.09289396], [106.83495472, -7.0928923], [106.83495411, -7.09289062], [106.83493837, -7.09284683], [106.834938, -7.09284582], [106.83493162, -7.09282767], [106.8349316, -7.09282762], [106.83492092, -7.09279723], [106.83492023, -7.09279527], [106.8349196, -7.09279329], [106.83491431, -7.09277687], [106.83491414, -7.09277634], [106.83491339, -7.09277402], [106.83491301, -7.09277279], [106.83490948, -7.09276137], [106.8349039, -7.09274335], [106.83490343, -7.09274182], [106.83490299, -7.09274029], [106.83489829, -7.09272394], [106.83489829, -7.09272393], [106.83489603, -7.09271609], [106.83489592, -7.09271567], [106.83489591, -7.09271567], [106.8348938, -7.09270831], [106.83489867, -7.0927024], [106.8349003, -7.09270042], [106.83490187, -7.09269851], [106.83490766, -7.09269148], [106.83491422, -7.09268516], [106.83492225, -7.09267742], [106.83492225, -7.09267742], [106.83492225, -7.09267742], [106.83492976, -7.09267018], [106.8349387, -7.09266157], [106.83493872, -7.09266155], [106.83494246, -7.09265795], [106.83494246, -7.09265795], [106.83494249, -7.09265792], [106.83494449, -7.09265599], [106.8349445, -7.09265599], [106.83495005, -7.09265064], [106.8349569, -7.09264711], [106.83496131, -7.09264484], [106.83496403, -7.09264345], [106.8349668, -7.09264215], [106.83496934, -7.09264097], [106.83497144, -7.09263999], [106.83497859, -7.09263665], [106.83498641, -7.09263557], [106.83499597, -7.09263424], [106.8350016, -7.09263346], [106.83500287, -7.09263329], [106.83500414, -7.09263313], [106.83501858, -7.09263137], [106.83501858, -7.09263137], [106.83505007, -7.09262752], [106.83505007, -7.09262752], [106.83508316, -7.09262348], [106.83509283, -7.0926223], [106.83511205, -7.09261995], [106.83511654, -7.0926194], [106.83512106, -7.09261911], [106.83518143, -7.09261521], [106.83521242, -7.09261167], [106.83524291, -7.0926051], [106.83527261, -7.09259557], [106.83529174, -7.09258838], [106.83529504, -7.09258714], [106.83529504, -7.09258714], [106.83533922, -7.09257052], [106.83535096, -7.0925661], [106.83536007, -7.09256252], [106.83537645, -7.09255577], [106.83539459, -7.09254763], [106.8354513, -7.09252], [106.83548718, -7.09249952], [106.83549721, -7.0924929], [106.83549823, -7.0924918], [106.83550525, -7.09248925], [106.83553205, -7.09247951], [106.83553425, -7.0924787], [106.83553426, -7.0924787], [106.83557067, -7.09246516], [106.83557067, -7.09246516], [106.83559703, -7.09245536], [106.83559703, -7.09245536], [106.83561642, -7.09244816], [106.83561762, -7.09244771], [106.83561882, -7.09244729], [106.83565089, -7.09243595], [106.8356555, -7.09243432], [106.83565551, -7.09243431], [106.8356605, -7.09243255], [106.83566051, -7.09243255], [106.83570285, -7.09241758], [106.83570675, -7.0924162], [106.83571071, -7.09241503], [106.83578656, -7.09239258], [106.83581187, -7.09238392], [106.83583635, -7.09237315], [106.83583936, -7.09237168], [106.83584015, -7.09237087], [106.83584677, -7.09236945], [106.83587328, -7.09236108], [106.83589992, -7.09234991], [106.83592543, -7.09233637], [106.8359496, -7.09232056], [106.83597148, -7.09230322], [106.8359756, -7.09229931], [106.83598148, -7.09229607], [106.83598191, -7.09229583], [106.83598887, -7.09229199], [106.83599665, -7.09229039], [106.83600854, -7.09228794], [106.8360138, -7.09228685], [106.83601912, -7.09228612], [106.83602784, -7.09228493], [106.83603113, -7.09228449], [106.83603805, -7.09228354], [106.83604503, -7.09228321], [106.8360622, -7.09228239], [106.83606435, -7.09228229], [106.83606651, -7.09228224], [106.83607111, -7.09228215], [106.83607157, -7.09228214], [106.83609839, -7.09228045], [106.83611398, -7.09227881], [106.83613778, -7.09227538], [106.83616124, -7.09227016], [106.83617258, -7.09226718], [106.8362141, -7.09225314], [106.83625575, -7.09223577], [106.83628736, -7.09222048], [106.83631708, -7.09220178], [106.83633693, -7.0921877], [106.83635406, -7.09217466], [106.83638473, -7.0921496], [106.83640057, -7.09213576], [106.8364531, -7.09208669], [106.83645312, -7.09208667], [106.83645343, -7.09208637], [106.83649568, -7.09204714], [106.8364981, -7.09204489], [106.83650062, -7.09204274], [106.83652103, -7.09202531], [106.83655276, -7.09199822], [106.83655955, -7.09199242], [106.83656746, -7.09198829], [106.83657062, -7.09198664], [106.83658565, -7.09197879], [106.83658909, -7.09197699], [106.8365926, -7.09197537], [106.83664376, -7.09195175], [106.83665272, -7.09194762], [106.83666212, -7.09194462], [106.83668769, -7.09193649], [106.83668854, -7.09193622], [106.83668854, -7.09193622], [106.83669069, -7.09193555], [106.83669253, -7.09193497], [106.83669286, -7.09193487], [106.83669285, -7.09193485], [106.8367417, -7.09191931], [106.83675097, -7.09191753], [106.83676038, -7.09191573], [106.83677059, -7.09191378], [106.83678098, -7.09191318], [106.83678177, -7.09191313], [106.83680991, -7.09191151], [106.8368186, -7.091911], [106.83682719, -7.09191241], [106.8368363, -7.09191389], [106.83684443, -7.09191522], [106.83685211, -7.0919182], [106.83687381, -7.0919266], [106.8368824, -7.09192993], [106.83688998, -7.09193514], [106.8369121, -7.09195033], [106.83692084, -7.09195634], [106.8369287, -7.09196345], [106.83694847, -7.09198135], [106.83696405, -7.09199546], [106.83697103, -7.09200177], [106.8369772, -7.09200887], [106.83700022, -7.09203531], [106.8370073, -7.09204318], [106.83703423, -7.09207211], [106.83704207, -7.09208023], [106.83706936, -7.09210753], [106.83706937, -7.09210755], [106.83708752, -7.09212569], [106.83709234, -7.09213051], [106.83709234, -7.09213051], [106.83711841, -7.09215658], [106.83714277, -7.09217854], [106.83716528, -7.09219681], [106.83718546, -7.09221189], [106.83720677, -7.09222533], [106.83725312, -7.09225202], [106.83727886, -7.09226532], [106.83733552, -7.09229139], [106.83733559, -7.09229142], [106.83734716, -7.09229674], [106.83735429, -7.09230002], [106.83736064, -7.09230463], [106.8373694, -7.092311], [106.83738754, -7.0923242], [106.83739462, -7.09232935], [106.83739964, -7.09233652], [106.83746439, -7.09242911], [106.83746932, -7.09243616], [106.83747345, -7.09244369], [106.8374828, -7.09246075], [106.83749124, -7.09247613], [106.83749188, -7.09247729], [106.83749249, -7.09247846], [106.83749251, -7.09247851], [106.8374939, -7.09248106], [106.83749409, -7.09248139], [106.83749412, -7.09248139], [106.83751311, -7.09251601], [106.83751654, -7.09252443], [106.83754899, -7.09260416], [106.83754899, -7.09260416], [106.83756318, -7.09263902], [106.83756382, -7.09264059], [106.8375655, -7.09264473], [106.83756691, -7.09265074], [106.83757665, -7.09269227], [106.83757785, -7.09269722], [106.83761231, -7.09283424], [106.83761909, -7.09286122], [106.83762527, -7.09288257], [106.83762576, -7.09288408], [106.8376259, -7.09288449], [106.83763725, -7.09291899], [106.83764568, -7.09294165], [106.83765553, -7.0929653], [106.83765557, -7.0929654], [106.8376572, -7.0929693], [106.8376572, -7.0929693], [106.83767042, -7.09299711], [106.83768628, -7.0930235], [106.83770464, -7.09304822], [106.83772531, -7.09307105], [106.8377481, -7.09309176], [106.8377728, -7.09311016], [106.83779918, -7.09312608], [106.83782698, -7.09313936], [106.83785593, -7.09314989], [106.83788578, -7.09315755], [106.83791623, -7.09316228], [106.83793108, -7.09316385], [106.8379361, -7.09316438], [106.83793715, -7.09316449], [106.8379657, -7.09316742], [106.83796962, -7.0931678], [106.8380023, -7.09317074], [106.8380403, -7.09317416], [106.8380403, -7.09317416], [106.83807162, -7.09317698], [106.83807209, -7.09317702], [106.83807489, -7.09317727], [106.83807768, -7.09317762], [106.83813314, -7.0931846], [106.83813402, -7.09318471], [106.8381349, -7.09318484], [106.83818248, -7.09319137], [106.83818821, -7.09319215], [106.83819386, -7.09319335], [106.83824748, -7.09320475], [106.83825715, -7.0932068], [106.83826069, -7.09320803], [106.83826068, -7.09320808], [106.83826497, -7.09320951], [106.83826649, -7.09321004], [106.83833006, -7.0932321], [106.83833895, -7.09323518], [106.83834686, -7.09324027], [106.8384052, -7.09327778], [106.83841027, -7.09328103], [106.83841479, -7.09328502], [106.8384565, -7.09332187], [106.83846253, -7.0933272], [106.83846799, -7.0933331], [106.83847118, -7.09333657], [106.83847558, -7.09334133], [106.83848036, -7.0933465], [106.83848414, -7.09335243], [106.83848704, -7.09335698], [106.838515, -7.09340081], [106.83851914, -7.09340731], [106.83852222, -7.09342444], [106.83852272, -7.09343454], [106.83852354, -7.09345114], [106.83852385, -7.09345725], [106.83852426, -7.09346566], [106.83852289, -7.09347396], [106.83851492, -7.09352229], [106.83851346, -7.09353114], [106.83851102, -7.09353976], [106.83849279, -7.09360391], [106.83849189, -7.09360713], [106.83847516, -7.09366847], [106.83847505, -7.09366889], [106.83845459, -7.09374309], [106.83845215, -7.09374963], [106.83843417, -7.0937978], [106.83842903, -7.09381267], [106.83841529, -7.09385596], [106.83840767, -7.09388447], [106.83840275, -7.09391358], [106.83840057, -7.09394301], [106.83839983, -7.09396995], [106.83840077, -7.09400436], [106.83841309, -7.09415499], [106.83841806, -7.09419065], [106.83842641, -7.09423279], [106.83843448, -7.09426471], [106.83844583, -7.09429563], [106.83844609, -7.09429623], [106.83845738, -7.09431989], [106.83847059, -7.09434253], [106.83848563, -7.094364], [106.83850907, -7.09439466], [106.83852639, -7.09441542], [106.83854543, -7.09443464], [106.83856603, -7.09445215], [106.83862196, -7.09449573], [106.83865573, -7.09451871], [106.83871015, -7.0945508], [106.83874492, -7.09456852], [106.83887643, -7.09462562], [106.83890292, -7.09463574], [106.83893994, -7.09464802], [106.83894005, -7.09464806], [106.83899751, -7.09466706], [106.83899751, -7.09466706], [106.83900317, -7.09466894], [106.83900849, -7.09467164], [106.83911365, -7.09472507], [106.83913535, -7.0947348], [106.83913531, -7.09473488], [106.83914144, -7.09473756], [106.83914707, -7.09473975], [106.83915255, -7.09474298], [106.83919282, -7.09476674], [106.839199, -7.09477039], [106.83920443, -7.09477509], [106.83926018, -7.09482343], [106.83927626, -7.09483738], [106.83931345, -7.09486513], [106.839323, -7.09487122], [106.83932446, -7.09487215], [106.83933956, -7.0948812], [106.83935325, -7.09488889], [106.83938354, -7.09490386], [106.83943638, -7.09492654], [106.83946758, -7.09493804], [106.83948121, -7.09494226], [106.83950752, -7.0949492], [106.83953433, -7.09495385], [106.83956144, -7.09495618], [106.83959348, -7.09495756], [106.8396219, -7.09495751], [106.83970078, -7.09495384], [106.83972196, -7.09495177], [106.83972198, -7.09495193], [106.83979395, -7.09494482], [106.83980001, -7.09494416], [106.83982298, -7.09494145], [106.83985416, -7.09493617], [106.83988466, -7.09492782], [106.83991418, -7.09491647], [106.83994241, -7.09490224], [106.83996751, -7.09488797], [106.83997557, -7.09488323], [106.84006545, -7.09482858], [106.84006546, -7.09482857], [106.84007302, -7.09482397], [106.84008106, -7.09482024], [106.84013398, -7.09479568], [106.84016178, -7.09478278], [106.84016317, -7.09478213], [106.84016457, -7.09478152], [106.84018521, -7.09477241], [106.84020661, -7.094762], [106.84021816, -7.09475584], [106.84021828, -7.09475578], [106.84022485, -7.09475227], [106.84022491, -7.09475264], [106.84022493, -7.09475263], [106.8402352, -7.094753], [106.8402673, -7.09475253], [106.84029918, -7.09474881], [106.84033052, -7.09474189], [106.840361, -7.09473184], [106.8403903, -7.09471875], [106.84041813, -7.09470278], [106.8404442, -7.09468407], [106.84046824, -7.09466282], [106.84049, -7.09463925], [106.84050927, -7.0946136], [106.84052583, -7.09458614], [106.84053953, -7.09455714], [106.84054023, -7.09455544], [106.84053998, -7.09455502], [106.8405468, -7.09455102], [106.84057792, -7.09453278], [106.84058283, -7.0945299], [106.84058568, -7.09452822], [106.84058861, -7.09452667], [106.84065288, -7.09449251], [106.84065874, -7.09448939], [106.84066483, -7.09448678], [106.84072937, -7.09445913], [106.84075988, -7.09444406], [106.84078794, -7.09442828], [106.84080433, -7.0944184], [106.84081796, -7.09440961], [106.84084093, -7.09439331], [106.84085719, -7.09438065], [106.84085729, -7.09438059], [106.84086616, -7.09437367], [106.84087604, -7.09436803], [106.84088637, -7.09436214], [106.84089132, -7.09435932], [106.84089647, -7.09435686], [106.84092212, -7.09434459], [106.84092443, -7.09434349], [106.84092533, -7.09434309], [106.84092532, -7.09434312], [106.8409291, -7.09434139], [106.84092909, -7.09434136], [106.84093468, -7.09433888], [106.84093472, -7.09433896], [106.8409532, -7.09433084], [106.8409532, -7.09433084], [106.84095321, -7.09433084], [106.84097973, -7.09431918], [106.84098022, -7.09431896], [106.84098778, -7.09431564], [106.840996, -7.09431652], [106.84103474, -7.09432066], [106.84104113, -7.09432135], [106.84104733, -7.09432306], [106.84105946, -7.0943264], [106.8410849, -7.09433341], [106.84108918, -7.09433458], [106.84109339, -7.094336], [106.84111019, -7.09434166], [106.84111758, -7.09434415], [106.84112433, -7.09434803], [106.8411329, -7.09435295], [106.8411475, -7.09436134], [106.84114751, -7.09436134], [106.84114751, -7.09436134], [106.8411683, -7.09437329], [106.84117022, -7.09437439], [106.84117211, -7.09437554], [106.84117768, -7.09437895], [106.84120993, -7.0943987], [106.84121208, -7.09440001], [106.84121418, -7.09440139], [106.84123835, -7.09441727], [106.84123868, -7.09441748], [106.84127648, -7.09444245], [106.84128169, -7.09444656], [106.8413116, -7.09447013], [106.84131958, -7.09447642], [106.8413213, -7.09447777], [106.84132298, -7.09447918], [106.84135142, -7.0945029], [106.84135505, -7.09450593], [106.8413585, -7.09450917], [106.84137687, -7.09452645], [106.84140347, -7.09455148], [106.84140347, -7.09455148], [106.84140347, -7.09455148], [106.84142017, -7.09456718], [106.84142512, -7.09457184], [106.8414292, -7.09457728], [106.84142947, -7.09457764], [106.84142963, -7.09457784], [106.84143384, -7.09458346], [106.841437, -7.09458972], [106.84144237, -7.09460039], [106.84145768, -7.0946274], [106.84146734, -7.09464265], [106.84146757, -7.09464301], [106.84147529, -7.09465517], [106.84149383, -7.09468132], [106.84149396, -7.09468148], [106.8414941, -7.09468166], [106.84149618, -7.09468426], [106.84151432, -7.0947068], [106.84152011, -7.09471398], [106.84152502, -7.09472179], [106.84152521, -7.0947221], [106.84154925, -7.09476033], [106.84154925, -7.09476033], [106.84155943, -7.09477652], [106.84155972, -7.09477698], [106.84156393, -7.09478367], [106.84156336, -7.094784], [106.84155879, -7.09479516], [106.84155601, -7.09480109], [106.84154549, -7.09483095], [106.84153801, -7.09486172], [106.84153365, -7.09489308], [106.84153244, -7.09492472], [106.84153441, -7.09495632], [106.84153952, -7.09498757], [106.84154774, -7.09501815], [106.84155898, -7.09504775], [106.84157312, -7.09507609], [106.84159002, -7.09510287], [106.84160952, -7.09512784], [106.84163142, -7.09515073], [106.8416555, -7.09517131], [106.84168152, -7.0951894], [106.84168215, -7.09518979], [106.84168989, -7.09519404], [106.84169854, -7.09520362], [106.84170115, -7.09521061], [106.84170225, -7.09521353], [106.84170489, -7.09522062], [106.84170738, -7.09522729], [106.841708, -7.09523439], [106.84170955, -7.09525217], [106.84171025, -7.09526029], [106.84170993, -7.09526299], [106.84171022, -7.09527134], [106.84171006, -7.09528028], [106.84171267, -7.09531185], [106.84171419, -7.09532324], [106.84171457, -7.0953253], [106.84171511, -7.09532715], [106.84171492, -7.09532721], [106.8417199, -7.09535418], [106.84172865, -7.0953844], [106.84174037, -7.09541361], [106.84175493, -7.0954415], [106.84177219, -7.09546782], [106.84179198, -7.09549229], [106.8418141, -7.09551468], [106.84183834, -7.09553476], [106.84186446, -7.09555234], [106.8418922, -7.09556724], [106.84192128, -7.09557932], [106.84195141, -7.09558845], [106.84198231, -7.09559455], [106.84201366, -7.09559756], [106.84204515, -7.09559744], [106.84207648, -7.09559419], [106.84210733, -7.09558786], [106.84213739, -7.0955785], [106.84216638, -7.0955662], [106.842194, -7.09555109], [106.8421964, -7.09554961], [106.8421965, -7.0955491], [106.84220127, -7.09555164], [106.84220541, -7.09555385], [106.84220604, -7.09555477], [106.84221698, -7.09556282], [106.84221864, -7.09556416], [106.8422445, -7.09558124], [106.8422719, -7.09559572], [106.84230058, -7.09560745], [106.84233028, -7.09561632], [106.8423607, -7.09562225], [106.84239155, -7.09562519], [106.84240502, -7.0956258], [106.84240795, -7.09562545], [106.84241907, -7.09562658], [106.84242549, -7.09562836], [106.84242676, -7.09562871], [106.84243452, -7.09563085], [106.8424427, -7.09563503], [106.84245001, -7.09564142], [106.84245029, -7.09564167], [106.8424507, -7.09564203], [106.84245628, -7.09564689], [106.84246028, -7.09565311], [106.84246214, -7.09565599], [106.84246448, -7.09565962], [106.84246448, -7.09565962], [106.84246448, -7.09565962], [106.84246889, -7.09566647], [106.84247246, -7.095672], [106.84247455, -7.09567824], [106.84247675, -7.09568482], [106.84248257, -7.09570221], [106.8424834, -7.0957047], [106.84248415, -7.09570722], [106.84248902, -7.09572356], [106.84249057, -7.09572876], [106.84249167, -7.09573244], [106.84249258, -7.09573618], [106.84249385, -7.09574135], [106.84249423, -7.0957429], [106.8424943, -7.09574316], [106.84250119, -7.09577142], [106.84250166, -7.09577334], [106.84250208, -7.09577528], [106.84250305, -7.09577972], [106.84250524, -7.09578982], [106.84250623, -7.09580162], [106.84250485, -7.09580874], [106.84250307, -7.09581788], [106.84249866, -7.09584862], [106.84249728, -7.09587963], [106.84249895, -7.09591063], [106.84250366, -7.09594132], [106.84251135, -7.09597141], [106.84252196, -7.09600059], [106.84253538, -7.09602859], [106.84255148, -7.09605515], [106.84257011, -7.09608], [106.84259109, -7.09610291], [106.84261421, -7.09612366], [106.84263926, -7.09614204], [106.84266599, -7.09615788], [106.84269414, -7.09617103], [106.84272345, -7.09618136], [106.84275364, -7.09618877], [106.8427844, -7.09619319], [106.84281545, -7.09619457], [106.84284649, -7.09619292], [106.84285607, -7.09619145], [106.84286562, -7.09619037], [106.84286707, -7.09619001], [106.84286788, -7.09618981], [106.84287484, -7.09618933], [106.84287588, -7.09618926], [106.84287854, -7.09618908], [106.84288671, -7.09618852], [106.84289891, -7.09619021], [106.84290469, -7.09619194], [106.84291598, -7.09619531], [106.84292059, -7.09619668], [106.8429251, -7.09619833], [106.84292925, -7.09619985], [106.84293828, -7.096203], [106.84294249, -7.0962044], [106.8429477, -7.09620613], [106.84295386, -7.09620812], [106.8429692, -7.09621565], [106.84297428, -7.09621923], [106.84297546, -7.09622006], [106.84297694, -7.0962211], [106.84298301, -7.09622537], [106.84298426, -7.09623134], [106.84298605, -7.09623984], [106.84298415, -7.09624478], [106.84298155, -7.09625012], [106.84297287, -7.09625501], [106.84297006, -7.09625659], [106.84296739, -7.09625633], [106.8429627, -7.09625659], [106.84293174, -7.09625985], [106.84290126, -7.09626613], [106.84287153, -7.09627537], [106.84284286, -7.09628748], [106.84281552, -7.09630234], [106.84278976, -7.09631981], [106.84276585, -7.09633972], [106.84274401, -7.09636187], [106.84272445, -7.09638607], [106.84270737, -7.09641206], [106.84269292, -7.0964396], [106.84268124, -7.09646843], [106.84267246, -7.09649826], [106.84266665, -7.09652881], [106.84266387, -7.09655978], [106.84266414, -7.09659088], [106.84266747, -7.0966218], [106.84267382, -7.09665224], [106.84268313, -7.09668191], [106.84269531, -7.09671053], [106.84269722, -7.09671447], [106.84269909, -7.09671831], [106.84269909, -7.09671831], [106.84269909, -7.09671831], [106.84270259, -7.09672554], [106.8427026, -7.09672554], [106.84270396, -7.09672834], [106.84270763, -7.09673592], [106.84270874, -7.09674426], [106.84270874, -7.09674427], [106.84270882, -7.09674484], [106.84270996, -7.09675342], [106.84271015, -7.09676208], [106.84271018, -7.09676311], [106.84271028, -7.09676751], [106.84271013, -7.09677191], [106.84270959, -7.0967884], [106.84270953, -7.09679003], [106.84270945, -7.09679166], [106.84270898, -7.09680042], [106.84270767, -7.0968248], [106.84270767, -7.0968248], [106.84270648, -7.09684707], [106.84270595, -7.09685695], [106.84270419, -7.09686668], [106.84270141, -7.09688206], [106.84270002, -7.09688979], [106.84269786, -7.09689734], [106.84269775, -7.09689771], [106.84269662, -7.09690167], [106.84268837, -7.096939], [106.84268631, -7.09695202], [106.84268534, -7.09695816], [106.84268389, -7.09696419], [106.84267742, -7.09699115], [106.84267672, -7.09699408], [106.84267363, -7.09700508], [106.84266852, -7.09701238], [106.84265794, -7.09702746], [106.84264867, -7.09704067], [106.84264792, -7.09704175], [106.84263121, -7.09706514], [106.84263031, -7.09706639], [106.84262812, -7.09706871], [106.84262255, -7.09707459], [106.84260116, -7.09709719], [106.84260034, -7.09709805], [106.84259952, -7.0970989], [106.84259036, -7.09710828], [106.84258734, -7.09711138], [106.84258416, -7.0971143], [106.84257999, -7.09711813], [106.84257778, -7.09712016], [106.84257549, -7.09712211], [106.84257508, -7.09712246], [106.84257477, -7.09712273], [106.84256902, -7.09712762], [106.84256284, -7.09713194], [106.84256278, -7.09713198], [106.84256277, -7.09713199], [106.84256277, -7.09713199], [106.84255977, -7.09713408], [106.84255404, -7.09713809], [106.84255267, -7.09713904], [106.84255128, -7.09713997], [106.8425498, -7.09714096], [106.84252219, -7.09716166], [106.842497, -7.09718524], [106.84248557, -7.09719855], [106.84248142, -7.09720292], [106.84247984, -7.09720522], [106.8424738, -7.09721094], [106.8424711, -7.0972135], [106.84247091, -7.09721367], [106.84244972, -7.09723415], [106.84243042, -7.09725666], [106.8424133, -7.09728089], [106.84239853, -7.09730661], [106.84238624, -7.09733359], [106.84237653, -7.09736161], [106.84236948, -7.09739041], [106.84236517, -7.09741974], [106.84236362, -7.09744935], [106.84236354, -7.09746453], [106.84236397, -7.0974648], [106.84236293, -7.09747146], [106.84236234, -7.09747445], [106.84236202, -7.09747609], [106.8423617, -7.09747771], [106.84236078, -7.09748241], [106.84235957, -7.09748705], [106.84235872, -7.09749033], [106.84235849, -7.09749122], [106.84235849, -7.09749122], [106.84235467, -7.09750591], [106.84235453, -7.09750642], [106.84234706, -7.09754471], [106.84234705, -7.09754471], [106.84234688, -7.09754602], [106.84234577, -7.09755445], [106.84234325, -7.09758462], [106.84234364, -7.09761489], [106.84234401, -7.09762112], [106.84234407, -7.09762209], [106.84234483, -7.09763197], [106.84234483, -7.09763197], [106.84234495, -7.09763327], [106.84234622, -7.09764714], [106.84234622, -7.09764715], [106.84234715, -7.09765719], [106.84234753, -7.09766128], [106.84234788, -7.09766509], [106.84234747, -7.09766508], [106.84234645, -7.09766893], [106.84233942, -7.09769095], [106.84233288, -7.09772163], [106.84232941, -7.09775281], [106.84232905, -7.09778418], [106.84233181, -7.09781543], [106.84233764, -7.09784625], [106.8423465, -7.09787635], [106.84235831, -7.09790542], [106.84237293, -7.09793318], [106.84239024, -7.09795935], [106.84241005, -7.09798369], [106.84243218, -7.09800595], [106.84245641, -7.09802591], [106.84247758, -7.09804009], [106.84248182, -7.09804297], [106.84248959, -7.09804763], [106.84249678, -7.09805316], [106.84249832, -7.09805434], [106.84250097, -7.09805637], [106.84250723, -7.09806118], [106.84251242, -7.09806713], [106.84251789, -7.09807282], [106.84251791, -7.0980728], [106.84253325, -7.09808876], [106.84255665, -7.09810881], [106.8425819, -7.09812649], [106.84260875, -7.09814163], [106.84263694, -7.09815409], [106.84266566, -7.09816358], [106.84266614, -7.09816374], [106.84267483, -7.09816615], [106.8426832, -7.09816953], [106.84268474, -7.09817015], [106.8426853, -7.09817038], [106.84269254, -7.09817331], [106.84269907, -7.0981776], [106.84271015, -7.09818488], [106.84271274, -7.09818658], [106.84271525, -7.09818838], [106.8427178, -7.09819012], [106.84271787, -7.09819002], [106.84274424, -7.09820676], [106.84277532, -7.09822202], [106.84280789, -7.0982338], [106.8428401, -7.09824161], [106.84284214, -7.09824169], [106.84284886, -7.09824559], [106.84285022, -7.09824638], [106.84285036, -7.09824646], [106.8428569, -7.09825025], [106.84286154, -7.0982562], [106.84286478, -7.09826034], [106.84286478, -7.09826035], [106.84286583, -7.09826169], [106.84286879, -7.09826548], [106.84287152, -7.09826945], [106.84287453, -7.09827383], [106.84289467, -7.09830006], [106.84291743, -7.09832405], [106.84294258, -7.09834553], [106.84296983, -7.09836428], [106.84299889, -7.09838008], [106.84302944, -7.09839277], [106.84306115, -7.09840221], [106.84307862, -7.09840644], [106.84307862, -7.09840644], [106.84307862, -7.09840644], [106.84309612, -7.09841067], [106.84310309, -7.09841235], [106.84310963, -7.09841526], [106.84311984, -7.09841979], [106.8431262, -7.09842261], [106.84313311, -7.09842568], [106.84313838, -7.0984311], [106.84315279, -7.09844593], [106.84315739, -7.09845067], [106.84316159, -7.09845577], [106.8431634, -7.09845798], [106.84316478, -7.09845965], [106.8431681, -7.0984637], [106.84317165, -7.09847018], [106.84317533, -7.0984769], [106.8431785, -7.0984827], [106.84318184, -7.09848881], [106.84318348, -7.09849557], [106.84318607, -7.0985063], [106.84318607, -7.0985063], [106.84319005, -7.09852281], [106.84319011, -7.09852304], [106.84319175, -7.09852984], [106.84319155, -7.09853684], [106.84319142, -7.09854144], [106.84319136, -7.09854354], [106.84319113, -7.09855135], [106.84318792, -7.09855846], [106.84318434, -7.09856641], [106.84318096, -7.0985739], [106.84317872, -7.09857552], [106.84316857, -7.09858214], [106.84315929, -7.0985866], [106.84315517, -7.09858858], [106.84314763, -7.09859052], [106.84313417, -7.09859398], [106.84312754, -7.09859568], [106.84312071, -7.09859622], [106.84306895, -7.09860031], [106.84306832, -7.09860036], [106.84306231, -7.09860084], [106.84303096, -7.09860497], [106.84300017, -7.09861219], [106.84297026, -7.09862244], [106.84294152, -7.09863563], [106.84291424, -7.0986516], [106.84288869, -7.09867022], [106.84286512, -7.09869129], [106.84284378, -7.0987146], [106.84282487, -7.09873992], [106.84280858, -7.09876699], [106.84279507, -7.09879556], [106.84278449, -7.09882532], [106.84277692, -7.09885599], [106.84277246, -7.09888727], [106.84277114, -7.09891883], [106.84277297, -7.09895037], [106.84277629, -7.09897121], [106.84277683, -7.09897607], [106.84277726, -7.09897645], [106.84277572, -7.09897855], [106.84277082, -7.09898795], [106.84275836, -7.09901481], [106.84274847, -7.09904271], [106.8427438, -7.0990612], [106.84274369, -7.09906117], [106.84274063, -7.09907319], [106.8427386, -7.0990812], [106.8427301, -7.09909199], [106.84272756, -7.09909393], [106.84271844, -7.09909772], [106.84271597, -7.09909805], [106.84271048, -7.0990988], [106.84270677, -7.09909931], [106.84270643, -7.09909926], [106.84268149, -7.09910273], [106.84265197, -7.09910976], [106.84262326, -7.09911958], [106.84259563, -7.09913211], [106.84256932, -7.09914721], [106.84254457, -7.09916476], [106.84252162, -7.09918459], [106.84250068, -7.09920653], [106.84248193, -7.09923037], [106.84246556, -7.09925589], [106.8424517, -7.09928286], [106.84244049, -7.09931102], [106.84243203, -7.09934014], [106.8424264, -7.09936992], [106.84242364, -7.09940011], [106.84242357, -7.09940176], [106.8424234, -7.09940575], [106.84242303, -7.09940972], [106.84242181, -7.09942273], [106.84242163, -7.09942459], [106.84242163, -7.0994246], [106.84242044, -7.0994373], [106.84241975, -7.09944469], [106.84241821, -7.09944772], [106.84241639, -7.09945131], [106.84241584, -7.09945241], [106.84241583, -7.09945242], [106.84240647, -7.09947091], [106.84240284, -7.09947808], [106.84240061, -7.09947959], [106.84239879, -7.09948127], [106.84238568, -7.09949414], [106.84238187, -7.09949809], [106.84238026, -7.09950042], [106.84237792, -7.0995026], [106.84237312, -7.09950515], [106.84236852, -7.09950705], [106.84236695, -7.09950705], [106.84236298, -7.09950805], [106.84234847, -7.09951085], [106.84232201, -7.09951839], [106.84229631, -7.09952819], [106.8422875, -7.09953246], [106.84228102, -7.09953519], [106.84228021, -7.09953592], [106.84227475, -7.09953735], [106.84227422, -7.09953743], [106.84226619, -7.09953995], [106.84223883, -7.09954994], [106.8422125, -7.09956239], [106.84218743, -7.09957721], [106.84216383, -7.09959427], [106.84214189, -7.09961343], [106.84212181, -7.09963451], [106.84211327, -7.09964532], [106.84210895, -7.09965023], [106.84210881, -7.09965096], [106.84210168, -7.09965405], [106.8421003, -7.09965465], [106.84209156, -7.09965843], [106.84208243, -7.09966114], [106.84208232, -7.09966117], [106.84208105, -7.09966155], [106.84208105, -7.09966155], [106.84206162, -7.09966731], [106.8420548, -7.09966933], [106.8420548, -7.09966933], [106.84201469, -7.09968123], [106.8420033, -7.0996846], [106.84197476, -7.09969457], [106.8419473, -7.09970722], [106.84192117, -7.09972241], [106.84189661, -7.09974003], [106.84187384, -7.09975991], [106.84185308, -7.09978187], [106.8418345, -7.0998057], [106.84181829, -7.09983119], [106.84180458, -7.09985811], [106.8417935, -7.09988622], [106.84178516, -7.09991525], [106.84178262, -7.09992596], [106.84178251, -7.09992749], [106.84178168, -7.0999319], [106.84178111, -7.09993236], [106.84178073, -7.09993397], [106.84177331, -7.09995902], [106.84176756, -7.09998837], [106.84176461, -7.10001814], [106.84176448, -7.10004804], [106.84176718, -7.10007783], [106.84177269, -7.10010723], [106.84177413, -7.1001133], [106.84177592, -7.10012086], [106.84177592, -7.10012087], [106.84178159, -7.10014483], [106.8417816, -7.10014486], [106.8417816, -7.10014486], [106.84178609, -7.10016384], [106.84178634, -7.1001649], [106.84179474, -7.10019405], [106.84180051, -7.10021099], [106.8418116, -7.10023907], [106.84182532, -7.10026597], [106.84184155, -7.10029145], [106.84186013, -7.10031526], [106.8418809, -7.10033719], [106.84190367, -7.10035705], [106.84192823, -7.10037465], [106.84195436, -7.10038983], [106.84198181, -7.10040246], [106.84198197, -7.10040252], [106.84198213, -7.10040258], [106.84198213, -7.10040259], [106.84198955, -7.10040558], [106.84199053, -7.10040597], [106.84199233, -7.1004067], [106.84199411, -7.10040747], [106.84200085, -7.10041038], [106.84200273, -7.10041119], [106.84200458, -7.10041205], [106.84201682, -7.10041772], [106.8420203, -7.10041933], [106.8420237, -7.1004211], [106.84202822, -7.10042347], [106.8420283, -7.10042351], [106.84203492, -7.10042697], [106.84203601, -7.10042802], [106.84204532, -7.10043347], [106.84204931, -7.10043606], [106.84207547, -7.1004498], [106.8421028, -7.10046104], [106.84213105, -7.10046969], [106.84215376, -7.10047438], [106.84215438, -7.10047431], [106.84215826, -7.10047514], [106.84216275, -7.10047611], [106.84216562, -7.10047672], [106.84216588, -7.10047678], [106.84216588, -7.10047678], [106.84216663, -7.10047694], [106.84216899, -7.10047744], [106.84217132, -7.10047794], [106.84217329, -7.10047837], [106.84218145, -7.10048251], [106.84218768, -7.10048644], [106.84218849, -7.10048695], [106.8421885, -7.10048696], [106.84219462, -7.10049082], [106.84219462, -7.10049082], [106.84219463, -7.10049083], [106.84220264, -7.10049589], [106.84220265, -7.1004959], [106.84220327, -7.10049629], [106.84220327, -7.10049629], [106.84220881, -7.10049978], [106.84221354, -7.10050477], [106.84221682, -7.10050914], [106.84221974, -7.10051303], [106.84222234, -7.10051844], [106.84222405, -7.10052504], [106.84222427, -7.10052588], [106.84222436, -7.10052623], [106.84222502, -7.10052878], [106.84222597, -7.10053243], [106.84222646, -7.10053779], [106.84222554, -7.10054145], [106.84222461, -7.10054521], [106.84222431, -7.10054638], [106.84222415, -7.10054703], [106.84222333, -7.1005503], [106.84222233, -7.1005543], [106.84222145, -7.10055553], [106.84222068, -7.10055742], [106.84221291, -7.10057389], [106.84220373, -7.10059849], [106.84219661, -7.10062377], [106.84219467, -7.10063197], [106.84219303, -7.10064143], [106.84219025, -7.10065061], [106.84219007, -7.10065122], [106.84219, -7.10065143], [106.84218806, -7.10065787], [106.84218191, -7.10067017], [106.84217541, -7.10068028], [106.84216899, -7.10068552], [106.84216466, -7.10068907], [106.8421587, -7.10069394], [106.84215133, -7.10069619], [106.84214945, -7.10069677], [106.84214179, -7.10069911], [106.84214177, -7.10069912], [106.84214073, -7.10069943], [106.84213477, -7.10070125], [106.84213015, -7.1007019], [106.84210084, -7.1007087], [106.84207117, -7.10071876], [106.84204263, -7.10073169], [106.84202846, -7.10073898], [106.84201197, -7.1007481], [106.84199078, -7.10076064], [106.84199078, -7.10076064], [106.84194896, -7.1007854], [106.8419487, -7.10078556], [106.84194679, -7.10078669], [106.84194484, -7.10078777], [106.84189773, -7.1008139], [106.84189554, -7.10081512], [106.8418933, -7.10081627], [106.84187096, -7.10082775], [106.8418699, -7.1008283], [106.84186882, -7.10082883], [106.8418609, -7.10083276], [106.84183069, -7.10084983], [106.84180253, -7.1008701], [106.84177676, -7.10089333], [106.84176788, -7.10090227], [106.84175596, -7.10091494], [106.84174722, -7.10092476], [106.84174722, -7.10092476], [106.84174372, -7.10092869], [106.84172783, -7.10094803], [106.84171948, -7.10095906], [106.84170227, -7.1009842], [106.84168756, -7.10101088], [106.84167549, -7.10103885], [106.84167296, -7.10104672], [106.84166954, -7.10105587], [106.84166936, -7.10105738], [106.84166219, -7.10105968], [106.84165926, -7.10106062], [106.84165565, -7.10106178], [106.84165565, -7.10106178], [106.84163287, -7.10106909], [106.84163144, -7.10106955], [106.84163, -7.10106998], [106.84162473, -7.10107157], [106.84159463, -7.10108228], [106.84156577, -7.10109597], [106.84156395, -7.10109695], [106.84156154, -7.10109825], [106.84155909, -7.10109946], [106.84153849, -7.10110964], [106.84152895, -7.10111435], [106.84151138, -7.10112026], [106.84150021, -7.10112231], [106.8414992, -7.1011225], [106.84147086, -7.1011277], [106.84146711, -7.10112839], [106.84146333, -7.1011289], [106.84144035, -7.10113198], [106.84143688, -7.10113245], [106.84143339, -7.10113276], [106.84142039, -7.10113392], [106.84140993, -7.10113486], [106.84139945, -7.10113441], [106.84139878, -7.10113438], [106.84139644, -7.10113428], [106.84138491, -7.10113378], [106.84137358, -7.10113162], [106.84136619, -7.10113076], [106.84133696, -7.10112872], [106.84130767, -7.10112939], [106.84127857, -7.10113275], [106.8412499, -7.10113879], [106.84122191, -7.10114745], [106.8412035, -7.1011541], [106.84120259, -7.10115442], [106.84120168, -7.10115474], [106.84119008, -7.10115877], [106.84117987, -7.10116231], [106.84117674, -7.1011634], [106.84117357, -7.10116435], [106.8411671, -7.1011663], [106.8411509, -7.10117117], [106.84114137, -7.10117404], [106.84113156, -7.10117569], [106.84113047, -7.10117588], [106.84112993, -7.10117597], [106.84112572, -7.10117668], [106.84112148, -7.10117716], [106.84107617, -7.1011823], [106.84106137, -7.10118433], [106.84104644, -7.10118675], [106.84103816, -7.10118808], [106.84102979, -7.10118765], [106.84100837, -7.10118655], [106.84100281, -7.10118627], [106.84099384, -7.10118581], [106.84098498, -7.10118433], [106.84093764, -7.10117647], [106.84093619, -7.10117624], [106.84090197, -7.10117071], [106.84089057, -7.10116909], [106.84087252, -7.10116684], [106.84086009, -7.10116555], [106.84081879, -7.10116206], [106.84081404, -7.10116169], [106.84081398, -7.10116169], [106.84077975, -7.10115932], [106.84074512, -7.10115881], [106.84073522, -7.10115921], [106.84070585, -7.10116175], [106.84069656, -7.101163], [106.84069152, -7.10116371], [106.84067191, -7.10116666], [106.84066927, -7.10116705], [106.84066661, -7.10116736], [106.8406485, -7.10116946], [106.84064167, -7.10117025], [106.84063376, -7.10117117], [106.84062583, -7.10117049], [106.84062346, -7.10117029], [106.84062346, -7.10117029], [106.84061984, -7.10116998], [106.84061895, -7.1011699], [106.84060915, -7.10116906], [106.84059867, -7.10116671], [106.84059575, -7.10116606], [106.84059316, -7.10116548], [106.8405845, -7.10116353], [106.84057696, -7.10115884], [106.84057333, -7.10115658], [106.8405719, -7.10115569], [106.84057005, -7.10115454], [106.84056823, -7.10115333], [106.84056361, -7.10115028], [106.84055908, -7.10114728], [106.84055669, -7.1011457], [106.84055436, -7.10114403], [106.84054145, -7.10113481], [106.84053819, -7.10113248], [106.84053819, -7.10113248], [106.84051811, -7.10111813], [106.8405012, -7.10110606], [106.8405012, -7.10110606], [106.84049974, -7.10110503], [106.84049079, -7.10109871], [106.84048823, -7.10109691], [106.84048823, -7.10109691], [106.84048823, -7.10109691], [106.8404701, -7.10108413], [106.84044389, -7.10106751], [106.84041617, -7.10105353], [106.84038722, -7.10104233], [106.84035731, -7.10103402], [106.84032673, -7.10102867], [106.84029577, -7.10102633], [106.84026473, -7.10102704], [106.84023391, -7.10103077], [106.8402036, -7.10103751], [106.8401741, -7.10104717], [106.84014569, -7.10105967], [106.84011864, -7.10107489], [106.84009321, -7.10109268], [106.84006964, -7.10111287], [106.84004817, -7.10113527], [106.840029, -7.10115966], [106.8400123, -7.10118581], [106.83999825, -7.10121347], [106.83998698, -7.10124236], [106.83998279, -7.1012549], [106.83998266, -7.10125644], [106.83997286, -7.10125586], [106.83996689, -7.1012535], [106.83996503, -7.10125276], [106.83995295, -7.10124798], [106.83995295, -7.10124797], [106.83994398, -7.10124442], [106.83991585, -7.10123477], [106.83988694, -7.1012278], [106.83986873, -7.10122519], [106.83986626, -7.10122469], [106.83986356, -7.10122457], [106.83985595, -7.10122178], [106.83985438, -7.10122121], [106.83985438, -7.10122121], [106.83985438, -7.10122121], [106.83985108, -7.10122], [106.83984437, -7.10121754], [106.83983989, -7.10121198], [106.83983834, -7.10121006], [106.83983834, -7.10121005], [106.83983006, -7.10119978], [106.83983006, -7.10119978], [106.83983005, -7.10119977], [106.83981713, -7.10118373], [106.83981023, -7.10117517], [106.83981023, -7.10117516], [106.83980251, -7.10116558], [106.83980244, -7.1011655], [106.83980244, -7.1011655], [106.83979553, -7.10115693], [106.83978908, -7.10114892], [106.83976452, -7.10112181], [106.83975801, -7.1011154], [106.83975354, -7.1011111], [106.83974802, -7.10110588], [106.83972372, -7.10108512], [106.83969746, -7.10106692], [106.83966949, -7.10105146], [106.83964011, -7.10103889], [106.83960961, -7.10102934], [106.8395783, -7.10102291], [106.8395465, -7.10101967], [106.83951453, -7.10101964], [106.83948273, -7.10102284], [106.8394514, -7.10102921], [106.83942089, -7.10103871], [106.83939148, -7.10105123], [106.83936349, -7.10106665], [106.83933719, -7.10108481], [106.83931287, -7.10110552], [106.83929112, -7.10112819], [106.8392909, -7.10112902], [106.8392848, -7.10113421], [106.83928119, -7.10113728], [106.83928117, -7.1011373], [106.83927628, -7.10114146], [106.83927628, -7.10114147], [106.83927626, -7.10114148], [106.83926784, -7.10114864], [106.83926784, -7.10114865], [106.83926089, -7.10115456], [106.83925511, -7.10115948], [106.8392479, -7.10116188], [106.83921905, -7.1011715], [106.83921171, -7.10117395], [106.8392102, -7.10117354], [106.83920065, -7.10117335], [106.83916984, -7.10117424], [106.83913926, -7.10117811], [106.83910919, -7.10118493], [106.83907994, -7.10119464], [106.83905177, -7.10120715], [106.83902495, -7.10122233], [106.83899973, -7.10124004], [106.83897636, -7.10126012], [106.83895505, -7.10128237], [106.838936, -7.10130658], [106.83891941, -7.10133253], [106.83890541, -7.10135997], [106.83889415, -7.10138864], [106.83888574, -7.10141826], [106.83888409, -7.10142536], [106.83888412, -7.10142694], [106.83888052, -7.10143392], [106.83887792, -7.10143896], [106.83887792, -7.10143896], [106.83887792, -7.10143896], [106.83887563, -7.10144339], [106.83887561, -7.10144344], [106.83887194, -7.10145055], [106.83887091, -7.10145109], [106.83886682, -7.10145568], [106.83884783, -7.10147909], [106.83883117, -7.10150419], [106.83881696, -7.10153076], [106.83880535, -7.10155856], [106.83879644, -7.10158734], [106.83879031, -7.10161683], [106.83878702, -7.10164678], [106.83878659, -7.1016769], [106.83878902, -7.10170692], [106.83879431, -7.10173658], [106.83880239, -7.1017656], [106.8388132, -7.10179372], [106.83882664, -7.10182069], [106.83884258, -7.10184626], [106.83886089, -7.10187019], [106.83888139, -7.10189228], [106.83889553, -7.10190614], [106.83891155, -7.10192079], [106.83893431, -7.10194022], [106.83894344, -7.10194771], [106.83896288, -7.10196309], [106.83899643, -7.10198629], [106.8390121, -7.10199569], [106.83901392, -7.10199677], [106.83901779, -7.10199905], [106.83904558, -7.10201548], [106.83906593, -7.10202652], [106.83907798, -7.1020325], [106.83909932, -7.10204309], [106.83910022, -7.10204354], [106.83915262, -7.10206996], [106.83915264, -7.10206997], [106.83915744, -7.10207234], [106.8391744, -7.10208054], [106.83921234, -7.10209593], [106.83921947, -7.1020983], [106.83922701, -7.10210081], [106.83922737, -7.10210874], [106.83922782, -7.10211863], [106.8392279, -7.10212035], [106.83922794, -7.10212208], [106.83922885, -7.10216148], [106.83922899, -7.10216731], [106.83922869, -7.10217314], [106.83922676, -7.10221143], [106.83922639, -7.10221874], [106.83922339, -7.10222542], [106.83922281, -7.10222671], [106.83921444, -7.10224542], [106.83921125, -7.10225255], [106.83921077, -7.10225253], [106.83920194, -7.10226373], [106.83920069, -7.10226516], [106.83918264, -7.10229049], [106.83916717, -7.10231746], [106.83915442, -7.10234582], [106.83915001, -7.10235896], [106.83914663, -7.10236815], [106.839146, -7.10237072], [106.83914582, -7.10237129], [106.83914307, -7.10237785], [106.83913731, -7.1023916], [106.83913537, -7.10239621], [106.83913512, -7.10239672], [106.83913467, -7.10239737], [106.83913449, -7.10239757], [106.83913022, -7.10240207], [106.83911428, -7.1024189], [106.83910874, -7.10242474], [106.83910567, -7.10242799], [106.83910529, -7.10242834], [106.83910501, -7.10242856], [106.83910153, -7.10243104], [106.83908745, -7.10244108], [106.83904222, -7.10247332], [106.83904155, -7.1024738], [106.83904088, -7.10247427], [106.83902192, -7.10248749], [106.838923, -7.10255648], [106.83891985, -7.10255867], [106.83891949, -7.1025589], [106.8389156, -7.10256105], [106.83890812, -7.10256519], [106.83878875, -7.10263131], [106.83878457, -7.10263363], [106.83878407, -7.10263387], [106.83877939, -7.10263576], [106.83876186, -7.10264283], [106.83875358, -7.10264617], [106.83875274, -7.1026464], [106.83875196, -7.10264647], [106.83874974, -7.10264647], [106.8387494, -7.10264652], [106.83872434, -7.10264888], [106.83869497, -7.10265448], [106.83866625, -7.10266283], [106.83865209, -7.10266768], [106.83864616, -7.10266971], [106.83864547, -7.10266989], [106.8386391, -7.10267099], [106.83861837, -7.10267458], [106.8385807, -7.10268111], [106.83857768, -7.10268163], [106.83857733, -7.10268168], [106.83857415, -7.10268197], [106.83852454, -7.10268664], [106.83851832, -7.10268722], [106.83849406, -7.10269045], [106.83847011, -7.10269554], [106.83845792, -7.10269863], [106.83845421, -7.10269957], [106.83845379, -7.10269965], [106.83844834, -7.10270038], [106.83843619, -7.10270199], [106.8384143, -7.10270489], [106.8384094, -7.10270554], [106.83840884, -7.10270558], [106.83840389, -7.10270562], [106.83837199, -7.1027059], [106.83835548, -7.10270605], [106.83834798, -7.10270611], [106.83834718, -7.10270604], [106.83834677, -7.10270595], [106.83834072, -7.1027043], [106.83833448, -7.1027026], [106.83833293, -7.10270218], [106.83832916, -7.10270115], [106.8383288, -7.10270104], [106.83832839, -7.10270086], [106.83832709, -7.10270023], [106.83829828, -7.10269137], [106.83826518, -7.10268494], [106.83823159, -7.10268205], [106.83819789, -7.10268275], [106.83819721, -7.1026828], [106.83819363, -7.10268314], [106.83819323, -7.10268316], [106.83818965, -7.10268319], [106.83818607, -7.1026833], [106.83818607, -7.10268339], [106.83816032, -7.10268478], [106.83813108, -7.10268911], [106.83810237, -7.10269615], [106.83807444, -7.10270583], [106.83804753, -7.10271807], [106.83802189, -7.10273276], [106.83799773, -7.10274977], [106.83797526, -7.10276896], [106.83795468, -7.10279016], [106.83793616, -7.10281319], [106.83792741, -7.10282518], [106.8379274, -7.10282603], [106.83791971, -7.10282612], [106.83779604, -7.10282752], [106.83773606, -7.1028282], [106.83772815, -7.10282829], [106.83772816, -7.10282771], [106.83772467, -7.10282385], [106.83770291, -7.10280196], [106.83767911, -7.10278228], [106.83765351, -7.10276502], [106.83762635, -7.10275033], [106.83759788, -7.10273835], [106.83756838, -7.1027292], [106.83753813, -7.10272296], [106.83750742, -7.10271969], [106.83747653, -7.10271943], [106.83744576, -7.10272217], [106.83741541, -7.10272789], [106.83738576, -7.10273654], [106.83735709, -7.10274803], [106.83732968, -7.10276226], [106.83730379, -7.10277908], [106.83727966, -7.10279835], [106.83725753, -7.10281987], [106.83723759, -7.10284344], [106.83722005, -7.10286884], [106.83720507, -7.10289582], [106.83719279, -7.10292413], [106.83718333, -7.10295351], [106.83717678, -7.10298366], [106.83717362, -7.10301072], [106.8371736, -7.10301087], [106.83717354, -7.10301295], [106.83717239, -7.10301909], [106.8371723, -7.10301956], [106.83717229, -7.10301958], [106.83717009, -7.1030313], [106.8371694, -7.10303496], [106.83716838, -7.10304037], [106.83716632, -7.10304699], [106.8371633, -7.10305333], [106.83716153, -7.10305706], [106.83716026, -7.10306031], [106.8371523, -7.10307903], [106.83714406, -7.10310396], [106.83713852, -7.10312701], [106.83713844, -7.1031292], [106.83713676, -7.10313374], [106.83713547, -7.10313719], [106.83713391, -7.10314137], [106.83713391, -7.1031414], [106.8371339, -7.1031414], [106.83713182, -7.10314701], [106.83712974, -7.1031526], [106.83712693, -7.10315869], [106.83712506, -7.10316149], [106.83712228, -7.10316492], [106.83711901, -7.10316754], [106.83711833, -7.10316783], [106.83711647, -7.1031695], [106.83710112, -7.10318179], [106.83708378, -7.10319844], [106.83708238, -7.10319964], [106.83708255, -7.10319999], [106.83708147, -7.1032003], [106.83706978, -7.10320856], [106.8370699, -7.10320872], [106.83706301, -7.1032132], [106.83703451, -7.10323691], [106.83702563, -7.10324522], [106.83702474, -7.10324652], [106.83701921, -7.10325123], [106.83701838, -7.10325194], [106.83701806, -7.10325222], [106.83701806, -7.10325222], [106.83701249, -7.10325697], [106.83701239, -7.10325706], [106.83700717, -7.10326151], [106.83700098, -7.10326448], [106.83699934, -7.10326527], [106.83699932, -7.10326527], [106.83699092, -7.1032693], [106.83699092, -7.1032693], [106.83699063, -7.10326944], [106.83698461, -7.10327232], [106.83697805, -7.10327361], [106.83697776, -7.10327366], [106.83697754, -7.10327371], [106.83697034, -7.10327512], [106.83695922, -7.10327625], [106.83695152, -7.10327628], [106.83695145, -7.10327628], [106.83694098, -7.1032765], [106.83692914, -7.10327695], [106.83691914, -7.10327748], [106.83690818, -7.10327824], [106.83690818, -7.10327824], [106.83690818, -7.10327824], [106.83689413, -7.10327922], [106.83686342, -7.10328286], [106.8368332, -7.10328948], [106.83680377, -7.10329901], [106.83677542, -7.10331136], [106.8367484, -7.10332641], [106.83672299, -7.10334403], [106.83669942, -7.10336404], [106.83667791, -7.10338624], [106.83665867, -7.10341044], [106.83664189, -7.1034364], [106.83662772, -7.10346387], [106.8366163, -7.10349258], [106.83660774, -7.10352228], [106.83660212, -7.10355266], [106.83659949, -7.10358345], [106.83659988, -7.10361435], [106.83660329, -7.10364506], [106.83660968, -7.1036753], [106.83661618, -7.10369587], [106.83661648, -7.10369709], [106.83661764, -7.10369976], [106.83661883, -7.10371464], [106.8366181, -7.10371697], [106.83661806, -7.10371708], [106.83661772, -7.10371917], [106.83661369, -7.10376211], [106.83661347, -7.10377059], [106.83661347, -7.10377065], [106.83661333, -7.10377617], [106.83661318, -7.10378217], [106.83661212, -7.10378808], [106.83661209, -7.10378821], [106.83661208, -7.10378827], [106.83661023, -7.10379857], [106.8366093, -7.10380148], [106.83660854, -7.10380388], [106.83660826, -7.10380473], [106.8366078, -7.1038055], [106.83660526, -7.1038157], [106.83659947, -7.10384479], [106.83659642, -7.10387428], [106.83659615, -7.10390393], [106.83659866, -7.10393348], [106.83660393, -7.10396266], [106.83660659, -7.10397424], [106.83660727, -7.1039756], [106.8366086, -7.10398301], [106.83660878, -7.10398404], [106.83660878, -7.10398404], [106.83660941, -7.10398754], [106.83660941, -7.10398755], [106.83661138, -7.10399849], [106.83661142, -7.10399872], [106.83661142, -7.10399872], [106.83661435, -7.104015], [106.83661474, -7.10401717], [106.83662209, -7.1040487], [106.83663263, -7.10407931], [106.83664625, -7.10410869], [106.83665869, -7.10412962], [106.83665903, -7.10413028], [106.8366608, -7.10413265], [106.83666159, -7.10413511], [106.83666251, -7.104138], [106.83666325, -7.10414032], [106.8366658, -7.10414835], [106.83666564, -7.10415446], [106.83666556, -7.10415716], [106.83666539, -7.1041638], [106.83666539, -7.10416387], [106.83666538, -7.10416389], [106.83666525, -7.10416901], [106.83666525, -7.10416902], [106.83666525, -7.10416904], [106.83666506, -7.10417591], [106.83666506, -7.10417591], [106.83666506, -7.10417591], [106.83666506, -7.10417591], [106.83666491, -7.10418161], [106.83666488, -7.10418271], [106.83666488, -7.10418272], [106.83666458, -7.10419397], [106.83666437, -7.10420189], [106.83666323, -7.10420171], [106.83666294, -7.10420176], [106.83663531, -7.10420572], [106.83660539, -7.10421302], [106.83657633, -7.10422318], [106.83654839, -7.10423612], [106.83652184, -7.1042517], [106.83649694, -7.10426979], [106.8364739, -7.1042902], [106.83645296, -7.10431276], [106.83643431, -7.10433723], [106.83641813, -7.1043634], [106.83640457, -7.10439102], [106.83639376, -7.10441982], [106.83639102, -7.10442835], [106.8363887, -7.10443557], [106.83638505, -7.10444222], [106.83637866, -7.10445385], [106.83637886, -7.10445396], [106.83637042, -7.10446905], [106.83635764, -7.10449864], [106.83634794, -7.10452938], [106.83634142, -7.10456095], [106.83633815, -7.10459301], [106.83633816, -7.10462524], [106.83633829, -7.10462794], [106.83633844, -7.10462881], [106.83633881, -7.10463063], [106.83633883, -7.10463833], [106.83633886, -7.10465203], [106.83633888, -7.10466044], [106.83633824, -7.10466186], [106.83633544, -7.10466809], [106.83633541, -7.10466815], [106.83633541, -7.10466816], [106.8363354, -7.10466818], [106.83633387, -7.10467159], [106.83633394, -7.10467163], [106.83632382, -7.10469441], [106.83631348, -7.10472646], [106.83630662, -7.10475942], [106.8363033, -7.10479292], [106.83630317, -7.10479575], [106.83630317, -7.10479734], [106.83630317, -7.10480294], [106.83629984, -7.10481169], [106.83629372, -7.10482208], [106.83629274, -7.10482317], [106.83627894, -7.10484654], [106.83626592, -7.10487449], [106.83625569, -7.10490358], [106.83624833, -7.10493351], [106.83624393, -7.10496402], [106.83624252, -7.10499482], [106.83624412, -7.1050256], [106.8362487, -7.10505609], [106.83625624, -7.10508598], [106.83626665, -7.105115], [106.83627113, -7.10512579], [106.83627189, -7.10512663], [106.83626616, -7.10513185], [106.83623927, -7.10515639], [106.83623927, -7.1051564], [106.83623273, -7.10516236], [106.83620888, -7.10518413], [106.83620779, -7.10518512], [106.83620363, -7.10518892], [106.83619797, -7.10519322], [106.83619673, -7.10519416], [106.83619466, -7.10519574], [106.83619365, -7.1051965], [106.83619264, -7.10519724], [106.83618366, -7.10520385], [106.83618088, -7.10520589], [106.83617802, -7.10520781], [106.8361596, -7.10522015], [106.83615928, -7.10522037], [106.83615928, -7.10522037], [106.83614801, -7.10522792], [106.83614801, -7.10522792], [106.836148, -7.10522793], [106.83614254, -7.10523158], [106.8361425, -7.10523161], [106.83614249, -7.10523162], [106.8361262, -7.10524254], [106.83610111, -7.10525936], [106.8361011, -7.10525936], [106.8361011, -7.10525936], [106.8360952, -7.10526332], [106.8360633, -7.1052847], [106.83605396, -7.1052912], [106.83604479, -7.10529784], [106.83604479, -7.10529784], [106.83603129, -7.10530761], [106.83603128, -7.10530762], [106.83601511, -7.10531932], [106.83601511, -7.10531932], [106.83599451, -7.10533422], [106.8359945, -7.10533424], [106.83599072, -7.10533697], [106.83598847, -7.1053386], [106.83598412, -7.10534175], [106.83597636, -7.1053443], [106.83594637, -7.10535415], [106.83594074, -7.105356], [106.83593799, -7.1053569], [106.83593479, -7.10535783], [106.83593002, -7.10535889], [106.83591929, -7.10536128], [106.83591639, -7.10536193], [106.83591327, -7.10536263], [106.83591013, -7.1053632], [106.83590854, -7.10536348], [106.83590854, -7.10536348], [106.83590559, -7.10536402], [106.83589985, -7.10536506], [106.83589405, -7.10536567], [106.83589222, -7.10536587], [106.8358922, -7.10536587], [106.83588534, -7.1053666], [106.83587909, -7.10536562], [106.83587853, -7.10536553], [106.8358712, -7.10536438], [106.8358712, -7.10536438], [106.8358712, -7.10536438], [106.83586357, -7.10536318], [106.8358556, -7.10536194], [106.83584878, -7.10535764], [106.83584729, -7.1053567], [106.83584576, -7.10535574], [106.8358391, -7.10535154], [106.83583267, -7.10534406], [106.83582847, -7.10533817], [106.83581934, -7.10532535], [106.83581928, -7.10532539], [106.83580571, -7.10530672], [106.83578652, -7.10528487], [106.83576541, -7.10526487], [106.83574254, -7.10524688], [106.83571961, -7.10523203], [106.83571429, -7.10522926], [106.83570829, -7.10522447], [106.8356957, -7.10521441], [106.83569504, -7.10521388], [106.83569439, -7.10521335], [106.8356834, -7.10520438], [106.8356834, -7.10520438], [106.83564274, -7.10517118], [106.83562493, -7.10515664], [106.83561124, -7.10514546], [106.83559871, -7.10513523], [106.83557389, -7.1051169], [106.8355474, -7.10510108], [106.8355195, -7.1050879], [106.83549044, -7.1050775], [106.83546051, -7.10506997], [106.83542999, -7.10506539], [106.8354028, -7.10506398], [106.83539849, -7.10506419], [106.83539868, -7.1050638], [106.83539851, -7.10506379], [106.83539358, -7.10506329], [106.83536348, -7.10506164], [106.83533336, -7.10506285], [106.83530349, -7.10506692], [106.83527414, -7.10507381], [106.83524559, -7.10508345], [106.83521807, -7.10509576], [106.83519186, -7.10511063], [106.83516718, -7.10512791], [106.83514425, -7.10514747], [106.83512329, -7.10516911], [106.83511463, -7.10517894], [106.83511463, -7.1051795], [106.83510074, -7.10518728], [106.83509577, -7.10518766], [106.83509213, -7.10518793], [106.83508328, -7.1051886], [106.83508327, -7.1051886], [106.83508196, -7.1051887], [106.83507365, -7.10518932], [106.83506555, -7.10518734], [106.83505007, -7.10518355], [106.83504938, -7.10518338], [106.83504209, -7.1051816], [106.8350398, -7.10518055], [106.83503413, -7.10517887], [106.83502132, -7.10517442], [106.83499192, -7.10516725], [106.83496197, -7.10516291], [106.83493667, -7.10516169], [106.83493423, -7.10516183], [106.83493243, -7.10516192], [106.83493081, -7.10516128], [106.83492411, -7.10516054], [106.83492056, -7.10515991], [106.83489473, -7.10515746], [106.8348773, -7.10515723], [106.83487638, -7.10515742], [106.83487013, -7.10515724], [106.83486791, -7.10515711], [106.8348658, -7.10515702], [106.83483328, -7.10515731], [106.83480097, -7.10516092], [106.8347692, -7.10516783], [106.83473831, -7.10517794], [106.83470861, -7.10519117], [106.83468043, -7.10520737], [106.83465406, -7.10522637], [106.83463374, -7.10524445], [106.83463377, -7.10524462], [106.83462955, -7.10524838], [106.83462768, -7.10525004], [106.83462728, -7.1052504], [106.83462166, -7.1052554], [106.83461438, -7.10525728], [106.83460991, -7.10525843], [106.83459992, -7.10526101], [106.83459881, -7.1052613], [106.83459343, -7.10526268], [106.83458672, -7.10526268], [106.83456542, -7.10526265], [106.83456542, -7.10526265], [106.83456542, -7.10526265], [106.83455973, -7.10526264], [106.83455972, -7.10526264], [106.83455308, -7.10526263], [106.83455289, -7.10526263], [106.83455289, -7.10526263], [106.834521, -7.10526259], [106.83452099, -7.10526259], [106.83451651, -7.10526258], [106.8345096, -7.10526258], [106.83450272, -7.10526196], [106.83447806, -7.10525978], [106.83445848, -7.10525804], [106.83445739, -7.10525794], [106.8344563, -7.10525783], [106.83443659, -7.10525581], [106.83443659, -7.10525581], [106.83441564, -7.10525366], [106.83441562, -7.10525366], [106.8344104, -7.10525312], [106.8344104, -7.10525312], [106.83441037, -7.10525312], [106.83439579, -7.10525162], [106.83439578, -7.10525162], [106.83439578, -7.10525162], [106.83437902, -7.1052499], [106.83437137, -7.10524911], [106.83437077, -7.10524769], [106.83436998, -7.10524664], [106.8343513, -7.10522405], [106.83433061, -7.10520328], [106.83430809, -7.10518451], [106.83428393, -7.10516791], [106.83425833, -7.10515361], [106.83423152, -7.10514173], [106.83420372, -7.10513238], [106.83419541, -7.10513001], [106.83418878, -7.1051285], [106.83418474, -7.10512758], [106.83418087, -7.10512568], [106.83417735, -7.10512374], [106.83417594, -7.10512295], [106.83417594, -7.10512295], [106.83417593, -7.10512295], [106.83417265, -7.10512113], [106.8341723, -7.10512094], [106.83416598, -7.10511743], [106.83416595, -7.10511079], [106.83416595, -7.1051098], [106.83416593, -7.10510669], [106.83416593, -7.10510669], [106.8341659, -7.10509877], [106.83416652, -7.1050973], [106.83416767, -7.10508951], [106.83417099, -7.1050724], [106.83417382, -7.10503785], [106.83417286, -7.10500321], [106.83416815, -7.10496913], [106.83416754, -7.10496815], [106.83416891, -7.10496012], [106.83416901, -7.10495952], [106.83416901, -7.10495949], [106.83417035, -7.10495163], [106.83417098, -7.10495066], [106.83417231, -7.10494468], [106.83417567, -7.10493276], [106.83418092, -7.10490469], [106.8341836, -7.10487627], [106.83418372, -7.10484771], [106.83418329, -7.10483752], [106.83418291, -7.10483739], [106.83418414, -7.10483512], [106.83418552, -7.10483134], [106.8341948, -7.1048088], [106.8342046, -7.10477442], [106.83421045, -7.10473915], [106.83421184, -7.10472622], [106.83421167, -7.10472215], [106.83421308, -7.10471396], [106.83421333, -7.10471248], [106.83421542, -7.10470028], [106.83421619, -7.10469583], [106.8342172, -7.10469142], [106.83422624, -7.10465227], [106.83423192, -7.10462025], [106.83423346, -7.10460788], [106.83423588, -7.10456636], [106.83423586, -7.10456329], [106.83423576, -7.10455115], [106.83423576, -7.10455115], [106.83423554, -7.10452232], [106.83423554, -7.10452232], [106.83423536, -7.10449935], [106.83423536, -7.10449927], [106.83423504, -7.10445376], [106.83423503, -7.10445326], [106.83423488, -7.10441484], [106.83423488, -7.10441484], [106.83423483, -7.10440226], [106.83423332, -7.10437262], [106.83422904, -7.10434325], [106.83422202, -7.10431442], [106.83421233, -7.10428636], [106.83421157, -7.10428446], [106.83421065, -7.10428319], [106.83421061, -7.10428206], [106.83420685, -7.10427263], [106.83420378, -7.10426371], [106.83419061, -7.10423508], [106.83417466, -7.1042079], [106.83415608, -7.10418243], [106.83413506, -7.10415894], [106.8341118, -7.10413766], [106.83408654, -7.10411879], [106.83405952, -7.10410252], [106.83403563, -7.1040912], [106.83402836, -7.10408877], [106.83401554, -7.10408237], [106.8340151, -7.10408154], [106.8340081, -7.10407656], [106.83399727, -7.104068], [106.83398884, -7.10406264], [106.83398105, -7.10405718], [106.83397875, -7.10405603], [106.83397899, -7.1040545], [106.83397881, -7.10405236], [106.83397783, -7.10402821], [106.83397348, -7.10399718], [106.83396607, -7.10396673], [106.83396305, -7.10395812], [106.83395985, -7.1039474], [106.83395945, -7.10394738], [106.83396114, -7.10393604], [106.8339618, -7.103935], [106.83396259, -7.10393109], [106.83396613, -7.10391804], [106.83397089, -7.10389194], [106.83397118, -7.10388985], [106.83397082, -7.10388946], [106.83397233, -7.10388161], [106.83397395, -7.10387313], [106.83398732, -7.10380324], [106.83398909, -7.103794], [106.83399194, -7.10378503], [106.833994, -7.10377855], [106.83399571, -7.10377318], [106.83399806, -7.10376581], [106.8340041, -7.10376097], [106.83400424, -7.10376084], [106.83402613, -7.1037395], [106.83404585, -7.10371614], [106.83405685, -7.10370024], [106.83405861, -7.10369794], [106.83405988, -7.10369566], [106.83406094, -7.10369524], [106.83406112, -7.10369509], [106.83408473, -7.10367218], [106.83410584, -7.10364695], [106.83412421, -7.10361967], [106.83413965, -7.10359063], [106.83415199, -7.10356015], [106.83416109, -7.10352855], [106.83416657, -7.10349782], [106.83416695, -7.10349321], [106.83416915, -7.1034869], [106.83416929, -7.1034865], [106.8341717, -7.10347962], [106.83417245, -7.10347888], [106.83417442, -7.10347504], [106.83418716, -7.10344691], [106.83419709, -7.10341767], [106.83420412, -7.10338761], [106.83420819, -7.103357], [106.83420925, -7.10332614], [106.83420729, -7.10329533], [106.83420234, -7.10326486], [106.83419444, -7.10323501], [106.83418368, -7.10320611], [106.83418313, -7.10320568], [106.83418056, -7.10319883], [106.83417825, -7.10319267], [106.83417824, -7.10319266], [106.83417816, -7.10319245], [106.83417816, -7.10319245], [106.83417538, -7.10318504], [106.83417494, -7.10317759], [106.83417492, -7.10317715], [106.8341745, -7.10317009], [106.8341745, -7.10317008], [106.8341739, -7.10315982], [106.8341739, -7.10315982], [106.83417333, -7.10315022], [106.83417393, -7.10314063], [106.8341741, -7.103138], [106.8341741, -7.10313799], [106.83417418, -7.10313665], [106.83417418, -7.10313665], [106.83417463, -7.10310635], [106.83417175, -7.10301998], [106.83417137, -7.1030117], [106.83417107, -7.10300672], [106.83416958, -7.10298173], [106.83416911, -7.10297386], [106.83416951, -7.10297392], [106.83416942, -7.10296481], [106.83416928, -7.10296483], [106.83416938, -7.10296105], [106.83416936, -7.10295918], [106.83416735, -7.10292647], [106.83416196, -7.10289415], [106.83415326, -7.10286256], [106.83414133, -7.10283204], [106.83412631, -7.10280292], [106.83410835, -7.1027755], [106.83408765, -7.10275008], [106.83406444, -7.10272694], [106.83406169, -7.10272447], [106.83406158, -7.10272437], [106.83406158, -7.10272437], [106.83406119, -7.10272402], [106.83405561, -7.102719], [106.83405548, -7.1027175], [106.83405212, -7.10270724], [106.83404074, -7.10267767], [106.83402645, -7.10264939], [106.83400941, -7.10262268], [106.83398978, -7.1025978], [106.83396776, -7.102575], [106.83396201, -7.10256962], [106.83396142, -7.10256962], [106.83395743, -7.10256549], [106.83393729, -7.10254829], [106.83391364, -7.10253157], [106.83388857, -7.10251708], [106.83386227, -7.10250494], [106.83383497, -7.10249525], [106.8338069, -7.10248809], [106.83378342, -7.10248435], [106.83378158, -7.10248395], [106.833781, -7.10248422], [106.83377404, -7.10248161], [106.83376803, -7.1024747], [106.83376892, -7.10246659], [106.83376903, -7.10246469], [106.83376943, -7.10243747], [106.83376748, -7.10241032], [106.83376321, -7.10238343], [106.83375664, -7.10235701], [106.8337556, -7.10235349], [106.8337556, -7.10235349], [106.83375386, -7.10234757], [106.83375321, -7.10234538], [106.83375157, -7.1023398], [106.83375337, -7.10233191], [106.8337536, -7.10233091], [106.8337536, -7.1023309], [106.83375434, -7.10232767], [106.83375434, -7.10232767], [106.83375435, -7.10232765], [106.83375488, -7.10232531], [106.83375489, -7.1023253], [106.833755, -7.10232482], [106.83375574, -7.10232158], [106.83375657, -7.10231796], [106.83375985, -7.10231729], [106.83376397, -7.10231645], [106.83377129, -7.10231459], [106.83377121, -7.10231427], [106.8337878, -7.10231003], [106.83381705, -7.1022994], [106.83384513, -7.10228595], [106.83384694, -7.10228497], [106.83384893, -7.1022835], [106.83384999, -7.10228332], [106.8338517, -7.1022824], [106.83387623, -7.10227043], [106.83390396, -7.10225315], [106.83392977, -7.10223311], [106.83395337, -7.10221052], [106.83397321, -7.10218715], [106.8339734, -7.10218695], [106.83397367, -7.10218612], [106.83398055, -7.10218327], [106.83398066, -7.10218322], [106.8339869, -7.10218063], [106.83398691, -7.10218063], [106.8339894, -7.10217959], [106.83398941, -7.10217959], [106.83399549, -7.10217707], [106.83400191, -7.10217558], [106.83400352, -7.10217521], [106.83400355, -7.1021752], [106.83400742, -7.10217431], [106.83400742, -7.10217431], [106.83400746, -7.1021743], [106.83401307, -7.102173], [106.83401648, -7.10217221], [106.83402181, -7.10217098], [106.83403289, -7.10217223], [106.8340354, -7.1021726], [106.83403653, -7.10217276], [106.83403762, -7.10217292], [106.83404775, -7.10217439], [106.83405649, -7.10217684], [106.8340576, -7.10217715], [106.83406369, -7.10217885], [106.83406371, -7.10217886], [106.83407093, -7.10218088], [106.83407094, -7.10218088], [106.83407687, -7.10218255], [106.8340808, -7.10218365], [106.83409137, -7.1021872], [106.83409719, -7.10218987], [106.83409894, -7.10219067], [106.83410827, -7.10219495], [106.83410832, -7.10219497], [106.83410833, -7.10219498], [106.8341111, -7.10219625], [106.83411111, -7.10219625], [106.83414258, -7.10220868], [106.83417519, -7.10221769], [106.83420857, -7.10222317], [106.83424236, -7.10222507], [106.83424415, -7.10222507], [106.83424833, -7.10222497], [106.83425251, -7.1022251], [106.83425768, -7.10222525], [106.83426312, -7.1022254], [106.83426605, -7.10222569], [106.83426851, -7.10222593], [106.83426949, -7.10222603], [106.83426949, -7.10222603], [106.83428201, -7.10222726], [106.83428511, -7.10222756], [106.83428934, -7.10222798], [106.83429353, -7.10222862], [106.83429534, -7.10222889], [106.83430272, -7.10223002], [106.83430663, -7.10223061], [106.83431049, -7.1022314], [106.83433421, -7.10223471], [106.83433597, -7.10223488], [106.83435942, -7.10223638], [106.83436063, -7.10223641], [106.83436236, -7.10223646], [106.83436236, -7.10223646], [106.83439307, -7.10223576], [106.83439672, -7.1022355], [106.83439672, -7.1022355], [106.83439787, -7.10223542], [106.83440572, -7.10223486], [106.83440746, -7.10223474], [106.83440897, -7.10223546], [106.83441202, -7.10223605], [106.8344362, -7.10224198], [106.83446999, -7.10224649], [106.83450407, -7.10224736], [106.83453804, -7.10224456], [106.83457152, -7.10223813], [106.83458686, -7.10223431], [106.83459403, -7.10223244], [106.8346451, -7.10221848], [106.83468716, -7.10220373], [106.83472139, -7.10218895], [106.83472157, -7.10218888], [106.83473202, -7.10218436], [106.83474101, -7.10218195], [106.83474322, -7.10218136], [106.83475347, -7.10217862], [106.83475347, -7.10217862], [106.83475348, -7.10217861], [106.83477905, -7.10217177], [106.83477956, -7.10217163], [106.83477956, -7.10217163], [106.83478435, -7.10217035], [106.83478909, -7.10216909], [106.83478909, -7.10216909], [106.83478909, -7.10216909], [106.83481928, -7.10216101], [106.83483922, -7.10215567], [106.83484314, -7.10215459], [106.83490122, -7.10213825], [106.83490122, -7.10213825], [106.83494675, -7.10212544], [106.83495008, -7.1021245], [106.83495345, -7.10212371], [106.8349548, -7.10212339], [106.83499081, -7.10211494], [106.8349927, -7.10211449], [106.83506771, -7.10209639], [106.83508395, -7.10209201], [106.83509538, -7.1020886], [106.83510654, -7.10208527], [106.83511441, -7.10208292], [106.83511714, -7.10208326], [106.83512438, -7.10208304], [106.83513322, -7.10208326], [106.83516352, -7.1020811], [106.83519348, -7.10207604], [106.83522281, -7.10206815], [106.83525126, -7.10205749], [106.83527854, -7.10204415], [106.83530443, -7.10202826], [106.83532867, -7.10200997], [106.83535105, -7.10198944], [106.83537135, -7.10196687], [106.8353894, -7.10194246], [106.83540502, -7.10191643], [106.83541808, -7.10188903], [106.83542844, -7.10186051], [106.83543201, -7.10184899], [106.83543262, -7.10184706], [106.83543262, -7.10184705], [106.83543482, -7.10183996], [106.8354361, -7.10183581], [106.83543761, -7.10183174], [106.83544388, -7.10181487], [106.83544388, -7.10181487], [106.83544388, -7.10181487], [106.83545064, -7.10179666], [106.8354515, -7.10179435], [106.8354515, -7.10179434], [106.83545962, -7.1017725], [106.83546873, -7.10174385], [106.83547508, -7.10171448], [106.83547861, -7.10168463], [106.8354793, -7.10165459], [106.83547712, -7.10162461], [106.83547211, -7.10159498], [106.83546431, -7.10156595], [106.83545379, -7.1015378], [106.83544064, -7.10151076], [106.83542498, -7.1014851], [106.83540696, -7.10146104], [106.83538673, -7.10143879], [106.83536448, -7.10141856], [106.83534041, -7.10140053], [106.83531473, -7.10138486], [106.83528716, -7.10136979], [106.83528706, -7.10136973], [106.83528706, -7.10136973], [106.83528331, -7.10136768], [106.8352808, -7.10136631], [106.83527834, -7.10136484], [106.83526758, -7.10135844], [106.83526435, -7.10135652], [106.83525923, -7.10135348], [106.83525435, -7.10135005], [106.83524174, -7.1013412], [106.83523736, -7.10133813], [106.83523101, -7.10133368], [106.83523089, -7.10133212], [106.83523078, -7.1013318], [106.83522517, -7.10131218], [106.83522403, -7.1013077], [106.83522321, -7.10130562], [106.83522216, -7.1013006], [106.83522217, -7.10130037], [106.83522144, -7.10129747], [106.8352124, -7.10126797], [106.83520053, -7.10123949], [106.83518594, -7.1012123], [106.83516877, -7.10118665], [106.83514918, -7.1011628], [106.83512736, -7.10114097], [106.83510352, -7.10112137], [106.83507788, -7.10110417], [106.83505068, -7.10108955], [106.83502219, -7.10107765], [106.83499267, -7.10106858], [106.83496241, -7.10106242], [106.83493169, -7.10105923], [106.8349164, -7.10105839], [106.83491623, -7.10105889], [106.83491106, -7.10105543], [106.83490992, -7.10105466], [106.83490041, -7.10104829], [106.83490007, -7.10104806], [106.83490005, -7.10104805], [106.83489298, -7.1010433], [106.83489292, -7.10104339], [106.8348794, -7.1010341], [106.83485281, -7.10101935], [106.83482492, -7.10100722], [106.834796, -7.10099781], [106.83476631, -7.10099122], [106.83475364, -7.10098904], [106.83475065, -7.10098897], [106.83474345, -7.10098573], [106.83474112, -7.10098469], [106.83474044, -7.10098438], [106.83474043, -7.10098438], [106.83473874, -7.10098362], [106.83473273, -7.10098092], [106.83472758, -7.10097683], [106.83472747, -7.10097675], [106.83471408, -7.10096759], [106.83471267, -7.10096658], [106.83470633, -7.10096252], [106.83470385, -7.10095541], [106.83470314, -7.10095337], [106.83469838, -7.10093967], [106.83469838, -7.10093967], [106.83469837, -7.10093967], [106.83469314, -7.10092463], [106.83469265, -7.10092322], [106.83469265, -7.10092322], [106.83468389, -7.10089806], [106.83468372, -7.10089758], [106.83468372, -7.10089758], [106.83468372, -7.10089758], [106.83467951, -7.10088547], [106.83467806, -7.10088132], [106.83466035, -7.10084011], [106.83465709, -7.10083379], [106.83465572, -7.10083114], [106.83465572, -7.10083114], [106.83465572, -7.10083114], [106.83463623, -7.10079342], [106.83463604, -7.10079305], [106.83461682, -7.10075561], [106.83461457, -7.10075031], [106.83460807, -7.10073501], [106.83458766, -7.10068694], [106.8345869, -7.10068516], [106.83457204, -7.10065077], [106.83456647, -7.10063897], [106.834566, -7.10063814], [106.83456319, -7.10063201], [106.83456259, -7.10063071], [106.83455938, -7.10062372], [106.8345556, -7.10061277], [106.83455469, -7.10059981], [106.83455513, -7.10059812], [106.83455502, -7.10059053], [106.83455558, -7.10057711], [106.83455352, -7.10054422], [106.83454806, -7.10051173], [106.83453924, -7.10047997], [106.83453703, -7.10047337], [106.83453702, -7.10047335], [106.83453471, -7.10046645], [106.83453471, -7.10046644], [106.83452829, -7.10044727], [106.83452828, -7.10044723], [106.83452827, -7.10044722], [106.834523, -7.10043148], [106.83452081, -7.10042493], [106.8345204, -7.10041826], [106.83452039, -7.10041805], [106.83452012, -7.10041368], [106.83451958, -7.10040484], [106.83452039, -7.10040199], [106.83452141, -7.10039247], [106.83452218, -7.10038791], [106.8345243, -7.10035585], [106.83452316, -7.10032373], [106.83451876, -7.10029189], [106.83451115, -7.10026067], [106.83450041, -7.10023037], [106.83448665, -7.10020132], [106.83447001, -7.10017382], [106.83445067, -7.10014814], [106.83442881, -7.10012455], [106.83440468, -7.1001033], [106.83437851, -7.10008461], [106.83435058, -7.10006866], [106.83434371, -7.10006519], [106.83433395, -7.10006025], [106.83433395, -7.10006025], [106.83433395, -7.10006025], [106.83432805, -7.10005727], [106.83432731, -7.1000569], [106.8343269, -7.10005669], [106.83431976, -7.10005308], [106.83431575, -7.10004808], [106.83431447, -7.10004647], [106.83431322, -7.10004491], [106.8343132, -7.10004489], [106.83431319, -7.10004488], [106.83430836, -7.10003884], [106.83430836, -7.10003884], [106.83430836, -7.10003884], [106.83430659, -7.10003664], [106.83430469, -7.10003426], [106.83430219, -7.10003114], [106.83429998, -7.10002447], [106.83429967, -7.10002354], [106.83429966, -7.10002353], [106.8342957, -7.10001157], [106.8342957, -7.10001157], [106.8342957, -7.10001156], [106.83429247, -7.10000183], [106.83429247, -7.10000182], [106.83428799, -7.09998832], [106.83428799, -7.09998831], [106.83428323, -7.09997396], [106.83428322, -7.09997395], [106.83428055, -7.09996588], [106.83427871, -7.09996049], [106.83427323, -7.09994492], [106.83427242, -7.09994264], [106.83426961, -7.09993486], [106.83426961, -7.09993486], [106.83426961, -7.09993486], [106.83426201, -7.09991375], [106.8342619, -7.09991345], [106.8342619, -7.09991344], [106.83426189, -7.09991344], [106.83425613, -7.09989744], [106.83425155, -7.09988474], [106.83425155, -7.09988474], [106.83424205, -7.09985839], [106.83423914, -7.09985031], [106.83423896, -7.09984982], [106.83423495, -7.09983858], [106.83423495, -7.09983856], [106.83423239, -7.09983138], [106.83422644, -7.09981471], [106.83422644, -7.09981471], [106.83421828, -7.09979182], [106.83421828, -7.09979181], [106.8342139, -7.09977952], [106.83421387, -7.09977945], [106.83421258, -7.09977584], [106.83421147, -7.09977218], [106.83419542, -7.09971918], [106.83418574, -7.09969182], [106.83418061, -7.09967919], [106.83418061, -7.09967919], [106.83417658, -7.09966927], [106.8341736, -7.09966193], [106.83417424, -7.09966153], [106.83417503, -7.09965997], [106.83418797, -7.09963055], [106.83419787, -7.09959997], [106.8342046, -7.09956854], [106.83420811, -7.0995366], [106.83420836, -7.09950446], [106.83420535, -7.09947246], [106.8341991, -7.09944094], [106.83418968, -7.0994102], [106.83417719, -7.09938059], [106.83416175, -7.09935239], [106.83414354, -7.0993259], [106.83414292, -7.09932509], [106.83414067, -7.09932216], [106.83413857, -7.09931912], [106.83412517, -7.09929981], [106.83410387, -7.0992691], [106.83410013, -7.09926371], [106.83409733, -7.09925777], [106.8340899, -7.099242], [106.83408718, -7.09923625], [106.83408382, -7.09922911], [106.83408428, -7.09922124], [106.83408434, -7.09921336], [106.83408422, -7.09921336], [106.83408445, -7.0991983], [106.83408255, -7.09917129], [106.83406831, -7.09904611], [106.83406805, -7.0990439], [106.83406344, -7.09900578], [106.83406344, -7.09900578], [106.83406301, -7.09900221], [106.83406274, -7.09899863], [106.83406198, -7.09898846], [106.83406003, -7.09896239], [106.83405996, -7.09896145], [106.83405983, -7.09895957], [106.8340598, -7.09895909], [106.83405963, -7.09895679], [106.83405962, -7.09895661], [106.8340596, -7.09895663], [106.83405803, -7.09893579], [106.83405802, -7.09893559], [106.83405696, -7.09892141], [106.83405647, -7.09891486], [106.83405652, -7.09890829], [106.83405666, -7.0988912], [106.83405656, -7.0988802], [106.83405555, -7.09884206], [106.83405438, -7.09879796], [106.83405116, -7.09876054], [106.83404352, -7.09872376], [106.83401818, -7.09863014], [106.83400614, -7.09858563], [106.83400143, -7.09856985], [106.83398449, -7.09851812], [106.83398256, -7.09851222], [106.8339811, -7.09850619], [106.83396765, -7.09845075], [106.83396693, -7.09844776], [106.83396632, -7.09844476], [106.83395546, -7.09839093], [106.83395391, -7.09838367], [106.83394171, -7.09832976], [106.83393909, -7.09831907], [106.83391092, -7.09821204], [106.83390714, -7.09819884], [106.83387773, -7.09810403], [106.83387335, -7.09809095], [106.8338655, -7.09806905], [106.83386124, -7.09805784], [106.83383239, -7.0979861], [106.83383238, -7.09798609], [106.83383212, -7.09798544], [106.83380591, -7.0979194], [106.83380497, -7.09791675], [106.83377519, -7.09783315], [106.83377488, -7.09783227], [106.83377457, -7.09783137], [106.83376455, -7.09780214], [106.83375525, -7.09777503], [106.83375151, -7.09776411], [106.8337494, -7.09775277], [106.83374632, -7.09773629], [106.83374418, -7.0977248], [106.83374418, -7.0977248], [106.83374418, -7.0977248], [106.83373921, -7.09769812], [106.83373874, -7.09769559], [106.83373835, -7.09769304], [106.83373646, -7.09768073], [106.8337299, -7.09764887], [106.83372443, -7.09763158], [106.83372252, -7.09762442], [106.83372211, -7.09762429], [106.83372252, -7.0976228], [106.83372276, -7.09761473], [106.83372191, -7.09758021], [106.8337173, -7.09754599], [106.83371239, -7.09752026], [106.83370965, -7.09750844], [106.8337088, -7.09750385], [106.83370829, -7.09750263], [106.83370736, -7.09749609], [106.83370695, -7.09749389], [106.83370222, -7.09747258], [106.833702, -7.09747173], [106.83370146, -7.09747119], [106.8337084, -7.09746753], [106.8337195, -7.09746167], [106.8337256, -7.09745845], [106.83373806, -7.0974556], [106.83375261, -7.09745539], [106.83376511, -7.09745763], [106.83377219, -7.0974613], [106.83377278, -7.09746161], [106.83377449, -7.0974625], [106.83377562, -7.09746309], [106.83377675, -7.09746369], [106.83379741, -7.09747485], [106.83380304, -7.09747788], [106.8338084, -7.09748137], [106.83383101, -7.09749604], [106.83385239, -7.09750876], [106.83385355, -7.09750939], [106.8338577, -7.09751164], [106.83386171, -7.09751413], [106.83388522, -7.09752877], [106.83388751, -7.09753019], [106.83388975, -7.0975317], [106.83390877, -7.09754446], [106.83394363, -7.09756784], [106.8339493, -7.09757164], [106.83395065, -7.09757348], [106.83395429, -7.09757727], [106.83396273, -7.09758685], [106.83398273, -7.09760593], [106.83400432, -7.09762319], [106.83400467, -7.09762344], [106.83400508, -7.09762373], [106.83402753, -7.09764013], [106.83402756, -7.09764016], [106.83403118, -7.09764276], [106.83403589, -7.0976461], [106.83405971, -7.09766143], [106.8340848, -7.09767457], [106.83411097, -7.09768542], [106.83411358, -7.09768637], [106.83411593, -7.09768711], [106.83411883, -7.09768802], [106.83411984, -7.09768834], [106.83412003, -7.0976884], [106.83412006, -7.09768842], [106.83412004, -7.09768844], [106.83412002, -7.09768847], [106.83412, -7.09768849], [106.83411992, -7.09768858], [106.83411981, -7.09768872], [106.8341257, -7.09769607], [106.83414552, -7.09771853], [106.83416738, -7.09773902], [106.83419107, -7.09775736], [106.8342164, -7.09777337], [106.83424313, -7.09778692], [106.83427102, -7.09779789], [106.83429982, -7.09780618], [106.83432928, -7.09781171], [106.83435913, -7.09781443], [106.8343891, -7.09781433], [106.83441893, -7.09781139], [106.83442128, -7.09781105], [106.83442155, -7.0978107], [106.8344216, -7.09781064], [106.83442163, -7.0978106], [106.83442172, -7.09781074], [106.83442178, -7.09781088], [106.83442221, -7.09781169], [106.83442223, -7.09781247], [106.83442886, -7.09782399], [106.83444784, -7.0978531], [106.83446989, -7.09787996], [106.83449476, -7.09790424], [106.83452214, -7.09792565], [106.8345493, -7.09794459], [106.83455126, -7.09794595], [106.83455317, -7.09794737], [106.8345602, -7.09795259], [106.83459364, -7.09797743], [106.83459755, -7.09798033], [106.83460128, -7.09798347], [106.83461669, -7.09799647], [106.83462363, -7.09800231], [106.83462819, -7.09801015], [106.83463033, -7.09801384], [106.83463172, -7.09801623], [106.8346513, -7.09804592], [106.83467409, -7.09807323], [106.83469981, -7.09809781], [106.8347087, -7.0981054], [106.83472016, -7.09811473], [106.8347222, -7.09811632], [106.83476657, -7.09815076], [106.83477158, -7.09815457], [106.83480878, -7.09818227], [106.834815, -7.09818691], [106.83482073, -7.09819213], [106.83482202, -7.09819329], [106.8348281, -7.09819883], [106.83483169, -7.09820209], [106.83483507, -7.09820557], [106.83483683, -7.09820738], [106.83483981, -7.09821044], [106.83484261, -7.09821365], [106.8348448, -7.09821616], [106.83485187, -7.09822426], [106.83485778, -7.09823324], [106.83485793, -7.09823348], [106.83485829, -7.09823403], [106.83485859, -7.09823448], [106.83486295, -7.09824117], [106.83486297, -7.0982412], [106.83487996, -7.09826478], [106.83489905, -7.09828671], [106.8349503, -7.09834042], [106.83495174, -7.09834207], [106.83495529, -7.09834565], [106.83495978, -7.0983513], [106.83497976, -7.09837648], [106.83499642, -7.09839748], [106.83500154, -7.09840392], [106.83500595, -7.09841086], [106.83503251, -7.09845258], [106.83503294, -7.09845326], [106.83504764, -7.09847495], [106.83506427, -7.09849553], [106.83507657, -7.0985084], [106.8350771, -7.09850876], [106.83508296, -7.09851504], [106.83512376, -7.09855879], [106.83512887, -7.09856427], [106.83513286, -7.09857061], [106.83515994, -7.0986137], [106.83516409, -7.0986203], [106.83516392, -7.09862103], [106.83516622, -7.09862807], [106.83517102, -7.09864551], [106.83518314, -7.09867642], [106.83519844, -7.09870589], [106.83520415, -7.09871562], [106.8352075, -7.09872131], [106.8352091, -7.09872404], [106.83521059, -7.09872682], [106.83521485, -7.09873478], [106.83521899, -7.09874251], [106.83521899, -7.09874251], [106.835241, -7.09878365], [106.83524353, -7.09878838], [106.83525866, -7.09881373], [106.83527608, -7.09883757], [106.83529566, -7.09885967], [106.83531171, -7.09887619], [106.83531679, -7.09888141], [106.83532137, -7.09888708], [106.83532816, -7.0988955], [106.83533271, -7.09890113], [106.83533607, -7.09890529], [106.83533913, -7.09890966], [106.83535181, -7.09892773], [106.83535509, -7.09893239], [106.83536006, -7.09893949], [106.83536423, -7.09894708], [106.83536431, -7.09894723], [106.8353654, -7.09894922], [106.83536885, -7.09895548], [106.83537111, -7.09896227], [106.83537115, -7.0989624], [106.83537891, -7.09898571], [106.83537891, -7.09898571], [106.83538754, -7.09901162], [106.8353995, -7.09904216], [106.83541457, -7.09907131], [106.83543257, -7.09909874], [106.83544299, -7.0991115], [106.83544628, -7.09911609], [106.83544772, -7.09911722], [106.83545256, -7.09912485], [106.8354572, -7.09913217], [106.8354616, -7.0991391], [106.83546198, -7.0991473], [106.83546328, -7.09917544], [106.83546667, -7.09920923], [106.83547366, -7.09924247], [106.83548418, -7.09927476], [106.8354981, -7.09930575], [106.83550457, -7.09931828], [106.83551045, -7.09932969], [106.83552224, -7.09935057], [106.83560689, -7.09948807], [106.83560691, -7.0994881], [106.83560876, -7.09949109], [106.83561048, -7.0994942], [106.83567999, -7.09961934], [106.83568711, -7.09963152], [106.83572095, -7.09968652], [106.83573718, -7.09971038], [106.83575551, -7.09973267], [106.8357758, -7.09975319], [106.83579512, -7.09976946], [106.83580073, -7.09977324], [106.83580718, -7.09978039], [106.83582021, -7.09979484], [106.83582896, -7.09980454], [106.83583585, -7.09981217], [106.83584169, -7.09982063], [106.83586895, -7.09986015], [106.83588709, -7.09988643], [106.8358903, -7.0998911], [106.83589318, -7.09989598], [106.83591582, -7.09993441], [106.8359197, -7.09994099], [106.8359235, -7.09994745], [106.83592534, -7.0999547], [106.83592849, -7.09996716], [106.83592944, -7.09997089], [106.83593016, -7.09997374], [106.83593078, -7.09997661], [106.83595114, -7.10007163], [106.83595835, -7.10009918], [106.83597576, -7.1001552], [106.8359877, -7.10018737], [106.83599733, -7.10020954], [106.83599742, -7.10020978], [106.8360001, -7.10021592], [106.83600329, -7.10022931], [106.83600244, -7.10023733], [106.83600191, -7.10023786], [106.83599917, -7.1002484], [106.8359929, -7.10027856], [106.83598959, -7.10030919], [106.83598928, -7.10033999], [106.83599197, -7.10037067], [106.83599763, -7.10040095], [106.83600621, -7.10043054], [106.83601763, -7.10045915], [106.83603179, -7.10048652], [106.83604854, -7.10051239], [106.83606772, -7.1005365], [106.83607016, -7.10053927], [106.83607071, -7.10053989], [106.83607125, -7.10054053], [106.83615106, -7.10063333], [106.83615234, -7.1006348], [106.83622533, -7.10071862], [106.83622533, -7.10071862], [106.83622534, -7.10071862], [106.83630865, -7.10081429], [106.83631194, -7.10081802], [106.83632085, -7.10082792], [106.83632766, -7.1008355], [106.83632775, -7.1008356], [106.83632775, -7.1008356], [106.83633067, -7.10083885], [106.83633088, -7.10083909], [106.83634456, -7.1008543], [106.83635784, -7.1008682], [106.83639864, -7.10090838], [106.83639868, -7.10090842], [106.83640549, -7.10091512], [106.83641146, -7.10092263], [106.83643481, -7.100952], [106.83644034, -7.10095894], [106.83644326, -7.10096732], [106.83645278, -7.10099465], [106.83645634, -7.10100487], [106.83645847, -7.10101548], [106.83646586, -7.10105224], [106.83646601, -7.10105298], [106.83647039, -7.10107532], [106.83647039, -7.10107534], [106.8364799, -7.10111203], [106.83649301, -7.10115244], [106.83649676, -7.10116334], [106.83650314, -7.10118082], [106.83650315, -7.10118086], [106.83650603, -7.10118873], [106.83650585, -7.10118968], [106.83650948, -7.10120155], [106.83651042, -7.10120536], [106.83652112, -7.10123544], [106.8365348, -7.10126429], [106.83655132, -7.10129161], [106.83657051, -7.10131714], [106.83659218, -7.1013406], [106.8366161, -7.10136176], [106.83664204, -7.10138041], [106.83666972, -7.10139635], [106.83669888, -7.10140942], [106.8367292, -7.1014195], [106.83673587, -7.10142135], [106.83673625, -7.10142102], [106.83674398, -7.1014236], [106.83674464, -7.10142382], [106.83674549, -7.1014241], [106.83675339, -7.10142673], [106.836761, -7.10143371], [106.83675773, -7.10144069], [106.83675616, -7.10144404], [106.83675505, -7.1014464], [106.83675148, -7.10145401], [106.83675019, -7.10145512], [106.83674375, -7.10146458], [106.83672824, -7.10148981], [106.83671516, -7.10151639], [106.83671067, -7.10152817], [106.83670748, -7.10153546], [106.8367077, -7.10153587], [106.83670727, -7.10153585], [106.83670385, -7.10154077], [106.83668525, -7.1015711], [106.83667016, -7.10160333], [106.83666814, -7.10160838], [106.83666836, -7.10160884], [106.83666789, -7.10160892], [106.83666428, -7.10161587], [106.83665131, -7.10164416], [106.83664119, -7.10167359], [106.836634, -7.10170386], [106.83662983, -7.1017347], [106.83662871, -7.10176579], [106.83663065, -7.10179684], [106.83663564, -7.10182756], [106.83664362, -7.10185763], [106.83665452, -7.10188678], [106.83666823, -7.10191472], [106.83668462, -7.10194117], [106.83670354, -7.10196589], [106.83672479, -7.10198864], [106.83674817, -7.10200919], [106.83677347, -7.10202735], [106.83680042, -7.10204294], [106.83682878, -7.10205581], [106.83685827, -7.10206583], [106.8368886, -7.10207292], [106.83691948, -7.10207699], [106.83695061, -7.10207802], [106.83698025, -7.10207608], [106.83698685, -7.10207498], [106.83699445, -7.10207527], [106.83699658, -7.10207612], [106.83700266, -7.10207855], [106.83700474, -7.10207967], [106.83700606, -7.10208068], [106.83701715, -7.10208585], [106.83704538, -7.10209739], [106.83704722, -7.10209794], [106.83704823, -7.10209811], [106.83704952, -7.10209864], [106.8370746, -7.10210617], [106.83710453, -7.1021121], [106.83713183, -7.10211482], [106.83713865, -7.10211477], [106.83715375, -7.10211644], [106.83715367, -7.10211682], [106.83715761, -7.10211829], [106.83717768, -7.10212695], [106.83720682, -7.10213631], [106.83723673, -7.10214281], [106.83726713, -7.1021464], [106.83729774, -7.10214705], [106.83732826, -7.10214474], [106.83735841, -7.1021395], [106.83738792, -7.10213137], [106.83741651, -7.10212044], [106.83744391, -7.10210681], [106.83746986, -7.10209059], [106.83749413, -7.10207195], [106.83751648, -7.10205106], [106.8375367, -7.10202811], [106.83755462, -7.10200332], [106.83757006, -7.10197692], [106.83758287, -7.10194915], [106.83759294, -7.10192027], [106.83760018, -7.10189056], [106.8376045, -7.10186029], [106.83760589, -7.10182975], [106.83760502, -7.10181278], [106.83760504, -7.10180931], [106.83760461, -7.10180655], [106.83760579, -7.10178627], [106.83760604, -7.101782], [106.83760604, -7.101782], [106.8376071, -7.10176397], [106.83760878, -7.10174989], [106.8376093, -7.1017456], [106.83761021, -7.101738], [106.83761392, -7.10173131], [106.83761748, -7.1017249], [106.83762108, -7.10171841], [106.83762299, -7.10171683], [106.83762528, -7.10171433], [106.83764421, -7.10169159], [106.83766093, -7.10166719], [106.83767529, -7.10164134], [106.83768718, -7.10161425], [106.83769648, -7.10158618], [106.83770312, -7.10155737], [106.83770592, -7.10153647], [106.83770625, -7.10153462], [106.83770635, -7.10153218], [106.83771021, -7.10152327], [106.83771093, -7.10152161], [106.83771377, -7.10151505], [106.83771959, -7.1015109], [106.83772051, -7.10151024], [106.83772976, -7.10150363], [106.83772977, -7.10150362], [106.83774886, -7.10149019], [106.83777457, -7.10146758], [106.83778261, -7.10145969], [106.83778408, -7.10145779], [106.83778488, -7.10145756], [106.83779547, -7.10144892], [106.83779532, -7.10144873], [106.83779977, -7.10144536], [106.83782475, -7.10142181], [106.83784703, -7.10139569], [106.83785795, -7.10137966], [106.83785813, -7.10137978], [106.83786679, -7.10136726], [106.83787513, -7.10135621], [106.83788343, -7.10134523], [106.83788542, -7.10134259], [106.83788542, -7.10134259], [106.83788543, -7.10134258], [106.83789088, -7.10133537], [106.83789411, -7.10133109], [106.8378988, -7.10132489], [106.83789908, -7.1013252], [106.83790316, -7.10132401], [106.83793172, -7.10131413], [106.83795922, -7.10130158], [106.83798539, -7.10128646], [106.83801, -7.10126893], [106.83803282, -7.10124913], [106.83805366, -7.10122725], [106.8380723, -7.10120348], [106.8380886, -7.10117805], [106.838092, -7.10117214], [106.83809242, -7.10117064], [106.83809388, -7.10116912], [106.83811021, -7.10114366], [106.83812455, -7.10111541], [106.838136, -7.10108587], [106.83814443, -7.10105534], [106.83814977, -7.10102411], [106.83814981, -7.10102372], [106.83815119, -7.1010122], [106.83815157, -7.10100904], [106.83815207, -7.1010059], [106.83815216, -7.1010053], [106.83815493, -7.10097482], [106.83815475, -7.10094421], [106.8381516, -7.10091377], [106.83814552, -7.10088377], [106.83813658, -7.1008545], [106.83812484, -7.10082622], [106.83811042, -7.10079922], [106.83809346, -7.10077373], [106.83807411, -7.10074999], [106.8380574, -7.10073312], [106.83805694, -7.10073282], [106.83804747, -7.10072319], [106.83804304, -7.10071684], [106.83803957, -7.10071184], [106.83803785, -7.10069638], [106.83803731, -7.10069081], [106.83803738, -7.10068974], [106.83803771, -7.10068057], [106.83803762, -7.10067774], [106.83803499, -7.10064536], [106.83802905, -7.10061342], [106.83802696, -7.10060635], [106.83802395, -7.1005943], [106.83802326, -7.10059298], [106.83802056, -7.10057951], [106.83802091, -7.10057721], [106.83802117, -7.10056558], [106.83802113, -7.10056558], [106.83802135, -7.10056216], [106.83802037, -7.10053211], [106.83801655, -7.10050229], [106.8380099, -7.10047297], [106.83800051, -7.10044441], [106.83798844, -7.10041687], [106.83797381, -7.10039059], [106.83795675, -7.10036583], [106.83793741, -7.10034279], [106.83791597, -7.10032169], [106.83789263, -7.10030271], [106.83788321, -7.10029644], [106.83787634, -7.10029134], [106.83787569, -7.10029134], [106.83786903, -7.10028468], [106.83786695, -7.10027463], [106.8378673, -7.1002651], [106.83786714, -7.10025792], [106.83786416, -7.10022141], [106.83785699, -7.10018549], [106.83785692, -7.10018523], [106.83785692, -7.10018521], [106.83785691, -7.10018521], [106.83785674, -7.10018453], [106.83785673, -7.10018452], [106.83784908, -7.10015948], [106.83783938, -7.10013515], [106.83783668, -7.10012912], [106.83783594, -7.10012747], [106.83783594, -7.10012747], [106.83782368, -7.10010007], [106.83782368, -7.10010007], [106.83782368, -7.10010007], [106.83781557, -7.10008196], [106.83780627, -7.10006291], [106.8377994, -7.10004998], [106.83779794, -7.10004726], [106.83778814, -7.10002921], [106.83778813, -7.1000292], [106.837779, -7.10001239], [106.83777589, -7.10000666], [106.83777427, -7.10000034], [106.83777423, -7.10000016], [106.83777352, -7.09999738], [106.83777351, -7.09999736], [106.83777194, -7.09999121], [106.83777194, -7.09999121], [106.8377719, -7.09999103], [106.83777018, -7.09998429], [106.83777088, -7.09997738], [106.83777097, -7.09997648], [106.83777105, -7.0999757], [106.83777106, -7.09997569], [106.83777275, -7.09995911], [106.83777275, -7.09995911], [106.83777289, -7.0999577], [106.83777316, -7.09995505], [106.83777368, -7.09995004], [106.83777713, -7.09994358], [106.83777771, -7.09994339], [106.83778079, -7.09993917], [106.83779796, -7.09991315], [106.83781248, -7.09988556], [106.83782421, -7.09985668], [106.83783304, -7.09982679], [106.83783889, -7.09979617], [106.83784169, -7.09976513], [106.83784142, -7.09973396], [106.83783808, -7.09970297], [106.8378375, -7.09969932], [106.83783668, -7.09969409], [106.8378362, -7.09968882], [106.83783539, -7.09967978], [106.83783485, -7.09967372], [106.83783427, -7.09966729], [106.83783422, -7.09966084], [106.83783413, -7.09964957], [106.8378341, -7.09964599], [106.83783404, -7.09963892], [106.83783462, -7.09963188], [106.83783464, -7.09963117], [106.83783431, -7.09960097], [106.83783109, -7.09957094], [106.83782503, -7.09954135], [106.83781616, -7.09951248], [106.83780459, -7.09948458], [106.8377904, -7.09945791], [106.83777373, -7.09943271], [106.83775473, -7.09940921], [106.83773358, -7.09938763], [106.83771046, -7.09936817], [106.83768559, -7.09935099], [106.83767268, -7.09934295], [106.83767168, -7.09934294], [106.83767441, -7.09933547], [106.83768397, -7.09930929], [106.83768732, -7.09929963], [106.83769173, -7.09928622], [106.83769173, -7.09928621], [106.83769318, -7.0992818], [106.83769319, -7.09928178], [106.83769413, -7.09927892], [106.83769452, -7.09927772], [106.83770167, -7.09925568], [106.83770963, -7.09923114], [106.83770989, -7.09923032], [106.83771017, -7.09922951], [106.83771467, -7.09921613], [106.83771562, -7.09921329], [106.83771669, -7.09921049], [106.83772111, -7.09919881], [106.83772222, -7.0991959], [106.83772222, -7.0991959], [106.83772405, -7.09919107], [106.83773352, -7.09916189], [106.83774012, -7.09913192], [106.83774378, -7.09910145], [106.83774447, -7.09907077], [106.83774219, -7.09904018], [106.83773695, -7.09900994], [106.8377288, -7.09898036], [106.83771782, -7.0989517], [106.83770411, -7.09892424], [106.83768781, -7.09889823], [106.83766906, -7.09887393], [106.83764804, -7.09885155], [106.83762496, -7.09883131], [106.83760002, -7.0988134], [106.83757345, -7.09879798], [106.83754552, -7.09878521], [106.83751649, -7.0987752], [106.83748661, -7.09876805], [106.83745619, -7.09876382], [106.8374255, -7.09876256], [106.83739483, -7.09876427], [106.83736447, -7.09876894], [106.8373347, -7.09877652], [106.83730581, -7.09878695], [106.83728049, -7.09879897], [106.83727645, -7.09880139], [106.83727523, -7.09880171], [106.83724782, -7.09881829], [106.83722144, -7.09883829], [106.83719729, -7.09886093], [106.83717564, -7.09888597], [106.83715673, -7.09891313], [106.83714075, -7.09894212], [106.83713721, -7.09894943], [106.83713746, -7.09894981], [106.83713043, -7.09895339], [106.83709068, -7.09897365], [106.83708653, -7.09897577], [106.83708226, -7.09897764], [106.83706942, -7.09898326], [106.8370367, -7.09899758], [106.83703353, -7.09899896], [106.83703121, -7.09899986], [106.83703032, -7.09900021], [106.83703031, -7.09900021], [106.83701981, -7.09900427], [106.8370198, -7.09900427], [106.8370198, -7.09900428], [106.83700115, -7.09901149], [106.83700092, -7.09901157], [106.83700092, -7.09901157], [106.83700092, -7.09901158], [106.83695581, -7.09902902], [106.83695562, -7.09902909], [106.83695562, -7.09902909], [106.83693306, -7.09903781], [106.83692703, -7.09904015], [106.8369207, -7.09904147], [106.83690391, -7.09904497], [106.83690059, -7.09904566], [106.83689724, -7.09904621], [106.83688937, -7.09904751], [106.83687981, -7.09904908], [106.83687981, -7.09904908], [106.83686415, -7.09905166], [106.83686414, -7.09905166], [106.83683669, -7.09905617], [106.83683629, -7.09905624], [106.83683629, -7.09905624], [106.83683629, -7.09905624], [106.83683629, -7.09905624], [106.83682696, -7.09905777], [106.83682696, -7.09905777], [106.83682686, -7.09905779], [106.83682437, -7.0990582], [106.83682386, -7.09905828], [106.83681177, -7.09906022], [106.8367996, -7.09906218], [106.8367996, -7.09906218], [106.83679435, -7.09906303], [106.83678657, -7.09906427], [106.83678471, -7.09905663], [106.83677734, -7.0990265], [106.83676975, -7.09900036], [106.83675994, -7.09897497], [106.83675048, -7.09895332], [106.83674871, -7.09894934], [106.83674338, -7.0989376], [106.83674338, -7.09893759], [106.83672913, -7.09890617], [106.83672664, -7.09890067], [106.83672664, -7.09890067], [106.83671059, -7.09886527], [106.83670967, -7.09886325], [106.83670944, -7.09886272], [106.83667338, -7.09878241], [106.83667198, -7.0987793], [106.83667072, -7.09877613], [106.83663822, -7.09869447], [106.83663784, -7.09869353], [106.836613, -7.09862992], [106.83661116, -7.09862377], [106.83660383, -7.09859929], [106.83660196, -7.09859305], [106.83659981, -7.09858589], [106.83659995, -7.09858572], [106.83659353, -7.09856435], [106.83659341, -7.09856451], [106.8365912, -7.09855712], [106.83657604, -7.09850653], [106.83657504, -7.0985032], [106.83657419, -7.09849982], [106.83656585, -7.09846673], [106.83656203, -7.09845159], [106.83655398, -7.09842476], [106.83655176, -7.09841839], [106.83655148, -7.09841759], [106.83653703, -7.0983765], [106.83653662, -7.09837536], [106.83649536, -7.09825511], [106.83649535, -7.0982551], [106.83649036, -7.09824155], [106.83646577, -7.09817933], [106.83645437, -7.09815384], [106.83644077, -7.09812945], [106.83642885, -7.09811013], [106.83642835, -7.09810933], [106.83642781, -7.09810846], [106.83641777, -7.0980923], [106.83641529, -7.09808837], [106.8363884, -7.09804648], [106.83638326, -7.09803846], [106.83638004, -7.09803344], [106.8363772, -7.09802819], [106.83636194, -7.09799992], [106.83635759, -7.09799187], [106.8363542, -7.09798337], [106.83630419, -7.09785796], [106.8363025, -7.09785372], [106.83630106, -7.0978494], [106.83627883, -7.09778272], [106.83626209, -7.09774212], [106.83625413, -7.0977261], [106.83625396, -7.0977257], [106.83625131, -7.09772042], [106.83624896, -7.09771453], [106.8362323, -7.09767289], [106.83622697, -7.09765955], [106.83622441, -7.09765315], [106.83622242, -7.09764656], [106.83621804, -7.09763208], [106.83620547, -7.09759776], [106.83618901, -7.09756511], [106.83618529, -7.09755867], [106.8361851, -7.0975587], [106.83618489, -7.09755874], [106.83618276, -7.09755135], [106.83616116, -7.09747665], [106.83616112, -7.0974765], [106.83616051, -7.09747442], [106.8361321, -7.09737862], [106.83612324, -7.09735286], [106.83611219, -7.09732796], [106.83609904, -7.09730411], [106.83608389, -7.09728147], [106.83606224, -7.09725195], [106.83605853, -7.097247], [106.83600287, -7.09717414], [106.83600158, -7.09717247], [106.83596489, -7.09712511], [106.8359601, -7.09711893], [106.83596012, -7.09711886], [106.83596189, -7.09711132], [106.83596189, -7.09711132], [106.83597347, -7.09706205], [106.83597347, -7.09706205], [106.83597525, -7.09705449], [106.83597775, -7.09704714], [106.83598271, -7.09703263], [106.83598551, -7.09702443], [106.83599064, -7.0970178], [106.83599276, -7.09701471], [106.83599336, -7.09701295], [106.83599879, -7.09700593], [106.83601384, -7.09698644], [106.83601877, -7.09698006], [106.83602433, -7.09697421], [106.83603062, -7.09696759], [106.83603617, -7.09696175], [106.83603618, -7.09696174], [106.83604364, -7.09695389], [106.83604372, -7.0969538], [106.83604798, -7.09694931], [106.8360529, -7.09694554], [106.83607483, -7.09692871], [106.83608018, -7.0969246], [106.8360864, -7.09692198], [106.83614377, -7.09689779], [106.83614496, -7.09689729], [106.83617427, -7.09688522], [106.83617432, -7.0968852], [106.83620333, -7.09687148], [106.83623081, -7.0968549], [106.83625647, -7.09683563], [106.83628004, -7.09681386], [106.83630128, -7.09678983], [106.83631999, -7.09676376], [106.8363348, -7.09673795], [106.83633529, -7.09673718], [106.83633513, -7.09673674], [106.83633698, -7.09673498], [106.83634245, -7.09672797], [106.83636291, -7.09669845], [106.83637989, -7.09666681], [106.8363837, -7.09665864], [106.83638385, -7.09665833], [106.83638643, -7.09665276], [106.83638672, -7.09665278], [106.83639193, -7.0966427], [106.83640363, -7.09662107], [106.83640956, -7.09660827], [106.83642495, -7.09656801], [106.83643495, -7.09653533], [106.83644243, -7.09650595], [106.83644705, -7.09647599], [106.83644878, -7.09644572], [106.83644879, -7.09644454], [106.83644871, -7.09644001], [106.83644888, -7.09643547], [106.83645083, -7.09638406], [106.83645105, -7.09637817], [106.83645215, -7.09637237], [106.83645847, -7.09633905], [106.83646328, -7.09630135], [106.83646354, -7.09626334], [106.83646204, -7.0962353], [106.83645929, -7.09620726], [106.83644985, -7.09614154], [106.83644985, -7.09614144], [106.83644848, -7.09613198], [106.83644834, -7.09612525], [106.83644463, -7.09609725], [106.83643731, -7.0960663], [106.83642691, -7.09603624], [106.83641354, -7.09600738], [106.83639259, -7.09596752], [106.83637732, -7.09594156], [106.83635965, -7.09591716], [106.83633974, -7.09589455], [106.83631776, -7.09587393], [106.83629393, -7.0958555], [106.83626845, -7.09583941], [106.83624155, -7.09582581], [106.83621348, -7.09581483], [106.8361845, -7.09580656], [106.83615485, -7.09580109], [106.83612482, -7.09579845], [106.83609773, -7.09579865], [106.83609175, -7.09579932], [106.83608302, -7.09579932], [106.83607585, -7.09579932], [106.83607571, -7.09579932], [106.8360675, -7.09579932], [106.83605946, -7.09579763], [106.83598415, -7.09578181], [106.83598415, -7.09578181], [106.8359797, -7.09578087], [106.83597962, -7.09578086], [106.83597962, -7.09578086], [106.83597205, -7.09577927], [106.83596876, -7.09577857], [106.83596328, -7.09577742], [106.8359579, -7.09577589], [106.83590782, -7.09576162], [106.83586506, -7.09574943], [106.83586108, -7.0957483], [106.83585717, -7.09574696], [106.83582802, -7.09573698], [106.83574436, -7.09570834], [106.83574139, -7.09570734], [106.83568438, -7.09568845], [106.83567763, -7.09568621], [106.83567248, -7.09568456], [106.83559014, -7.09565882], [106.83555431, -7.09564988], [106.8355333, -7.09564592], [106.83549391, -7.09564102], [106.83547288, -7.09563973], [106.83544357, -7.0956393], [106.83537781, -7.09564136], [106.83537771, -7.09564136], [106.83537406, -7.09564148], [106.83537032, -7.09564142], [106.83530851, -7.09564044], [106.83530553, -7.09564039], [106.8353046, -7.09564033], [106.83530208, -7.09564026], [106.83530098, -7.09564024], [106.83530097, -7.09564032], [106.83524058, -7.09563936], [106.83523272, -7.09563845], [106.8351833, -7.0956327], [106.83517536, -7.09563178], [106.83516755, -7.09563006], [106.83512955, -7.0956217], [106.83512367, -7.09562041], [106.83511806, -7.09561824], [106.83504983, -7.09559191], [106.83497261, -7.09556211], [106.83496615, -7.09555962], [106.83495994, -7.09555658], [106.8348421, -7.09549884], [106.83483446, -7.09549509], [106.83482726, -7.09549055], [106.83474775, -7.09544037], [106.83474213, -7.09543683], [106.83473758, -7.095432], [106.83465944, -7.09534918], [106.83465528, -7.09534478], [106.83465048, -7.09533969], [106.83464664, -7.09533383], [106.83463456, -7.09531536], [106.83461418, -7.09528422], [106.83461012, -7.09527801], [106.83460861, -7.09527074], [106.83460071, -7.09523253], [106.8345937, -7.09519865], [106.83459176, -7.09518928], [106.83459212, -7.09517973], [106.83459216, -7.0951788], [106.83459224, -7.09517651], [106.83459196, -7.09514655], [106.83458884, -7.09511676], [106.83458292, -7.09508739], [106.83457424, -7.09505872], [106.83456289, -7.09503099], [106.83454896, -7.09500446], [106.83453258, -7.09497937], [106.83453218, -7.09497881], [106.83453175, -7.09497891], [106.83452961, -7.0949712], [106.83452615, -7.09495877], [106.83452615, -7.09495876], [106.83452489, -7.09495424], [106.83451606, -7.09492727], [106.83451339, -7.09492106], [106.83451085, -7.09491417], [106.83450961, -7.0949119], [106.83451004, -7.09491176], [106.83451242, -7.09490179], [106.83451851, -7.09486847], [106.834521, -7.0948347], [106.83451987, -7.09480086], [106.83451512, -7.09476733], [106.83450729, -7.09472753], [106.83450729, -7.09472753], [106.83449958, -7.09468835], [106.83449838, -7.09468253], [106.83448732, -7.09463137], [106.83448732, -7.09463137], [106.83448132, -7.09460365], [106.83448132, -7.09460364], [106.83447891, -7.09459249], [106.83447091, -7.09456267], [106.83446005, -7.09453377], [106.83444642, -7.09450607], [106.83443016, -7.09447982], [106.83441141, -7.09445528], [106.83439035, -7.09443269], [106.83436805, -7.09441098], [106.83436181, -7.09440491], [106.83435628, -7.09439819], [106.83430684, -7.09433815], [106.8343047, -7.09433556], [106.83430268, -7.09433288], [106.83427247, -7.09429284], [106.83426603, -7.09428431], [106.8342608, -7.09427498], [106.83422749, -7.09421562], [106.83422311, -7.09420781], [106.83421999, -7.09420225], [106.83421733, -7.09419645], [106.83420832, -7.09417684], [106.83419714, -7.09415252], [106.83419634, -7.09415078], [106.83419558, -7.09414902], [106.83417751, -7.09410703], [106.8341774, -7.09410676], [106.83415912, -7.09406408], [106.83415912, -7.09406408], [106.83414651, -7.094038], [106.83413157, -7.09401319], [106.83411442, -7.09398984], [106.83409521, -7.09396816], [106.83407409, -7.09394832], [106.83405125, -7.0939305], [106.83402687, -7.09391483], [106.83401722, -7.09390924], [106.83400763, -7.09390368], [106.83396978, -7.09388499], [106.83392948, -7.09386832], [106.83390714, -7.09386006], [106.83388425, -7.09385349], [106.83387625, -7.09385152], [106.83384663, -7.09384569], [106.83384006, -7.09384473], [106.83384005, -7.09384472], [106.83379333, -7.09383783], [106.8337922, -7.09383766], [106.8337922, -7.09383766], [106.83375418, -7.09383205], [106.83374919, -7.09383132], [106.83374119, -7.09383024], [106.83371808, -7.09382743], [106.83371808, -7.09382743], [106.83371807, -7.09382743], [106.83368163, -7.093823], [106.83367477, -7.09382216], [106.83366861, -7.09381904], [106.83363792, -7.09380346], [106.83363373, -7.09380134], [106.83362967, -7.09379896], [106.83360117, -7.0937823], [106.83358903, -7.0937752], [106.83358584, -7.09377334], [106.83358274, -7.09377133], [106.83357396, -7.09376563], [106.83356435, -7.09375939], [106.83356435, -7.09375939], [106.83356435, -7.09375939], [106.83355272, -7.09375185], [106.83355272, -7.09375185], [106.83355272, -7.09375185], [106.83353429, -7.09373989], [106.83352006, -7.09373065], [106.83351361, -7.09372647]]]}}]}