{"type": "FeatureCollection", "features": [{"type": "Feature", "properties": {"nama": "Area Eksisting + Areal Penambahan", "sumber": "Area_Eksisting_Clean.json (17 poligon) + Areal_Penambahan.geojson (1 poligon), digabung; celah digitasi < 10 m2 ditutup"}, "geometry": {"type": "MultiPolygon", "coordinates": [[[[106.83438007348167, -7.103293761697671], [106.83438718621971, -7.103298210643857], [106.83438933559944, -7.10329955513032], [106.8343922305171, -7.103301365465597], [106.83440232001112, -7.103301570511007], [106.83441677931097, -7.103301865488675], [106.83442504318128, -7.103301503061857], [106.83443174492913, -7.1033012089835665], [106.83443806176717, -7.103303284618846], [106.8344459263385, -7.103305868371081], [106.83445156688634, -7.1033077218738185], [106.83445512550372, -7.10330889099248], [106.83446822772657, -7.103310544845726], [106.83448267893255, -7.103312369570176], [106.83448822055499, -7.103314313005114], [106.83449689451612, -7.103317355411548], [106.83450625376065, -7.103320637937031], [106.83451426941804, -7.103323449217783], [106.83451870937103, -7.103325005944214], [106.83456408286617, -7.103338916657606], [106.83459302844557, -7.1033469547980985], [106.83460621610408, -7.103350990955448], [106.83461743694522, -7.103355016320904], [106.83462013311271, -7.103355169205656], [106.83462954721591, -7.1033557016043005], [106.8346482809934, -7.103356761005671], [106.83468980988687, -7.10335911003483], [106.83473217065324, -7.103362365580665], [106.83473817542654, -7.10336296542846], [106.8347803491339, -7.1033674494481716], [106.83481547665298, -7.103371715831997], [106.83483915490314, -7.103374592763203], [106.83485474824812, -7.103378252104619], [106.8348597952434, -7.103379436511716], [106.83487516105987, -7.103384107590443], [106.83489313580964, -7.10339486797875], [106.83490478292947, -7.103402005897806], [106.83491354412484, -7.103408172549052], [106.8349168887035, -7.1034105260748674], [106.83491504599266, -7.103428621333762], [106.83491369611022, -7.103441871944767], [106.83491162317296, -7.103462220005383], [106.83490982542816, -7.1034798647039565], [106.8349084027007, -7.103491294187847], [106.83490735588981, -7.103498546320793], [106.8349064853461, -7.103504581671075], [106.83490024854768, -7.103509803134841], [106.83488984069368, -7.103504258814439], [106.834883039121, -7.103500261327952], [106.83487691473789, -7.103496661341808], [106.83487447757511, -7.103495229621103], [106.83486565432656, -7.103497753118745], [106.8348637729448, -7.103498290913365], [106.83486016306614, -7.103499323335029], [106.83485059068227, -7.1035106341084315], [106.83486176116139, -7.10354155010242], [106.83487326888633, -7.103570785263457], [106.83488011092845, -7.103587067489116], [106.83488948905875, -7.103609737599243], [106.83489848677578, -7.103631489501595], [106.83490330444403, -7.103648025336042], [106.83490670298204, -7.103659686845049], [106.83491182012443, -7.103677255101218], [106.83491857043572, -7.103704187997835], [106.83491872781707, -7.103708127927689], [106.83491921435035, -7.1037202705740015], [106.83492009478658, -7.103742271588544], [106.83492076028494, -7.103758901851791], [106.83491672772487, -7.103774679557773], [106.83490712656271, -7.103806904964642], [106.83490409674675, -7.103817073599032], [106.83490099408567, -7.103827487748333], [106.83489234080895, -7.103856533152452], [106.83488802136515, -7.1038710284251465], [106.83487533642767, -7.103897535043188], [106.83486717957675, -7.10391458079323], [106.83485878350609, -7.10393212296907], [106.83485238572905, -7.10394549408926], [106.83484722272124, -7.103956281457158], [106.83483873851702, -7.103964942827815], [106.83483634092448, -7.103966479769156], [106.83482106504016, -7.103976274285571], [106.83481894353946, -7.10398665246197], [106.83481793809744, -7.1039915726528875], [106.83481664667096, -7.103997892188943], [106.8348151924672, -7.10400500402767], [106.83481711251977, -7.104021071315344], [106.83481808918356, -7.104029244354081], [106.83481890756661, -7.104036088194846], [106.8348316266783, -7.1040423780532365], [106.83484290327743, -7.104047953849943], [106.83485869896987, -7.104053372265298], [106.8348661012896, -7.104055911950752], [106.83487048098795, -7.104057413818566], [106.83487268432697, -7.104064334101679], [106.83487678073891, -7.104077203400152], [106.83488177467422, -7.104092892073254], [106.83488527393632, -7.1041038835873], [106.83490010195823, -7.104110396477552], [106.83490470558775, -7.104112418153534], [106.8349102274251, -7.104110316437925], [106.83492060020558, -7.104106366615497], [106.83492664724702, -7.10410406435102], [106.83493965773908, -7.104097990329933], [106.83494587745037, -7.104095087318399], [106.83496324965432, -7.104086977232157], [106.83496766622488, -7.10408491598605], [106.83498697197126, -7.104075903879789], [106.83500045730534, -7.10406960862548], [106.83499251269438, -7.1040575882870485], [106.83498572011496, -7.104047310834687], [106.83497638245416, -7.104033183384672], [106.83498361300337, -7.104021215206842], [106.83498892080212, -7.104012431528417], [106.83500096452298, -7.103992496256637], [106.83501301184106, -7.103971717420791], [106.83501837449842, -7.103960728604704], [106.835023564486, -7.103950093222181], [106.83502808987453, -7.103940820312573], [106.83503545532204, -7.103925726091347], [106.8350408179794, -7.103914737275261], [106.83504757908258, -7.1038996061818125], [106.8350500854931, -7.103886618172851], [106.83505246959584, -7.103874263286571], [106.8350537151569, -7.103867811550231], [106.83505045241651, -7.103854662562583], [106.8350491555941, -7.103849435702841], [106.83503994114045, -7.103812300896948], [106.83503408385593, -7.103788693693218], [106.83508495760475, -7.103765131455589], [106.83511256499293, -7.103752344894758], [106.83513651843566, -7.103741250857979], [106.83517184560424, -7.103724888592694], [106.8352036213501, -7.103710172086721], [106.83519327914655, -7.103692307953622], [106.83517744658195, -7.10366496136885], [106.83521599332352, -7.103626415526605], [106.83523163703046, -7.103609970523678], [106.83525084475076, -7.103587917348477], [106.8352910309564, -7.103483880176896], [106.83528641923294, -7.103478754041191], [106.83527743590503, -7.103468767969218], [106.83526714945947, -7.1034573348880485], [106.83526398474515, -7.103452742949685], [106.8352596985763, -7.103446337978085], [106.83525147337684, -7.103439909624058], [106.83524184703367, -7.1034292094904], [106.83523349323121, -7.103419923990259], [106.83522775645588, -7.103413547796947], [106.83522157811342, -7.103406679674492], [106.83521810403232, -7.103402817985625], [106.83521689534348, -7.103401475297801], [106.8351960904273, -7.103378349231377], [106.83518445409936, -7.103365414282393], [106.8351758484867, -7.103355848193814], [106.83516868898386, -7.103347890093005], [106.83516144224683, -7.103339834865437], [106.83515424677114, -7.103331837194503], [106.83516263744582, -7.103321000363849], [106.83516863052796, -7.103313258100343], [106.83517511374055, -7.103304885412058], [106.83518280114544, -7.103294955997399], [106.83521555355503, -7.10327276882316], [106.83522892377584, -7.103263810676253], [106.83525008302496, -7.10324967603168], [106.83526920980626, -7.103236634962684], [106.83528174185898, -7.103225757662528], [106.83530638058505, -7.103199553216768], [106.83532000711267, -7.103177587275809], [106.83533151753556, -7.103153378425645], [106.83534293892558, -7.103138910132543], [106.83534936278295, -7.103130773066653], [106.83536641033163, -7.1031188399624625], [106.83537315794496, -7.103114116723077], [106.83538655694412, -7.103106300715183], [106.8353962786154, -7.103100629590358], [106.83540892038542, -7.103093255149531], [106.83541789651878, -7.103088019296592], [106.83543637938544, -7.103077237324612], [106.83544846087784, -7.103071395328584], [106.83545784979998, -7.1030688052811115], [106.83547098709641, -7.103065181013221], [106.83547813041145, -7.103063210598634], [106.83548231855423, -7.103062054969826], [106.83548729989906, -7.103060680805754], [106.83549148804178, -7.103059526076208], [106.83550109549924, -7.103056874874824], [106.83551604043299, -7.103052752382553], [106.835533940539, -7.10304781510456], [106.83554311002655, -7.103045285311623], [106.83555303134739, -7.1030441782461935], [106.83556253448342, -7.103044663880098], [106.83557983564094, -7.103045548812986], [106.83559091169127, -7.103046114486574], [106.83560705542135, -7.103046940064189], [106.83561301972514, -7.103047244934373], [106.83561647132314, -7.103047422100815], [106.83564095806383, -7.103049525615063], [106.8356578904993, -7.103051612042236], [106.83568196984709, -7.103054579804962], [106.83569437689403, -7.103054896366302], [106.83571546239875, -7.103054131942599], [106.83573438683254, -7.103053078836467], [106.83573889693258, -7.103052827925637], [106.83574559328457, -7.103052454706983], [106.83575269523078, -7.103052930448314], [106.83576119922003, -7.103053498819861], [106.83576490262823, -7.103053747032732], [106.83577302890222, -7.1030560690822995], [106.83577605691954, -7.10305850714434], [106.83578132604742, -7.103062748347099], [106.83579088404213, -7.103070441147906], [106.83581346332073, -7.103086547106443], [106.8358205832534, -7.10309081888613], [106.83583004681924, -7.103096497205513], [106.8358386227543, -7.103100481202205], [106.83584803775682, -7.103102463308005], [106.83586138369594, -7.10310527279006], [106.83587597879347, -7.103108714495534], [106.83587960485994, -7.103109856634546], [106.83590221921213, -7.103116975667831], [106.83590993809321, -7.103120885020758], [106.83591389421093, -7.103124336618805], [106.83592172550726, -7.103131167869037], [106.83593222059557, -7.103140323866796], [106.83593985224246, -7.103147090365894], [106.83594721589134, -7.1031538721534275], [106.835961587957, -7.1031671092746365], [106.83597430886732, -7.103181443568701], [106.83598400985426, -7.103192467458371], [106.83599346712487, -7.103202486805287], [106.83600220673651, -7.103210237162671], [106.83600765662811, -7.1032150692200275], [106.8360146272733, -7.103221250260447], [106.83602475903547, -7.103230236286322], [106.83606699569538, -7.103266693902754], [106.83608569080207, -7.103279890554461], [106.83609137002077, -7.103283899732162], [106.83609780826731, -7.103288444006466], [106.83610254409717, -7.103291693257006], [106.83611267945668, -7.103295953345537], [106.83613860421326, -7.103306848632087], [106.83614494533305, -7.103309514222644], [106.83616040377967, -7.103316726785465], [106.83616682044249, -7.103319760198701], [106.83618225190946, -7.1033270554991645], [106.8361864427502, -7.103329150919535], [106.83618826567596, -7.103330061932752], [106.83621728859703, -7.103343972646201], [106.83623194844574, -7.103349130258096], [106.83624401734761, -7.10335337685683], [106.83626169622039, -7.103357300598873], [106.83626750943807, -7.103358365396218], [106.83627903425008, -7.1033604752057045], [106.8362876020912, -7.103362044522669], [106.83629526881168, -7.103363239721716], [106.83630759132234, -7.103363591356583], [106.83632376473003, -7.1033652739881745], [106.83634898261954, -7.103370234648537], [106.83636629277026, -7.103374431784573], [106.83637997685452, -7.1033781630717385], [106.83639296486348, -7.103381550817858], [106.83640902765455, -7.10338564543116], [106.83642140772184, -7.103387728260998], [106.83642482514563, -7.103387728260998], [106.83643621416002, -7.103387728260998], [106.83645341279481, -7.103386720120966], [106.83647307737067, -7.103381689313437], [106.83648446458642, -7.103379216177814], [106.83650703127455, -7.103375121564568], [106.83651207017596, -7.103374605353736], [106.83651849493265, -7.103373946150668], [106.83651920809501, -7.103373872406223], [106.83652258954595, -7.103373526167275], [106.83652484324699, -7.103373294142159], [106.83653818109224, -7.103373842728615], [106.83654387559943, -7.103377814134774], [106.83651870447471, -7.1034011875147485], [106.83651830697437, -7.103401607498142], [106.83650188625313, -7.103421486112666], [106.83650664456604, -7.103429930746643], [106.8365120719746, -7.103434016366691], [106.83651578707395, -7.103436005667106], [106.83653082104064, -7.103444058196658], [106.8365389410194, -7.103457008434134], [106.836544069853, -7.103465188667485], [106.83654953593242, -7.103473906695399], [106.8365658172587, -7.103495668490268], [106.83657873961721, -7.103513608166452], [106.83658215614167, -7.10351900499802], [106.83658379650507, -7.103523779498801], [106.83658555018303, -7.103528889446636], [106.83658590001932, -7.103529908378505], [106.83658746304104, -7.1035407047396575], [106.83658686768985, -7.1035434224909295], [106.83658541528473, -7.103550063984244], [106.83658436757457, -7.103560400791821], [106.83658442692985, -7.103564955857962], [106.8365850744417, -7.103579686753108], [106.8365869801051, -7.103589571201724], [106.83658983994923, -7.103604396525611], [106.83659229419908, -7.103617124630546], [106.83659527635098, -7.103627326539822], [106.83659702283438, -7.103633302534831], [106.83659823871778, -7.103637461000005], [106.83660016506565, -7.103644053030564], [106.83660292598432, -7.103653497710695], [106.83660509784704, -7.10366092611082], [106.83660840465421, -7.103672241380764], [106.83661161163661, -7.103683211311079], [106.83661399394072, -7.1036913645647815], [106.8366176406916, -7.10369975793742], [106.83661883409201, -7.103714639019302], [106.83661809574858, -7.103716967364107], [106.8366177261272, -7.10371813198617], [106.8366158807184, -7.103723955096427], [106.8366144040316, -7.103728612685302], [106.83661419269089, -7.103738549294576], [106.83661394627666, -7.1037501037841935], [106.83661370076175, -7.103761630394899], [106.83661347233397, -7.103770649695662], [106.83661317645698, -7.1037821736083515], [106.83661023477458, -7.1037985700479], [106.83660930217764, -7.103801482952008], [106.83660853505592, -7.103803879645284], [106.83660826436, -7.103804726806629], [106.83660232703585, -7.103814582476957], [106.83659670627304, -7.1038194586010945], [106.83659209275095, -7.1038209964418115], [106.83658457531794, -7.103823501953002], [106.83657950763825, -7.103824906694058], [106.8365743392344, -7.103825802418783], [106.83657140924322, -7.103826309636418], [106.83656750978281, -7.103826065020826], [106.83656410584888, -7.103825852780858], [106.83655846889826, -7.103825500246614], [106.836554533465, -7.103825254731646], [106.83654609602559, -7.103824726829657], [106.83652888390094, -7.103826492198834], [106.83652159579509, -7.103828137958146], [106.83651660815502, -7.103829263909347], [106.83650495294131, -7.103835852342684], [106.83650019013174, -7.10383854401357], [106.83649590576152, -7.103850679465211], [106.83649625829577, -7.103860187997213], [106.83649662072253, -7.103869952836021], [106.83649957949206, -7.103877463973731], [106.83650123964054, -7.103881678196842], [106.83650757536435, -7.103894835278368], [106.83651902193537, -7.1039038977466475], [106.8365212792337, -7.103905684699555], [106.83652844413245, -7.103907748643621], [106.83653579159358, -7.103908666851453], [106.83655158548731, -7.1039106417626385], [106.8365628593885, -7.103916320981398], [106.83656946311032, -7.103919647573605], [106.8365756603385, -7.1039263466235525], [106.83659084718988, -7.103942763747511], [106.83659981522936, -7.103960700725736], [106.83660726521316, -7.1039756006933885], [106.83660878236947, -7.103984039032127], [106.83660941279425, -7.103987545488792], [106.83661142098038, -7.103998716867238], [106.836614768257, -7.1040173364309], [106.8366163303794, -7.104026025680469], [106.83661829989467, -7.104049964734031], [106.8366181173323, -7.104055082775801], [106.83661743294823, -7.1040742329394675], [106.83662297007407, -7.104092670840032], [106.83663439146403, -7.104101950044935], [106.83664795413983, -7.104115512720682], [106.83665261622531, -7.104121728834684], [106.83665678098572, -7.1041272821482835], [106.83666080365322, -7.104132645704965], [106.83666158786207, -7.1041351116460305], [106.83666250696916, -7.104138000268449], [106.8366632453126, -7.10414032141864], [106.83666579938722, -7.104148349666559], [106.8366656366099, -7.10415445606327], [106.83666538479974, -7.104163891750147], [106.8366652481028, -7.104169035872246], [106.83666506464107, -7.104175910289996], [106.83666488297803, -7.104182716359219], [106.83666437216311, -7.104201887207296], [106.83663888987292, -7.104197873532996], [106.83657931698195, -7.104188490906097], [106.83656391968918, -7.104186065434533], [106.83655266737173, -7.104184292870798], [106.83654161200587, -7.10418255178331], [106.83653398395626, -7.104181350289025], [106.83651050355695, -7.104177652276803], [106.83648663914715, -7.104173893110612], [106.83648137541519, -7.104173063935718], [106.83647970807215, -7.104172801333675], [106.83647915229113, -7.104172714099434], [106.83647693006634, -7.10417236426315], [106.83647581850425, -7.1041721888953475], [106.83647042167269, -7.104171338136723], [106.83646949447166, -7.104171192446529], [106.8364649924655, -7.1041731934381005], [106.83646147251898, -7.10417678622963], [106.83645807308164, -7.104182613836485], [106.83645877095557, -7.104193115220028], [106.83645886358573, -7.104194382364824], [106.83645886988103, -7.104194479491582], [106.83645932223999, -7.10420023155541], [106.83646003180507, -7.104207506171406], [106.83646022426001, -7.104209481082648], [106.83646066222985, -7.104213975894197], [106.83646081241665, -7.104215513734914], [106.83646117034681, -7.104219177572929], [106.8364619203814, -7.104226864977818], [106.83646199142783, -7.104227597025954], [106.8364621002458, -7.104228707688662], [106.83646272167732, -7.104235077586736], [106.8364634870004, -7.104242920574279], [106.83646409224411, -7.104249125896388], [106.83646449783839, -7.104253283462242], [106.83645937440065, -7.104261514956875], [106.83645018692664, -7.104276287220841], [106.83642871921006, -7.104310841871836], [106.83640569836433, -7.104349993857056], [106.83639916029307, -7.1043679578149295], [106.83639739672253, -7.104391054203745], [106.83639521047064, -7.104415285536959], [106.8363943390276, -7.104418001489535], [106.83638870027835, -7.1044355733429825], [106.83637865844838, -7.104453849365598], [106.83636813997776, -7.104468620730188], [106.83636656256687, -7.104470835760424], [106.83635872857252, -7.1044818362676665], [106.83635048988327, -7.1044934051464566], [106.83634533496928, -7.10450349374122], [106.83633257808606, -7.104529775528647], [106.83633012023893, -7.104547639661803], [106.83632979558365, -7.104552933071375], [106.83632963910162, -7.104555486246625], [106.8363288674833, -7.104568085748497], [106.83633161221417, -7.104586748479619], [106.83633389469355, -7.104602267180837], [106.83633844346446, -7.104628813369004], [106.83633880768986, -7.104630634496118], [106.83633888413226, -7.104660440726718], [106.83633824471428, -7.104661861655529], [106.83633539836, -7.1046681847888635], [106.83633386501594, -7.104671593219393], [106.8363252989734, -7.104675876690294], [106.83631784539233, -7.104677596194051], [106.83631123177798, -7.104679122343555], [106.83630124210868, -7.104683182782594], [106.83629825905746, -7.104684823146044], [106.836282468761, -7.10469800450926], [106.83627675806599, -7.104710139960957], [106.83627675806599, -7.10471597835965], [106.83627675806599, -7.104719395783434], [106.83627934811346, -7.104737044978606], [106.83628032747521, -7.104741549682728], [106.83628195165079, -7.104747640790947], [106.83628318192336, -7.104752257011], [106.83628490232644, -7.104757417320911], [106.83628635473156, -7.104761773636881], [106.83629035761396, -7.1047698054820785], [106.8362923523103, -7.104773046638741], [106.83629667265336, -7.104779380563912], [106.83629983017306, -7.104783891563272], [106.83630316935586, -7.104788662466774], [106.83630317025518, -7.1047973427231454], [106.83630317025518, -7.104802939204262], [106.83629983556904, -7.104811694104342], [106.83629372017913, -7.104822084871273], [106.83628635563088, -7.104830266903264], [106.83628474134781, -7.104832060151409], [106.83628043989046, -7.104834840855176], [106.83627523371513, -7.104838128776578], [106.8362718702507, -7.104840252975237], [106.83627087110386, -7.104840795266455], [106.83626021773495, -7.104842126263065], [106.83625080812834, -7.104843077745784], [106.83624740059713, -7.104843256710865], [106.8362403517109, -7.1048436281308796], [106.83623392785353, -7.104838631497614], [106.83623303392744, -7.104831035823622], [106.83623249973016, -7.104826494247277], [106.83623249973016, -7.104821260192978], [106.83623249973016, -7.104816501880009], [106.83623135399387, -7.1048119162368835], [106.836230069762, -7.104806780208719], [106.8362273960775, -7.10480414339645], [106.83621883812896, -7.1048015110808365], [106.83621466257665, -7.1048015110808365], [106.83621352313565, -7.1048015110808365], [106.83619993168156, -7.104806340440234], [106.83619931025004, -7.104806633619205], [106.83619700618692, -7.104807717302265], [106.83618895635533, -7.104811505246744], [106.83618813437494, -7.10481169860094], [106.83618527722882, -7.1048123712938605], [106.83618250551825, -7.104813023302313], [106.83618214578945, -7.104813107838595], [106.83617937317956, -7.104813760746424], [106.83617820945688, -7.104814034140304], [106.83617243850728, -7.104816551342708], [106.83617213543579, -7.10481670332814], [106.8361672413252, -7.104821278179372], [106.8361671918625, -7.104821404983795], [106.83616468545193, -7.104827923270022], [106.83616313592006, -7.104831022333769], [106.83616124734374, -7.104834799486355], [106.83615919778879, -7.104838899495576], [106.83615713384472, -7.1048411864715035], [106.83614687977473, -7.1048521312208095], [106.83613945587126, -7.1048607314375545], [106.83613129182572, -7.104868172428155], [106.83612854799418, -7.104870524155331], [106.83612522949579, -7.104873803083478], [106.8361239488612, -7.10487508461739], [106.83612181297133, -7.104877220507262], [106.83611987493236, -7.104880362738527], [106.83611861138485, -7.104882411394101], [106.83611824715945, -7.1048846399141325], [106.83611773004924, -7.1048878100243655], [106.83611727769028, -7.1048905772382795], [106.83611614454452, -7.1048975227024584], [106.83611733434753, -7.104905851323906], [106.83611965100113, -7.104909094279208], [106.83612501006121, -7.104916941763406], [106.8361266414314, -7.104919552495289], [106.83612904082264, -7.104923392600426], [106.83612923147894, -7.1049236974706105], [106.8361292143918, -7.104924125547882], [106.8361290435206, -7.104928390133068], [106.83612884027383, -7.104933473101255], [106.83612863702706, -7.104938568659975], [106.83612564768055, -7.104943052679687], [106.83612393896868, -7.104945614848191], [106.83612007098452, -7.104951366012699], [106.83611671381533, -7.1049556827584865], [106.83610962985557, -7.104966470126442], [106.8361055883023, -7.104976656747283], [106.83610507478943, -7.104980123633766], [106.83610323657518, -7.104995968788899], [106.836104152085, -7.105002811730344], [106.8361052735396, -7.105007072718195], [106.83610603166807, -7.105009952347359], [106.83611000127559, -7.105017280922709], [106.83611160116953, -7.105020233396999], [106.83611522543737, -7.105025607745574], [106.8361189891001, -7.105029162765618], [106.83612368715848, -7.10503360091991], [106.8361291694257, -7.105037360985364], [106.83613568771187, -7.1050421705596705], [106.83614112861028, -7.105046833544463], [106.83614342547878, -7.105051171874038], [106.83614546154388, -7.1050550173750935], [106.83614747602525, -7.105060092249403], [106.83615063264563, -7.105070686263105], [106.83615104813242, -7.105072430947871], [106.83615406805586, -7.105083108598535], [106.83615503033047, -7.105085297548385], [106.83615765635079, -7.105091265449516], [106.83616086243393, -7.105096762105859], [106.83616458742586, -7.105100073409631], [106.83617027653708, -7.105105131196808], [106.83617375691341, -7.10510657101139], [106.83618117811892, -7.105109642196169], [106.8361875282319, -7.105112269115864], [106.83619112012417, -7.105113419348754], [106.83619799364254, -7.105115618191178], [106.83620240032059, -7.105117028328152], [106.8362084257783, -7.105117279238982], [106.83621667615876, -7.105117622780028], [106.83622134993539, -7.105117300822712], [106.83622467203105, -7.105117071495613], [106.83622885477791, -7.10511678371256], [106.83623392785353, -7.105116433876276], [106.83623647563292, -7.105116291783418], [106.83624463518186, -7.10511583762576], [106.83624747164356, -7.105115602003366], [106.83624897980661, -7.1051154760983195], [106.83625177310091, -7.105115244073204], [106.83625588480129, -7.105116222535571], [106.8362606404163, -7.105117354782067], [106.83626426558345, -7.105118218131224], [106.83626707596483, -7.10512132079225], [106.83627188553913, -7.105126631288954], [106.83623926712852, -7.105156395251413], [106.83623272995658, -7.105162360454528], [106.83620778636032, -7.105185121396175], [106.8362036260965, -7.105188917434532], [106.83619365261501, -7.1051964978200886], [106.83618088314131, -7.105205886742226], [106.83615927692915, -7.105220368525124], [106.83614800033001, -7.1052279273269505], [106.83614249018382, -7.105231619943254], [106.83612619986428, -7.105242538612231], [106.83610110338327, -7.105259359531772], [106.83609519573673, -7.105263319246717], [106.83605857084643, -7.105287868040648], [106.83604479233338, -7.105297838824129], [106.83603128271756, -7.105307615354093], [106.83601510571265, -7.105319322728519], [106.83599449504999, -7.105334237984664], [106.83598846599494, -7.105338602394511], [106.83598411687353, -7.105341749122374], [106.83593799244443, -7.1053569026988725], [106.83593478636135, -7.105357828101262], [106.83591327188003, -7.105362626883675], [106.83590853515085, -7.105363484836914], [106.83589985129714, -7.105365057751158], [106.83588534343392, -7.105366596491194], [106.83587909134707, -7.105365617129507], [106.83587119529949, -7.105364379662319], [106.83585559925655, -7.1053619362043605], [106.8358391038916, -7.10535154184015], [106.8358326674437, -7.105344061279368], [106.83581933679301, -7.105325350884186], [106.83580742167521, -7.105305753757477], [106.83579868745954, -7.105290995882683], [106.83579725753748, -7.105288579404373], [106.83579460543677, -7.105285595453836], [106.8357909281089, -7.105281458572392], [106.83577559286937, -7.105264207776941], [106.83576868967333, -7.105257599558513], [106.83574861140937, -7.105247140443112], [106.83573321051932, -7.105239118490488], [106.83571428788412, -7.10522926192084], [106.83569503879505, -7.105213883513841], [106.83568339976915, -7.105204380377813], [106.83564274141946, -7.105171182803815], [106.835624926749, -7.1051566371690456], [106.83561123906748, -7.105145461293944], [106.83558820203393, -7.1051266519733645], [106.83556598068554, -7.10510850905041], [106.83553885623331, -7.105093822222045], [106.83551978610933, -7.1050834971056815], [106.83549617980492, -7.1050724066661815], [106.83548723424855, -7.105069292313942], [106.83546985844725, -7.1050640528637246], [106.8354569405854, -7.10506381724133], [106.83545265531586, -7.105063739000286], [106.83544069972857, -7.1050635213644], [106.83543899191602, -7.105063489888096], [106.83543301502169, -7.105063381070124], [106.83541638475839, -7.105063349593877], [106.8353984855517, -7.105064185963386], [106.83540079591006, -7.105059651581598], [106.83540607043386, -7.1050484882970295], [106.83540783490372, -7.105037604701636], [106.83540744729589, -7.105029767110011], [106.83540726923013, -7.105025581665188], [106.83540852648235, -7.104999861054694], [106.8354084833149, -7.104989096169788], [106.83540932957698, -7.104985984515508], [106.83541320385632, -7.104971733858406], [106.83541256623698, -7.104953638599511], [106.83541004813526, -7.104930871362569], [106.8354099195322, -7.1049069431009], [106.83540939342885, -7.104895435376022], [106.83540886732544, -7.104883926751768], [106.83540544630438, -7.104867174180697], [106.83540180854669, -7.104852633042526], [106.83539696479812, -7.104827271261513], [106.83539425514084, -7.10479923129941], [106.83539297180829, -7.104785254036187], [106.83538681954616, -7.104761046085343], [106.83538317459391, -7.104746593080733], [106.83537857725958, -7.104717207732904], [106.83537664731449, -7.1047068394490225], [106.83536313500076, -7.104669310740064], [106.83535496915658, -7.104654342423942], [106.83534545342997, -7.104637392002019], [106.83534301626725, -7.104633050974485], [106.83533601324649, -7.10462127165431], [106.83533242405218, -7.104615127486113], [106.8353274067345, -7.104604363500528], [106.83532132372017, -7.104590906045416], [106.83526688505879, -7.104562898458937], [106.83523071882269, -7.104559029575512], [106.83523026466503, -7.104559007092462], [106.8352294786576, -7.104559075440932], [106.8352286431874, -7.104559308365367], [106.83520272652464, -7.104569768380088], [106.83516606476212, -7.104581110629681], [106.83513687816446, -7.104587751223676], [106.83513103257116, -7.1045880506979415], [106.83510174165212, -7.1045895498677964], [106.83510139811108, -7.104589580444724], [106.83506378486584, -7.10459439451563], [106.83506289363771, -7.104594623842786], [106.83502707543926, -7.104608101082931], [106.8350055141932, -7.104620736557706], [106.83499784567408, -7.104628842147292], [106.83498484417527, -7.104637903716252], [106.83498334950201, -7.104639491019668], [106.83497250367816, -7.104651006838424], [106.83496140514478, -7.1046626152873955], [106.83495399832844, -7.10467033956445], [106.83495139748908, -7.104676306566262], [106.83494747194834, -7.104685316873827], [106.83494688289238, -7.104689875537304], [106.83494576053846, -7.104698566585512], [106.83494518137508, -7.104703047907265], [106.83494348705233, -7.104713374822325], [106.83494128641132, -7.10473419232909], [106.83494192492998, -7.104738656563711], [106.83494284943299, -7.104745114595289], [106.83494520565677, -7.104755019728316], [106.83494733615072, -7.104761529920609], [106.83494959704632, -7.104768437613245], [106.83496363726209, -7.10478316940771], [106.83497191192424, -7.104793030473957], [106.83497631230705, -7.104800418404523], [106.8349820140088, -7.104809988090437], [106.83498390078643, -7.104813156401974], [106.83498521019936, -7.104816845421055], [106.83498659335663, -7.104820744881408], [106.83498929761805, -7.104828364837147], [106.83499239578248, -7.104841582173208], [106.83499241826553, -7.1048472829756975], [106.83499244434591, -7.104853789570711], [106.83499228066927, -7.104862719838593], [106.83499199918145, -7.104878132419856], [106.83498997121029, -7.104898550627581], [106.83498778855568, -7.104904950203263], [106.83498631186887, -7.104907713819898], [106.8349839448532, -7.104912089920958], [106.83498062545556, -7.104918225995277], [106.83498176219865, -7.104922415936699], [106.83498305632304, -7.104927187739463], [106.83498910246516, -7.1049272578865725], [106.83499594810456, -7.104927337926256], [106.8350022154799, -7.1049274107713245], [106.8350075052922, -7.1049268612855485], [106.83501201269428, -7.104926392738776], [106.83501717660147, -7.104925856742852], [106.83502170378864, -7.104926775850004], [106.83502925809387, -7.104928310992705], [106.83503714694683, -7.1049301321198755], [106.83504659612356, -7.1049325548934235], [106.83505226005383, -7.104934534301265], [106.83506304112649, -7.1049418215077935], [106.83506696306995, -7.10494451138004], [106.83507084634255, -7.104947174272638], [106.83507263149681, -7.104951483823868], [106.83507518467212, -7.1049576468778355], [106.83507631062332, -7.104965686816968], [106.83507723152906, -7.10497226715637], [106.83508258519322, -7.104977411278469], [106.83509044886517, -7.1049827712378715], [106.83509913721548, -7.104985337003654], [106.83510561413283, -7.104987012440631], [106.83511987917916, -7.104988875835886], [106.83513874155972, -7.10499459462477], [106.8351479838924, -7.104998600205192], [106.83515760933625, -7.105004600481891], [106.83516418877633, -7.105008703189071], [106.83516678601842, -7.105014159375912], [106.83517031226017, -7.105021567091626], [106.83517324225141, -7.105029741029682], [106.83517409750664, -7.105034451678534], [106.83517588535886, -7.105044301053624], [106.83517752662164, -7.105047796718395], [106.83517935584268, -7.10505169078283], [106.83518108164168, -7.105055366312058], [106.8351836986688, -7.1050609385114285], [106.83518530485799, -7.105064357733852], [106.83518403141795, -7.10506936785697], [106.83518178491153, -7.105078206394069], [106.8351782487772, -7.1050882446267565], [106.83517586737241, -7.105091002847473], [106.83516087207664, -7.105107397488382], [106.83515534574269, -7.105112599167057], [106.83514678599545, -7.105120655293945], [106.83514266530182, -7.105124534069944], [106.83513795825024, -7.105128964130358], [106.83513591499053, -7.105130886880886], [106.83513181588069, -7.105135075023668], [106.8351289128691, -7.1051394043599885], [106.83512680126091, -7.1051425519871145], [106.8351246905521, -7.105145699614297], [106.83512055816726, -7.105151861768945], [106.83511871095982, -7.105154616392383], [106.83511686555096, -7.105157367418542], [106.83511456058858, -7.10516080372804], [106.83511458217231, -7.105166350746458], [106.8351145956621, -7.105169765472226], [106.83511460465536, -7.105172038958358], [106.83511461634652, -7.105174886211955], [106.83511463433297, -7.105179500633426], [106.83510073890801, -7.105187284265696], [106.83509577285167, -7.10518765838367], [106.83508327227526, -7.1051885999738715], [106.83507364593208, -7.10518932482745], [106.83504208602352, -7.10518159515442], [106.83503887004787, -7.105180121165631], [106.83503196595251, -7.105176957350636], [106.83501367104412, -7.105168571172555], [106.83500419938434, -7.105164230145078], [106.83499334366792, -7.10516163650027], [106.83499159358723, -7.105161437750098], [106.83498160121997, -7.10516030370502], [106.83496413278857, -7.105160651742665], [106.83495042891923, -7.1051610240619425], [106.83494558786867, -7.105161213818917], [106.83494104539301, -7.105161458434509], [106.83493423122985, -7.105161825357925], [106.83493242539117, -7.105161922484683], [106.83492866712436, -7.105160420616869], [106.83491371679463, -7.105155180267332], [106.83490446456943, -7.105154108275428], [106.83490264883824, -7.105153897834043], [106.83489100261772, -7.10515448868864], [106.83489045493059, -7.105154598405932], [106.83488673083804, -7.10515534484324], [106.83487638323857, -7.105157416881241], [106.8348701284537, -7.10515723881548], [106.83486242036446, -7.105156802644274], [106.8348665257696, -7.105144936089857], [106.83487071571102, -7.105132824020586], [106.83487399463922, -7.105119501463776], [106.83487507832228, -7.105105106015799], [106.83487315557176, -7.105090256410165], [106.83487065635575, -7.105080784750385], [106.8348344091807, -7.105055479626628], [106.83482068013035, -7.105031704249711], [106.83481932215403, -7.105030906551065], [106.83480300845213, -7.105024172427591], [106.83479423826356, -7.10502129099973], [106.83478910223533, -7.105016879825087], [106.83477481560533, -7.105004639152753], [106.8347743740382, -7.105004269531378], [106.8347628087567, -7.10499457214172], [106.83475744879729, -7.104990078229491], [106.83475278761114, -7.104986169775884], [106.83474416850862, -7.104983393568716], [106.8347352499319, -7.10498051933547], [106.83472161531034, -7.104976126147278], [106.834711524917, -7.104977006583567], [106.83470648781423, -7.104977446351995], [106.83468599226478, -7.104979424860517], [106.83468374395966, -7.104979683865281], [106.8346809344776, -7.10498000672186], [106.83466796805237, -7.104988593448809], [106.83466242193327, -7.1049968375339745], [106.834651979905, -7.105011574724358], [106.8346496875331, -7.105014541587764], [106.83464531682796, -7.105020201920752], [106.83463822927092, -7.105029379502241], [106.83460598048168, -7.10511385551996], [106.83459702863001, -7.10515861567751], [106.83459915462737, -7.105162489057591], [106.83460795449355, -7.105172412177012], [106.83461639463098, -7.10518269952189], [106.8346242924772, -7.105194201850907], [106.83462559649416, -7.105201136523192], [106.8346270794762, -7.105209027174794], [106.83462819463551, -7.1052149573043835], [106.83463055085929, -7.105227489357105], [106.83463257972983, -7.105238283919618], [106.83463377223086, -7.1052446241400276], [106.83462954541727, -7.105248383306218], [106.83462166106085, -7.10525539711881], [106.83459881108632, -7.105261295772152], [106.83459343044251, -7.105262684325396], [106.83456541566147, -7.105262648352493], [106.83455972025496, -7.105262641157935], [106.83455288540739, -7.105262632164681], [106.83452099185035, -7.10526259079586], [106.83450960193665, -7.105262575507425], [106.83445739359388, -7.105257943998879], [106.83443658508043, -7.105255808109007], [106.83441561828624, -7.10525365513206], [106.83441037254073, -7.1052531173374405], [106.8343957792419, -7.105251619066905], [106.8343713734402, -7.105249113555715], [106.8343646564038, -7.105233313366682], [106.83435766327563, -7.105216537413241], [106.83435159195244, -7.105206751890023], [106.83434726441476, -7.105201035799098], [106.83433941333334, -7.105190664817258], [106.8343379285526, -7.105183400093779], [106.83433304343527, -7.105171878879048], [106.8343246941294, -7.105161088813134], [106.83431548327297, -7.1051505082892845], [106.83431205505735, -7.1051471106505915], [106.83430576070236, -7.105140872053539], [106.83430289995891, -7.105138038289795], [106.83430256271316, -7.1051377037420025], [106.8342954041097, -7.105140336057616], [106.8342822865983, -7.105144043063092], [106.8342788502888, -7.105144453153969], [106.83427604260532, -7.105144787701761], [106.83427548142839, -7.105144855150911], [106.83426810968558, -7.105145733788561], [106.83426142772277, -7.105144371315646], [106.83424578491508, -7.105141180521002], [106.83422491165044, -7.10513671898434], [106.83420847024479, -7.105132979603297], [106.83420593505593, -7.105132402238553], [106.83418878138718, -7.105128500979504], [106.83418474433057, -7.105127582771672], [106.83418086555457, -7.105125683403514], [106.83417593097448, -7.1051229485651675], [106.83417230221005, -7.105120937681079], [106.83416597727808, -7.105117432123734], [106.83416595119775, -7.105110792429059], [106.83416595119014, -7.105110790511197], [106.83416595077635, -7.105110792563409], [106.83406082142275, -7.1051339918050065], [106.8339730440495, -7.105142313111331], [106.8338342916049, -7.1051795425690525], [106.8337338052119, -7.105203862171328], [106.83363808942008, -7.105223378465246], [106.83356477558021, -7.105255564583536], [106.83349627027692, -7.105292516092759], [106.83345496283528, -7.105343713279457], [106.83344891176553, -7.105428261953119], [106.83347156028682, -7.10550312827227], [106.83353410307859, -7.105573052367914], [106.83362359089212, -7.10559343086896], [106.83372727675679, -7.105570693417438], [106.83381014450323, -7.105532090243494], [106.83388983182238, -7.105496689252789], [106.83396327212901, -7.105496398698374], [106.83410377294398, -7.105497437603577], [106.83427457616023, -7.105490382529243], [106.8343879233247, -7.105488339185756], [106.8345556599606, -7.105513192254064], [106.83468978095078, -7.105515851034472], [106.83479667239321, -7.10549629028374], [106.83490024423268, -7.105444846547883], [106.83497365918178, -7.10543817671537], [106.83507315299198, -7.105485627002284], [106.83516247626228, -7.10546454091635], [106.83524697830005, -7.105435499878954], [106.83534583640888, -7.105403212378825], [106.83541286522008, -7.105396567764785], [106.83551514418697, -7.105421679655046], [106.83560945318408, -7.105450012689654], [106.83571827017785, -7.105513373945503], [106.83583657773937, -7.105554370320111], [106.8359052600452, -7.105562072320876], [106.8359961734464, -7.1055393849778135], [106.83617310300218, -7.105466917974971], [106.83625898619194, -7.105383647962655], [106.83636096123702, -7.105332210272442], [106.83644370196888, -7.105261711119543], [106.8365026151059, -7.105221607628821], [106.83654731147716, -7.105219835747283], [106.83658090815834, -7.105237245482119], [106.83660990523738, -7.105302517547784], [106.83661346557008, -7.105395002054465], [106.83658986596997, -7.105482809759983], [106.8365633007968, -7.1055475045623595], [106.83653649546824, -7.105632135363006], [106.83654005580586, -7.105724619872138], [106.83653580449466, -7.105860195031531], [106.83653164184979, -7.106018097091311], [106.83652097911079, -7.1061473184396355], [106.83647828764067, -7.106251947238261], [106.83643570064682, -7.106382889885518], [106.83635961817647, -7.106521939268482], [106.83626432664474, -7.106648306325579], [106.83623599437075, -7.106750486028022], [106.83622683312684, -7.106855779383311], [106.83620157992148, -7.1069292404178235], [106.83615877752797, -7.107005960590471], [106.8360982486338, -7.107041286088903], [106.83600386963231, -7.106995410677445], [106.83592226923031, -7.106951079424671], [106.83583107698975, -7.106903596540394], [106.83575278996418, -7.106889553406514], [106.8356458793202, -7.10690433011098], [106.83558216364749, -7.106941262975359], [106.83551226439927, -7.107029254068847], [106.83542809128174, -7.107141223758353], [106.83535963026576, -7.107189339030802], [106.8352910426427, -7.107205558703943], [106.83527179563289, -7.1071833076596524], [106.83524765142697, -7.1071339643267635], [106.83521878725038, -7.107102182534795], [106.83509307193358, -7.107045267374473], [106.8349427826946, -7.106991639079369], [106.8348404590625, -7.106955363684946], [106.8347797402014, -7.10694284563184], [106.83464765823473, -7.10705181527995], [106.8345996103918, -7.107013730158701], [106.83454203397281, -7.106988441192061], [106.83446061711439, -7.106990358277099], [106.83432809853765, -7.1069892880011585], [106.83424030818696, -7.106994419885283], [106.83414133577085, -7.1069980012020135], [106.8340359519136, -7.1069952286473415], [106.8339706142116, -7.107025788520858], [106.83388782846998, -7.107085123938087], [106.83381467250587, -7.107157179688846], [106.83372767881056, -7.107202178484472], [106.83364471593117, -7.107216860002726], [106.83357127533827, -7.107217150576644], [106.83351707536399, -7.107238097497183], [106.83344055551079, -7.107267106747642], [106.8333368692563, -7.107289844234476], [106.83326498091576, -7.107278964976692], [106.83321538084361, -7.107252049475228], [106.83314963840466, -7.107180543236024], [106.83304721993964, -7.107120345695481], [106.8329305654328, -7.107093695371789], [106.8328905698868, -7.107073121066233], [106.83287439594305, -7.107020556408227], [106.8328438152689, -7.106958479883419], [106.83276843683677, -7.106872658409861], [106.83270111694661, -7.106805942733891], [106.83264979401443, -7.106747137822455], [106.83263987985268, -7.106662652252236], [106.83262853348091, -7.106619637327296], [106.83262828068783, -7.106555846044455], [106.83261367173934, -7.106495301140684], [106.83257676821245, -7.106449197651144], [106.8325223597064, -7.106417516632669], [106.83246634835484, -7.106384247135769], [106.8323798013208, -7.106300224000081], [106.83232508323792, -7.106190398614326], [106.83228804708301, -7.106110804657083], [106.83227642908946, -7.1059992140664665], [106.83224890265691, -7.105902039625705], [106.83222944734439, -7.105827160580615], [106.8321909031643, -7.1057698998688235], [106.83213172412452, -7.105743022055954], [106.83208704021129, -7.105747983093897], [106.83200090334232, -7.105767461233797], [106.83186998147336, -7.105766383853306], [106.83176290650732, -7.10573969527198], [106.83161119182921, -7.105729131136622], [106.83152004429355, -7.1056928107079536], [106.83147191785773, -7.105634790368478], [106.83142218543149, -7.105574384153703], [106.83140424471198, -7.105478766545244], [106.83141030247543, -7.105395812585875], [106.83141634761148, -7.105309669060163], [106.8313920397416, -7.1052188610271], [106.83134024361298, -7.105040447129612], [106.831333237471, -7.104883864633764], [106.83135045202378, -7.104796082173716], [106.83132934990218, -7.1047084510782605], [106.83132425726482, -7.104631920396735], [106.83135574158909, -7.104485472364137], [106.83131388885435, -7.1043989864375305], [106.83112215410469, -7.104361468364554], [106.83107852242674, -7.104441933686711], [106.83107899587269, -7.104561542456896], [106.83108959771549, -7.104819859562186], [106.83115273355892, -7.105039693746647], [106.83118696147794, -7.105216582274434], [106.83120689643187, -7.105412664955551], [106.8311880032462, -7.105479721543222], [106.8311355260813, -7.105532557524725], [106.83094416961835, -7.105590726515308], [106.830829351921, -7.1056246710073045], [106.83072398083051, -7.105625087181417], [106.83060899267076, -7.105615972458567], [106.8304317586986, -7.1056118879366394], [106.83024964045485, -7.105583900493638], [106.83005296412652, -7.1055081261680995], [106.82996169680003, -7.1054415044838635], [106.82988941752654, -7.1053317479619595], [106.82982679318545, -7.105241091023488], [106.82972556824573, -7.105078819995913], [106.82962483541229, -7.1050409421469825], [106.82953381423722, -7.1050365169509195], [106.82943351663202, -7.1051086792214475], [106.829385847763, -7.105166280499326], [106.82919413155129, -7.105133546026678], [106.82906943182957, -7.105090978188605], [106.8289111482144, -7.1050341895161555], [106.82871422632803, -7.104896217862968], [106.82867636352452, -7.10501119358355], [106.82880170635755, -7.105216429673272], [106.82885456216528, -7.105259281029168], [106.82883101143523, -7.105359846999711], [106.82873995233238, -7.105345852947971], [106.82864891214552, -7.105336643234091], [106.82861095474212, -7.1054276971744335], [106.8285587420153, -7.1055475139409845], [106.82859758844124, -7.105681324791067], [106.82864595735556, -7.105800744769279], [106.8287328133876, -7.105963072774943], [106.82883833602207, -7.106000931885837], [106.82889558423994, -7.105943292830141], [106.82889978735464, -7.105794958884], [106.82891370210938, -7.10568007763679], [106.82893250105644, -7.105589099274355], [106.82899917706702, -7.105493147575869], [106.82910418875007, -7.105401829039003], [106.82917124310973, -7.1054015644462085], [106.82928630696516, -7.105429816968627], [106.8293965623078, -7.105453304006045], [106.82944445827671, -7.105453114980619], [106.8295256921781, -7.105404950078176], [106.82958305378187, -7.105376017104728], [106.82963108221465, -7.105409318543657], [106.82970807534524, -7.105499918795296], [106.82982349885248, -7.105619073894855], [106.82993884670233, -7.105719091535379], [106.83007316368686, -7.1057711899609926], [106.83021221349453, -7.105808916369495], [106.83034151371405, -7.10580362138411], [106.83040377848751, -7.105803375511149], [106.83037536278106, -7.105884822983194], [106.83033767081585, -7.106042857922461], [106.83031412043154, -7.106143423892947], [106.83024733107987, -7.106210669616278], [106.83014213021679, -7.106254144868961], [106.82996033352578, -7.106307491381577], [106.8298455344592, -7.106346220046427], [106.82967316545583, -7.1063612538116745], [106.82951047027086, -7.106400171477032], [106.82941021027113, -7.106481902524794], [106.82934824817762, -7.106558697968316], [106.8292866645682, -7.106731180512019], [106.82924914254176, -7.106932274666963], [106.82922085907316, -7.107047212621064], [106.82916402715863, -7.107210107557812], [106.82910242452444, -7.107377805756598], [106.82903101552252, -7.10748812949746], [106.82894980016077, -7.10754107877164], [106.82887803155583, -7.107560499738482], [106.82872457448721, -7.107513261028538], [106.82855682425713, -7.107485216384595], [106.8284370837468, -7.107485688844031], [106.82822183455397, -7.107558304560993], [106.82805712586385, -7.107600344613111], [106.82804742537682, -7.107528653256431], [106.8280090134523, -7.107421928079967], [106.82796547760486, -7.107297340806668], [106.82795009631057, -7.107253323871942], [106.82791122149685, -7.107089504649139], [106.82788862055679, -7.106948904293987], [106.82786947444997, -7.106830566489699], [106.82786727429492, -7.106750591230771], [106.82786885459674, -7.106709694047246], [106.82789156026942, -7.106673740229096], [106.82792940744227, -7.1066546504486885], [106.82798250930715, -7.1066367362305245], [106.82805626085346, -7.10661823469133], [106.82811892112662, -7.1065986056421035], [106.82816110301769, -7.1065649481209645], [106.82818901857813, -7.1064893960516295], [106.82818572139614, -7.1063991910993005], [106.82815546875044, -7.1063414293991665], [106.82811923788199, -7.106262261829748], [106.82807776982025, -7.106138517035924], [106.82801388988759, -7.105915743133456], [106.82797127707973, -7.1057417239512475], [106.82794779705833, -7.105583126634034], [106.82793443183536, -7.105475998030898], [106.82792011482714, -7.105390717262214], [106.82787986804277, -7.1052840924595495], [106.82783084184514, -7.105170647251093], [106.82781681624192, -7.105140057647232], [106.82778315938388, -7.105095597613329], [106.82777721363668, -7.105004487261641], [106.82780554452683, -7.104912655930589], [106.82785940548193, -7.104823476141525], [106.82793505429092, -7.10474535788305], [106.82805159697885, -7.104659806639999], [106.82816797822213, -7.104572392915722], [106.82832480239028, -7.104501615228418], [106.82844822687653, -7.104465209557684], [106.828551297166, -7.104453321116143], [106.82862249777826, -7.104461342902182], [106.82879400434662, -7.10452832166533], [106.828873061853, -7.104556317969626], [106.82897856363522, -7.104554209397311], [106.82903450351967, -7.104533161194975], [106.82911980913532, -7.104478548387022], [106.82920435796146, -7.1044360605266155], [106.82927790793494, -7.104413434524013], [106.82938219110093, -7.104389737517711], [106.82949880807828, -7.10435535904664], [106.82960135325409, -7.1043167807558465], [106.82969547142945, -7.104260341911186], [106.82981413730148, -7.104160890268673], [106.82982900770371, -7.104040011638587], [106.82975810162547, -7.10397572754409], [106.82966451868114, -7.103906841887775], [106.82959335753726, -7.103772386516817], [106.82957104948264, -7.103638627874159], [106.82957689856013, -7.103532772369446], [106.82959648423324, -7.103467347032648], [106.82963135164631, -7.103399661612868], [106.8296632435539, -7.10335318299794], [106.82973256903401, -7.1032811988850115], [106.8297940209021, -7.103190938805797], [106.82980191512067, -7.1031288161402255], [106.82979032265712, -7.10306467857419], [106.82976037676964, -7.102995635503235], [106.82973604476452, -7.102967976993839], [106.82967483891991, -7.102933501244887], [106.82957899005413, -7.10286993633084], [106.82952553196274, -7.102816561512541], [106.82950006322865, -7.102779393814156], [106.8294854391469, -7.102714861704249], [106.82948327984992, -7.102647268194258], [106.82948450013089, -7.10253003511949], [106.82941797133313, -7.102415942789764], [106.82934739233687, -7.102332242301751], [106.82926944136184, -7.102265882709832], [106.82921755247247, -7.102240997867301], [106.8291110796518, -7.102160223946326], [106.82903761755283, -7.101966632814099], [106.82902522530411, -7.10189678899558], [106.82902107748676, -7.101825794710691], [106.82903099037632, -7.101747407215864], [106.82904616817396, -7.101708813393898], [106.82907278500997, -7.101680491011385], [106.82914160884684, -7.101641713158228], [106.82916716043215, -7.10163801654907], [106.82922276381824, -7.101626490416754], [106.82927745032875, -7.1015982938014535], [106.8293169370148, -7.1015607426436675], [106.82934723412768, -7.101474371969239], [106.82937267173213, -7.101376425650326], [106.82938286964506, -7.101305207327545], [106.82938516176662, -7.10119052885552], [106.8293835611305, -7.1010775947276565], [106.82937424214013, -7.101054802142472], [106.82940553432832, -7.101061659219039], [106.82944731702844, -7.101119147724088], [106.82946146786149, -7.101138617744649], [106.82959142182675, -7.101199937808566], [106.8297210162942, -7.101161171220884], [106.82979206050891, -7.101132795448588], [106.82985992120052, -7.101108246540989], [106.82988473124142, -7.10110013892455], [106.83001164938169, -7.10110091825584], [106.8301046716544, -7.101142033770845], [106.83015057461225, -7.101177462277822], [106.83017684704505, -7.1011984852174], [106.83021997417396, -7.101252663401501], [106.8302684399566, -7.1013142064257275], [106.83031033286736, -7.101406579366425], [106.83035179962907, -7.101499577161051], [106.83039499495112, -7.101566117520379], [106.83043261262155, -7.101609869513951], [106.8304863260873, -7.10165638527239], [106.83055084674358, -7.101707403736212], [106.83059681450592, -7.101743655136464], [106.8306922337665, -7.101783184054111], [106.83077688019077, -7.101789793318989], [106.83083948550119, -7.101767884743925], [106.83088532770246, -7.101683519559142], [106.83096471498516, -7.101558464358446], [106.83104224653843, -7.101457340120874], [106.83111132642593, -7.101374402526905], [106.83118248553295, -7.1012981219419915], [106.83121269245093, -7.101279144589732], [106.83124248089447, -7.101261759946341], [106.83131136961886, -7.101241074403179], [106.83137694874405, -7.101228141595667], [106.83142900635887, -7.101199510059478], [106.8314573603518, -7.101166391293202], [106.83147090069734, -7.101122632673621], [106.8314827585027, -7.101084311550225], [106.83149510921358, -7.101013362935384], [106.83150883559345, -7.100934511787811], [106.83152142316618, -7.100871609974624], [106.83155177975159, -7.100811848357617], [106.83156794728878, -7.100780879054767], [106.83162128723379, -7.1007041176314445], [106.8316753699506, -7.10066370184855], [106.83175495016835, -7.100642988985094], [106.83183432072653, -7.1006362562094765], [106.8319264296144, -7.100638449449149], [106.83202733336319, -7.100644141166284], [106.83211766319901, -7.100653576614179], [106.8322020601091, -7.1006787601809735], [106.83226218078791, -7.100709702248689], [106.83234117161885, -7.10076396596551], [106.83243519082035, -7.100813321436344], [106.83249789622708, -7.100835685207667], [106.83256836056718, -7.1008749928083805], [106.8326529815518, -7.100940393982306], [106.83280929925608, -7.101092514171084], [106.83290751498978, -7.101190099553779], [106.83294252005582, -7.101246814256304], [106.8328958486833, -7.101344245207997], [106.8328056466279, -7.101465807013059], [106.83277049861297, -7.101540343664962], [106.8327492862066, -7.1016667362243435], [106.83267693473647, -7.10178057241144], [106.83264803376414, -7.1019006161276055], [106.83265218119197, -7.101980340104804], [106.83269343099467, -7.102075865534528], [106.8327296477555, -7.102190548533162], [106.83269270454065, -7.102214935599982], [106.83265200546964, -7.102258475194912], [106.83266110766388, -7.102299266291429], [106.8327343687397, -7.102415078734314], [106.83277547207298, -7.102473605193283], [106.83284449728134, -7.102487366689233], [106.83291973168735, -7.102456449034228], [106.83297958896328, -7.102412833693546], [106.83303688674356, -7.102367952619268], [106.83313507054015, -7.102326737460761], [106.83321800355846, -7.102304720254892], [106.8333367592222, -7.1022978715639935], [106.83347979710993, -7.102294754377185], [106.8336522614644, -7.102304279246981], [106.833756568109, -7.1023179559185525], [106.8337565681112, -7.102317955908916], [106.8337598452407, -7.102317287712594], [106.83376703711912, -7.102315821817683], [106.83377396459684, -7.102316838051593], [106.83378291195186, -7.102318151061752], [106.83378507212342, -7.10232182659098], [106.83378878902147, -7.102328149724258], [106.83379255628148, -7.1023345591925136], [106.83379982999821, -7.102339036017668], [106.83380365931151, -7.102341393140762], [106.83380767298576, -7.102342943571955], [106.83381240341976, -7.102344770994364], [106.83381745041504, -7.10234672072454], [106.8338229048033, -7.102342895008576], [106.83382684293451, -7.102340131391884], [106.833827492245, -7.102339675435644], [106.83382779711519, -7.10233946139698], [106.83382067898123, -7.102323446269963], [106.83384429158087, -7.102311463703018], [106.83384213950319, -7.102306852878883], [106.83383921220991, -7.102305197226997], [106.83383654751873, -7.102303690862584], [106.83383373803662, -7.102302101760529], [106.8338366743231, -7.102296460313369], [106.83383951078486, -7.1022910113210855], [106.83384663161684, -7.102285199901985], [106.8338489311833, -7.102283501981958], [106.83385562483727, -7.102282360742322], [106.83386149561159, -7.102281358897528], [106.83386498498112, -7.102279999122629], [106.83386886645508, -7.102278485563602], [106.83387221822835, -7.102277178848681], [106.83387569770537, -7.102275822671061], [106.83388729266449, -7.102269185674345], [106.83389644776292, -7.102261430820306], [106.83389943261278, -7.102258820987743], [106.83391311579771, -7.102250109255067], [106.83392627377856, -7.102243101737713], [106.83394094981503, -7.1022376860203735], [106.83395028118059, -7.102237763362041], [106.83395483714605, -7.102237801133583], [106.8339573984153, -7.102238449544757], [106.83396043002989, -7.1022397184881925], [106.83396251555769, -7.102240590830547], [106.83397059146967, -7.102239064681044], [106.83397142244326, -7.102234305468755], [106.83397158252257, -7.102226626157801], [106.83397085587035, -7.102220381265511], [106.83397018677476, -7.102214631899699], [106.83396946012255, -7.102208386108089], [106.83396864623609, -7.10220139477849], [106.83397043588695, -7.1021959592760595], [106.83397167605204, -7.102192192915311], [106.83397367434566, -7.102186123390823], [106.83398055326, -7.102183268043348], [106.83398690517157, -7.102180631231079], [106.83398759225366, -7.102180346145985], [106.83399549189852, -7.102177066318518], [106.83400354802541, -7.102175203822526], [106.83400745737833, -7.102174300903243], [106.83401648117575, -7.10217221447607], [106.83402181055817, -7.102170982404857], [106.83403289470237, -7.102172231563202], [106.83404774520733, -7.102174387238108], [106.83405648841625, -7.102176836991362], [106.8340637135696, -7.102178860465983], [106.83407093782358, -7.102180884839925], [106.83408080248711, -7.10218364845656], [106.83409136952116, -7.102187204375923], [106.83409719263142, -7.1021898726644395], [106.8341083298356, -7.102194977216357], [106.83412409585043, -7.102202201470391], [106.83412825341622, -7.102204107133787], [106.83413583560042, -7.1022074535111415], [106.83414298071403, -7.10221036461661], [106.83414855111482, -7.1022126336060865], [106.83415383283318, -7.10221478658309], [106.83417714236128, -7.102219705874688], [106.83419269523677, -7.102222399344214], [106.83420974098681, -7.102223959667981], [106.83422463196126, -7.102225323040159], [106.83423635012753, -7.102225258288968], [106.83424832909719, -7.102224974103251], [106.8342631166496, -7.102225403079842], [106.8342660475401, -7.102225689963575], [106.83426948744693, -7.102226027209326], [106.83428200690918, -7.10222725568326], [106.8342893390818, -7.10222797514092], [106.83430662854812, -7.102230611953132], [106.8343193134856, -7.1022331993026455], [106.83433401650171, -7.102234686781344], [106.83433971010959, -7.102235262347449], [106.83434765921714, -7.102236066341334], [106.83436075694345, -7.102236415278298], [106.83436417166922, -7.102236503411859], [106.83436986257914, -7.102236651800013], [106.83437672080908, -7.102236829865774], [106.83438068502068, -7.1022366428067585], [106.83438465103086, -7.102236360419624], [106.83439672442933, -7.102235500667803], [106.83440571764982, -7.10223486035045], [106.83440746233458, -7.102234736244043], [106.83450401175082, -7.102254902641619], [106.83459045548517, -7.1022334205358675], [106.83466664694828, -7.102212585942027], [106.83466735291609, -7.102212361111526], [106.8346678592344, -7.102212159663395], [106.83473202406373, -7.102184355323686], [106.83474100739164, -7.102181951435853], [106.83475347829045, -7.102178614051752], [106.8347795631264, -7.1021716344133665], [106.83478908784616, -7.102169085734658], [106.83484118557232, -7.102155144444339], [106.83490121981549, -7.102138251578992], [106.8349500817809, -7.10212450184423], [106.83499175546518, -7.102114715421749], [106.83499178334421, -7.102114709126454], [106.83507588884123, -7.102094412327233], [106.8351144113011, -7.102082923488069], [106.83512161666931, -7.1020838237094495], [106.83513512358712, -7.102085512636279], [106.83515625225931, -7.102094578701781], [106.8351673157191, -7.102101459414769], [106.83517291309954, -7.102104940690424], [106.83517330790193, -7.102105214983624], [106.83516810712251, -7.102109332979296], [106.83516918091306, -7.1021200196231575], [106.83518106185659, -7.102110612714569], [106.83519646904188, -7.102121338029292], [106.83519830905476, -7.102122884863206], [106.83519829196769, -7.102125370589363], [106.83520225977651, -7.102133385347429], [106.8352303240203, -7.102163533320379], [106.83524735268327, -7.102180910020934], [106.83526861715302, -7.102203879605327], [106.83527608602259, -7.102212437553931], [106.83528474829257, -7.102222363371311], [106.83529927324292, -7.102240363302087], [106.83530845352237, -7.102254001520919], [106.83531224416481, -7.102259633075562], [106.83531621557097, -7.102267434694284], [106.83532565485513, -7.102285976916278], [106.83532947787319, -7.102298216689292], [106.83533535674138, -7.1023170368017645], [106.83533619940613, -7.102324146841852], [106.8353373397465, -7.102333774084343], [106.83533763562343, -7.102348126364916], [106.83533191593523, -7.102360866161007], [106.83532370422563, -7.1023791574721145], [106.83531933621845, -7.10238859765559], [106.83531448797328, -7.102398977630685], [106.83530865586982, -7.10241146201929], [106.83530315291824, -7.102423244037425], [106.83528993738076, -7.102449729970999], [106.83528312141897, -7.102462990474578], [106.83527833612635, -7.102474342616745], [106.83527435212972, -7.102491415346492], [106.83527153905032, -7.102503468959867], [106.8352729536839, -7.102511179747125], [106.83527464800665, -7.102520422079749], [106.83527598170127, -7.102527693098523], [106.83527950794297, -7.102534550429084], [106.8352867411902, -7.102548618523883], [106.83529400141708, -7.102557651314498], [106.8353011887989, -7.102566595072233], [106.83530804163286, -7.102575121544589], [106.8353121380448, -7.102580218002629], [106.835318572694, -7.102588225566137], [106.83532509098023, -7.102596336551642], [106.83533190694203, -7.102604817158522], [106.8353412185225, -7.102616404023763], [106.83534462965099, -7.102620647924539], [106.8353479382568, -7.102629936122582], [106.83534938436668, -7.102633996561622], [106.83535158680633, -7.102640177602041], [106.83536207649871, -7.102643586032627], [106.83536694542823, -7.102645167940125], [106.83537141326019, -7.102646620345183], [106.83537983181384, -7.102649633973385], [106.83538821619328, -7.102652635910374], [106.8353907585767, -7.102653546024271], [106.8353958442429, -7.102655366252122], [106.83539861685273, -7.102656359103662], [106.8354090453912, -7.102659206357259], [106.83541287380513, -7.102660251369457], [106.83542031839306, -7.1026594302884405], [106.83542617567753, -7.102658784575226], [106.83544274298828, -7.102682488006394], [106.83545154105582, -7.102695075817053], [106.8354594281102, -7.102707286811778], [106.83546242914787, -7.102712004655245], [106.83547309240936, -7.1027287662195135], [106.83547793705719, -7.102736380779277], [106.83548342561966, -7.10274500887499], [106.83548589156072, -7.10274888495303], [106.83549090618044, -7.102756767510755], [106.83546571616995, -7.102784654588106], [106.83545255728973, -7.102799066223895], [106.8354423823601, -7.102809377850463], [106.83542926754671, -7.102822669830289], [106.8354224866585, -7.102829542449399], [106.83541357527633, -7.102838574340694], [106.83540551825013, -7.102846740184873], [106.83539873106662, -7.102853619099221], [106.83539108862789, -7.102861364960006], [106.83537786409721, -7.102877842338501], [106.83537140426694, -7.102888210622382], [106.83536254864276, -7.102902422608679], [106.83535478929213, -7.102918688646525], [106.83534992665784, -7.1029368387640375], [106.83534874674734, -7.102944914676016], [106.8353473536975, -7.102954446590388], [106.83536137592682, -7.102999552087624], [106.83538425018304, -7.103040392100354], [106.83539385943914, -7.103048128068622], [106.83539615990492, -7.103059181635899], [106.83538820090479, -7.103067474284444], [106.83538322045933, -7.10307266427202], [106.8353619344058, -7.1030794154825685], [106.83535396191587, -7.1030844714711066], [106.83533118298777, -7.103098917281159], [106.83531201303902, -7.103124234096072], [106.83529316324893, -7.1031409704793305], [106.83526756674485, -7.1031568246277175], [106.83526253413868, -7.103159557667425], [106.8352392866638, -7.103172153571961], [106.83523369018269, -7.103175106945571], [106.83521796014082, -7.10318340678873], [106.83520782658002, -7.103188753258337], [106.83519679639511, -7.103195486482491], [106.83518982305196, -7.103201673818148], [106.83517757068842, -7.103214756255966], [106.83516740744994, -7.1032279322232625], [106.83515691595898, -7.103241397772251], [106.83513910308722, -7.103260842014208], [106.83513206229492, -7.103268527620401], [106.83512857292538, -7.1032768877181525], [106.83511682148418, -7.103305040994826], [106.83510808906709, -7.1033259601248915], [106.83510387394466, -7.103336056813532], [106.83509635741103, -7.103354064838186], [106.83508925816278, -7.1033638638512], [106.8350786965247, -7.103378443660176], [106.83507371967647, -7.103385313581327], [106.83506786329133, -7.103393398486503], [106.83506476152957, -7.103397680158764], [106.83505964798445, -7.103398395119768], [106.83505318815418, -7.103399298938427], [106.83504009312588, -7.103401129958115], [106.83503757952076, -7.103401481593039], [106.83503111969048, -7.103402385411698], [106.83501820092931, -7.103404192149696], [106.83501762626253, -7.10340427218938], [106.83500847835865, -7.103392275233261], [106.83499784297612, -7.1033715107865305], [106.83498099147965, -7.103349449517452], [106.83496654656892, -7.103330369500895], [106.8349518030833, -7.103323603001854], [106.83494033492855, -7.10331833926989], [106.83492765808501, -7.103312893874886], [106.83492626863244, -7.103312296725051], [106.83492361563242, -7.103311242719656], [106.83489865944563, -7.103301331291334], [106.83484113251234, -7.103284547244016], [106.83481080737295, -7.103285885435241], [106.83479740747441, -7.1032885672135535], [106.83476444642213, -7.1032951646400875], [106.83473733815771, -7.103302065138166], [106.83471724640384, -7.103306877410432], [106.83470241028806, -7.1033097021809795], [106.83468280236951, -7.103313436166104], [106.8346551823908, -7.103319796171604], [106.83463660329664, -7.103323212696068], [106.83461973561236, -7.103320523723141], [106.83455606630946, -7.103308734510449], [106.83451455899979, -7.10329425452619], [106.83447924711965, -7.103279350061882], [106.83447460751717, -7.10327687242966], [106.83445771824915, -7.103267852229578], [106.83444947866059, -7.103263452746091], [106.83442395680021, -7.103247587805868], [106.83441446715398, -7.103241689152583], [106.83438563309056, -7.103236365166083], [106.83437042105817, -7.1032335574826675], [106.83433813899399, -7.10322759767547], [106.83433813887713, -7.103227597658244], [106.83435801978725, -7.103279970155494], [106.83435801891791, -7.103279970343167], [106.83435801940715, -7.103279970594144], [106.83436610251368, -7.103285024784043], [106.83437429084091, -7.103290145523772], [106.83438007348167, -7.103293761697671]]], [[[106.83677571272904, -7.101421138474734], [106.83679514527978, -7.101442157429574], [106.83681775063872, -7.101456037566038], [106.83684551091164, -7.101471107505574], [106.83686652896722, -7.101483004636918], [106.83683876869429, -7.101477848823606], [106.83681418122956, -7.101463968687142], [106.83679435207773, -7.101449691949654], [106.83677055781504, -7.1014366050152375], [106.83676698840583, -7.101431052600958], [106.83677571272904, -7.101421138474734]]], [[[106.83653360264373, -7.101382441546377], [106.8365518453914, -7.10137411202561], [106.83656175951762, -7.101373715424586], [106.83657246774527, -7.101376491631754], [106.83656771213026, -7.101391550779397], [106.83656057061393, -7.101407821313842], [106.83655422499754, -7.101407028111794], [106.83653994826005, -7.101390768369242], [106.83653360264373, -7.101382441546377]]], [[[106.83675211721652, -7.101387992162074], [106.83675568572636, -7.10137609503073], [106.836767187156, -7.10135864548505], [106.83678582560543, -7.1013443687475615], [106.83679930914087, -7.101340007035674], [106.83682746601482, -7.101339213833626], [106.83683817424242, -7.101351507565994], [106.83684610536352, -7.1013697503136655], [106.83684293255533, -7.1013713367177616], [106.8368270694138, -7.101374508626634], [106.83681081057051, -7.10137609503073], [106.83678344599929, -7.1013816474450095], [106.836767187156, -7.101392751374306], [106.83675449592329, -7.101391164970266], [106.83675211721652, -7.101387992162074]]], [[[106.83661450475563, -7.101310263757625], [106.83661648776075, -7.101329298808025], [106.83661767756382, -7.101362214894266], [106.8366097455434, -7.1013701469146895], [106.83659983141717, -7.101360231889146], [106.83658119206842, -7.101340403636698], [106.83657167454322, -7.101329298808025], [106.83656929493708, -7.101311056959673], [106.83655660460369, -7.101290434605801], [106.8365899172909, -7.101297176823209], [106.83660498723043, -7.101303124939193], [106.83661450475563, -7.101310263757625]]], [[[106.8371222835666, -7.103164919425467], [106.83711901183301, -7.103167536452588], [106.83711587769568, -7.1031689043214215], [106.83708255151862, -7.103199990287294], [106.83705928335928, -7.103206570626696], [106.83705507093481, -7.103208102172118], [106.83703871046816, -7.103226497804599], [106.83703408525491, -7.1032330017015965], [106.83702835297618, -7.103241290752919], [106.83702473860086, -7.103246517612661], [106.83701806383266, -7.103252215717134], [106.83701248893527, -7.1032569749294225], [106.83700717214333, -7.103261513807752], [106.83699932465919, -7.1032652729739425], [106.83699091599806, -7.103269300138038], [106.83698460815322, -7.103272320960798], [106.83697033591233, -7.103275122348975], [106.83695922478847, -7.103276249199496], [106.8369463150205, -7.103276300460834], [106.83692413234292, -7.103277135931023], [106.83690817836981, -7.103278242097133], [106.83688370781692, -7.10327993911784], [106.83685360211211, -7.103282026444333], [106.8368273841765, -7.103282244979596], [106.83681769757874, -7.103282326817862], [106.83681579281466, -7.103282342106354], [106.83681274950885, -7.103282367287363], [106.83680861712406, -7.103280927472781], [106.83680265371953, -7.103278565853088], [106.83680095040359, -7.103277752865949], [106.83679707702356, -7.103274021578784], [106.836793191053, -7.103270277701085], [106.83678836259293, -7.103265624608866], [106.83678083796536, -7.103259863551841], [106.83677884776569, -7.103258919263681], [106.83676567989227, -7.1032526698747915], [106.83676290728238, -7.103251354166616], [106.83675989005695, -7.103249921546592], [106.83675393384704, -7.10325044135476], [106.83674968994632, -7.103250811875398], [106.83673979560513, -7.103251675224612], [106.83673366762474, -7.103252209421896], [106.83671876765709, -7.103255655623968], [106.83671250208039, -7.103257286094845], [106.83670895155694, -7.1032565918181945], [106.83670288652905, -7.103255404713138], [106.83669697168796, -7.1032542472856335], [106.83668951630818, -7.10325278858528], [106.83668262300472, -7.103251058289686], [106.83667905269618, -7.103250129289961], [106.83666888046452, -7.103248369316759], [106.83666622476653, -7.1032483783099565], [106.83666432899565, -7.103248387303211], [106.83666174164614, -7.103248691274018], [106.83664841099545, -7.103254401069705], [106.8366407766506, -7.103260198099633], [106.8366357224607, -7.103263618221376], [106.83662973747249, -7.103266952907518], [106.83661232569835, -7.103274091725893], [106.83659967673373, -7.1032793815381865], [106.8365596524061, -7.103269216501076], [106.83648233499184, -7.10324893678893], [106.83642187177202, -7.103225003131342], [106.83633662413598, -7.103186832306392], [106.83628732240209, -7.103161549665742], [106.83620090384869, -7.103110714587785], [106.83612270330019, -7.103057740022621], [106.8360194908069, -7.102961156432173], [106.83600254398226, -7.102939587991557], [106.83600342531787, -7.102937961117959], [106.83600966571356, -7.102930146009385], [106.83601268024108, -7.102924454200149], [106.83601358316042, -7.102916149860391], [106.83601373694444, -7.102911884375942], [106.83601398605668, -7.102904974884609], [106.83600877898203, -7.1028965653241585], [106.83600448112196, -7.102889623457315], [106.8359979430507, -7.10287906451714], [106.83599031410176, -7.102866742905803], [106.8359853624346, -7.1028587461341886], [106.83597714083243, -7.102845467644158], [106.83596627972008, -7.102834993240322], [106.83595260013243, -7.102821801085213], [106.83594694159814, -7.102816343999052], [106.83593695102951, -7.1028067086626265], [106.83592473373955, -7.102794927543812], [106.83591477284853, -7.102785320985731], [106.83590559796505, -7.1027764725561156], [106.83589530342556, -7.102768188900768], [106.83585912369966, -7.102739076047499], [106.8358553879159, -7.102736068714535], [106.83585179602363, -7.102733179192796], [106.83584727603102, -7.102729542334487], [106.83582889208975, -7.102717888919415], [106.83579956339918, -7.102701221783889], [106.83578481811492, -7.102692842800423], [106.83576233776176, -7.102680068830068], [106.83574962764328, -7.102672845475411], [106.83573101887146, -7.1026622712468], [106.83569820890528, -7.102640697410209], [106.83568502484405, -7.102631466768742], [106.83565831318066, -7.1026127671654535], [106.83563607384582, -7.10259719810216], [106.83561822500116, -7.102584702022341], [106.83560866700645, -7.102575887766932], [106.8356015677582, -7.102569341601793], [106.83559053577466, -7.102559167571485], [106.83558202638949, -7.102538915738307], [106.83558281059828, -7.10252309936152], [106.83558313075696, -7.1025166458264835], [106.83558403097828, -7.102498498406931], [106.83558541143765, -7.10248824163898], [106.83558838999227, -7.102478942649043], [106.83559111493804, -7.1024704350624575], [106.83559223189604, -7.102466947491564], [106.83559573385611, -7.102456013534152], [106.8356050193562, -7.102443097470939], [106.83561336866211, -7.102431482726672], [106.83562706173956, -7.1024225947269315], [106.83564349505133, -7.102414481043411], [106.8356662164228, -7.102403401395804], [106.83567399735716, -7.102399755544241], [106.83568023505484, -7.102396832747559], [106.83570086010667, -7.102373996262884], [106.83571125806816, -7.102358911034855], [106.83571767293233, -7.102326938337512], [106.83571971259471, -7.102316775099041], [106.83571844994657, -7.102295051975034], [106.83571815317032, -7.102289943825781], [106.83571382113598, -7.102273348636061], [106.83570400503584, -7.102252794630715], [106.83569620971235, -7.102235996194224], [106.83568770662242, -7.102217385623817], [106.83567401264565, -7.10219336832921], [106.83565196846365, -7.102155154336856], [106.83564468665304, -7.102142727504827], [106.83563534809292, -7.1021327324396], [106.83562190322829, -7.102122113244889], [106.83561181913024, -7.102115873748517], [106.83558995391331, -7.102109645044038], [106.83557967825959, -7.10211054076882], [106.83556237530343, -7.102112050730511], [106.83555103665105, -7.102115584166825], [106.83553998758043, -7.102119028570257], [106.8355199129137, -7.1021294427195585], [106.83550793754137, -7.102141110523803], [106.83549308253981, -7.102129672945978], [106.83548953111705, -7.102126755545271], [106.83548332669426, -7.102121659087231], [106.83547838132228, -7.102117596849553], [106.8354715482734, -7.102111983281361], [106.83545714203353, -7.102100150001888], [106.8354418229818, -7.102079725498868], [106.8354336445471, -7.102068820319744], [106.8354259094782, -7.102050660309658], [106.8354156302272, -7.102026525203939], [106.8354123126282, -7.102015940183435], [106.83540618105047, -7.101985115021023], [106.83540507848164, -7.101971107180816], [106.83540438510437, -7.101962292925407], [106.83540424930675, -7.10194487755399], [106.83540772248847, -7.101932688142995], [106.8354110005173, -7.101921183116076], [106.83542427630937, -7.101874584744223], [106.83542649493683, -7.101866798413994], [106.83543261752135, -7.101847049301853], [106.83543610239428, -7.101835810474199], [106.83544388063063, -7.101814867961764], [106.83545150418365, -7.101794342734706], [106.8354599632068, -7.101771564705928], [106.83546368460145, -7.101761545359011], [106.8354637007892, -7.101761500392854], [106.83546910481539, -7.101746951160806], [106.8354837736573, -7.1017249771259685], [106.83550289234466, -7.101705186645006], [106.83550609303182, -7.101701873542595], [106.83551315990445, -7.1016945593563605], [106.83552421796833, -7.101683112785395], [106.83553648292241, -7.101670417955404], [106.8355452944798, -7.101661297031171], [106.83557306194729, -7.1016325555979165], [106.83558601218476, -7.101636732948805], [106.83559734184394, -7.101640387793623], [106.83561341093025, -7.101637633170185], [106.83561590025363, -7.101637205992233], [106.83562475587786, -7.101635687936607], [106.83562969945115, -7.101629897201974], [106.83563331112845, -7.101625665891731], [106.83563511696713, -7.10162355068627], [106.83564595379778, -7.101610855856279], [106.83565506932604, -7.101599775309353], [106.83567123374053, -7.101578593577187], [106.83568009655926, -7.101566980631617], [106.83568398342913, -7.101561887770856], [106.83570571824436, -7.101532881936919], [106.8357162448089, -7.101518408247898], [106.8357226605724, -7.101509586797931], [106.8357284944745, -7.101503619796176], [106.83573734560207, -7.10149456722047], [106.83574303831062, -7.101488745009533], [106.83575777370237, -7.101473213717782], [106.83577332837649, -7.1014462520428765], [106.83578171545389, -7.101431209082989], [106.83579062503736, -7.101411651526462], [106.83580126311784, -7.101388297931578], [106.83581406316853, -7.101360482799976], [106.83582662040226, -7.10133557607594], [106.83584123798283, -7.101306581933159], [106.83585034631648, -7.101276751420869], [106.83585194621043, -7.101270907626258], [106.83585561364572, -7.101257514922338], [106.83585864705896, -7.1012464352747315], [106.83586126318681, -7.101234935643731], [106.83586344044551, -7.1012176920427805], [106.83586729044316, -7.101187183441709], [106.83588451246032, -7.101196004891676], [106.8358915433601, -7.1011996066764596], [106.83589608853373, -7.101201935021265], [106.83590474810569, -7.10120582818638], [106.83590957296849, -7.1012070134928535], [106.83591640511804, -7.10120869072847], [106.8359249810531, -7.101210796041357], [106.83593033111993, -7.101212109950893], [106.83593862376853, -7.101212594685421], [106.83595007483615, -7.101213263781062], [106.83595765162437, -7.101213707146826], [106.8359662311567, -7.101214208968543], [106.83596960811099, -7.101213422961052], [106.83597523067243, -7.101211525391534], [106.83598699470411, -7.101207556683335], [106.83599008297602, -7.101206514369096], [106.83599178629197, -7.10120553320877], [106.83600115722766, -7.101200134578505], [106.8360061394718, -7.101197264841858], [106.83601423786683, -7.10119008915126], [106.83602029030419, -7.101184725594578], [106.83602925654503, -7.101177583178867], [106.83603771826614, -7.101171770860503], [106.83604702085341, -7.101166787717034], [106.83605123957312, -7.101165082602449], [106.8360682826252, -7.101157520203344], [106.83607405177611, -7.101154832129737], [106.83608237859897, -7.101150953353795], [106.83608471773562, -7.10114986427476], [106.8360907467906, -7.1011437758645], [106.83609334403263, -7.1011401785763155], [106.83609687117371, -7.101135292559661], [106.83609974091036, -7.101130617883655], [106.83610035964392, -7.1011285800199175], [106.83610202518838, -7.101123095954051], [106.83610542462571, -7.101111901193235], [106.83610540573994, -7.101107146477602], [106.83610534008943, -7.10109062683091], [106.83610529512333, -7.101079237816521], [106.83610526364708, -7.1010712653265955], [106.83610523846602, -7.101065001548534], [106.83610519080196, -7.101053042363958], [106.83610515482911, -7.101043930432979], [106.83610384271822, -7.101030953215854], [106.83610322488397, -7.1010263163113905], [106.83610264931787, -7.101021999565603], [106.8361025656809, -7.10102173516492], [106.8361004801531, -7.101015130543772], [106.83609813562055, -7.101012226632918], [106.83609461477471, -7.101007865820293], [106.83609064426787, -7.101002948327334], [106.83608658023155, -7.100997914821846], [106.83608045045247, -7.10098843057159], [106.83607424333172, -7.100978826711412], [106.83607366596698, -7.100959772775241], [106.83607336199611, -7.100949739938528], [106.83607786580092, -7.10092599244058], [106.83607702943141, -7.100908388211508], [106.83607192667813, -7.1008970414652595], [106.83606775112588, -7.100887756864438], [106.83606088300343, -7.100884075039971], [106.83605537375655, -7.100881122565681], [106.83604112399871, -7.100877364298867], [106.83603466236985, -7.100876959603966], [106.83602632475515, -7.100876437997158], [106.83601323872006, -7.100880170183643], [106.83600182992058, -7.100883424830158], [106.83598812065532, -7.100889126531911], [106.83597581703037, -7.100894244573681], [106.83596637145092, -7.100894551242504], [106.83593955366752, -7.100895153788258], [106.83591144895428, -7.100895265304189], [106.83590825006576, -7.10089553330215], [106.8359014916606, -7.100922567822181], [106.83578038445722, -7.100943885351967], [106.83576606814961, -7.100951722044272], [106.83575391920806, -7.10096150756749], [106.83574689010698, -7.100971623141845], [106.83574405994045, -7.100978720591456], [106.83574205625098, -7.10099102781362], [106.83574173429366, -7.100999444568686], [106.83574177026657, -7.101008453976931], [106.83574181073601, -7.1010187107448814], [106.83574183411844, -7.101024541049696], [106.83574340073744, -7.101032956006065], [106.83573958221598, -7.1010406586993895], [106.8357373177231, -7.1010452272553835], [106.83573427891389, -7.101046334320813], [106.83572833439518, -7.101048498988973], [106.83572376314123, -7.101050163634113], [106.83571818824385, -7.101052193403973], [106.83570891083764, -7.10105130397443], [106.83570285480295, -7.101050723012406], [106.83569568540764, -7.101051467651075], [106.8356875348519, -7.101052314812421], [106.83568224414029, -7.101056577598911], [106.8356705898259, -7.101070594432315], [106.83566364346245, -7.101086297494589], [106.83565986091389, -7.101102684041564], [106.83566174679225, -7.101119781053001], [106.83566950794147, -7.101135862729848], [106.83567928087416, -7.1011487356256], [106.83568832895327, -7.10116855578417], [106.83568475774541, -7.101182840615536], [106.8356803501681, -7.101200469126297], [106.83567231382631, -7.101229692596178], [106.83567203773441, -7.101235936589148], [106.83567222569275, -7.10125074842324], [106.83567265377002, -7.101267224003152], [106.83567366191005, -7.101288218676302], [106.835672603408, -7.101300441362241], [106.8356679494164, -7.10131012166471], [106.83565757393797, -7.101331701796539], [106.8356483325046, -7.1013459749367485], [106.83563321490101, -7.10136518715359], [106.83562355168561, -7.101376783911405], [106.83560908429189, -7.10139199414516], [106.83559712510731, -7.101402244617873], [106.83558849611228, -7.101409640642373], [106.83557293334428, -7.101418462991603], [106.83555392077687, -7.101425743902894], [106.83554189594179, -7.1014303556263485], [106.83551766640721, -7.101439675300753], [106.83549907652122, -7.101442387655993], [106.83549057253197, -7.1014433031658655], [106.83545696846437, -7.10144563510795], [106.83544053605198, -7.101444477680445], [106.83543422281122, -7.101444033415362], [106.83542712895888, -7.101442140342442], [106.83541664825975, -7.101436907187463], [106.83541163453935, -7.1014344034749115], [106.83540593823352, -7.101431558919273], [106.83539955844293, -7.101428373520548], [106.8353890777438, -7.1014231403655685], [106.83538429245118, -7.101420750866907], [106.835374721866, -7.101415971869585], [106.83536150632852, -7.101409372644412], [106.83534404778965, -7.101400654616498], [106.8353320247532, -7.10139431979195], [106.83531994146222, -7.101387712472899], [106.83528705685228, -7.101369728729935], [106.8352807966715, -7.101366305010913], [106.83525922823088, -7.101353477081261], [106.83523101290098, -7.10133368120438], [106.83523050478402, -7.101327112556135], [106.83523021610165, -7.101323381268969], [106.8352290316945, -7.101320378432661], [106.83522810179551, -7.101318017712288], [106.8352276359467, -7.1013168378017895], [106.83522538674225, -7.101311132502701], [106.83522445594394, -7.101308772681648], [106.8352232130809, -7.101305620557923], [106.83522216447136, -7.10130060413951], [106.8352223524297, -7.10129546541333], [106.83522267078968, -7.1012867222044065], [106.83522295047885, -7.101279044692092], [106.83522341902562, -7.10126621766176], [106.83522423111344, -7.101243944152657], [106.8352221527802, -7.10122901180938], [106.8352161165306, -7.101211158468118], [106.83521266223465, -7.101198649797823], [106.83520933294443, -7.101184854197641], [106.83520786165354, -7.101171175509307], [106.83520842462917, -7.1011506286985195], [106.83521013513968, -7.101135978742377], [106.83521040763429, -7.101110162803707], [106.83521023226649, -7.10110722381927], [106.83520853974238, -7.101096430156076], [106.83520710532372, -7.101087842529864], [106.83520609268709, -7.101079596646002], [106.83520634809457, -7.101068186947202], [106.83520653785149, -7.101059705441003], [106.8352085001722, -7.10105213494802], [106.83521329265938, -7.101035350001382], [106.8352171678381, -7.101026436820575], [106.83521898806589, -7.101022252275072], [106.83522140454426, -7.101016692666178], [106.83522892287652, -7.101005165156209], [106.83523440244579, -7.100997442677794], [106.83524565206523, -7.100981588529464], [106.83524764676156, -7.100978778148033], [106.83525038070059, -7.1009749245531], [106.83525413806808, -7.100969629344888], [106.8352601887068, -7.100961101973212], [106.83526327428075, -7.10095675465044], [106.83527440878697, -7.1009460976841865], [106.83527957089552, -7.10094186727332], [106.83528213126539, -7.100939768255671], [106.83528370238105, -7.100938480426464], [106.83528551991088, -7.100935661951212], [106.835296078851, -7.100919293390632], [106.83529648624392, -7.100915715887538], [106.83529758791343, -7.100906031088414], [106.83529816258022, -7.100900976898515], [106.83529865091208, -7.1008966835350975], [106.83529885595749, -7.100894883092337], [106.83529816078158, -7.100892897389258], [106.83529762928225, -7.100891380232952], [106.835296480848, -7.100888103103443], [106.83529201751264, -7.100875359710017], [106.83528965139635, -7.100868604002812], [106.83528578071429, -7.1008652801085645], [106.8352833138739, -7.100863161305824], [106.83528187675728, -7.100861927435972], [106.83527512914395, -7.100856132204683], [106.83527103632935, -7.100852617654141], [106.8352694121537, -7.100851222805659], [106.83526802449978, -7.100850031203947], [106.83526371944515, -7.100847945676094], [106.8352523816921, -7.10084245441567], [106.83524672675509, -7.100839715080724], [106.8352395312794, -7.100837705095955], [106.83523024847727, -7.100835960411189], [106.83522394602835, -7.100834775104715], [106.83522094319204, -7.100834210330504], [106.83520018863783, -7.10083473733323], [106.83518792278448, -7.100836559359664], [106.83517850148672, -7.100839287902772], [106.83516616728485, -7.100844109168236], [106.83516265183499, -7.100845551680834], [106.83515694473726, -7.1008480571920245], [106.83514829146054, -7.1008519395653025], [106.83514331820965, -7.100854697786019], [106.83514244676655, -7.100855180721965], [106.83513716235024, -7.100859614379658], [106.83513472159018, -7.1008633033986825], [106.8351325155532, -7.100868764082122], [106.83513186084679, -7.100872512456419], [106.83513067823827, -7.100879280754157], [106.83513071061384, -7.100887409726113], [106.83513057301758, -7.100893356043514], [106.83513033559655, -7.100899073033759], [106.835129719561, -7.100904094848033], [106.8351284164433, -7.10091278050038], [106.83512443064802, -7.1009239410869895], [106.83512034053138, -7.100931089797882], [106.83511534389805, -7.100937313106442], [106.83511072587936, -7.100937806834281], [106.83510655662235, -7.100938251998684], [106.83510013546294, -7.100938937282081], [106.8350900810425, -7.100940011971943], [106.8350804178271, -7.100941368149563], [106.83507106038121, -7.100945130013713], [106.8350579086956, -7.10095041712799], [106.83504039709669, -7.100957457020968], [106.8350386308282, -7.1009581674853735], [106.83503112598572, -7.100961183811535], [106.83502672110637, -7.100963242359683], [106.83502408609274, -7.100964830562418], [106.83501443366924, -7.100970650974716], [106.83500628131492, -7.100975566669035], [106.83498821483431, -7.100986459257626], [106.83497553529276, -7.100994104394374], [106.83496393223976, -7.1010011002205715], [106.83495075986974, -7.101015875182441], [106.83493329413625, -7.1010354660139114], [106.83491743818928, -7.101055457943005], [106.83491622590316, -7.101058891554544], [106.83491105749937, -7.101055426466701], [106.83490005249547, -7.101048047529332], [106.83489297573033, -7.101043303605536], [106.83488189878068, -7.101033777986402], [106.83486974804049, -7.101020075016379], [106.83485473385895, -7.101002336788383], [106.83483916119837, -7.100988618529868], [106.83483145400845, -7.100986486237275], [106.83482074937814, -7.100983524769788], [106.83480650771423, -7.1009846219427], [106.83478095617625, -7.100987928749873], [106.83477134422219, -7.100989461194615], [106.83475065082195, -7.100988969265472], [106.8347404345235, -7.100984379125748], [106.83473273452813, -7.100980920333143], [106.83472312617141, -7.100973285088969], [106.83470632773492, -7.100962518405481], [106.83469837413071, -7.1009396693302165], [106.83469264814727, -7.10092322073001], [106.83468372237593, -7.100897578360502], [106.83467370842499, -7.100868809048279], [106.83466702826081, -7.100853033140936], [106.83465571568877, -7.100831137347086], [106.83463603852243, -7.100793052857057], [106.8346168155137, -7.100755608684324], [106.83460806960682, -7.100735012410837], [106.83458727997908, -7.100686053318668], [106.83456841849778, -7.100642380441457], [106.83456600201941, -7.100638143735296], [106.83455938390853, -7.100623717710334], [106.834555598662, -7.1006127693637495], [106.83455468585015, -7.1005998119317155], [106.83455679655896, -7.100591825951938], [106.83456195596955, -7.10057344290999], [106.83456481581368, -7.10056388041869], [106.8345666531286, -7.100555463663682], [106.8345686550195, -7.100537762307852], [106.83456892121882, -7.100526938966993], [106.83456227612822, -7.100509923793879], [106.83454847333343, -7.100492948190947], [106.83454000711572, -7.100482271439603], [106.83453702136649, -7.100473353762197], [106.83453470651153, -7.1004664370763635], [106.83452827456028, -7.100447224859465], [106.83452081288527, -7.100424934263231], [106.83452040459304, -7.100418259495029], [106.83451958351202, -7.100404844308059], [106.83452298834527, -7.100392761017076], [106.83452638508464, -7.100380704705685], [106.83453378110914, -7.100361729010558], [106.8345414064608, -7.100347563789001], [106.83454575828017, -7.100339874585472], [106.83455604832301, -7.100324322609367], [106.8345667133832, -7.10031238950512], [106.83457039880494, -7.10030826521421], [106.83457403836127, -7.100304193084014], [106.83459158233569, -7.100284563581681], [106.83460794280239, -7.100266256982138], [106.83462299385616, -7.1002494162775065], [106.83463569947799, -7.100237440005799], [106.83465412748603, -7.100220069600482], [106.83469032519844, -7.100185948422734], [106.83469953695413, -7.100177265468403], [106.83471349353294, -7.100164267566868], [106.83472500935176, -7.100153542252144], [106.83473682914143, -7.100142532751647], [106.83474368916995, -7.100136143967802], [106.83474534841918, -7.100134598932527], [106.83474450035845, -7.100133706805082], [106.83474379439065, -7.100132965763692], [106.83474311989914, -7.1001322570979255], [106.83473894974281, -7.100127875600947], [106.834733384738, -7.100122028209], [106.83472779095484, -7.100116151139389], [106.83472194176426, -7.100110005172553], [106.8347169748086, -7.100104787306066], [106.83470946636885, -7.100098085558159], [106.8346899663689, -7.10008346977628], [106.83467519680295, -7.10007240002119], [106.83467446835209, -7.100071854132693], [106.83466471610382, -7.100064545342434], [106.83465816813998, -7.10005963684273], [106.83465534606745, -7.100059465971526], [106.8346461298151, -7.100058908391873], [106.83464035257026, -7.100058559454908], [106.83463290798238, -7.100058108894586], [106.83462039031883, -7.100057352564704], [106.83461301497874, -7.100056906500981], [106.83459876252294, -7.1000560440511435], [106.8345836269329, -7.100057288712833], [106.83456175991734, -7.100059085558314], [106.83454413140657, -7.100060534366094], [106.83453329097864, -7.100061425594276], [106.83452407202839, -7.100062182823422], [106.8345189377988, -7.10006523152515], [106.83451566246794, -7.100067176758728], [106.83451238623769, -7.100069121992362], [106.83450466825587, -7.1000730951971605], [106.83450004304262, -7.100073740910375], [106.83449046975943, -7.100075077302904], [106.83447869493591, -7.100076536902634], [106.8344649658855, -7.100077001852128], [106.83443919491299, -7.1000778750938025], [106.83442205293545, -7.100078456055883], [106.83439465239138, -7.100079385055551], [106.83438445228069, -7.1000797312945], [106.83437514070022, -7.1000800469565775], [106.83436879868117, -7.100077130455134], [106.83436160680276, -7.100073823648017], [106.83435263066946, -7.100069696659148], [106.83434370939472, -7.10006518745837], [106.8343339463546, -7.100060252878336], [106.83432689836775, -7.100056690663678], [106.83431975595204, -7.100053080785017], [106.83431574857298, -7.100048076057817], [106.83431319180045, -7.100044882565214], [106.83430835524643, -7.100038842718391], [106.83430468691182, -7.100034261571864], [106.83430218769587, -7.100031141823706], [106.83429966419823, -7.100023529961902], [106.83429569638935, -7.100011564482088], [106.8342924651252, -7.10000182212633], [106.83428798560209, -7.099988313409881], [106.8342832236919, -7.099973952136111], [106.83427964978608, -7.099963175560049], [106.83427282662973, -7.099943777183512], [106.8342696115534, -7.099934855009508], [106.8342618944709, -7.099913443050923], [106.83425612801796, -7.099897444111718], [106.83425154956944, -7.099884741187793], [106.83423896445669, -7.099849823210718], [106.83423495437972, -7.099838577188564], [106.83422644229654, -7.099814706483471], [106.83421827915032, -7.099791811542843], [106.83421258464313, -7.099775842281247], [106.83419121405336, -7.099705283272158], [106.83419013126962, -7.09970261858092], [106.83418614817225, -7.099692813272668], [106.83418061284505, -7.099679189443009], [106.8341736008311, -7.099661929654303], [106.83418368762716, -7.099655674869439], [106.83418958717976, -7.099652017326719], [106.83419430862051, -7.099649090033438], [106.83420297358845, -7.099643716584183], [106.83420792885289, -7.099638602139748], [106.83420871216242, -7.099636542692224], [106.83421025180172, -7.0996324921457585], [106.8342116034828, -7.099628939823674], [106.83421643913744, -7.099616222510633], [106.83422223346935, -7.09960390089924], [106.83422554747108, -7.099599096720908], [106.83422787851384, -7.099595716169347], [106.83423190747664, -7.0995898741733185], [106.83423879718282, -7.09957988360469], [106.83425383654537, -7.0995934354886], [106.83426169572073, -7.099600517649719], [106.83427729266299, -7.099614571355346], [106.83428690191903, -7.099624270543586], [106.83428887862891, -7.099626478379207], [106.83429409109948, -7.099632305086743], [106.8343042003786, -7.099643604168932], [106.83431410101502, -7.099654669427423], [106.83432122994088, -7.09966263652143], [106.83432692804536, -7.099669005520127], [106.83433664611937, -7.099677638112439], [106.83434960535004, -7.0996873130190465], [106.83435672258474, -7.099692625314333], [106.83436443337195, -7.09969838097544], [106.83437819209996, -7.099679637305371], [106.83439031765909, -7.099663118558055], [106.83440742546236, -7.099644735516108], [106.83441822632017, -7.099625869538215], [106.83436242248786, -7.0995585975512085], [106.83436227140174, -7.099558421284087], [106.83430418868744, -7.099492365180481], [106.83430396115892, -7.099492115168914], [106.83424580290153, -7.099430756224365], [106.8342451697788, -7.099430150081332], [106.83418001389657, -7.099373559342268], [106.83414067485234, -7.099322156792027], [106.83410013071654, -7.099263709852266], [106.83408382061191, -7.099229113832507], [106.83408478198714, -7.099212577998003], [106.83408498523391, -7.099192734457063], [106.83406818409946, -7.099045004623235], [106.83406817960287, -7.099044963254414], [106.8340630120984, -7.099002212182313], [106.83405995890007, -7.09896145041057], [106.8340596387414, -7.098956589574925], [106.83405959557393, -7.09895662824573], [106.83405803435085, -7.09893579365189], [106.83405646503388, -7.098914857434693], [106.83405670695151, -7.098885702313282], [106.83405338125857, -7.098760215411573], [106.83400398959253, -7.098577679116545], [106.8339825596475, -7.098512219263455], [106.83396693032961, -7.098447764852438], [106.83395473012678, -7.098387289042137], [106.83394049565743, -7.09832439225687], [106.83390917586786, -7.098205400258962], [106.83390906794921, -7.098205022543709], [106.8338756833162, -7.098097438445961], [106.83387555831041, -7.098097063428668], [106.83386347501943, -7.098063406301094], [106.83386336170486, -7.098063107726205], [106.83383212195491, -7.0979854386770285], [106.8338059148112, -7.097919397861858], [106.83377487650938, -7.09783226524678], [106.83375151122334, -7.097764114622123], [106.83374418084935, -7.097724798060938], [106.83373873545435, -7.097695590778869], [106.83372811086366, -7.097626109157545], [106.83372210519104, -7.09762429342635], [106.8337263976552, -7.097608917717309], [106.83372500280672, -7.0975863447339975], [106.833709653178, -7.097505922860023], [106.83370828890645, -7.097502625945367], [106.83370610085592, -7.097487310490919], [106.8337034838288, -7.097473600326339], [106.8337025782115, -7.09747230889991], [106.83370146305214, -7.097471194639866], [106.83372559995655, -7.097458453045135], [106.8337380618621, -7.097455603992898], [106.83375260569824, -7.097455390853554], [106.83376510987199, -7.097457627467463], [106.83377562294669, -7.0974630854530005], [106.83380303698061, -7.097477884696559], [106.83384145062251, -7.097502818400301], [106.83385770317051, -7.097511638051628], [106.83388751119975, -7.097530193763362], [106.83394929912095, -7.097571639019861], [106.83396873886625, -7.097598021531439], [106.83400507687287, -7.097623730450778], [106.83402932799117, -7.097641447095043], [106.83405287044366, -7.097658134015603], [106.83406429093435, -7.0976656370594355], [106.83408034653081, -7.0976737174680125], [106.8340923111113, -7.09767967547657], [106.83410956460477, -7.097685105583082], [106.83411275539942, -7.097686110125835], [106.83411593360353, -7.0976871101719325], [106.8341188294205, -7.097688021185206], [106.83411983666122, -7.097688338645867], [106.83412003361275, -7.097688400699099], [106.8341200560958, -7.09768841778623], [106.83412003900867, -7.09768844026928], [106.83412001742494, -7.097688467248929], [106.83411999853917, -7.097688490631299], [106.83411992389546, -7.0976885832614585], [106.83411970805815, -7.0976888530580595], [106.83411857131506, -7.097690271288968], [106.83410147340436, -7.097711608603788], [106.83409523570663, -7.097732875771555], [106.83409586703073, -7.097747226253432], [106.83410249773215, -7.0977558705369574], [106.83411665575909, -7.09777183170462], [106.83412499067583, -7.097777866155525], [106.83412581895146, -7.097778466003376], [106.8341291041749, -7.097780842911504], [106.83413586707667, -7.097785736122773], [106.83416680375507, -7.097808378353932], [106.83417813341418, -7.097814162793327], [106.83418161109256, -7.097805661502036], [106.83417447317345, -7.0977810731379805], [106.83420461305252, -7.0978064547040844], [106.83423395972954, -7.097804868299988], [106.83425458118404, -7.097793764370692], [106.83428461134582, -7.097804467202366], [106.83430576609828, -7.097808436809885], [106.83434043586249, -7.097823192885983], [106.83437612006196, -7.0978356826705635], [106.8343899183601, -7.097836776246197], [106.83440598564778, -7.097830397354926], [106.83441346530924, -7.097820934688343], [106.83441826229301, -7.097814865163855], [106.83441975696627, -7.097812974788894], [106.83442067607342, -7.097811811066208], [106.83442107717104, -7.097811303848573], [106.8344215538117, -7.097810700403443], [106.83442160237513, -7.097810639249531], [106.83442163295206, -7.097810601478045], [106.8344217201863, -7.097810736376346], [106.83442178223953, -7.097810884764499], [106.83442220671952, -7.097811692355663], [106.8344222256053, -7.097812473866554], [106.83442224089379, -7.097813103391957], [106.83442248371074, -7.0978230993565035], [106.83442671951758, -7.097860932036326], [106.83444083797434, -7.097877233147756], [106.83450119327551, -7.097911050354639], [106.83455125583583, -7.097945948546624], [106.83459755203546, -7.097980332326415], [106.83462362787816, -7.098002310857908], [106.83464800849885, -7.0980442300570985], [106.83466079505968, -7.0980644998767275], [106.83471432000994, -7.098110201624479], [106.83476905814558, -7.098152690094537], [106.83481499641499, -7.098186906600404], [106.83483168963085, -7.09820209165315], [106.83483980511295, -7.098210437361729], [106.8348518686189, -7.0982242608409365], [106.83485858835326, -7.098234479837345], [106.83487888335384, -7.0982655882862105], [106.83487717014532, -7.098266966047618], [106.83495528975487, -7.098345645035465], [106.8350015364918, -7.098403922902662], [106.83503359642339, -7.0984542939305015], [106.83505754177219, -7.098494134796454], [106.83505872168274, -7.098496098016483], [106.83506057698412, -7.0984973768524355], [106.83507710112735, -7.098508764967505], [106.835128867903, -7.098564267526854], [106.83516409075025, -7.098620303384223], [106.83515755088035, -7.098648542995818], [106.83517740341449, -7.098670097946638], [106.8351826041939, -7.098678949074213], [106.83519368923743, -7.098697812354089], [106.83520909912068, -7.098724035685677], [106.83521898716657, -7.098742514955063], [106.83526008258679, -7.098819314359844], [106.8352868509075, -7.098850616162963], [106.83531679293571, -7.098881414345726], [106.83533606720579, -7.0989052859501385], [106.83536006111797, -7.09893948626825], [106.83536884839367, -7.098955484308135], [106.83537891180737, -7.098985709622752], [106.8353907450869, -7.099021249930672], [106.83539863304054, -7.099044943469323], [106.83541314809838, -7.09908853990413], [106.83541389903229, -7.099090794504491], [106.83544772433305, -7.09911721928421], [106.83546159997292, -7.099139099789568], [106.83546401555196, -7.099191371984205], [106.83546096415222, -7.099238441600733], [106.83547654940327, -7.099263944575341], [106.83551594960147, -7.099340357271615], [106.83551626166621, -7.099340928341121], [106.83551645681911, -7.099341254795036], [106.83560875514002, -7.099491090841127], [106.83568341235963, -7.099625510708734], [106.83568366057256, -7.099625932490767], [106.83575410626707, -7.099740406294643], [106.8357552717884, -7.099742021477084], [106.83575694542674, -7.099743693316725], [106.83575808936439, -7.099744553068604], [106.83580073251784, -7.099773240542561], [106.83583584654713, -7.099812172193936], [106.83589030499365, -7.099891097596014], [106.83592349717173, -7.0999474464174455], [106.83593016294674, -7.099973741694782], [106.83595412628199, -7.10008556699529], [106.83595443744741, -7.100086755899042], [106.83598085503252, -7.1001716105313335], [106.83598106097725, -7.100172222070341], [106.83598137304199, -7.100173002681856], [106.83600010232294, -7.100215923725841], [106.83600328952025, -7.100229306537244], [106.83600244415754, -7.1002373338857865], [106.83598497302813, -7.100254320280612], [106.83594964496018, -7.100280816106704], [106.83594906939408, -7.100281272063], [106.8359473957558, -7.100282943902698], [106.83594649553442, -7.100284144497607], [106.83594565197035, -7.100285409843764], [106.83594560970221, -7.1002854727962585], [106.83592331101204, -7.100298808842922], [106.83593341219728, -7.1003138455075145], [106.83593341219728, -7.100320480705591], [106.83593361814201, -7.100322836029989], [106.83593423058034, -7.100325120308014], [106.83593519825087, -7.100327204936491], [106.83595599777112, -7.100363604996346], [106.83596223097226, -7.100385418951873], [106.83596223097226, -7.100401533004288], [106.83596243691699, -7.100403888328742], [106.83596255292952, -7.100404472888044], [106.83596388302686, -7.100410456976988], [106.83597832883686, -7.100436128124784], [106.83602047016865, -7.100482710308768], [106.83607070629813, -7.100539894600388], [106.83615169834229, -7.100634066209125], [106.83622533663004, -7.100718624964543], [106.8363102820939, -7.100816167232267], [106.83632774872666, -7.100835598883748], [106.83632752749344, -7.100835810224396], [106.83632726399208, -7.100836103403424], [106.83633077224738, -7.100838968643416], [106.8363509899063, -7.100861454392543], [106.83635156367376, -7.100862054240338], [106.83640548522504, -7.100915117838383], [106.83644033575297, -7.10095894270097], [106.83645633739013, -7.101004871077919], [106.83646601229668, -7.101052983008685], [106.83647403784664, -7.1010939480272555], [106.83647445243412, -7.101095541625909], [106.83649478430692, -7.101157923099606], [106.836494938091, -7.101158368264009], [106.83650603032908, -7.101188728476984], [106.83650078188566, -7.101217160543456], [106.83645936091085, -7.101334210005746], [106.83645668362908, -7.10134177510281], [106.83645563861688, -7.101344727577043], [106.83644151836143, -7.101378153578878], [106.83643757843157, -7.1013933593160345], [106.83641426080953, -7.101420989187261], [106.8364038250765, -7.101436919777996], [106.83639849299612, -7.101443728545178], [106.8363719800829, -7.101478352443962], [106.8363581476105, -7.101511148021018], [106.83635214643448, -7.101525375295807], [106.83634864537373, -7.1015353119050815], [106.83634565602728, -7.101551408870364], [106.83637246661613, -7.101552331574794], [106.83640102009105, -7.101557090787082], [106.83649619804117, -7.101465084745826], [106.83652475151615, -7.101474602271026], [106.83656440981974, -7.101560262695898], [106.83657064302082, -7.101544117167236], [106.83659348580079, -7.101534598742717], [106.83664488205574, -7.101516197714318], [106.83665440048026, -7.101502873358868], [106.83667343553071, -7.101485741273905], [106.83669564428862, -7.101460359707801], [106.83671468023834, -7.1014394207925875], [106.83673625407494, -7.101421019764189], [106.8367533861599, -7.101426730459195], [106.83676100071966, -7.101433710097581], [106.83675148229514, -7.101454014990736], [106.83671658320384, -7.101483837409148], [106.83670643075726, -7.101501603516169], [106.83669754815338, -7.101517466657697], [106.83670770059996, -7.101535868585415], [106.83666835975708, -7.101533964720659], [106.8366436131123, -7.101539675415665], [106.8366372683953, -7.101566959947206], [106.83665757328845, -7.101572035720835], [106.83666011117526, -7.1015917065919325], [106.83666835975708, -7.101608838676896], [106.83665693836707, -7.101610741642389], [106.83665122767206, -7.10160566586876], [106.8366283848921, -7.101600589195812], [106.83661632858076, -7.101589167805798], [106.83660681105556, -7.101597417286939], [106.83661442561532, -7.101652620372079], [106.83659665860898, -7.101608203755575], [106.83658904404922, -7.101585995896926], [106.83657952652396, -7.101594244478747], [106.83656831647471, -7.101594935158062], [106.83657710015314, -7.101672891091027], [106.83652633792025, -7.101706203778235], [106.83643111050742, -7.1016979767801445], [106.83636521718108, -7.1016922831722695], [106.83636587458551, -7.101693724785548], [106.83640113430499, -7.101760463474591], [106.8364013843165, -7.101760914934232], [106.83640152910732, -7.1017611604491435], [106.83643905961497, -7.101823052691657], [106.83643948499429, -7.101823710995404], [106.83649611980013, -7.101905982774838], [106.83650897470949, -7.101925107757495], [106.83652936054159, -7.1019529525666485], [106.83653128329217, -7.10195384829143], [106.83656949908317, -7.101985410897953], [106.83657130132457, -7.101984129364041], [106.83657602096667, -7.101985312871818], [106.83657614867036, -7.101985335354868], [106.8365773168897, -7.101985540400335], [106.83658340170268, -7.101986607895583], [106.83658624356036, -7.101987527002734], [106.83659117544244, -7.101989423672933], [106.83659660554895, -7.101991512798008], [106.83659805795406, -7.101992965203124], [106.83660122176906, -7.101996129018119], [106.83660359507991, -7.101998502328968], [106.8366083479969, -7.102000780311698], [106.8366092491176, -7.102001206590387], [106.83663326911017, -7.102007216759603], [106.83663360365796, -7.102007216759603], [106.83664943892052, -7.102010803255894], [106.8366522852748, -7.102011975072571], [106.83667417657205, -7.102012927454609], [106.83668182080942, -7.102013672992541], [106.83668644422409, -7.102014124452239], [106.83669657418761, -7.102016006733265], [106.83670391895078, -7.102018998777737], [106.83671032212374, -7.102022302886894], [106.83671360285058, -7.102024240925914], [106.83671836655941, -7.102027111561881], [106.83672346571541, -7.102030331134813], [106.83672905859925, -7.102033878960299], [106.83673759586344, -7.1020390563573415], [106.83674841470764, -7.102043384794342], [106.8367603909793, -7.102049210602559], [106.83677619746362, -7.10205689980603], [106.83680040991106, -7.102066654752264], [106.83682410614762, -7.102071597426232], [106.83683335837287, -7.102072674814053], [106.83684735452186, -7.102074785522859], [106.83685888832707, -7.102077317114436], [106.83686606401773, -7.102080026771773], [106.83690619176741, -7.1020888635101755], [106.8369525203426, -7.102083565604005], [106.83696627457397, -7.102078411589389], [106.8369868483644, -7.102074977078473], [106.83699445123301, -7.102075269358124], [106.83699657633099, -7.102076119217486], [106.83700266204329, -7.102078553682247], [106.83700474127585, -7.1020796679422915], [106.83701016958372, -7.102083830004688], [106.83701361398715, -7.1020864704142355], [106.83702124743269, -7.102091244914959], [106.83702643921885, -7.102093360120421], [106.83703443149386, -7.102095812571633], [106.83704822709404, -7.102098112138094], [106.83706327365121, -7.102104202346993], [106.83707487310699, -7.102110364501698], [106.8370826045786, -7.102115195659678], [106.8371386467312, -7.102114767582407], [106.83715375444228, -7.102116436724145], [106.83714978303612, -7.102134222616257], [106.8371488450432, -7.102136627403411], [106.83714530890893, -7.102145693468913], [106.83713476795526, -7.102173020268651], [106.83713172464945, -7.102186301456584], [106.83713164011317, -7.102205539753811], [106.83713301337792, -7.102223591845245], [106.83713493792709, -7.102243048677735], [106.83713501257085, -7.102258506225041], [106.8371333722074, -7.102277154566991], [106.83713105915115, -7.102301010882911], [106.8371297695233, -7.102313694021689], [106.83712870022941, -7.102339652053274], [106.83712932525822, -7.102349120115775], [106.83712961394059, -7.102353484525622], [106.83713344415321, -7.10238857517254], [106.83713721860784, -7.1024136662576325], [106.83713430660305, -7.102443113658694], [106.83713403680639, -7.102457422771806], [106.83713394597487, -7.102462228748834], [106.83713422656336, -7.102487824353545], [106.83713427422742, -7.102492111421782], [106.83713441182368, -7.1025046569643], [106.83713380298269, -7.1025383203871115], [106.83713308082707, -7.1025582880345155], [106.83713233798704, -7.102578824053467], [106.83713165540166, -7.1025976738435475], [106.83713210865994, -7.102607261515857], [106.83713354937385, -7.102620512126862], [106.83713492173933, -7.102633139507759], [106.83713924388104, -7.102647180622853], [106.83714592494454, -7.1026648918712], [106.83715154570734, -7.102679793637492], [106.83716142296134, -7.10270815915419], [106.83716650862755, -7.102722782130627], [106.83716757252552, -7.102733262829759], [106.83716897546793, -7.102753136048364], [106.83716780634927, -7.102770932732312], [106.83716786030857, -7.102790299632602], [106.83716979564963, -7.102810778994183], [106.83717081368218, -7.102821557368941], [106.83717057626114, -7.102843517014662], [106.837168358533, -7.102876147116433], [106.83716784861736, -7.102882943293139], [106.83716647715124, -7.102901233704927], [106.83716710937466, -7.1029112098843825], [106.83716921288891, -7.102923671789995], [106.83717047553705, -7.102931149652761], [106.83717276970759, -7.102965870678361], [106.8371741429724, -7.102991424014988], [106.83717354132591, -7.103012952885422], [106.83717229306694, -7.103019584486162], [106.83716940174656, -7.103034956597924], [106.83716838461334, -7.103040365120705], [106.83716631887057, -7.103046985030289], [106.83716330164509, -7.103053334243953], [106.8371579893498, -7.103064511018317], [106.83715133436664, -7.1030785143619255], [106.8371473188937, -7.103088160490188], [106.83714279350517, -7.103100280653393], [106.83713874116006, -7.103111134571179], [106.83713869439526, -7.103119349878057], [106.83713867820751, -7.10312205234078], [106.83713844438375, -7.103129201951049], [106.8371367563563, -7.103133738131476], [106.83713390460605, -7.103141400355298], [106.83712973714773, -7.103152598713393], [106.83712892595923, -7.103154360485291], [106.83712711112736, -7.103158298616563], [106.83712634760292, -7.103159563962663], [106.83712506337105, -7.10316149031047], [106.8371222835666, -7.103164919425467]]], [[[106.83676906224247, -7.09899586117001], [106.83676875827166, -7.098994923177088], [106.8367684300191, -7.098994104794031], [106.83674960630935, -7.098951324943641], [106.83674338120215, -7.09893759409465], [106.83672663942292, -7.098900667931446], [106.83670943719085, -7.098862724635012], [106.83667198222628, -7.0987793017233685], [106.83663784306208, -7.0986935297825084], [106.83661300288782, -7.098629921633517], [106.83659981433004, -7.098585893524103], [106.83659341025776, -7.098564512142502], [106.83657504340357, -7.098503196365357], [106.83655860199792, -7.098437996416351], [106.83655824496708, -7.098436812009197], [106.83655162235954, -7.098417988299445], [106.83653662256717, -7.098375357736529], [106.83649301354183, -7.098248279034806], [106.83646297078951, -7.098172247651064], [106.83645251257343, -7.098148479468705], [106.83645184077989, -7.098147154767332], [106.83645161954666, -7.098146785145957], [106.83642859870093, -7.098109728581051], [106.83641654328892, -7.098090323009956], [106.83638003531047, -7.098033436393905], [106.83635758733283, -7.0979918670309985], [106.8363024993609, -7.097853722171521], [106.83627187115002, -7.097761838438032], [106.83627174794287, -7.097761484105149], [106.83627113550455, -7.097760062277018], [106.83625131354734, -7.097720419261918], [106.83622440763037, -7.09765315357015], [106.83619983005815, -7.097571791904613], [106.83619578670624, -7.097557806547513], [106.83618533748341, -7.097558663601376], [106.83618509826374, -7.09755869687632], [106.83618489321833, -7.097558739144461], [106.83616081476987, -7.0974754547283965], [106.8361240702697, -7.097351549734185], [106.83612381126494, -7.097350762827375], [106.83612327167174, -7.097349489387398], [106.83610277072637, -7.09730720596275], [106.83610230937416, -7.097306336318297], [106.83610147750124, -7.097305066475599], [106.83606040816136, -7.097249454198902], [106.83600222742092, -7.097173304104672], [106.83596010317626, -7.097118925697828], [106.83596011846475, -7.097118862745276], [106.83597524506155, -7.0970544910718445], [106.83598550992343, -7.097024429433816], [106.8359925471184, -7.097015321999436], [106.83599335560893, -7.097012954983825], [106.83601877404726, -7.096980059582052], [106.83603617862678, -7.096961739492656], [106.83604798402729, -7.096949311761307], [106.83608017885723, -7.096924604686706], [106.83614496062148, -7.096897286880221], [106.83622655970805, -7.0968636873092805], [106.83622817489044, -7.0968628941072325], [106.83622933411652, -7.096862144072645], [106.83627816550501, -7.096826921225386], [106.83627894431788, -7.096826315082353], [106.83628061795622, -7.096824643242655], [106.83628105862402, -7.0968240901596005], [106.83630978297015, -7.096786030850581], [106.83633725995662, -7.096742587300525], [106.83633513485864, -7.096736741707218], [106.83634988913616, -7.0967226196531215], [106.83636510926243, -7.096698556493152], [106.8363653889516, -7.096698093342297], [106.8363659546252, -7.096697003363943], [106.83638643218814, -7.096652758517962], [106.83638743133497, -7.0966528250677925], [106.8363886373258, -7.096653470781007], [106.83639427697437, -7.096641284067971], [106.83639630044894, -7.096636913362829], [106.83641862881672, -7.096588666533705], [106.83641906318928, -7.096587614326893], [106.83641929611366, -7.09658691915098], [106.83644090952043, -7.09651587360861], [106.83644107139838, -7.096515295344545], [106.83644907716325, -7.096484074480429], [106.8364492947992, -7.096483064541758], [106.83644950164324, -7.096480709217303], [106.83644949894529, -7.096480443917301], [106.83644870574324, -7.096440007700153], [106.8364510547724, -7.096378169416937], [106.83646529014106, -7.096303031959337], [106.83646551137429, -7.09630059389724], [106.83646549248857, -7.0962998708423015], [106.83646128995662, -7.096221219733479], [106.83646117034681, -7.096220010145316], [106.83644848091274, -7.096131977308858], [106.83644794401744, -7.096105650555273], [106.83644796739986, -7.0961010586169095], [106.83644785048796, -7.096101070308123], [106.8364476976032, -7.096093584351365], [106.8364474727727, -7.096091390005597], [106.8364418475133, -7.096062456117409], [106.83644127824243, -7.096060402965179], [106.83644053989906, -7.0960587365214], [106.83637920163892, -7.095942053982583], [106.83635288028125, -7.095887814970638], [106.83635242072768, -7.095886949822841], [106.83635106365074, -7.0958850135824605], [106.8363493900124, -7.095883341742763], [106.8363488144463, -7.095882884887203], [106.83633600630174, -7.095873279228385], [106.83633472566714, -7.095872427570441], [106.83624182480042, -7.095817968224594], [106.83623951983805, -7.0958169034273055], [106.83618336616945, -7.095797649841643], [106.83618131571524, -7.0957971210402775], [106.83618102523417, -7.0957970724768415], [106.83616021132474, -7.095793870890361], [106.83615814468271, -7.095793712609691], [106.83615741083588, -7.095793732394782], [106.8361277916643, -7.09579533408737], [106.83612702454263, -7.095795397039922], [106.83609174953466, -7.095799316285365], [106.83606749751704, -7.095799316285365], [106.8359841510478, -7.095781808283789], [106.83597962206198, -7.0957808568010705], [106.83596328138037, -7.095777424088794], [106.83586108422173, -7.095748300443688], [106.83574288002995, -7.095707834548875], [106.83567506215445, -7.09568536318892], [106.83557248638118, -7.095653307753878], [106.83557092965475, -7.095652920146108], [106.83551375615497, -7.095642234401566], [106.83551213467734, -7.095642039248673], [106.83545823381053, -7.095638836762873], [106.83545742711863, -7.0956388133805035], [106.83545699184674, -7.095638820575061], [106.83537406356226, -7.095641478071684], [106.83530552892705, -7.095640389892026], [106.83530101073313, -7.095640098511694], [106.83530096936431, -7.095640317946277], [106.83524058258689, -7.095639359268944], [106.83517536195347, -7.095631778883444], [106.83512367251956, -7.095620406956186], [106.8349661544645, -7.095559619980406], [106.83483445774408, -7.09549509362364], [106.8347421315442, -7.0954368274476], [106.83465047533923, -7.095339686277441], [106.83461011646375, -7.095278006274896], [106.83459175950213, -7.095189280960483], [106.8345953828707, -7.095093755872085], [106.83459667609577, -7.095059676063158], [106.83457867436641, -7.094967938919183], [106.83453175313798, -7.094978908849498], [106.83452614856299, -7.09495876313639], [106.83452146309509, -7.094941925129717], [106.83451714904726, -7.094927080020682], [106.8345151642435, -7.094922248862645], [106.83451271089297, -7.09491756969004], [106.8345096136278, -7.094911898565215], [106.83451461925432, -7.094910299570643], [106.83452080029474, -7.09490832555872], [106.83452956328875, -7.0949055268685015], [106.83453327479089, -7.094904341562085], [106.8345357272421, -7.094898822422692], [106.83453721382142, -7.094894323114488], [106.83453778938753, -7.094888001779793], [106.83453712388922, -7.094880392616005], [106.83453532254714, -7.094870667347379], [106.8345350059858, -7.09486895413886], [106.83452164116085, -7.094800469865731], [106.83450729247761, -7.094727532149818], [106.8344990106209, -7.094685431287587], [106.83448731583701, -7.094631365844805], [106.83448131915759, -7.094603641544779], [106.83447157590257, -7.0945586007987345], [106.83446436963499, -7.094535608731292], [106.83445237357824, -7.094502213306441], [106.83442884821284, -7.094468465347347], [106.83440559534199, -7.094447525532814], [106.83436181184823, -7.094404905761735], [106.83430470489827, -7.0943355581394485], [106.83426603315098, -7.094284308474016], [106.83421998876156, -7.094202245337328], [106.83419634198765, -7.094150778935273], [106.83417739776877, -7.094106762517015], [106.83415678980407, -7.094058633499117], [106.83414367319205, -7.094027999892262], [106.8341417477435, -7.094023502382697], [106.83413323745901, -7.094003629164092], [106.83412608425147, -7.093986923357761], [106.83412062716525, -7.093974179065071], [106.83411972424597, -7.093972069255528], [106.83411786624657, -7.093970794016911], [106.83408783968213, -7.093950177958277], [106.83406569747405, -7.093937341934748], [106.83401722491504, -7.093909241718109], [106.83398933064313, -7.093893071008381], [106.83390742218984, -7.093859205238061], [106.83386157924855, -7.093847900759954], [106.83384005487471, -7.093844724354483], [106.83379219655268, -7.093837663777094], [106.83374519798258, -7.093830729104809], [106.83371807353035, -7.0938274303915705], [106.83367476577786, -7.0938221630623275], [106.83363373241087, -7.093801335663045], [106.83358583901531, -7.09377333706982], [106.8335643452184, -7.093759389484205], [106.8335527196823, -7.093751845970871], [106.83351360546857, -7.093726465304087], [106.83361881535609, -7.093701418285775], [106.83367814992675, -7.093690050855116], [106.83370423026605, -7.0936823436651935], [106.83373178459425, -7.093666142378538], [106.83375253195385, -7.093653942175649], [106.83379344211374, -7.093629886210238], [106.83382079499376, -7.0936160285568235], [106.8338778003203, -7.093591624553767], [106.83389050144552, -7.093588535382537], [106.83398985674654, -7.0935684490246445], [106.8340273422881, -7.09355869497773], [106.83406267934924, -7.093547378808466], [106.83408802134517, -7.093531378969942], [106.83412398073716, -7.093506034276004], [106.8342010031738, -7.093459094161801], [106.83424934623042, -7.093445671780273], [106.8342717285575, -7.093442192303257], [106.83429511362863, -7.093440212895473], [106.83436965573509, -7.093444058396528], [106.83438557823189, -7.093447543269463], [106.83441985499235, -7.093457061693982], [106.834445034211, -7.093464053922901], [106.83448382197088, -7.093466036928021], [106.83450587334744, -7.093467163778541], [106.83454723226902, -7.093467000101953], [106.83456452982927, -7.093466931753426], [106.83458346235699, -7.093466857109718], [106.83462807322707, -7.093468355380253], [106.83464717123002, -7.093468996596869], [106.8346958407405, -7.093482775109919], [106.8347077873346, -7.093487493852706], [106.83471376063159, -7.093489853673759], [106.83474779187713, -7.09350434894651], [106.83476294545363, -7.0935121029011725], [106.83480474684166, -7.093527859023425], [106.83481812335776, -7.093532901522167], [106.83483331560507, -7.093536314449295], [106.83485030469785, -7.093539879361913], [106.83486348875908, -7.093539310990366], [106.83486953130387, -7.093539051086282], [106.83488332060881, -7.0935384566344055], [106.83489446770557, -7.0935379754970995], [106.8349036875552, -7.093536438555759], [106.83491670973842, -7.093534268491624], [106.83494610318019, -7.093529017350249], [106.83496196812041, -7.093527667467811], [106.834986672497, -7.093526729474945], [106.83501560908314, -7.093525630503393], [106.83503999599907, -7.0935244586867725], [106.83503142815795, -7.093532183863147], [106.8350301250403, -7.093533534644848], [106.83502878415112, -7.093535441207621], [106.83500925897016, -7.0935690245907494], [106.83491650109573, -7.093686239528267], [106.83491557659266, -7.0936875624310005], [106.83485878620411, -7.093780109864156], [106.83485073547314, -7.093793230073459], [106.83485055291072, -7.093793536742282], [106.83485000162631, -7.093794594345013], [106.83479235688185, -7.093918289797216], [106.83474550130393, -7.09401952737926], [106.83474360013707, -7.094023633683719], [106.83471041965021, -7.094095323140607], [106.83467719779452, -7.094149901196943], [106.83467704131249, -7.094150166496945], [106.83467604036701, -7.094152309581375], [106.83467584521412, -7.09415288514748], [106.83464942852834, -7.094236939383222], [106.83464900944426, -7.094238653491004], [106.83463700079699, -7.094307104489246], [106.8346367966509, -7.094309446323848], [106.8346367966509, -7.094375488937601], [106.834637003495, -7.0943778442620555], [106.8346370934272, -7.09437830831223], [106.83464903642397, -7.094434437699078], [106.83466221149195, -7.094514400019477], [106.83469319133775, -7.094535390196029], [106.83485536608237, -7.094505764729206], [106.8349482255802, -7.094502162944423], [106.83513394547526, -7.094565403270678], [106.83530765672305, -7.094609431380093], [106.83531981735575, -7.094619499290388], [106.835349145147, -7.094643779187038], [106.83540832683286, -7.09469277425211], [106.83540649401453, -7.094701971618633], [106.83540190927073, -7.094724972679273], [106.83540023833041, -7.094733352562116], [106.83539827241242, -7.094743211829723], [106.83539702775067, -7.094749458520653], [106.83539686407408, -7.094750279601669], [106.83539613562323, -7.094761067868944], [106.83539688835577, -7.094763659715056], [106.83539862314802, -7.094769632112786], [106.83540019516295, -7.094775044232847], [106.83541237018477, -7.094785887358796], [106.83541980757809, -7.094790229285593], [106.83543615905154, -7.094799775589138], [106.8354436432096, -7.09480414449564], [106.83543651518306, -7.094792687132781], [106.83543929139023, -7.094789514324589], [106.83545951624376, -7.0948014123552525], [106.83545336398163, -7.094809819217744], [106.83545833813184, -7.094812724027918], [106.83546743207637, -7.094818032725982], [106.83546971545508, -7.094819365521232], [106.83547072449443, -7.09481995457719], [106.83547337929309, -7.094821505008383], [106.83547743433621, -7.094823872923371], [106.83548938093026, -7.094820920449081], [106.83549322553199, -7.094814895890693], [106.8354938667486, -7.094819811585012], [106.83549564111098, -7.094819372715847], [106.83564503918728, -7.094886392892647], [106.83564711392324, -7.094887323691012], [106.83564824527036, -7.094885365866901], [106.83575375733011, -7.094702662298005], [106.83576443048412, -7.094704096716669], [106.83579140654825, -7.094719118092769], [106.83580177303344, -7.094724889941688], [106.8358244602307, -7.094737523617766], [106.8358388880543, -7.094745557261604], [106.83585019433104, -7.094751853415232], [106.83586418238616, -7.094759642443478], [106.83588238376507, -7.094769777802981], [106.8358847022173, -7.0947710692294095], [106.83588517885795, -7.094771334529412], [106.83590231184229, -7.094761055278411], [106.8359073759247, -7.094758885214333], [106.83592974476198, -7.094749298441343], [106.83594816197814, -7.09474811043691], [106.83596986351847, -7.094753550435939], [106.83601195718614, -7.0947641012821805], [106.83602599560328, -7.094770481972091], [106.83603435030506, -7.094776605455934], [106.83604383455537, -7.094783556316031], [106.8360576139678, -7.094793654803254], [106.83608902458889, -7.094816675649042], [106.83612606226802, -7.094840656970689], [106.8361404936889, -7.0948483938382765], [106.83614758124594, -7.094852193473912], [106.83615431177213, -7.094855801553933], [106.83616855973133, -7.094864672466599], [106.83618277621423, -7.094877816058329], [106.83619078737502, -7.094885222874666], [106.83620764696542, -7.094896003947383], [106.83621352673293, -7.0948975867542], [106.83623698105191, -7.094899363814534], [106.83625069751173, -7.094898759470141], [106.83628330782847, -7.094897324152157], [106.83632516767238, -7.094897400594505], [106.83635004561819, -7.094900327887785], [106.83638754105226, -7.094904051980393], [106.83640979927287, -7.094906075454958], [106.83645836536135, -7.09491159459435], [106.83648502036743, -7.09491475391269], [106.83650401314975, -7.094916392477501], [106.83652110026861, -7.094917193773426], [106.83653802550953, -7.0949186920439615], [106.83655617652636, -7.0949216714979], [106.8365762916626, -7.094927023363368], [106.83658516167594, -7.094931501087842], [106.83659538337031, -7.094936662297073], [106.83660629394535, -7.0949421715439485], [106.83661567027701, -7.094946904675851], [106.83663786374649, -7.0949531073], [106.83666238825867, -7.094960466452335], [106.83668488030304, -7.094967215864301], [106.8367109768302, -7.094975046261311], [106.83672609982972, -7.094979584240377], [106.83673560296575, -7.094980913438349], [106.83675954201931, -7.094981128376332], [106.8367774259375, -7.094981677862108], [106.83679179170787, -7.09498104653801], [106.83680197653007, -7.09497669112136], [106.83680987617493, -7.094973313267758], [106.83685286736602, -7.094976891670171], [106.83687951697618, -7.094974491379617], [106.83689230353701, -7.094973339348087], [106.83692239755067, -7.094968259977179], [106.83694915238152, -7.094962071742145], [106.83699693875775, -7.094950653050148], [106.8370342444349, -7.0949392712303165], [106.8370542705382, -7.094933162135703], [106.83707810616971, -7.094922193104708], [106.83709025601058, -7.094914152266256], [106.8371020371294, -7.0949043820315865], [106.83712448510698, -7.094888676271353], [106.83715268514834, -7.094876251237963], [106.837163602918, -7.094872486675854], [106.83719682657232, -7.094861029312995], [106.83722649160939, -7.094848189692129], [106.8372331375993, -7.094842716418157], [106.83724072517936, -7.094836467928587], [106.8372544758135, -7.094823821661976], [106.83726159934338, -7.094816876197854], [106.83726483240616, -7.094813724074072], [106.83726546462952, -7.094813107139146], [106.83727240469779, -7.094806096923776], [106.83727820442567, -7.0947999914264415], [106.8372804077647, -7.094797672074833], [106.83730280178293, -7.094793289678535], [106.83731129048374, -7.094792741991398], [106.8373239187639, -7.094792728501545], [106.83732920318022, -7.094792983909031], [106.83734693151575, -7.09479384186227], [106.83734848284627, -7.094793916505978], [106.83735084716392, -7.094794030719868], [106.83735324835379, -7.094794146732454], [106.83735695985587, -7.094798429304035], [106.83735859842062, -7.094800318779619], [106.83735939791796, -7.094803489789172], [106.8373619663817, -7.094813659322881], [106.83736428843122, -7.094822853092126], [106.83736624985261, -7.09483062143596], [106.837370308493, -7.094846692320971], [106.8373722950954, -7.094853019051527], [106.83738068397145, -7.094879741506816], [106.83738532357387, -7.094894518267381], [106.83738929228207, -7.094907158238698], [106.83739557134862, -7.094930478558695], [106.83739959041884, -7.0949461159704015], [106.83740366254904, -7.094961958427575], [106.8374076339552, -7.094977411478283], [106.83741180680948, -7.094993647838521], [106.83741541758752, -7.095006826503777], [106.83741700129366, -7.0950126064465735], [106.83741942136925, -7.095021439587697], [106.83741801033295, -7.095037225387614], [106.83741745904854, -7.095043383944983], [106.83741668832954, -7.095052010242057], [106.83741583577228, -7.095061541257053], [106.8374042875779, -7.095059891900462], [106.8374014583107, -7.095074793666754], [106.83739438244487, -7.095109107299436], [106.83739186164519, -7.095121416320239], [106.83738901708955, -7.095142643917825], [106.83738280547215, -7.0951831008193835], [106.8373826238091, -7.095201745564054], [106.83738328391149, -7.095217093394126], [106.83738703408443, -7.095239559358106], [106.83739031031462, -7.095255054677011], [106.83739223486378, -7.0952641585140555], [106.83739493732656, -7.095276942376927], [106.83739519723065, -7.0952781690522215], [106.83739762450085, -7.09528965249541], [106.83739691403639, -7.0952985854613075], [106.83739549670486, -7.095316410923601], [106.83739495980961, -7.095323155838912], [106.8373947727506, -7.095344067774477], [106.83739474307299, -7.095347484298941], [106.83739470170417, -7.095352029472508], [106.83739464144958, -7.0953588526289195], [106.8373945793964, -7.095365795395082], [106.83739485998484, -7.095381136929859], [106.83739503715128, -7.095390814534426], [106.83739510010383, -7.095394250843981], [106.83739515226455, -7.0953970971982585], [106.83739465583875, -7.095415948786979], [106.8374148707997, -7.095482034568192], [106.8374376857007, -7.09555047837182], [106.83743956978037, -7.095605883804467], [106.837453173825, -7.09565645897834], [106.83745282848531, -7.09567303168501], [106.8374551990982, -7.0956835285719535], [106.83745601568262, -7.095687146544549], [106.83745815876705, -7.0956966352914606], [106.83746194491289, -7.095719576097508], [106.83746417972816, -7.095746221211073], [106.83746348814952, -7.09576211852692], [106.8374626508807, -7.095769537034471], [106.83746107346985, -7.095783508002455], [106.83746039628033, -7.095789507379834], [106.83745915791388, -7.095800472813551], [106.83745815876705, -7.095809326639085], [106.83745924334949, -7.0958220799250284], [106.83746338292883, -7.095834522045493], [106.83746701259264, -7.095841679749697], [106.83747046778791, -7.095848494812117], [106.83747338698726, -7.095854250473224], [106.83748197551284, -7.095861650095003], [106.8374902034102, -7.095868738551417], [106.83749939807882, -7.095876660679323], [106.83751834319702, -7.095892982475107], [106.83753026101277, -7.095900159065025], [106.83754469603093, -7.095906550546829], [106.83756024261118, -7.095913433957776], [106.83756476260379, -7.095915434949291], [106.83757275308017, -7.095918972882259], [106.83758811889663, -7.095920266107328], [106.83760176161206, -7.095921415440898], [106.8376237266537, -7.09592097747111], [106.83764424648484, -7.095919534059192], [106.83765765267862, -7.095918591569671], [106.83767937400398, -7.095920170779209], [106.83768708299255, -7.0959207319561415], [106.83769953050898, -7.09592163667412], [106.83771551685766, -7.095927932827806], [106.83772587614834, -7.095932011253296], [106.8377394595085, -7.095937832564857], [106.83774739962286, -7.095941235599469], [106.83776251992441, -7.0959477161141535], [106.83778060439141, -7.095948192754861], [106.83779093220579, -7.0959465550894265], [106.83780049469715, -7.09594503883244], [106.83781962687436, -7.095942005419147], [106.83783370666032, -7.095935876539443], [106.83783792178275, -7.095934041922476], [106.83784563616723, -7.095930683853908], [106.83786007837995, -7.095924397592853], [106.8378689438967, -7.0959242042385995], [106.83787577514698, -7.095924055850446], [106.83788196877788, -7.095923921851465], [106.83788951678781, -7.095927695406772], [106.83789601349031, -7.095930943757992], [106.8379054051104, -7.0959377372367385], [106.83791310510577, -7.0959462691050135], [106.83792132670794, -7.095957469261748], [106.83792724694496, -7.095971051722586], [106.83793574463897, -7.095990546326618], [106.83793938509461, -7.096004157565744], [106.83794289874584, -7.0960172957615555], [106.83794406876382, -7.096021670063976], [106.83794478732216, -7.096024357238264], [106.83794722178692, -7.0960506111467225], [106.83794755633471, -7.0960626557669], [106.83794795023778, -7.096084016464147], [106.83794610842625, -7.096096560208025], [106.83794344103705, -7.096114733707964], [106.8379415461655, -7.096127644375258], [106.83793682562407, -7.096138866115723], [106.83793149084568, -7.09614484750665], [106.83792832703074, -7.096148395332136], [106.83790957077014, -7.09615853698682], [106.83789284248076, -7.096156619632268], [106.83788178441688, -7.096155352487472], [106.83786540596378, -7.096153476501684], [106.83784868756692, -7.096156410090202], [106.83782066738996, -7.096169983557843], [106.83780102349851, -7.096180915716616], [106.83777905935614, -7.096198175505322], [106.8377745897256, -7.0962031208773055], [106.83776585101327, -7.096212788589298], [106.8377576608874, -7.096218016348303], [106.83775246910125, -7.09622133035009], [106.83774348487401, -7.09622706532673], [106.83773977337188, -7.09623159071532], [106.83773462924978, -7.096237864385898], [106.83772585456461, -7.096248565418932], [106.8377182966621, -7.096265491559166], [106.83770665134097, -7.096295510929053], [106.83770441112972, -7.096301284576555], [106.83769818422388, -7.0963169606591805], [106.83769375326415, -7.096328000736605], [106.83768969372443, -7.096338114512321], [106.83768905520577, -7.096339704513696], [106.83769694046151, -7.096345233545662], [106.83770297221446, -7.096349463956528], [106.83770620707588, -7.096350834523321], [106.83770678533995, -7.096351032374173], [106.83770628801483, -7.096360201861785], [106.8377057924884, -7.09636934886629], [106.83770473758364, -7.096388807497419], [106.83770430321107, -7.0963968186582065], [106.83770346953958, -7.096412188071952], [106.83770316556871, -7.096430977607497], [106.83770367008839, -7.096442915208343], [106.83770428072802, -7.0964573592196984], [106.83769985336562, -7.096475382532844], [106.837695252434, -7.096487738318444], [106.83769341242112, -7.0964926800930925], [106.83768731591698, -7.096504559237985], [106.8376790583419, -7.096520651706669], [106.83766792833228, -7.096529714174949], [106.8376604729525, -7.096535785498077], [106.8376457456547, -7.096547777957539], [106.83763132412639, -7.096559256004809], [106.83762265915846, -7.096566152905609], [106.83761054798845, -7.096575791839257], [106.83760157275447, -7.096582936053608], [106.83759660040283, -7.096588556816414], [106.83758921606955, -7.096599329795197], [106.83757767956632, -7.096616162405951], [106.83757001194658, -7.0966274273138765], [106.83756591013872, -7.096638070790277], [106.83755785491115, -7.096658975531227], [106.83754778340352, -7.096691585847964], [106.83754632200521, -7.096699477398943], [106.83754175075126, -7.096724161091117], [106.83753819393257, -7.09674336971068], [106.8375386696739, -7.096769039059836], [106.83753883514919, -7.096778005300678], [106.83753914541529, -7.096794766864946], [106.83753891518887, -7.096804687286465], [106.83753840797124, -7.096826487752139], [106.83753825868376, -7.096832890925157], [106.83753977224274, -7.09684082474422], [106.83754443252963, -7.096847063341272], [106.83754690566525, -7.096850373745724], [106.83754844890183, -7.0968511003979415], [106.83756627166616, -7.096857583610529], [106.83756882574079, -7.096872720099896], [106.83756817553092, -7.096889943915755], [106.83756008522982, -7.096911360370939], [106.83755447975551, -7.096919040581213], [106.83754723571644, -7.09692896729797], [106.83753819393257, -7.09694276919339], [106.83753462452336, -7.09695097730571], [106.83753343472029, -7.096953713942696], [106.83753295897895, -7.096959424637703], [106.83753386909285, -7.096962518305531], [106.83753467938203, -7.096965272029649], [106.83753533858504, -7.096967514938797], [106.83753902130883, -7.096969484454121], [106.8375416985906, -7.096970915275449], [106.8375434900401, -7.096971873952782], [106.83754873578556, -7.096974679837558], [106.83754762242489, -7.09697891294644], [106.83754838145268, -7.096985424038053], [106.83754928706998, -7.096993190583248], [106.8375512610819, -7.097004137131194], [106.83755263434665, -7.097011756187555], [106.83755357413821, -7.097016970456764], [106.83755510208636, -7.097025447466365], [106.8375570904874, -7.097036478550592], [106.83755879919926, -7.097045954706971], [106.83755979744677, -7.097062738754346], [106.83756048362949, -7.097081506706104], [106.83755968323288, -7.09709777544191], [106.83755756802742, -7.09711863161948], [106.8375570365281, -7.097123876465673], [106.83755574510161, -7.0971366198591], [106.83755462634497, -7.097142433076783], [106.83755300127007, -7.097148457635171], [106.83754943815609, -7.097158013831233], [106.8375437346557, -7.0971649422082805], [106.83753734317389, -7.097172707854156], [106.83753298865656, -7.097177998565712], [106.83751938011534, -7.097192331960514], [106.83751056136339, -7.097200760406736], [106.83750329214325, -7.097207709468194], [106.83749552559811, -7.09721367017471], [106.83748615376305, -7.097220506820861], [106.83747499497508, -7.097228645685391], [106.83746938050757, -7.097232741198013], [106.83746498012482, -7.097235950878371], [106.83746006622914, -7.09723953557608], [106.83745627019078, -7.097242303689313], [106.83745577826164, -7.097242662518795], [106.83745096149272, -7.097246641119568], [106.83744247279196, -7.097254422053879], [106.83743883773224, -7.097259306271894], [106.83743707236306, -7.097263972854023], [106.83743685562644, -7.097268627744938], [106.83743705077933, -7.09727383032299], [106.83743784398138, -7.097277510348761], [106.83743886291325, -7.09728224168208], [106.83743935574171, -7.097284531355967], [106.83744003293123, -7.097285757131942], [106.83744081534144, -7.097287171765515], [106.8374420788889, -7.09728945784218], [106.83744335412757, -7.097291764603199], [106.83744371565501, -7.097294160397155], [106.83744397825706, -7.097295903283282], [106.83744421118143, -7.0972974429225815], [106.83744447648144, -7.09729920289584], [106.83744472829164, -7.09730086933962], [106.8374445016625, -7.097302891015545], [106.83744263466991, -7.097308048627497], [106.83744088009263, -7.097312894174706], [106.83743943128479, -7.0973150201720046], [106.83743721175796, -7.097318279315118], [106.83743614156475, -7.097319849531402], [106.83743369091218, -7.097323446819587], [106.83743144530501, -7.097327476681642], [106.83743062961992, -7.097329904851165], [106.8374289973504, -7.097334761190211], [106.83742728863854, -7.097339844158455], [106.83742578407276, -7.097344320983552], [106.83742343054695, -7.097350636922329], [106.83742253752013, -7.097352601041678], [106.8374200841696, -7.097357997873246], [106.83741788262927, -7.097362841621816], [106.83740998748101, -7.097381344273572], [106.83740700173183, -7.097385556698043], [106.83740462752161, -7.097388905773357], [106.83740138816358, -7.097393475228671], [106.83739840241441, -7.097397687653142], [106.83739424484855, -7.097403553031484], [106.83739163141871, -7.097407240251869], [106.83738901708955, -7.097412173932639], [106.83738543958646, -7.097418922445286], [106.83737860114161, -7.097431827716605], [106.83737462613817, -7.097439327163158], [106.83737200191644, -7.0974442797297], [106.83736946043234, -7.097449075814154], [106.83736556007261, -7.097456434966432], [106.83736293495156, -7.097461387532974], [106.83736206620642, -7.097463027896367], [106.83735818293388, -7.0974725346297305], [106.83735612348636, -7.097483756370195], [106.83735382571854, -7.097496281228359], [106.83735285984665, -7.097502558496217], [106.83735240928632, -7.097507069495634], [106.8373521835565, -7.097509324095995], [106.8373512419663, -7.097518739997781], [106.83734968344118, -7.097532676791559], [106.83734679481881, -7.097543172779126], [106.83734405098721, -7.097553139066065], [106.83734163990482, -7.097561901160759], [106.8373395175048, -7.09756924862188], [106.83733680874678, -7.09757856200099], [106.83733669813017, -7.097584725054958], [106.83733665766067, -7.0975870021383685], [106.83733563513152, -7.097612593246538], [106.83733499121695, -7.097625688274832], [106.83733451637488, -7.097635346094307], [106.83733395339931, -7.097646805255806], [106.83733344618167, -7.097656934320014], [106.83733327531047, -7.097660342750544], [106.83733281935417, -7.097669460077498], [106.83733199197792, -7.097686019294315], [106.83733141821045, -7.097697493744306], [106.83732826518735, -7.097717252748964], [106.83732760058837, -7.097721316785282], [106.83732367324899, -7.097745314294798], [106.83732367324899, -7.097755663692851], [106.83732367324899, -7.097765343995377], [106.83732367324899, -7.0977750251972225], [106.83732367324899, -7.097782147827786], [106.8373259413392, -7.097794623223251], [106.83732927692466, -7.0978005173799374], [106.83734297000211, -7.097810879368524], [106.83734432438115, -7.097811630302431], [106.83735250101716, -7.097816161086939], [106.83736421108955, -7.097821671233078], [106.83736813213363, -7.097823002229745], [106.83737737266767, -7.097826957448092], [106.83737992404434, -7.097829029486093], [106.83738543688844, -7.097834772556666], [106.83738655834304, -7.097837834748248], [106.83738841454374, -7.097842906025221], [106.8373922015889, -7.097853246430134], [106.83739951127848, -7.097865897193344], [106.83741161795189, -7.0978856526007235], [106.83741731155976, -7.097894012698475], [106.83742095920996, -7.097899368161279], [106.83742611232526, -7.097906935056983], [106.83743195342197, -7.097918244931009], [106.83743665957422, -7.097930638488151], [106.83744264456243, -7.097952973151166], [106.83744426693943, -7.0979596281342765], [106.83744480473399, -7.0979618359698975], [106.83744524270384, -7.097964046503478], [106.83744712138758, -7.097973543344324], [106.83744868261067, -7.097985105927876], [106.83745527733925, -7.098033954403434], [106.83745724055927, -7.098048891243309], [106.83745827567896, -7.0980568034786415], [106.83745995920981, -7.098069681770369], [106.83745967952063, -7.098079806337921], [106.8374586219179, -7.0980886556668565], [106.83745454798907, -7.098099565342636], [106.83745257757448, -7.0981034045484535], [106.83744886427371, -7.0981106422922835], [106.83744384245944, -7.098118773062879], [106.83742571752293, -7.098145301264594], [106.83742422554764, -7.09814815301479], [106.8374208396001, -7.098154623636901], [106.8374180031384, -7.098160043850896], [106.83741297323019, -7.098172721593755], [106.83741051808101, -7.098183606088526], [106.83740800807317, -7.098194734299511], [106.83740652239317, -7.098201319135512], [106.83740562217179, -7.0982053112260814], [106.83740579933823, -7.098231567832556], [106.83740584070705, -7.098237633759766], [106.83740588387451, -7.098244080100187], [106.83740671394872, -7.098252637149415], [106.83740808721353, -7.098261271540423], [106.83741000007149, -7.098273298174149], [106.83741246421391, -7.098288030867877], [106.83741400025599, -7.098295620246631], [106.83741555248582, -7.0983032833697735], [106.8374168816838, -7.098309852018019], [106.83741896541301, -7.098320142060857], [106.8374213270327, -7.098332923225769], [106.8374213270327, -7.098335201208499], [106.83742132613338, -7.098351335945324], [106.83742062016557, -7.0983651666190895], [106.83741808947332, -7.098375149993103], [106.83741413155701, -7.098382273523043], [106.83741149834202, -7.098387012950241], [106.8374059486257, -7.098397324576808], [106.83740276232766, -7.098403583858271], [106.83740086026154, -7.098407318742716], [106.83739967765308, -7.098410271217006], [106.83739929274321, -7.09841206896175], [106.83739865962053, -7.098415025033319], [106.83739787091508, -7.098418706857785], [106.8373979167805, -7.098423639639236], [106.83739882509576, -7.0984275373009496], [106.83739971182729, -7.098430746082045], [106.83740029818529, -7.098432328888805], [106.83740875630912, -7.098451939505367], [106.83741340670343, -7.098460447091895], [106.83741675757739, -7.098466575971656], [106.8374189833994, -7.09846902392627], [106.83742355375404, -7.09847405203584], [106.83742879320431, -7.098479815790824], [106.8374307681155, -7.098481988552862], [106.8374381911197, -7.09848746722281], [106.83744148173906, -7.098489851325553], [106.83744397735774, -7.098491659862191], [106.83744924288828, -7.098495474786262], [106.8374538797928, -7.098497580998526], [106.83746118408646, -7.0984999588060305], [106.83746838765603, -7.098502440035531], [106.83747313697575, -7.098504107378631], [106.8374792901372, -7.098506265751496], [106.83748198900264, -7.098507903416987], [106.83748822130445, -7.098511685066171], [106.83749657510691, -7.098516753645242], [106.83750331282766, -7.09852084196325], [106.83750661064164, -7.098523266535494], [106.83750911795147, -7.098525344868733], [106.8375130479888, -7.09852860221315], [106.83751660300891, -7.098531550190842], [106.83752184335845, -7.098535893916335], [106.83752476255779, -7.098538313092604], [106.83753105421482, -7.0985420794533525], [106.83753462542268, -7.098543925761533], [106.83752815569989, -7.09856168197598], [106.83752423015915, -7.098567116579147], [106.83752133704013, -7.0985711221595125], [106.83751743308312, -7.098576527984335], [106.83751316849799, -7.098582432932915], [106.83750153666665, -7.098598537992075], [106.83749641682624, -7.0986048926016565], [106.83748917008921, -7.098612512557338], [106.83748017237212, -7.098620293491706], [106.83747341846356, -7.098625195696172], [106.83746492436683, -7.09863135964946], [106.83745839618808, -7.098636098177337], [106.83744771404082, -7.09864292672961], [106.83743952571359, -7.0986479818188855], [106.83742031259743, -7.098659845675286], [106.83741538161462, -7.098662889880416], [106.83741269623903, -7.0986652407082715], [106.83741117638476, -7.09866722820999], [106.83740864389387, -7.098670540413082], [106.8373891879607, -7.098697013756123], [106.8373784500555, -7.098712915568569], [106.83736916815263, -7.098726660806676], [106.8373596200505, -7.098740800847224], [106.83734334591873, -7.098756694565736], [106.83733032913142, -7.098766704020136], [106.8373147070082, -7.098777451817909], [106.83729883307473, -7.09878800536211], [106.83728538011627, -7.098796049797841], [106.83727645344561, -7.098801387274136], [106.83723552619864, -7.098812120682794], [106.83722294288458, -7.09880983280749], [106.83720915717691, -7.098806307465054], [106.83720223959176, -7.098803442225005], [106.8371924073038, -7.09879936829617], [106.83717965851451, -7.098794086577811], [106.837164189276, -7.098786972041069], [106.83714437811062, -7.098781147132172], [106.83713165270365, -7.098783407128508], [106.83712036081607, -7.0987860421420805], [106.83711460425565, -7.0987915244092505], [106.8371051388911, -7.098804344245025], [106.83709961345647, -7.0988161154713225], [106.83709489921029, -7.098826159099929], [106.83709097546819, -7.098834517398984], [106.8370899466438, -7.098850423708029], [106.83709377595704, -7.098865392024152], [106.8370992285466, -7.098877402470123], [106.83710903655287, -7.098899005084945], [106.83712127632589, -7.098925963162628], [106.83712717228121, -7.098934647915598], [106.83713746232411, -7.098949805089376], [106.83708652742138, -7.09897576761756], [106.83703353486982, -7.098998963831093], [106.83703121371957, -7.098999861354457], [106.83701980042349, -7.09900427522706], [106.83700092005648, -7.099011575923441], [106.83695562300363, -7.099029090220313], [106.83692702995853, -7.09904014558623], [106.83690058899106, -7.099045663826303], [106.83688936635122, -7.099047509235106], [106.83687980655787, -7.09904908125003], [106.83686414306584, -7.099051657807706], [106.8368362856661, -7.099056238954233], [106.83683545379324, -7.099056375651173], [106.8368268625697, -7.099057788486107], [106.83681268385834, -7.099060078160051], [106.83679959962188, -7.099062180774979], [106.83678657294206, -7.09906427439671], [106.83677475585034, -7.099015913353696], [106.83676906224247, -7.09899586117001]]], [[[106.83699291788889, -7.101831040470074], [106.83693819054514, -7.101833895817606], [106.83686966220523, -7.101814384126499], [106.83683111456435, -7.101774409261509], [106.83683539803525, -7.101755373311789], [106.83686966220523, -7.1017311033077135], [106.83691392054106, -7.1017311033077135], [106.83695341966467, -7.101732054790432], [106.83698958680003, -7.101734434396576], [106.83699287112415, -7.10173760180885], [106.83701623730957, -7.101760132524078], [106.83702956166502, -7.101801058871729], [106.83702908592363, -7.101821998686262], [106.83699291788889, -7.101831040470074]]], [[[106.83702099562254, -7.101627834157171], [106.83701766453368, -7.1016516293191785], [106.83705335682703, -7.10168303814163], [106.8370719161361, -7.101703977056843], [106.83705668791589, -7.101719681917757], [106.83700148393137, -7.101669237145529], [106.83699434601232, -7.10163735258169], [106.8369972013598, -7.10161974385602], [106.83702099562254, -7.101598804940863], [106.83705097722088, -7.101592142763138], [106.83708714525562, -7.101606895241957], [106.83711189100103, -7.101646870106947], [106.83711331912446, -7.101674472099148], [106.83708952396245, -7.101657340014185], [106.83705478405108, -7.101612605936964], [106.83702099562254, -7.101627834157171]]], [[[106.83728301399998, -7.101627913297534], [106.83715531656469, -7.101646156045206], [106.83713588401389, -7.1016199821763735], [106.83723110333284, -7.10159365182551], [106.83724141585873, -7.101590800075314], [106.83725921973723, -7.101585876287118], [106.83729292902552, -7.101589445696334], [106.83728301399998, -7.101627913297534]]], [[[106.8368320273762, -7.101506798899607], [106.83684749391676, -7.101498867778503], [106.83685542503787, -7.101517110526174], [106.8368704949774, -7.101533765970487], [106.83686137405323, -7.101537731980727], [106.83684233810351, -7.1015313872636625], [106.83684035509839, -7.101547646106951], [106.83686533916415, -7.101561922844439], [106.8368700992757, -7.101580958794159], [106.83685225222973, -7.101574614077151], [106.83684194150248, -7.101559147536591], [106.83681854384076, -7.1015524053191825], [106.83680347390128, -7.101554388324303], [106.83679911129002, -7.101545664001151], [106.83682885456807, -7.101522265440167], [106.8368320273762, -7.101506798899607]]], [[[106.83713786701901, -7.101506958079597], [106.83717474911543, -7.101523613523909], [106.83721044050947, -7.101531148943309], [106.83722075123671, -7.101552167898205], [106.83719457736794, -7.101550184893085], [106.83715769617078, -7.101560495620333], [106.83712398688255, -7.101559702418285], [106.83710830630338, -7.101545480539471], [106.83708988099329, -7.101528769337165], [106.8370720357459, -7.101508543584373], [106.83709701981167, -7.101513302796661], [106.8371216072764, -7.101514889200757], [106.83713786701901, -7.101506958079597]]], [[[106.83723502887352, -7.101459765255925], [106.83728777321221, -7.101492284741084], [106.83730601595994, -7.101502992069356], [106.83732108589948, -7.101518855210941], [106.83732862041956, -7.101544632478749], [106.83728301399998, -7.101572789352701], [106.83728142759588, -7.101565254832622], [106.83726477125225, -7.101524406725957], [106.83724256339366, -7.101506164877549], [106.83720607789826, -7.101483956119637], [106.83714460923636, -7.101469679382149], [106.83714341943335, -7.101453816240564], [106.83723502887352, -7.101459765255925]]], [[[106.8369717010832, -7.101522424620157], [106.83697765009856, -7.101511716392565], [106.83700144436125, -7.101478008003596], [106.8370387230587, -7.101453816240564], [106.83707322464966, -7.101429625376852], [106.83710931354403, -7.10142843557378], [106.83713469421082, -7.10143438458914], [106.83709384700347, -7.10144588511946], [106.83705062019004, -7.101470472584197], [106.83705736240739, -7.101496249852005], [106.83704467117468, -7.101510526589493], [106.8370276191294, -7.101536304756621], [106.83702661188869, -7.101545120810613], [106.8370260327253, -7.101550184893085], [106.83702920463412, -7.101566841236661], [106.83701492789669, -7.101555736408045], [106.83699628944726, -7.101537097958669], [106.8369717010832, -7.101522424620157]]], [[[106.83698054501622, -7.101358836141344], [106.83706493649765, -7.101395004176027], [106.83701036743457, -7.101431806232824], [106.83697546924259, -7.101464801459372], [106.83695579837143, -7.101474319883891], [106.83694881873305, -7.101435613962394], [106.83694437698148, -7.101404521701284], [106.83695516434943, -7.101372795418115], [106.83698054501622, -7.101358836141344]]], [[[106.83849389627636, -7.102689514409519], [106.8384542100938, -7.102699567930642], [106.83845378831177, -7.102699653366244], [106.83840939777554, -7.102705538529733], [106.83840884199452, -7.102705577200595], [106.83834798307299, -7.102706111397879], [106.83834717728047, -7.102706042150089], [106.83834677168625, -7.102705951318569], [106.83832916026262, -7.1027011480395], [106.83832880413104, -7.10270103562425], [106.83832838954362, -7.102700860256448], [106.83830100248935, -7.102687694181668], [106.83827673338459, -7.1026809816419245], [106.83824287390956, -7.10267837630596], [106.83819363332958, -7.102683141813486], [106.838193229534, -7.102683162497897], [106.83811978729841, -7.102683694896541], [106.83809326539193, -7.102686294836587], [106.8380708893601, -7.102693580244477], [106.83805548487277, -7.102699423139825], [106.83805469346942, -7.102699638077809], [106.83805386339515, -7.102699706426279], [106.83802704920902, -7.102699181222192], [106.83800711753452, -7.102702758725286], [106.8379936304018, -7.102708056631457], [106.83798445282031, -7.102718683920102], [106.83797533729205, -7.102733369849091], [106.83797015719705, -7.10274996773677], [106.83796513808073, -7.102735676610166], [106.83796504814853, -7.102735964393219], [106.83796369107154, -7.10273224299857], [106.83796014684339, -7.102655475969414], [106.83794695828556, -7.10246122780336], [106.83794815348455, -7.102383484110476], [106.83794807344492, -7.102382207972482], [106.83793142879244, -7.102258718465066], [106.83793123633757, -7.102223075634413], [106.83791311499834, -7.102219948691641], [106.83786478543158, -7.1022155734899], [106.83784124207972, -7.102215827998009], [106.83780324392461, -7.102216239887525], [106.83779146370517, -7.1022165024895685], [106.83777943167547, -7.102216782178687], [106.83775750980129, -7.102223318451365], [106.83774665228623, -7.1022289949721085], [106.83772362874254, -7.102241030599032], [106.83771521828277, -7.1022454282838225], [106.83769280088211, -7.102243422795652], [106.83767191592625, -7.102242693445476], [106.83765312009547, -7.102242768089241], [106.8376416870143, -7.1022428139546605], [106.83760944182234, -7.102242941658403], [106.83759070354819, -7.102243093643835], [106.83758944449733, -7.102217915324502], [106.83758829426444, -7.102194908867887], [106.83758813688308, -7.102169885231945], [106.83759099223056, -7.102144372364819], [106.83759650507471, -7.102133057094875], [106.83760295051582, -7.102113928514939], [106.83760524108908, -7.102097038347608], [106.83761765533058, -7.102061754346437], [106.83763544302133, -7.102013613637325], [106.8376458158018, -7.101984472005711], [106.8376458158018, -7.101954205322272], [106.83763633335019, -7.101911742932543], [106.83762905333822, -7.101885157174195], [106.83761576495567, -7.1018476842231735], [106.837607237584, -7.101823636351696], [106.83760461156362, -7.101806554628752], [106.83760604418364, -7.101781995042984], [106.83760709639046, -7.101763968132559], [106.83761020894406, -7.101738000208513], [106.83762107635164, -7.101718412075002], [106.83764533826184, -7.101698417447949], [106.83765837933078, -7.101689229074623], [106.83767086911536, -7.101667923235993], [106.83768429779218, -7.101642793480096], [106.8376953918289, -7.10162007570591], [106.8377037339402, -7.101585113661997], [106.83770501277615, -7.1015655740919215], [106.8377056863684, -7.101548738783208], [106.83770634916874, -7.101532184962309], [106.83771377217289, -7.101515052877346], [106.8377297621189, -7.101503630588013], [106.83776231308036, -7.101485927433544], [106.83777404473642, -7.101470762165889], [106.83778115117923, -7.101461576490522], [106.83778408386843, -7.101457785848083], [106.8377977193893, -7.101453947541586], [106.83780288239717, -7.101454886433828], [106.83781028381759, -7.101456231819611], [106.8378221054059, -7.101461298599986], [106.8378262737636, -7.101463084653574], [106.83783520403148, -7.101465145899738], [106.83784854547406, -7.101468225178394], [106.83786739076754, -7.1014676541088875], [106.83787000419738, -7.101465727761081], [106.83787425978932, -7.101462591825111], [106.83787893086804, -7.1014524106002455], [106.83787871503074, -7.101442654754692], [106.83787709894904, -7.10143053369211], [106.83786580886004, -7.101420605176713], [106.83785711061722, -7.101411117329178], [106.83785482723857, -7.10140198021719], [106.83785368509956, -7.101388274549208], [106.83785813314637, -7.101379782251115], [106.83786678552377, -7.101367257392951], [106.83787512943371, -7.1013562137182475], [106.8378854284698, -7.101342582693974], [106.83789088825392, -7.101335357540677], [106.83789879959, -7.101324885834742], [106.83790793670198, -7.101335165085743], [106.83791123181794, -7.101340740882449], [106.83791665832717, -7.101348877048963], [106.83793619250133, -7.101362480194268], [106.83793901187596, -7.101363242819332], [106.8379426271506, -7.101364219483116], [106.8379513379839, -7.101366573908194], [106.83797817825041, -7.1013654317692385], [106.83798946744002, -7.101358980932162], [106.83799816568285, -7.101354010379225], [106.83800806901723, -7.101347775379509], [106.8380352852003, -7.1013203172787485], [106.83805588776909, -7.101296437580459], [106.83807354685678, -7.101270634232321], [106.83807885105819, -7.101253206270428], [106.83808287912166, -7.101225977496824], [106.83808539542474, -7.101195377164856], [106.83809242452583, -7.101170637714688], [106.83810539814567, -7.1011571838569125], [106.83811895722414, -7.101146938780175], [106.83813001618734, -7.1011424655523], [106.83815493010599, -7.101127970279549], [106.83816139803014, -7.101106551126406], [106.83815803996163, -7.1010985264757664], [106.83815215120086, -7.101085342414592], [106.83814588202688, -7.10105829080743], [106.83814619409162, -7.101053961471109], [106.8381515684402, -7.101009042133569], [106.83815454429686, -7.100990524193264], [106.83816215885662, -7.10094331518178], [106.83815987188063, -7.10091072914679], [106.83815578626059, -7.100878475860952], [106.83814812763404, -7.100836567453598], [106.83814032241798, -7.100803704427392], [106.83812327127202, -7.100774224650706], [106.8381187845543, -7.100769737933035], [106.83810934706878, -7.100760300447462], [106.83809665673539, -7.100753712913502], [106.83808452128369, -7.100749045432053], [106.83807350099136, -7.100743853645895], [106.83807034706894, -7.1007417510309665], [106.83806640534038, -7.100739123211895], [106.83805694447244, -7.100732816266429], [106.8380474656181, -7.100723192621217], [106.8380430427523, -7.100716836212996], [106.8380395686712, -7.100711841378313], [106.83803785096609, -7.100696383831007], [106.83803731317153, -7.100690808933621], [106.83803737882204, -7.100689744136332], [106.83803827544614, -7.100664603588541], [106.83803874129495, -7.100662398450879], [106.83802347620252, -7.10059402839164], [106.83802296898489, -7.100592406014698], [106.83802326486182, -7.1005929770842044], [106.83802055610386, -7.100579514233175], [106.83802339346488, -7.100561277780685], [106.83803045494159, -7.100546612536107], [106.83803293617115, -7.100543470304842], [106.83803701819392, -7.1005382992030945], [106.83804441511774, -7.100529905830456], [106.83805482027378, -7.100520723752368], [106.83806439715426, -7.100513541766475], [106.83807611711916, -7.100502476508041], [106.83808483244911, -7.100491478698757], [106.83809136962105, -7.100475869165962], [106.83809136962105, -7.100469605387957], [106.83808940730034, -7.100459086017963], [106.83808470384605, -7.100439196611603], [106.838081469884, -7.1004255458022385], [106.8380721007469, -7.1004090117664305], [106.83805851738674, -7.100393079377056], [106.83804872826624, -7.100383667072549], [106.83803900749427, -7.100372557747278], [106.83802789637036, -7.100359858420688], [106.83801781856755, -7.1003464828039], [106.83800965632065, -7.1003335955189755], [106.8380070671725, -7.100320557147938], [106.83800627666841, -7.100306332571165], [106.83800935234979, -7.10029685551541], [106.83801256292952, -7.100286962073596], [106.83801601182955, -7.100278441896535], [106.83801779788314, -7.100274028923252], [106.8380214392381, -7.1002672965984175], [106.83802535398695, -7.100260060653227], [106.83802662742698, -7.100257859112844], [106.8380290888714, -7.100253607118248], [106.83803339662404, -7.100246167026967], [106.83803578522338, -7.100233200601679], [106.83803028496976, -7.100213686212612], [106.83802856276805, -7.100210528692912], [106.83802664721208, -7.100207016840329], [106.83801751010009, -7.100202448284335], [106.8380055347277, -7.100204754146034], [106.83799658647337, -7.100216253777035], [106.83799318433807, -7.100222429421535], [106.83798838735424, -7.1002413916268665], [106.83798537102808, -7.10024923281577], [106.83798365332302, -7.100253698849087], [106.83797803256022, -7.100263074281429], [106.8379689593001, -7.100272286037125], [106.83796447258243, -7.100275392295487], [106.83795923223283, -7.100279020160599], [106.83795221212495, -7.100279923079938], [106.83794964905712, -7.100279923079938], [106.83794623253266, -7.100279923079938], [106.83794281510887, -7.100279923079938], [106.83792709136225, -7.100278780940926], [106.83792084467132, -7.1002798574294275], [106.83791821325502, -7.100280311587085], [106.83791053034673, -7.100281635389138], [106.83790441675546, -7.100284300979638], [106.83788825863627, -7.100291344469952], [106.83788216572941, -7.100291344469952], [106.83788045791687, -7.100291344469952], [106.83787569420798, -7.100291344469952], [106.83786903292958, -7.100284681392907], [106.83786695099906, -7.100274627871727], [106.83786756163875, -7.100258145996577], [106.83786830897532, -7.10024375144792], [106.83786726935904, -7.100224907953077], [106.83786335101291, -7.100209885677657], [106.83786225294068, -7.100205677749784], [106.83786042371963, -7.100198665735775], [106.83785691366569, -7.10018520918004], [106.83785010669715, -7.100159117149474], [106.83783593967695, -7.10012746730871], [106.83782367652151, -7.100100069462599], [106.83781123619963, -7.100072277713423], [106.83779868076459, -7.100048619248355], [106.83778813351563, -7.100029204684006], [106.837775886548, -7.100006659579606], [106.83777351233778, -7.099997362388308], [106.83777194122217, -7.099991207428218], [106.837770175853, -7.0999842925410235], [106.83777105538996, -7.099975685129721], [106.83777274791407, -7.099959110624411], [106.83777316250149, -7.099955051084692], [106.8377736751151, -7.099950035565655], [106.83777713300833, -7.099943584728578], [106.8378035739758, -7.099934496180026], [106.83784624950488, -7.099918866862197], [106.83787804593516, -7.099907222440322], [106.83789814488352, -7.099899861489348], [106.83792352644963, -7.09989056519737], [106.83791655490512, -7.099869451813731], [106.837912212079, -7.0998569881094795], [106.83790410469072, -7.099824998324948], [106.83789981402526, -7.099811136174935], [106.83788812913389, -7.099792431175729], [106.83787962964124, -7.099781805685723], [106.83787337845371, -7.099773992375788], [106.83785298902427, -7.099738819890604], [106.83784039671701, -7.099717644453676], [106.837836677121, -7.099694087612022], [106.83783426873657, -7.099667288714329], [106.83783404210743, -7.099638919600409], [106.83783606828001, -7.099614092915999], [106.83783476156503, -7.099594481400175], [106.8378337849013, -7.099579828746073], [106.83783683000576, -7.099556985966103], [106.83784242468823, -7.099547710358479], [106.83785048351308, -7.099534349130863], [106.83785774463928, -7.0995223117053], [106.83786787550213, -7.0995026813036475], [106.8378694142421, -7.099498067781553], [106.83787473193337, -7.099482113808449], [106.83787915659786, -7.09946258592953], [106.83788054784907, -7.099451224794166], [106.83787897583414, -7.099423061624975], [106.83787690289682, -7.099415979463856], [106.83787472923541, -7.099408551963052], [106.83786574051157, -7.099395734825237], [106.83786080503216, -7.099390434221107], [106.8378453582767, -7.099373842628665], [106.83783740557186, -7.099365300867873], [106.83781641449599, -7.099355418217954], [106.83780655792634, -7.099352707661296], [106.83779595851672, -7.099349821736837], [106.83776878729975, -7.099345091302894], [106.83775210757375, -7.099344642541155], [106.83774314493024, -7.099344400623522], [106.83771369573054, -7.099343608320794], [106.83769930028257, -7.0993432647798045], [106.83767741528055, -7.099343009372319], [106.83767168300182, -7.099342942822489], [106.83768572051963, -7.09930449050978], [106.83769173158822, -7.099286210889886], [106.83769319028858, -7.099281776332873], [106.83769432793093, -7.099278315741628], [106.8377016681975, -7.099255683403044], [106.83770989339695, -7.099230322521294], [106.83771562387699, -7.099213288462465], [106.83772221770624, -7.099195897372738], [106.83772823956667, -7.099180014446063], [106.83773221007351, -7.099169540941489], [106.83774803814151, -7.099148535476502], [106.83776175100405, -7.099126187323634], [106.83777329650047, -7.099094077929294], [106.83778215302402, -7.0990680092811544], [106.83778647066913, -7.099044490210986], [106.83779377046619, -7.0990047275860775], [106.83779682636253, -7.098986136800704], [106.83779926892117, -7.0989690352927255], [106.83780509832667, -7.098949625224975], [106.83781759980246, -7.098922978312771], [106.83782355511306, -7.098910107215602], [106.83782609659715, -7.098899446652069], [106.83783349082302, -7.098868423638805], [106.83784136438754, -7.098837705495669], [106.83784644645641, -7.098818900671688], [106.83784902841, -7.098809346274265], [106.83785081985951, -7.098799650683304], [106.83785027487033, -7.0987902365801006], [106.83784982520933, -7.098782473632184], [106.83784236083636, -7.098773727725302], [106.83783882110475, -7.098765653611963], [106.83784851939373, -7.098746448589679], [106.83787342341981, -7.098720460880543], [106.83790158299172, -7.098706732729511], [106.83791091795456, -7.098704552772858], [106.83792207224587, -7.098704981749449], [106.8379406360516, -7.098703387251476], [106.83794145533398, -7.0987032190782315], [106.83794876502355, -7.098701719009057], [106.83794971740559, -7.098701523856221], [106.83795823398538, -7.098692571105232], [106.83796242482612, -7.098686339702795], [106.83797035684654, -7.098674548691406], [106.83797609272256, -7.098664398942788], [106.83797974127208, -7.09865383550607], [106.83798320276264, -7.098643816159154], [106.83798398157558, -7.09863007002167], [106.83798398157558, -7.098620388819825], [106.83798042655548, -7.098610857804772], [106.83797811529786, -7.098607913424416], [106.83797161859536, -7.098599634265668], [106.83796626942785, -7.098592819203191], [106.83795967290064, -7.098584413240019], [106.8379536303558, -7.098576713244654], [106.83794241850785, -7.09856576130079], [106.83793147645656, -7.098555599861015], [106.83791867910384, -7.098543717118787], [106.83791224625321, -7.098535902909532], [106.83789674014253, -7.098516009905893], [106.83788631879861, -7.098503644227776], [106.83787627157272, -7.098495950527649], [106.83785967908096, -7.098482422925429], [106.83785059592833, -7.098467548138785], [106.83784365496075, -7.098456476585056], [106.83783543965387, -7.098432294714598], [106.83783135583246, -7.098420272577471], [106.83782666766666, -7.09840647068205], [106.83782271784423, -7.098394844246627], [106.83782788624802, -7.098366412180155], [106.83783031981346, -7.098348605603633], [106.8378325393403, -7.0983261935988935], [106.83783824463933, -7.098268568639469], [106.83784607323776, -7.098235271240753], [106.83785679675384, -7.098195165074742], [106.83786542934615, -7.098150082060613], [106.83786981983638, -7.098113294392988], [106.83787256996317, -7.098090252862846], [106.83787498194494, -7.098070038801211], [106.83787338654759, -7.098054579455209], [106.83786399043089, -7.098035074958716], [106.83785766370028, -7.098023631085653], [106.83784061165494, -7.097992791534068], [106.83783500438199, -7.097976831265726], [106.83783165081007, -7.0979457506957715], [106.83782650488934, -7.097898067741596], [106.83782348136862, -7.097870188758179], [106.83781974468553, -7.097836143123459], [106.83781750987026, -7.097815787868285], [106.8378145834763, -7.097793348883897], [106.83781406906411, -7.097789404457387], [106.83781294221359, -7.097780761972558], [106.83780744735589, -7.097776746499619], [106.83780247860159, -7.097773115936491], [106.83779815286255, -7.097769954819512], [106.83779118041872, -7.097765733401843], [106.83778388511826, -7.097763648773309], [106.83777501060831, -7.097761113584454], [106.83777282255778, -7.09776048855565], [106.83776938714755, -7.097759506496004], [106.83776721978143, -7.0977588877624385], [106.83775908631287, -7.097756563914231], [106.83775454923313, -7.097755267991204], [106.8377505049819, -7.097754112362338], [106.83774775125778, -7.097748328822263], [106.83774479338757, -7.0977421163055965], [106.83774289132145, -7.097738122416388], [106.8377442034323, -7.0977248313358245], [106.83774714421537, -7.097695059279488], [106.83774950133846, -7.097673010600886], [106.83775326949785, -7.097648092185636], [106.83775612304669, -7.097629214516587], [106.83775760692805, -7.09761940291304], [106.83776121680677, -7.097602575698261], [106.83776723327128, -7.097579459524411], [106.83776983500996, -7.097569462660545], [106.83777071994285, -7.097540266170313], [106.8377713557635, -7.097504385918626], [106.83777080268044, -7.09748122028202], [106.83776580874513, -7.09745086816298], [106.83776357662782, -7.097429836617607], [106.83776300555832, -7.097415288284878], [106.83776384462578, -7.097402801198257], [106.83776698505835, -7.09738238838645], [106.83776782412582, -7.097372701788686], [106.83776866049533, -7.097356813466149], [106.83778656509799, -7.097346784226659], [106.83781113367695, -7.09733302370006], [106.83782255506691, -7.097319318032078], [106.83783684349561, -7.097306560249535], [106.83784387439533, -7.097300282981621], [106.83785834268843, -7.097278962753876], [106.83786062606708, -7.0972584042519316], [106.83787136756962, -7.097234832121785], [106.83788882790714, -7.097216289000471], [106.83790976412439, -7.09719405416223], [106.83793121115656, -7.097169544039161], [106.83795105649614, -7.097146863137198], [106.83796861935633, -7.097127134709467], [106.83798914278475, -7.097106109459332], [106.83799769174016, -7.097100232389778], [106.83801714947191, -7.097093058497819], [106.83802774528425, -7.097090918111348], [106.8380409904994, -7.0970900754466015], [106.83805985377927, -7.097092663695435], [106.83807360891001, -7.097094742927993], [106.83808505548097, -7.097096560457828], [106.83809420158622, -7.097098011963624], [106.83809814961, -7.097098638791124], [106.8381017450995, -7.097099398718228], [106.83810443407242, -7.097100310630765], [106.83811134985899, -7.097102655163383], [106.83811753899329, -7.097104753281712], [106.83812524888117, -7.097112177185181], [106.83813609920168, -7.0971138903937], [106.83814788481709, -7.097112417304174], [106.83815584471654, -7.097107674279698], [106.83816256804812, -7.097100125370446], [106.8381703184055, -7.097084462777673], [106.83817115927167, -7.097080524646458], [106.83817378888932, -7.097068204833761], [106.83816982557704, -7.097053670890148], [106.83816405372818, -7.0970436794222], [106.83815231128023, -7.0970284269203034], [106.83813803903934, -7.097018617115452], [106.8381289603833, -7.09701309617742], [106.83811736182685, -7.09700982714179], [106.83809370246246, -7.097003757617301], [106.8380885106763, -7.097003185648475], [106.83807348390422, -7.097013792252653], [106.83803519706674, -7.097003588544737], [106.83801991488724, -7.097005110197642], [106.83801916844993, -7.0970050724261], [106.83798628384, -7.097003707255226], [106.83796546453465, -7.097002423023355], [106.83795117520663, -7.0970006045942], [106.83793634988268, -7.096998717816518], [106.83792458495168, -7.0969935116411875], [106.83790998265965, -7.096982763843414], [106.83790619831245, -7.096979750215269], [106.83790039678593, -7.096973547591119], [106.83788919303191, -7.096961566822813], [106.83788179880605, -7.096953661782038], [106.83787110676622, -7.096942228700868], [106.83786409295357, -7.096934729254315], [106.83786321071864, -7.096929675064416], [106.83786079424033, -7.096915833598814], [106.83785959274604, -7.096908952885826], [106.83786121961964, -7.096892234488962], [106.83786643029157, -7.096864619006908], [106.83787426068864, -7.096838394776057], [106.83788826942816, -7.09680675482781], [106.83790366402292, -7.096786800670259], [106.83792416496829, -7.0967731453642955], [106.83793952718747, -7.096760599821778], [106.8379561925243, -7.096750451871799], [106.8379749892544, -7.096743372408639], [106.83798496903114, -7.096739614141825], [106.83799436784585, -7.096741292276761], [106.83800847011486, -7.096743810378484], [106.83802443398048, -7.096746036200557], [106.83803248561077, -7.096747082112131], [106.83804826331675, -7.096749131667025], [106.83805944818505, -7.096754953877962], [106.83807880159549, -7.096765029882192], [106.83808231704535, -7.09676686000256], [106.83813229956604, -7.096778917213214], [106.83815075455374, -7.096782230315625], [106.83820416169277, -7.096791831477788], [106.83823921007155, -7.096794412532063], [106.83827124302348, -7.096794412532063], [106.83828918180035, -7.096794411632743], [106.83831475762003, -7.096784359910259], [106.83832233980422, -7.096780417282389], [106.8383233479442, -7.096779892977622], [106.83834264469738, -7.096763546900149], [106.83834437499297, -7.096762089998435], [106.83834605402723, -7.096760155556694], [106.83835862385149, -7.096745681867674], [106.83835997463319, -7.096731927636313], [106.83836377696679, -7.096693207325586], [106.8383689867394, -7.096645330117838], [106.83837230883506, -7.096620141006667], [106.83837600594796, -7.096592101044564], [106.83837851235853, -7.096564501750322], [106.83837953398836, -7.096553061474538], [106.83837807169073, -7.096540044687288], [106.8383677510709, -7.096528433540357], [106.83836345231151, -7.096526073719303], [106.83834823308456, -7.0965181821683245], [106.83831979112551, -7.096508876883092], [106.83831001279691, -7.096501158002013], [106.83830718712704, -7.096498926784022], [106.83830097101304, -7.096489572935411], [106.83829615874077, -7.096480859404096], [106.83829670283063, -7.096469252753764], [106.83829731167168, -7.096456265644122], [106.83829810487373, -7.096445843400886], [106.83829904646387, -7.0964334732261705], [106.83830002042964, -7.096420677672086], [106.83827537540833, -7.09642801524069], [106.83826465818748, -7.096431206035277], [106.83823525845048, -7.0964399600360935], [106.83820453221347, -7.096450751001328], [106.83818924283935, -7.096456120853247], [106.83817070511401, -7.09646263014622], [106.83816763572787, -7.096463708433362], [106.8380904613058, -7.096490811301862], [106.83805061054733, -7.096504806551536], [106.83802043379603, -7.096517384469678], [106.83801077058064, -7.096521412533093], [106.83799626361673, -7.096527458675212], [106.83798564082474, -7.09653291396279], [106.83798314430675, -7.096534196396021], [106.83797865489106, -7.0965365013584005], [106.8379730224371, -7.0965426014598165], [106.83796853212215, -7.096547464993478], [106.83795149086865, -7.096534920350223], [106.83794041122104, -7.096519325206657], [106.83793534354135, -7.0965121926835195], [106.83793160326093, -7.096509492918699], [106.8379234913761, -7.096503639231514], [106.83792220174826, -7.096502709332526], [106.83791245849324, -7.0964956784327455], [106.8379368112349, -7.096468750032727], [106.83796003622678, -7.0964430680930946], [106.83797474014222, -7.0964268074511665], [106.837985432182, -7.09641058637942], [106.83799433097363, -7.096394765505977], [106.83800623709823, -7.096375125211807], [106.83801349282851, -7.096368927983576], [106.83802117034082, -7.096362370127224], [106.83802742872291, -7.096357024556994], [106.83804080523902, -7.096347682399596], [106.83806080975864, -7.0963354426265255], [106.83807019778146, -7.0963303021017055], [106.83808338633929, -7.096323080545687], [106.83809993926087, -7.096302572405762], [106.8381123346166, -7.0962872155824925], [106.83813048383485, -7.096264730732685], [106.8381403386058, -7.096247562674819], [106.83815195424933, -7.09621503869306], [106.83815757860941, -7.096192114974087], [106.83816065339153, -7.096167513120179], [106.83816096815423, -7.096143627126651], [106.83816010120779, -7.096130872941387], [106.83815951574911, -7.096122253838871], [106.83815691401043, -7.096099353502325], [106.8381516943453, -7.09607079553075], [106.83814693063641, -7.096057327283802], [106.8381244098137, -7.096013827975753], [106.83811287870645, -7.095991555365913], [106.8381077076047, -7.095976803786414], [106.83810114705034, -7.095958086196674], [106.8380898254851, -7.095928229604056], [106.83807496958423, -7.0958903654479855], [106.83806254365152, -7.09585869582213], [106.83805323746702, -7.095841524166985], [106.83803777542306, -7.095820910806367], [106.83802394654793, -7.095803196860004], [106.8380126069963, -7.095788670111006], [106.83800251030766, -7.095775736061341], [106.83799462685062, -7.095765637574061], [106.8379824347416, -7.095753303372192], [106.83798078268705, -7.095751631532551], [106.83797891389582, -7.095750282549432], [106.8379681031455, -7.095742476434111], [106.83794670467677, -7.095728330997645], [106.83793485431016, -7.095722066320263], [106.83792358850286, -7.0957198126192225], [106.83790215046395, -7.095715524651666], [106.83787301692627, -7.0957141486889554], [106.8378459653191, -7.095715514759149], [106.83782211170114, -7.095718935780212], [106.83779430376416, -7.0957229242735025], [106.83777493056863, -7.09572570317863], [106.83776395794035, -7.095726447817242], [106.83774699582727, -7.095724827238939], [106.83773534511016, -7.095721385533466], [106.83772336344254, -7.095715199097128], [106.83771525065833, -7.095709564844469], [106.83770560812735, -7.095696398769746], [106.83769906286153, -7.095686016996012], [106.83768621334815, -7.095660318868568], [106.83767900977853, -7.095631505489564], [106.83767350772627, -7.095609497280407], [106.8376660820241, -7.095579790874581], [106.837658497142, -7.0955584877339675], [106.8376542586372, -7.0955502319575885], [106.837641873174, -7.0955262614277785], [106.83764028587058, -7.0955043332583045], [106.83764248651158, -7.095484211826886], [106.83764484093672, -7.095462686553674], [106.83764876647746, -7.095438764587243], [106.83765480452564, -7.095407619266155], [106.83766099366, -7.095395389385658], [106.83766953272283, -7.09537851450682], [106.83767479195814, -7.095368121041929], [106.83767838205176, -7.095346066967352], [106.8376853931664, -7.095319780683269], [106.83768861184001, -7.095313721950674], [106.8376976347381, -7.095296736455168], [106.83770610545247, -7.095282518173633], [106.83771095999288, -7.095274369416586], [106.83771115064917, -7.0952658033741045], [106.83770767476943, -7.095252434951874], [106.8377055676579, -7.095238536828958], [106.83770513418466, -7.095232898079757], [106.83770348123073, -7.095222845457897], [106.83770613513008, -7.095212562609618], [106.83770763519925, -7.095206749391934], [106.83770988800097, -7.095198020572127], [106.83770964968068, -7.09518802640622], [106.83770750299891, -7.095181444268178], [106.83769822739134, -7.095167325811417], [106.83769366153331, -7.0951639065889935], [106.83768518182575, -7.09515755917397], [106.83768080482537, -7.095154282943781], [106.83766091541895, -7.095140327264232], [106.83764952010932, -7.0951341812973965], [106.8376432734184, -7.095130581311253], [106.83763423792982, -7.095123737470487], [106.83763154985621, -7.0951217023046524], [106.83763084298909, -7.095121166308729], [106.83762774122732, -7.095116734449675], [106.83761899082384, -7.095104233873258], [106.83760458638261, -7.095073032794176], [106.83759057224717, -7.095038475445222], [106.83758312586065, -7.095021936912815], [106.83757731624019, -7.0950103176719495], [106.83757309032592, -7.094991478673762], [106.83757158486083, -7.094979601327509], [106.83757047329874, -7.094961882884547], [106.83756839226754, -7.094947246418258], [106.83756435251291, -7.094934305173979], [106.83755789807861, -7.094913629760185], [106.83755250754223, -7.094896362776865], [106.83754674108928, -7.0948762368487905], [106.83754395409028, -7.09486074782518], [106.83753765164136, -7.094825716533535], [106.83753148229215, -7.094791428981239], [106.83752240453538, -7.094761534617078], [106.83751826945263, -7.094748359549101], [106.83751471353327, -7.094737030789304], [106.83750909366978, -7.094726652612906], [106.83750600000195, -7.094720949112457], [106.83750083609476, -7.094703257649201], [106.83749701667404, -7.094682420357344], [106.8374931720723, -7.0946674457459835], [106.8374907897682, -7.094659415699425], [106.83748493068504, -7.094647215496536], [106.83747775679308, -7.094632275958702], [106.83747014672997, -7.094616429904249], [106.8374614349973, -7.094598287880615], [106.83745646534368, -7.09458537811264], [106.83745360190227, -7.094576654688808], [106.837451126968, -7.094568856667365], [106.83745132032226, -7.094557249117713], [106.83745150378394, -7.094546254905708], [106.83745500124735, -7.09453543336349], [106.83745566764503, -7.094533371218063], [106.83746147726544, -7.094515398266992], [106.8374639611929, -7.094499749164072], [106.83746422829154, -7.0944912154971576], [106.83746510602987, -7.094480634073932], [106.83746760344718, -7.094467110968367], [106.83747293193034, -7.094448282762016], [106.83747990977008, -7.094434403524872], [106.83748557370035, -7.0944211223368825], [106.83748887870883, -7.094403000997659], [106.83748909724409, -7.094394519491459], [106.83748890388989, -7.094381985640098], [106.83748941830208, -7.094373049076921], [106.83749029424172, -7.0943686684792056], [106.83749418470893, -7.094350321410161], [106.83749766418589, -7.0943377102171326], [106.83750434435007, -7.094313494172354], [106.83750751086302, -7.0942985618291345], [106.83751226917593, -7.0942728681982885], [106.83751450489052, -7.094260795699142], [106.8375173512448, -7.094246528854171], [106.83751915528484, -7.094242252577828], [106.83753614707558, -7.094195643414139], [106.83754443163025, -7.094170100869405], [106.83754793179168, -7.094159308105532], [106.83755254801173, -7.094145073636184], [106.83755546091584, -7.094133459791294], [106.83755736208263, -7.094121225414199], [106.83755979564813, -7.094105560123467], [106.83758324547046, -7.094114058716798], [106.83760359982631, -7.094121435855527], [106.83761466868208, -7.0941254468318675], [106.83764129041327, -7.094135094758769], [106.83766004577456, -7.094141892734115], [106.83767976161175, -7.094149037847785], [106.8376915643143, -7.094153315023448], [106.83770926746877, -7.094159730786885], [106.83772796977007, -7.094166508977139], [106.83774452449029, -7.094133877076729], [106.83776030039763, -7.0941027803190195], [106.83776569183328, -7.094092153030374], [106.83776773869027, -7.094088116873024], [106.83777376414798, -7.094076240426091], [106.83779513923434, -7.094039271095426], [106.8378203229496, -7.0939957142308], [106.83784201729532, -7.0939581927164], [106.83785723022703, -7.093931880351931], [106.83788537181255, -7.093881337553626], [106.83791643619463, -7.093819349982994], [106.83793851455084, -7.093775293095234], [106.83795314831917, -7.093746092108404], [106.8379613636261, -7.093729698366815], [106.83797009244586, -7.093712280297439], [106.83798223958877, -7.093694303749089], [106.83799163120887, -7.093683366194341], [106.83798973813595, -7.093680552215687], [106.83798721733626, -7.093676807438669], [106.83798440965285, -7.093672636383019], [106.8379690339438, -7.093658116828578], [106.83796181868303, -7.093650490577659], [106.83795172739036, -7.093641919139202], [106.83794495729398, -7.093637308315067], [106.83793635887594, -7.0936314537285625], [106.83792564615169, -7.093623493829114], [106.83791526257937, -7.093616655384267], [106.83790769928095, -7.093612194746925], [106.83789842367338, -7.093606725070231], [106.8378840821847, -7.093613479878172], [106.83788036258875, -7.093614541078182], [106.83786877302549, -7.093617846086659], [106.83785444322803, -7.093627471530567], [106.83785064269307, -7.093630121832632], [106.83783581467117, -7.0936404640361275], [106.83782641855441, -7.093650149734572], [106.83781578047393, -7.093661116067608], [106.83781199163019, -7.0936631791123546], [106.8378072414111, -7.093665766461925], [106.83780025547748, -7.093669570594159], [106.8377847592593, -7.09368077165027], [106.83777900090024, -7.09368614060287], [106.83777602774154, -7.0936907847018915], [106.83776580964445, -7.0937059400770295], [106.83775920951996, -7.093714802895818], [106.83775257342256, -7.0937240119535545], [106.83774493727907, -7.093736181579459], [106.83773855299188, -7.093746356509087], [106.837729726146, -7.093761695345904], [106.83772344258284, -7.0937739495080905], [106.83771602407529, -7.093785117289258], [106.83771452130816, -7.093786401521186], [106.83770756145486, -7.09379234783853], [106.83769861140183, -7.0937969047033675], [106.83767217313232, -7.0938013887230795], [106.83766163217865, -7.093800474112527], [106.83764336964583, -7.093802483197976], [106.83763339526502, -7.093805848461102], [106.83762546504323, -7.0938144243961005], [106.83760969003521, -7.0938313064695535], [106.83759092028481, -7.093854881297659], [106.83758715392406, -7.093860574006214], [106.8375843642271, -7.0938660140053], [106.83758314564574, -7.093868390913485], [106.83758002409888, -7.093874477525048], [106.83756952361466, -7.093883609241118], [106.8375552639643, -7.093890251633752], [106.83754066437024, -7.093897670141303], [106.83753422072778, -7.093901060585438], [106.83752889224462, -7.093903864671574], [106.83750929601723, -7.093913988339864], [106.83748825098206, -7.093921248566744], [106.83747469460155, -7.093920280896214], [106.83745954642097, -7.093919183723301], [106.83744243052382, -7.0939178851022575], [106.83743981799324, -7.093917686352086], [106.83743890428207, -7.093917617104296], [106.8374339121454, -7.093916412912051], [106.83741883321267, -7.093912776053742], [106.83740432265142, -7.093905308083436], [106.83739573142793, -7.093898537087796], [106.83738634250574, -7.093891542160918], [106.83738204284708, -7.093888579794054], [106.83737735647986, -7.093885351227925], [106.83737539955513, -7.093884003144183], [106.83736863755263, -7.093879343756669], [106.83736655292415, -7.0938824662027855], [106.8373476797517, -7.093914927232049], [106.83734587481234, -7.09391794625617], [106.83736764649973, -7.093933243724166], [106.83736641802585, -7.093935352634389], [106.83735788166098, -7.093950001691155], [106.8373309145901, -7.09392617595222], [106.83731135883221, -7.09389593444979], [106.83730553212467, -7.093884329598097], [106.83729502264725, -7.093863395179483], [106.83728588103867, -7.093845186606018], [106.83728015685381, -7.093833684277058], [106.83727022564045, -7.093813072715079], [106.83725895803457, -7.093789687643948], [106.8372493811541, -7.093769811727384], [106.83724931910086, -7.0937696831243215], [106.83724534679538, -7.093761438139836], [106.8372436803516, -7.093757979347231], [106.83722586208393, -7.09371962865788], [106.83721320232746, -7.09368703992493], [106.83720882712572, -7.093675777714907], [106.83720719215825, -7.093671568887771], [106.83719984469712, -7.093652654346499], [106.83718648796611, -7.093618269667388], [106.83717777803207, -7.093581762588201], [106.8371611513661, -7.09352818188006], [106.83715500899655, -7.093509730489643], [106.83713636155392, -7.09347007578333], [106.83712065399504, -7.093439493437813], [106.8371070310647, -7.093412968833377], [106.8370957715527, -7.093391046959198], [106.83708791777326, -7.09337575578644], [106.8370844005247, -7.093351286132929], [106.83708264235014, -7.093334233188273], [106.83707427865511, -7.093320423198918], [106.8370659698187, -7.093306703141764], [106.83705704134945, -7.093291597229381], [106.8370426899682, -7.093262894466932], [106.83702248939642, -7.09322367862984], [106.8370135168604, -7.09320712840622], [106.83699898111814, -7.093176343713253], [106.83698955802174, -7.093152061118701], [106.83698156214945, -7.093133136684855], [106.83697619139815, -7.093120427465692], [106.83697242593678, -7.093111516083582], [106.83696100454677, -7.093101807902087], [106.83694444353131, -7.093098952554556], [106.83693614818475, -7.093098330223711], [106.83693010024399, -7.093097876066054], [106.8369263428765, -7.093097593678976], [106.8369173199784, -7.093096916489458], [106.83689453115772, -7.09310617590927], [106.83688769091424, -7.09310895571366], [106.83687332694257, -7.09311479231377], [106.83685938115559, -7.093135164656076], [106.83685427930163, -7.0931426173378895], [106.83685199412429, -7.093154004553639], [106.83685096709848, -7.093159126192688], [106.83685005158867, -7.093163685755428], [106.8368515093897, -7.093172731136576], [106.83685398072669, -7.0931880708727135], [106.83685814368846, -7.09322056697556], [106.83686228686508, -7.09325387336753], [106.83686502260275, -7.093278200028863], [106.83687141498388, -7.093314053300844], [106.83688364666301, -7.093346450478236], [106.83688972877803, -7.093360683148944], [106.83689442144043, -7.093371664770473], [106.8369046134572, -7.093395513891778], [106.83691664009092, -7.093408862528918], [106.83694485092417, -7.093401229982703], [106.83695714375722, -7.093412100987621], [106.83696154863662, -7.093437654324248], [106.83699932016253, -7.093523789591188], [106.83702082924793, -7.093581737407192], [106.83703179468165, -7.093620937056528], [106.8370450228096, -7.093649397901345], [106.83705510960567, -7.093671097642982], [106.8370570188664, -7.0936752066454005], [106.83705759443251, -7.093676444112532], [106.83708191839588, -7.093743603684288], [106.83711574909262, -7.093857960576372], [106.83712066298824, -7.093889623007669], [106.83712939450601, -7.093927249742762], [106.83714306599978, -7.093970747252115], [106.83717126154454, -7.094025378368485], [106.83718440603559, -7.094049308428794], [106.83720562643856, -7.094087939706583], [106.83724115595464, -7.094145345231425], [106.83725383639552, -7.094161954810318], [106.83726912307162, -7.0941907834778135], [106.83727139026252, -7.094242488200223], [106.83727264481678, -7.094255406062075], [106.83728394659693, -7.094293181185321], [106.83729924406492, -7.094351820580016], [106.83729981333579, -7.094369194582612], [106.83729550378456, -7.094434229955709], [106.83727523666289, -7.0944818121858475], [106.83725401266264, -7.0945145583002045], [106.83724493310723, -7.094524818665377], [106.83724190239195, -7.094528243283776], [106.83722500413069, -7.094547339488088], [106.83722201388491, -7.094550106702002], [106.83718536021627, -7.094584024632979], [106.83714042199296, -7.094589311747313], [106.83709085945566, -7.094619262768731], [106.83708113868369, -7.094625137140326], [106.83706169803901, -7.094636885883517], [106.83702223488831, -7.094654378596658], [106.83700409646195, -7.094660567730955], [106.83700063137411, -7.094661749440149], [106.83698765595562, -7.094666176802548], [106.83695742434571, -7.094676491127132], [106.83692553708391, -7.094682577738752], [106.83685384852635, -7.094681481465159], [106.83684185876484, -7.094680281769513], [106.83681274321361, -7.094677370664101], [106.83678597669154, -7.09467469428165], [106.83674363660958, -7.094672678001643], [106.83670583180873, -7.094670877558883], [106.83670295487752, -7.094670739962623], [106.83663007381892, -7.094667269478862], [106.83663007381892, -7.094612126648258], [106.83663007471824, -7.094567903386007], [106.83656428121668, -7.094542598262251], [106.83649756411137, -7.094528323323402], [106.83644345370249, -7.094511409773702], [106.83642848628568, -7.094505085741048], [106.83639818003206, -7.0945021260722], [106.83635857298981, -7.094498257188775], [106.83631840746858, -7.094494334345995], [106.83630570544403, -7.094493093281585], [106.83625535689924, -7.09447826975628], [106.83621135127288, -7.0944653141228855], [106.83616989432522, -7.094448380788094], [106.83613179814404, -7.094429439267174], [106.83609098331232, -7.094409146065175], [106.83604256651131, -7.094377310064772], [106.83599644298152, -7.094346982227421], [106.8359514346111, -7.094314770310348], [106.83592708636598, -7.09429436109582], [106.83591142467259, -7.094282932511305], [106.83589978115003, -7.094274435716613], [106.83588482632376, -7.094263522443555], [106.8358574149878, -7.094261238165586], [106.8358459944971, -7.0942583828180545], [106.83583341657896, -7.094246340895893], [106.83582577953615, -7.094231314123817], [106.83582373088052, -7.094227284261706], [106.83581515584484, -7.094210412980146], [106.83581453711128, -7.094187202377441], [106.83581401460515, -7.094167582767682], [106.83582829044332, -7.094128750041762], [106.8358551316091, -7.09410305191426], [106.83586825541573, -7.094099013958271], [106.83588877075022, -7.09409270161683], [106.83590092688632, -7.0940889613364675], [106.83591452283702, -7.094084777690284], [106.83591277995089, -7.0940522519098295], [106.83591109552071, -7.094020817906369], [106.83589805535104, -7.09398547904658], [106.83588691634816, -7.0939552906041285], [106.83587561187005, -7.093924656097954], [106.83586845686386, -7.0939062388818], [106.83586501335975, -7.093897376962332], [106.83584621123373, -7.093848980845735], [106.83581133102814, -7.093772405372135], [106.83579187149775, -7.093740340044633], [106.8357562538481, -7.0936926669829745], [106.83573577898306, -7.093665261942249], [106.83571131292683, -7.093637217483547], [106.83568286467255, -7.093606274509909], [106.83565353778062, -7.093574374657635], [106.83564067207942, -7.093560380307281], [106.83562156328458, -7.093539595176139], [106.83562845748736, -7.093503590817988], [106.8356351358529, -7.093468716008374], [106.83563546770273, -7.093441822681939], [106.83567986093692, -7.093384199521154], [106.8356926250147, -7.093342548319924], [106.83569537334284, -7.093333580280444], [106.83570267583787, -7.093309751843549], [106.83571465300889, -7.093282204709908], [106.83573869908173, -7.093226898202715], [106.83575994376645, -7.093189981032765], [106.83577030575509, -7.093189510687296], [106.83577204684252, -7.093189318232419], [106.83577433291919, -7.093188706693411], [106.83577613695923, -7.093187897303551], [106.83575870899728, -7.093162882660863], [106.83572946304434, -7.093164211858834], [106.83570315067993, -7.093165860316162], [106.83561945797169, -7.0931760046688055], [106.83561873491675, -7.093176112587457], [106.83561657024859, -7.093176680959004], [106.83557057981847, -7.093192912822644], [106.83556941699504, -7.093193391261934], [106.83548836469635, -7.093231215847879], [106.83548775315734, -7.093231519818744], [106.83539591528933, -7.093280139866522], [106.83528786624208, -7.093336865503886], [106.83528739409803, -7.09333712630729], [106.83528664586208, -7.093337590357464], [106.83522180384324, -7.093380818070273], [106.83522113294896, -7.093381295610243], [106.83517481876294, -7.093416407840891], [106.83515827843189, -7.093406234709903], [106.83515327999993, -7.09340154744342], [106.83514745149375, -7.093392953521914], [106.83514540014016, -7.093389015390699], [106.83514351246316, -7.093382644593305], [106.83514407453947, -7.093375927556963], [106.83514617445644, -7.093365729244965], [106.83514878698696, -7.093353046106131], [106.83514857114972, -7.0933400832781786], [106.8351478489941, -7.093330170950594], [106.83514574907713, -7.093317613716863], [106.83514213200385, -7.093295981424376], [106.83513711738414, -7.0932816309424425], [106.83513088328368, -7.093265581641219], [106.83512149975746, -7.093243383675144], [106.83511190489054, -7.0932221632721735], [106.8351011993609, -7.093198485022015], [106.83509266209671, -7.093182360177707], [106.83508311849118, -7.093166557290715], [106.83506493419941, -7.093136447089307], [106.83504859441717, -7.093111177039134], [106.83503757952076, -7.093090880239856], [106.8350250861389, -7.0930650391202335], [106.83501908226492, -7.093052619482762], [106.8350063748444, -7.0930230614650895], [106.8349904415557, -7.092984347449601], [106.83498175140676, -7.092962460649005], [106.83497388503685, -7.092942043340599], [106.8349722401768, -7.092937774258814], [106.83496792522965, -7.092926577699359], [106.83495471688673, -7.092892297341621], [106.83493800118788, -7.092845816780994], [106.83493162409525, -7.092827673858039], [106.83492023418154, -7.092795268586713], [106.83491413767734, -7.092776344152924], [106.83491338944145, -7.092774021204093], [106.83490342944975, -7.092741824575512], [106.83489828892493, -7.092723932563388], [106.83489603432457, -7.092716086877886], [106.83489602533137, -7.092716054502262], [106.83489380040862, -7.0927083131380755], [106.83490765986068, -7.092691480527378], [106.8349222531595, -7.092677417828497], [106.83492976069994, -7.092670183682003], [106.83493872334344, -7.092661547492355], [106.83494248790555, -7.092657921425882], [106.834950045808, -7.092650637816632], [106.83496403026584, -7.092643445938222], [106.83497859028978, -7.092636654258115], [106.83500286928705, -7.092633288095726], [106.83501857954388, -7.092631368942477], [106.83505006840602, -7.0926275216427825], [106.83508316075932, -7.092623478290818], [106.8350928320686, -7.0926222965816805], [106.83511653999636, -7.092619399865384], [106.83519744300764, -7.092614173904963], [106.83522718808433, -7.0926126558493365], [106.83526639762619, -7.092597908766436], [106.83529504013404, -7.092587136686973], [106.83535554652133, -7.0925643802419245], [106.83538564862886, -7.092551984886143], [106.83548908505327, -7.092501587778031], [106.83549823295715, -7.092491796858894], [106.83553315543082, -7.092479109223461], [106.83553323277255, -7.092479080445173], [106.83557066885135, -7.092465164335806], [106.83559703157783, -7.092455364423472], [106.83561761526079, -7.092447712991486], [106.83565551089316, -7.092434314891648], [106.8356605084258, -7.092432547723831], [106.83570674527016, -7.092416199847719], [106.83579897704124, -7.092388910819523], [106.83581867938858, -7.092383464525199], [106.83584058867228, -7.092377861748901], [106.8358349103529, -7.0923762591569925], [106.83584014530652, -7.092370865023383], [106.83584680748424, -7.092369437799277], [106.83585388874604, -7.092374460512872], [106.83588370486916, -7.092366836060592], [106.8358886754221, -7.0923655653185165], [106.83590272013447, -7.092362107425288], [106.83591131225734, -7.092359991320507], [106.83593137343422, -7.092355328335714], [106.83595946555693, -7.092317597279248], [106.83595989453357, -7.092317060384005], [106.83596688856113, -7.092307568039814], [106.8359756047904, -7.092299310464739], [106.83598886709262, -7.092291993580602], [106.83601379989699, -7.092286851257143], [106.83603805191461, -7.092283540852691], [106.83606435258787, -7.092282288097067], [106.8360850118139, -7.092281866315034], [106.83608578433154, -7.092281817751655], [106.83613334048135, -7.092276764461076], [106.8361333584678, -7.092276804031258], [106.8361380754119, -7.092276243753588], [106.83613815725022, -7.0922762320624315], [106.83613889379495, -7.092276070184425], [106.83619382888213, -7.0922616000927405], [106.83619461668826, -7.092261353678509], [106.83619501778588, -7.092261197196422], [106.83626975054858, -7.092229929567566], [106.83627044392591, -7.092229604012971], [106.83629846500224, -7.092214984633813], [106.83629880044936, -7.092214800272757], [106.83629952620225, -7.092214334423943], [106.83634571448317, -7.0921814695990975], [106.83634619562048, -7.092181102675681], [106.83639287942788, -7.092142942642624], [106.83639328772011, -7.092142582913823], [106.8364534325799, -7.092086373487291], [106.83649810190593, -7.09204488596265], [106.83655954628608, -7.091992424910416], [106.83658908631736, -7.0919769934434385], [106.83665271874804, -7.091947616189486], [106.8366885369465, -7.091936219980539], [106.83668855942955, -7.091936289228329], [106.8366928653835, -7.0919348826886335], [106.83669285099432, -7.091934846715731], [106.83674169677192, -7.091919305531462], [106.8367705919893, -7.091913780996151], [106.8368186013974, -7.091911004788983], [106.83684443172518, -7.091915221710053], [106.8368823966054, -7.091929928323509], [106.83692084082418, -7.09195633601604], [106.83697102659164, -7.092001774262428], [106.83700369266637, -7.092039305669402], [106.83700389591314, -7.092039531399223], [106.83703807914412, -7.092076244423083], [106.8370383030753, -7.092076476448199], [106.8370693728533, -7.092107546226202], [106.83708751847428, -7.092125691847173], [106.8370923379411, -7.0921305113139965], [106.83713002043413, -7.092168192907707], [106.83713066344944, -7.092168777467066], [106.8371848853742, -7.092212718342239], [106.83718606888203, -7.092213530430058], [106.83726568226547, -7.092259262754737], [106.83726641161564, -7.092259638671351], [106.83733559106474, -7.0922914234104155], [106.83735429336599, -7.092300016432546], [106.8373946243625, -7.092329348720398], [106.83746931755502, -7.092436157602549], [106.8374918752499, -7.092477291693626], [106.83749403901874, -7.092481398897405], [106.83749412085706, -7.092481387206192], [106.83751310644476, -7.092516009306337], [106.8375489893944, -7.092604159953964], [106.83756381741631, -7.092640585194829], [106.83756550364512, -7.0926447292707735], [106.83757722810662, -7.092694747764369], [106.83762054305367, -7.092866992217864], [106.83762212226321, -7.092872977206071], [106.8376222769466, -7.092873497014239], [106.83762582926869, -7.092884287080153], [106.83764103500584, -7.0929304807570475], [106.83764112853532, -7.092930748755009], [106.83764127872212, -7.09293113366482], [106.837655573446, -7.092965403230721], [106.83767232152047, -7.093005556161415], [106.8376728530198, -7.093006626354679], [106.83769703309167, -7.093047807210496], [106.83769786226657, -7.09304899161765], [106.83773478213453, -7.093093637561253], [106.83773841989222, -7.093096848140988], [106.83776537347325, -7.093115199706631], [106.83778270790572, -7.093127001509856], [106.83778327987454, -7.093127360339338], [106.83778415491486, -7.093127803705158], [106.83782106309167, -7.093144056253152], [106.83782161797336, -7.0931442792850135], [106.83782241747065, -7.093144528397204], [106.83787179294893, -7.093157469641483], [106.83787251870183, -7.093157628821473], [106.83787313563676, -7.093157715156394], [106.83789882746896, -7.093160435605569], [106.83793662417594, -7.093164437588655], [106.83796765528314, -7.093167619390101], [106.83800230076565, -7.093170737339619], [106.83804030431668, -7.0931741574613625], [106.83807489494052, -7.093177270914282], [106.83813402176776, -7.093184714602842], [106.83818820502171, -7.093192151996163], [106.83825714974773, -7.093206800153666], [106.83826069217724, -7.09320802952692], [106.83826067509017, -7.0932080807882585], [106.83826496845359, -7.093209513408283], [106.8383389466851, -7.09323517916016], [106.83841027371523, -7.093281034691927], [106.83846252882273, -7.093327195093934], [106.83848035608361, -7.093346499041672], [106.83851914384348, -7.093407311198405], [106.83852221772622, -7.09342443608881], [106.8385242636839, -7.093465655615489], [106.83851346462473, -7.09353113615299], [106.83849233235532, -7.093605518180084], [106.83847505008356, -7.093668885310763], [106.83845459140633, -7.093743091970055], [106.83843141587721, -7.093805169472944], [106.83843128187823, -7.093805562476689], [106.83840521412941, -7.093887666082878], [106.83840057722495, -7.093942784631736], [106.83840057182897, -7.09394297618735], [106.83839936314018, -7.093987177865927], [106.83839939101915, -7.093988039416445], [106.8384145158173, -7.094172459791139], [106.83841464082309, -7.094173383394889], [106.83841580004918, -7.094179236182754], [106.83843283230942, -7.094265222162221], [106.83843320552808, -7.0942665603534465], [106.83843339618437, -7.094267040591376], [106.83846162320543, -7.094332581383469], [106.83846209894676, -7.0943335292689085], [106.83846275635119, -7.094334512227931], [106.838533842363, -7.094427074050202], [106.83853409057588, -7.094427382517665], [106.83853520573524, -7.0944284967776525], [106.83853547283388, -7.094428712614956], [106.83863810616373, -7.094508308911259], [106.8386390603444, -7.094508956423169], [106.83872654459441, -7.094560468690645], [106.83872749697645, -7.09456095162659], [106.83873201966702, -7.09456291484662], [106.8387363921708, -7.0945648142147775], [106.83888944868914, -7.094631277711244], [106.83888996130275, -7.094631481857334], [106.83889021221358, -7.094631569091575], [106.83894004814476, -7.094648056362644], [106.83900317335781, -7.09466893951992], [106.83912747225509, -7.0947320962092135], [106.83912829873208, -7.094732464931269], [106.83914707118043, -7.094739751238478], [106.83919900433062, -7.094770387543292], [106.83928581408912, -7.094845660798569], [106.83930689419788, -7.094860944776713], [106.83933188365955, -7.094876882562062], [106.83933227306602, -7.09487711728508], [106.8393679914397, -7.094897182059242], [106.83936885838614, -7.09489761013657], [106.83945168055067, -7.094933109974988], [106.8394521535941, -7.094933297034004], [106.83945257357749, -7.094933438227542], [106.8395204211306, -7.0949544167129375], [106.83952152549807, -7.094954683811579], [106.83952273868351, -7.094954814213281], [106.83960768864398, -7.094958176778391], [106.83960804657414, -7.094958183972949], [106.83960847195345, -7.094958174080432], [106.83970411305444, -7.0949536819667856], [106.83970457890325, -7.094953648691899], [106.8397098759101, -7.094953124387132], [106.83972219032688, -7.094951908503731], [106.83979698334417, -7.094944520573108], [106.83987198230619, -7.094935655056361], [106.83987249042315, -7.094935580412653], [106.83987401387469, -7.094935173019792], [106.83987458854148, -7.094934941893996], [106.83992122288618, -7.094914280869318], [106.83992203587331, -7.094913870778441], [106.83997157592756, -7.094885662643151], [106.83997177917433, -7.094885543033342], [106.84007302125298, -7.094823973647408], [106.84016316659694, -7.094782133588524], [106.84019610966277, -7.094767610436804], [106.84019672749702, -7.0947673100632755], [106.84022485109608, -7.094752268002708], [106.84023358711039, -7.094811421809595], [106.84025893180433, -7.094951235810811], [106.84028042560124, -7.095069807825325], [106.84029256734817, -7.095129002101714], [106.84031003667889, -7.095181822882751], [106.8403804437026, -7.095239184340812], [106.84041069689619, -7.0952381717042385], [106.84055223130048, -7.095223590096566], [106.84064666371262, -7.095208667645863], [106.84069680721194, -7.095197220175521], [106.84070407373406, -7.095183379609239], [106.84071430352236, -7.095153852168494], [106.84071639534545, -7.0951061269461775], [106.84070888690565, -7.0950413209001795], [106.84068968458132, -7.094930190775642], [106.84067071248347, -7.094840576931006], [106.8406636977715, -7.094816824037139], [106.84061838003424, -7.094704576055278], [106.84058921322168, -7.094644983379226], [106.84056373992473, -7.094592938713106], [106.84054899913707, -7.0945694187436175], [106.84053997623897, -7.094555023295641], [106.84058568248332, -7.094528223498685], [106.84065873711108, -7.094489394369987], [106.84074502796074, -7.094452414247485], [106.8407459074977, -7.094451979874918], [106.84079628751874, -7.094423587378628], [106.84079671289805, -7.094423329273184], [106.84082981244597, -7.094401971273896], [106.84083047164899, -7.094401502727123], [106.84086616034506, -7.0943736660118475], [106.84089132427528, -7.094359321825209], [106.84092443101775, -7.094343486562593], [106.84092503266419, -7.0943432221619105], [106.84093471836263, -7.094338964771339], [106.84095320842391, -7.094330837598022], [106.84098778375926, -7.094315639055424], [106.84104113334172, -7.0943213488511105], [106.84108918052135, -7.09433458417368], [106.8411175757156, -7.09434414576566], [106.84114750695193, -7.094361339903855], [106.84117022202821, -7.094374389066729], [106.84121207647621, -7.094400014349162], [106.84123867662368, -7.094417484579196], [106.84127647602861, -7.094442445262587], [106.8413212982394, -7.094477774229858], [106.84135505429236, -7.094505927506475], [106.84137687364387, -7.094526453632909], [106.84140347289201, -7.094551476369475], [106.84142512047299, -7.094571841517222], [106.84143384029954, -7.0945834553621125], [106.8414493607994, -7.094614271531384], [106.84144960811301, -7.094614728386944], [106.84144980506449, -7.094615053042219], [106.84146745515898, -7.094642831301599], [106.84148365374767, -7.0946683234843135], [106.84148418344836, -7.094669070820942], [106.84149513359358, -7.094682966245841], [106.84152010866615, -7.0947139820645475], [106.84154925209634, -7.094760333122849], [106.8415639272335, -7.094783671429241], [106.84156002687382, -7.094785968297742], [106.84153613638364, -7.094801784674587], [106.84151572537047, -7.09481535094767], [106.84148823399488, -7.0948336224736295], [106.84145697535916, -7.094854398611574], [106.8414561165066, -7.094849700553198], [106.8414545498876, -7.094841132712077], [106.84145206685946, -7.094830924507505], [106.84144869620042, -7.094823081519962], [106.84144184966169, -7.094816527260889], [106.84143680266635, -7.094815265512068], [106.84143233123717, -7.094814148554065], [106.84142662054217, -7.094807008836369], [106.84142280471872, -7.0947963662592315], [106.84141805449968, -7.094783120144825], [106.84139268102746, -7.094729641959361], [106.84138912690673, -7.094723456422344], [106.8413832507365, -7.094713226634042], [106.84137346970994, -7.09470164066812], [106.84136289188399, -7.09469322930903], [106.84135509745983, -7.094687032080799], [106.84134785881668, -7.094681276419749], [106.84133881703286, -7.094674086339978], [106.84132893708085, -7.094666229862582], [106.84132183423532, -7.094660582120127], [106.8413033675564, -7.094644121828708], [106.84129451193223, -7.094635837274041], [106.84128296373785, -7.094625034617593], [106.84122807811337, -7.094573689624042], [106.84120796837311, -7.094554877605447], [106.84115718545581, -7.094511182245242], [106.84114138526678, -7.094497876775563], [106.84113179939311, -7.0944898044608635], [106.8411275339086, -7.094486212568597], [106.84112170630175, -7.094483848250945], [106.84111418617084, -7.094482343685172], [106.84110097063336, -7.094479701476985], [106.84108965356472, -7.094477437883427], [106.84108191399918, -7.094475890150136], [106.8410777528361, -7.094475057377963], [106.84107236769569, -7.094473979990141], [106.84105424995374, -7.094476840733591], [106.84104241577495, -7.094478709524765], [106.84103114637037, -7.094480488383795], [106.8410197132892, -7.094486230555049], [106.8410066812134, -7.094493832524279], [106.840986956383, -7.0945065894075015], [106.84096973976176, -7.094520578361937], [106.84096211081282, -7.094526777388808], [106.84095055992049, -7.0945361618143465], [106.84094504887497, -7.09454063953882], [106.84094281046237, -7.094543059614466], [106.84093959088949, -7.094547888973864], [106.8409379802037, -7.094550305452174], [106.84095273807844, -7.094622852862301], [106.84096545089488, -7.0946332885953325], [106.84096989624379, -7.094635443370976], [106.84098941962606, -7.094645965438929], [106.84099561325701, -7.094651771462054], [106.84100109372554, -7.0946643179038915], [106.84100234198456, -7.094670560098223], [106.84100366218934, -7.094683152405537], [106.84100307673066, -7.09470012441119], [106.8410051056012, -7.09472193117216], [106.84100522880834, -7.094723254074893], [106.84100682420564, -7.094740403246988], [106.8410098702094, -7.094773151159927], [106.84101244586776, -7.094798796227394], [106.84102363613198, -7.094820430318578], [106.8410342355416, -7.09482721390475], [106.84105081814079, -7.094833776257701], [106.84108399233241, -7.094841132712077], [106.84110102009606, -7.094851397573905], [106.84111617277324, -7.094864866720172], [106.84113408187244, -7.0948918670659396], [106.84114052641422, -7.094919019397196], [106.84113994095554, -7.094943900940223], [106.84114104712171, -7.094995211759567], [106.84114506799057, -7.0950321577078626], [106.84114984249129, -7.095058756056687], [106.84115840853377, -7.095101586269152], [106.84116432967016, -7.09512869723153], [106.84117659372487, -7.095166155793436], [106.84119256658374, -7.095196167968709], [106.8412069719243, -7.095209988749957], [106.84122636580418, -7.095222653902283], [106.84125685731817, -7.0952331355007345], [106.84126291425213, -7.095235217431309], [106.84127472145127, -7.095235425174678], [106.84130367512455, -7.095231141703778], [106.8413107249101, -7.095227150512528], [106.84133056035711, -7.095213977243191], [106.84134292963256, -7.095201988381007], [106.84135722165854, -7.095188135224191], [106.84136285141454, -7.09518267903735], [106.84137598601302, -7.095163262674362], [106.84138140173036, -7.0951582984166635], [106.84140044307605, -7.0951491253318295], [106.8414131064298, -7.095147272728411], [106.8414215474665, -7.095148727831486], [106.84142966654593, -7.095150128075886], [106.84143733776301, -7.095154258662035], [106.84144451525225, -7.095158123048918], [106.84145434574151, -7.095158728292631], [106.84146200436805, -7.095159199537363], [106.84148163387039, -7.095160407326887], [106.84149458950378, -7.095159710352277], [106.84150843996258, -7.095158966612985], [106.8415347433338, -7.095157551979412], [106.84155960599111, -7.09516069241198], [106.84158625020535, -7.095164057675049], [106.8416158181156, -7.095171325995864], [106.84167486580247, -7.095186565007907], [106.84168029590899, -7.095188774642168], [106.84168989347387, -7.095194037474812], [106.84169854495195, -7.095203616153924], [106.84170738258968, -7.095227294404083], [106.84171025232632, -7.095260285134032], [106.84170777829138, -7.095280902991249], [106.84170834936089, -7.0953037457712185], [106.84171510506809, -7.095327146130842], [106.84171055180059, -7.095328818869859], [106.8416829552043, -7.095327572409474], [106.84167384147469, -7.095325713510817], [106.84166128963687, -7.095323153140953], [106.84164383019868, -7.095319616107361], [106.84163250143882, -7.095317329131376], [106.84161797738778, -7.0953143982408164], [106.84158656406873, -7.095312565422489], [106.84157375142757, -7.095312616683884], [106.84155339167575, -7.095317706846629], [106.84149993327537, -7.0953322551794145], [106.84146881223597, -7.095340724994401], [106.84145963375516, -7.0953443312758395], [106.84142450713534, -7.095359311283119], [106.84139590149971, -7.095373743603318], [106.84137665780656, -7.095388705624202], [106.84135524404934, -7.0954055283424395], [106.84134066244167, -7.095420463383618], [106.84132636232181, -7.095433106952271], [106.84129826390381, -7.095450495344039], [106.84128010029644, -7.09545869985908], [106.8412502086303, -7.095477259168149], [106.84123030123749, -7.095492145645949], [106.84120649438427, -7.095509949524512], [106.84117204315532, -7.095539123531694], [106.84115047291607, -7.095559008441455], [106.84111846964174, -7.0955930549754385], [106.8410839176887, -7.09563318452382], [106.84104410560104, -7.0956689784405285], [106.84102210368718, -7.095685292142491], [106.84096164676265, -7.095723081654853], [106.84092609116624, -7.095739340498142], [106.84091584519018, -7.095742832565634], [106.8408881523664, -7.095752633377288], [106.84086259003658, -7.0957619755346855], [106.84080081650455, -7.095784114145488], [106.84076787703594, -7.095800418854196], [106.84076563322748, -7.095793843011393], [106.84076315829316, -7.095786588180431], [106.84075049853675, -7.095790906724915], [106.84073888738982, -7.095794868238556], [106.8407406014976, -7.09579989275079], [106.84074469521158, -7.095811891505548], [106.84073884242372, -7.095814789121164], [106.84073027188458, -7.095819031223243], [106.84071876685766, -7.095823558410473], [106.84070607922223, -7.095827388623036], [106.84069652212685, -7.095830274547495], [106.84068607560198, -7.0958334275705965], [106.84068390643722, -7.095834082277008], [106.84068167611849, -7.0958344842740075], [106.84067267480418, -7.09583610485231], [106.84065992331688, -7.095837520385203], [106.84063914358165, -7.09583786212761], [106.84062695327134, -7.095830663953905], [106.84061177990975, -7.095821704008358], [106.84060799915989, -7.095820495319572], [106.84060183071, -7.095818524005608], [106.84059403628578, -7.09581603288359], [106.84058385236295, -7.095817714615805], [106.84056322371384, -7.095820738136524], [106.84055478447578, -7.095821929738236], [106.8405207316465, -7.095830788959688], [106.84050608888498, -7.095834597588578], [106.8404968915184, -7.095836990684518], [106.84047627545982, -7.095843700526302], [106.8404518822486, -7.095851638842021], [106.84044442866752, -7.0958540652129045], [106.84041653079834, -7.095863144768259], [106.84040771834157, -7.095866787022544], [106.84038982992678, -7.095877336969465], [106.84038290874429, -7.095884056703824], [106.84037869452118, -7.09588814861911], [106.84037120316856, -7.095895422335843], [106.84036419744979, -7.095898283978556], [106.84036157232879, -7.095898571761609], [106.84035228772797, -7.095899588894838], [106.84032527838895, -7.095902550362382], [106.84032190233398, -7.09590292088302], [106.84026199399591, -7.095917708435422], [106.8402391629071, -7.095935786607242], [106.84022911837917, -7.095967172946644], [106.84022631968895, -7.0959796528386505], [106.84022175652888, -7.095999999100627], [106.84021523464543, -7.096029084074928], [106.84021700361188, -7.096061828390646], [106.84021866376037, -7.096092536641208], [106.84021886251054, -7.096093738135437], [106.84021962603498, -7.096098348959572], [106.84022492124319, -7.096130307267799], [106.84023053481138, -7.096160743923122], [106.84023156453515, -7.0961663269143855], [106.84023599099822, -7.096190331618459], [106.84024036620002, -7.096221985955822], [106.84024734134181, -7.0962724532111], [106.84025137659984, -7.096301650600651], [106.84024351562579, -7.096348186019895], [106.84023797400334, -7.096376785360292], [106.84023749466473, -7.096423996170415], [106.84025168866458, -7.096461023957033], [106.84027669251543, -7.096488866967604], [106.84028875152472, -7.096484312800726], [106.84029787154958, -7.096480867497974], [106.84030568665816, -7.09648024067053], [106.84031721866478, -7.09648024067053], [106.84034896383366, -7.09647325563617], [106.84039383730578, -7.096455248510836], [106.84040137362456, -7.096451686296234], [106.84042856732458, -7.096447311094494], [106.84042825705848, -7.096444184151721], [106.8404279683761, -7.0964412703482935], [106.84042774714288, -7.096439029237786], [106.84042669943267, -7.0964284559084945], [106.84042541789876, -7.096415515563535], [106.8404239097357, -7.096400289141968], [106.84042186108007, -7.096379610130839], [106.84042006513397, -7.096361911472968], [106.84041703711665, -7.096333772585467], [106.84041469168471, -7.0963119667238175], [106.84041207375827, -7.096287627472009], [106.84040877324634, -7.096256955194292], [106.84041082459993, -7.096219388713791], [106.84041104853111, -7.096216845431002], [106.8404143022783, -7.096201157657276], [106.8404178887746, -7.096192541252719], [106.84042816712628, -7.096167846768651], [106.84042963212187, -7.09616432862083], [106.8404418593044, -7.096145307060226], [106.84044603935331, -7.096140146750315], [106.84045072392183, -7.09613436321024], [106.84046713834783, -7.096127778374239], [106.84047435001128, -7.096124884355902], [106.84049627368415, -7.096116088986264], [106.84050628403782, -7.096110795576692], [106.84052654126691, -7.096100085550461], [106.84055441035781, -7.0960867162289105], [106.84058289278636, -7.096076257113509], [106.84059310908475, -7.096072506041253], [106.84059865430453, -7.096070469976155], [106.84063098942869, -7.096056348821378], [106.84064709178989, -7.096047403265004], [106.84065514252086, -7.096042930037129], [106.84066017152975, -7.096040136742886], [106.84068187127139, -7.096015579855077], [106.8407089498582, -7.096000190656241], [106.84072180926415, -7.095994553705623], [106.84074639223229, -7.095982781580062], [106.84075085736623, -7.095980643891551], [106.84075923545043, -7.095976632015891], [106.84078238040257, -7.095964754669637], [106.84081484862645, -7.095947195406723], [106.84084866583333, -7.095927970599291], [106.84088226900155, -7.095906747498361], [106.84090972890095, -7.0958876602872465], [106.84092895550697, -7.095881855163441], [106.84095465363441, -7.095875667827784], [106.84099316889967, -7.095867738505262], [106.84101515822306, -7.095863431651992], [106.84102603732185, -7.0958613910902955], [106.84104680446649, -7.095852576834886], [106.84105532554292, -7.095848959761611], [106.84107180112278, -7.095841967532749], [106.84108751048029, -7.0958373099438745], [106.84112026468853, -7.095824244593189], [106.841143943838, -7.095813435641503], [106.84116643048645, -7.095802076304722], [106.84119148649796, -7.095789417447634], [106.84125992490567, -7.095752428331878], [106.84131031481922, -7.095727906517652], [106.84132867717676, -7.095720899899561], [106.84135543920223, -7.095710020800766], [106.8413555570134, -7.095725988263723], [106.84135564604628, -7.095748652078612], [106.84135519818392, -7.095758498755686], [106.84135488432054, -7.0957654028509864], [106.84134955403874, -7.095779108518968], [106.84134041692676, -7.095801190472514], [106.84133828283552, -7.095807379606811], [106.84133441575074, -7.095818595951414], [106.84133361265617, -7.095830002052878], [106.84133352272397, -7.095841835332408], [106.84133529348907, -7.095861525089276], [106.84133690687281, -7.095864536019462], [106.84135283746355, -7.095885142185523], [106.84135998887245, -7.095890173892371], [106.84137380245909, -7.095895263155796], [106.84138851266977, -7.095897364871462], [106.8413996948401, -7.095897025827014], [106.84140663310967, -7.095896225430408], [106.84141775682406, -7.095894262210379], [106.84142723567845, -7.095892050777479], [106.84143209561478, -7.095890916732401], [106.84144802350755, -7.09588368258585], [106.84145767683037, -7.095878855924411], [106.84146710442337, -7.095871570516522], [106.84147442850212, -7.09586591108291], [106.84148584989214, -7.095849921136903], [106.84149498700413, -7.095834692916696], [106.84149835316651, -7.095824595328793], [106.84150184073741, -7.095814134414752], [106.84150412411611, -7.095795098464976], [106.84149813642989, -7.095773417609109], [106.84149200755019, -7.095760214662107], [106.84148677709317, -7.095754241365114], [106.84148028218931, -7.095746909192485], [106.84147426212758, -7.095740112116459], [106.8414676763922, -7.0957330398478575], [106.84145337087642, -7.095724742702657], [106.84143321077414, -7.0957130497174035], [106.8414110640694, -7.095702681433579], [106.84138867634641, -7.095692583845619], [106.84139476475667, -7.095686122216705], [106.84140136398184, -7.09567911829663], [106.8414038479093, -7.095676481484361], [106.84141617131934, -7.095665366763228], [106.8414332521429, -7.095652547826774], [106.84145579275071, -7.095635631579114], [106.84147415241029, -7.095621088642304], [106.84149282593324, -7.095604497049862], [106.84151383319693, -7.095617674815799], [106.84152555765843, -7.095625261496593], [106.8415379008535, -7.0956332861471765], [106.84154450367595, -7.0956375912018075], [106.84155407156322, -7.095647928009441], [106.84156488591083, -7.095664667989979], [106.84157018651496, -7.095675676591156], [106.84157166320176, -7.095678743279336], [106.8415792768622, -7.0957046311637555], [106.84158663511516, -7.095730761865127], [106.84159866354753, -7.095781414380724], [106.84160060608315, -7.095789186321838], [106.84160305223912, -7.09579896914704], [106.84160801020158, -7.09582446942369], [106.84161341872436, -7.095843745492402], [106.84161737933863, -7.095854142554572], [106.8416219173177, -7.095866054075088], [106.84162530236586, -7.095869130655785], [106.84163306801173, -7.095876191233174], [106.84164416204851, -7.095884241064823], [106.84164856692786, -7.09588661257709], [106.84165513377746, -7.09588661257709], [106.84165684159001, -7.09588661257709], [106.84165855030193, -7.09588661257709], [106.84166823150372, -7.09588661257709], [106.84167293226005, -7.09588661257709], [106.84168435365007, -7.09587975974307], [106.8416857305121, -7.095874450145686], [106.84168711906534, -7.095869094682939], [106.841688609242, -7.095863343518431], [106.8416896839318, -7.095859201241126], [106.8416894294237, -7.095852831343052], [106.84168911016434, -7.095844848960553], [106.84168892310538, -7.095840165291349], [106.84168817217147, -7.0958329077624285], [106.84168699405961, -7.095821522345318], [106.8416860515701, -7.095812216160823], [106.8416852565694, -7.095804266153891], [106.84168417378567, -7.09579344101445], [106.84168141286699, -7.095771062284655], [106.84168085978393, -7.095766858853381], [106.84168050994765, -7.095764196860159], [106.84167987052967, -7.095756286423409], [106.8416800962595, -7.095749840982307], [106.84168032468727, -7.095743341581908], [106.84168070240253, -7.0957325650058465], [106.8416812518883, -7.095716871836146], [106.84168223035073, -7.095711949846589], [106.84168328435612, -7.095708129526486], [106.84168565676771, -7.095699528410478], [106.84168739965384, -7.095693210673062], [106.84168955442948, -7.095691517249691], [106.84169805931805, -7.095684834387555], [106.84170109183196, -7.095684728267543], [106.84170453083948, -7.095684607758415], [106.84170603450593, -7.09568455469838], [106.84170679263445, -7.095684528618051], [106.84171170832872, -7.095684355948208], [106.8417143505369, -7.095684263318049], [106.84171961786615, -7.0956840780577295], [106.84172492656415, -7.095683891898034], [106.8417302883222, -7.095683703939756], [106.84174314862747, -7.0956841886743405], [106.84174435551768, -7.0956848164011035], [106.84174708226209, -7.095686234631955], [106.84174919836687, -7.095687334502827], [106.84175131447165, -7.0956884352730185], [106.84175343057643, -7.09568953514389], [106.841757662786, -7.095691736684273], [106.8417668547566, -7.095696485104668], [106.84177423639198, -7.095700287438262], [106.84178342926191, -7.095705023268181], [106.84178544104532, -7.095706060186501], [106.841795479278, -7.0957093624970184], [106.8418046865371, -7.095712360836728], [106.84181001412094, -7.095714094729658], [106.84181587320404, -7.095716003091013], [106.84182112434547, -7.0957177091049175], [106.8418261506564, -7.095719339575794], [106.84183087839239, -7.095720872919912], [106.84183445589548, -7.09572203304532], [106.84184055239962, -7.095724009755202], [106.84184329443258, -7.095724899184688], [106.8418465382872, -7.0957259513915005], [106.84185382819169, -7.0957293364396605], [106.84186325398605, -7.095733712540778], [106.84186394016876, -7.095734030900758], [106.84187206014752, -7.095737819744556], [106.84188872008843, -7.0957456294572125], [106.84189742732445, -7.0957500361352], [106.8419026047215, -7.0957527862620395], [106.84191091805451, -7.0957572019332815], [106.84191659007865, -7.095760215561427], [106.84192413269261, -7.095767339091367], [106.84193029484732, -7.095773159503665], [106.84193173646054, -7.095778204700366], [106.8419333417504, -7.095783820067197], [106.84193468174021, -7.095786634945227], [106.84193796606434, -7.09579353184597], [106.84194014422235, -7.0957981066972025], [106.84195204944757, -7.095805598049878], [106.84195701190663, -7.095808187198031], [106.84196312819586, -7.095808229466172], [106.84197082998986, -7.0958070450590185], [106.841978493113, -7.09580586604784], [106.84198611756534, -7.095798562653499], [106.8419922401498, -7.095792696375781], [106.84199340297323, -7.095791583015114], [106.84199920539908, -7.095786024305539], [106.84200325234826, -7.09578214732818], [106.84200468766625, -7.0957807722647885], [106.84200905927071, -7.095774338514843], [106.84201037767684, -7.09576868537647], [106.84201159805684, -7.095763446825572], [106.84201267184739, -7.095755855648179], [106.84201283372533, -7.0957518302827225], [106.8420129938047, -7.0957478507826295], [106.84201317546774, -7.095743302011726], [106.84201328878231, -7.095740459254728], [106.84201455592705, -7.095739334202847], [106.84201760462884, -7.095736721672324], [106.84202395114448, -7.095731281673238], [106.84203232653073, -7.095726712217925], [106.84203936102773, -7.095727181664074], [106.84203992849996, -7.09572721943556], [106.84204742794651, -7.095727474843045], [106.84205426189476, -7.095727474843045], [106.84205891678562, -7.095727474843045], [106.84206126041892, -7.095727474843045], [106.84206349073759, -7.0957271025237105], [106.84208867175488, -7.095722905387731], [106.84209588341832, -7.095719815317182], [106.84210281809067, -7.0957157225025185], [106.84210846853108, -7.095711483997718], [106.84211140391824, -7.095706035005492], [106.84211379971214, -7.095701586059306], [106.84211564152372, -7.095692743924928], [106.84211760654239, -7.09568331183533], [106.84211936741491, -7.095675092031797], [106.8421209088529, -7.095667896556108], [106.84212273177872, -7.095661205600095], [106.84212464553605, -7.095658503137372], [106.84213119349982, -7.095649258106732], [106.84213394632462, -7.095645372136175], [106.84214019841147, -7.095634829383812], [106.8421422128929, -7.095631878708161], [106.84214901266688, -7.095623877439948], [106.84215033377097, -7.095622323411476], [106.8421629989233, -7.095611814833319], [106.84217319094006, -7.095604884657632], [106.84217604718691, -7.095601837754543], [106.84217853291301, -7.095599185653839], [106.84218461233007, -7.095592701541875], [106.84218728601451, -7.095585748883138], [106.84219077898132, -7.095576665730505], [106.84219222599052, -7.095572904765675], [106.8421941424458, -7.095562219021133], [106.84219444012138, -7.095560563369247], [106.84219649687088, -7.09554909881183], [106.84220127137166, -7.0955516429938825], [106.84220541185033, -7.095553849030864], [106.8422095433358, -7.095559900568901], [106.84221612817186, -7.095569545797844], [106.84222106814786, -7.0955797297207255], [106.84222565738821, -7.095593302289046], [106.84222762330626, -7.095599117305369], [106.84224174985695, -7.095614390491676], [106.8422451546902, -7.095615857285964], [106.84225371533677, -7.095619544506349], [106.8422582497185, -7.095621497833804], [106.8422769565164, -7.095627578150186], [106.84228447125139, -7.095628714893223], [106.84229603563358, -7.095630464973908], [106.84231053450361, -7.09563156304614], [106.8423224154472, -7.095631242887521], [106.84232920263065, -7.095631060325104], [106.84233946479452, -7.095630783333945], [106.84234543989021, -7.095630622355316], [106.8423615233657, -7.095630189781389], [106.84237104808545, -7.095629932575264], [106.84238376719713, -7.095628386640669], [106.84239512023868, -7.0956270070806795], [106.84240795176561, -7.095625447656232], [106.8424190664868, -7.095626579902671], [106.84243452493342, -7.095630853481055], [106.8424426970729, -7.095635034429222], [106.84245627503714, -7.095646892889761], [106.8424644786528, -7.095659619195999], [106.84247245923666, -7.095672000162608], [106.84248339948937, -7.095704703109504], [106.84249166515826, -7.095732442698022], [106.84249429837325, -7.095743159019548], [106.84250166022349, -7.095773343864664], [106.84250524222318, -7.095789815847297], [106.8425062296788, -7.0958016212478014], [106.84250203793874, -7.0958232112721475], [106.84249275063996, -7.095845242863618], [106.84248533123309, -7.09586284709269], [106.84248350920666, -7.095867492990351], [106.84247694415569, -7.09588422847429], [106.84247037101085, -7.095906001960373], [106.8424636045118, -7.095929385232921], [106.84245566889405, -7.095958480999059], [106.84245424976388, -7.0959636844764304], [106.84245035030347, -7.095977983696969], [106.84244523675835, -7.095985572176346], [106.84243372093954, -7.096002660194586], [106.84242670712689, -7.096013069847231], [106.84241974277694, -7.096018206774772], [106.84241299606299, -7.0960219551490695], [106.84239957907738, -7.096029412327482], [106.84238550918394, -7.096037231932655], [106.84237114970887, -7.096045212516515], [106.84234888879024, -7.09605758359055], [106.84233460395888, -7.096065522805588], [106.84231831543798, -7.0960734854029965], [106.84230893101244, -7.096077890282345], [106.84228637691484, -7.096088477101489], [106.84227976869641, -7.096091577963932], [106.84226507557287, -7.096107252247862], [106.84225796643204, -7.096118071991384], [106.84225476484556, -7.096129809043418], [106.84225603558764, -7.096140829335752], [106.84225913914804, -7.096150201170815], [106.84225997012157, -7.096151863117939], [106.84226450540268, -7.096160932780776], [106.84226964412886, -7.096176351657277], [106.84227252375803, -7.096187389936063], [106.84227649696282, -7.096202620854228], [106.84227626134043, -7.09620627479967], [106.84227549242007, -7.096218183622227], [106.84227069363766, -7.0962340269787205], [106.84226426078709, -7.0962492345145165], [106.84227051737054, -7.096291713092057], [106.8422758890211, -7.0963055518597], [106.84227884419334, -7.096315157518461], [106.84228097109002, -7.096322069707696], [106.84228820253855, -7.09633498397227], [106.842300225575, -7.096347677902941], [106.84230333093404, -7.096350053012486], [106.84231980381594, -7.096354049599654], [106.84233334670665, -7.096350538646391], [106.84234036141862, -7.096348720217236], [106.84235368577401, -7.096340726143524], [106.84235939736834, -7.096337298827223], [106.84237268934817, -7.09632758524981], [106.84238322400665, -7.096319170293441], [106.84239454017597, -7.096308889243801], [106.84239636759833, -7.096307228195997], [106.84240771164662, -7.096300762070484], [106.84241275324604, -7.096298834823301], [106.84242837267135, -7.096294751901212], [106.84243515355956, -7.096294149355458], [106.84244334458475, -7.096293420904601], [106.84244883944245, -7.096293107940539], [106.84246837361661, -7.096291995479135], [106.84247844512419, -7.096291421711669], [106.84248185085681, -7.096291227458153], [106.84249179106337, -7.096290660885245], [106.84250064398958, -7.096287288427561], [106.84253038456967, -7.0962756206233735], [106.84254199391796, -7.096270872202922], [106.84255799105853, -7.0962657586578075], [106.84256482500672, -7.096264050845207], [106.84258440774425, -7.096260880735031], [106.84259772400583, -7.096259632476006], [106.84263067426627, -7.096261355577042], [106.84264755633973, -7.096267256928343], [106.84265645872864, -7.09627238306399], [106.84266473069283, -7.096277145873557], [106.84267614848551, -7.096284757735361], [106.84269022287555, -7.0962884386604514], [106.8427004283821, -7.096289119447249], [106.84271256922972, -7.096286446662134], [106.84272520560381, -7.096281702738338], [106.84272722188382, -7.096280516532545], [106.84274343126441, -7.096268996217134], [106.842749040336, -7.096264284668962], [106.84275518090692, -7.096259121661092], [106.84276980748069, -7.0962466885338245], [106.84279255852982, -7.09622685848268], [106.84280230987878, -7.096220154936134], [106.84281010340362, -7.096214796775428], [106.84282257879903, -7.096206927707499], [106.84283833492128, -7.096197195244315], [106.84284416162882, -7.096195739241921], [106.8428670745559, -7.09619001056052], [106.84286787854984, -7.096189810011651], [106.84288671395075, -7.096188516786583], [106.842898912355, -7.096190211109331], [106.84292058781494, -7.096196682630762], [106.84293374309783, -7.096201495802347], [106.842947697878, -7.096206129109532], [106.84295386183135, -7.096208122906489], [106.84296919617151, -7.096215650232011], [106.84298300616086, -7.096225369205399], [106.8429842643124, -7.096231344301032], [106.84298605306395, -7.096239835699805], [106.84298415279648, -7.096244775675814], [106.84298155195711, -7.096250123944003], [106.84297287260006, -7.0962550063633785], [106.842970063118, -7.0962565864722364], [106.84296519508774, -7.096256116126824], [106.8429591885158, -7.096255534265424], [106.84295572162932, -7.096255198818312], [106.84295140848076, -7.096254781532878], [106.84294645861223, -7.096254303093588], [106.84293879009317, -7.096252211270496], [106.84293098307847, -7.096250082575182], [106.84292635696585, -7.096248820826361], [106.84292035758847, -7.096247184060246], [106.84290279382896, -7.09624239427103], [106.84289620359698, -7.096240597425606], [106.84288628947075, -7.096238817667256], [106.84287200733735, -7.096236253700113], [106.84286650888237, -7.096235267143811], [106.84284012996807, -7.096235433518416], [106.84283619183685, -7.0962365765566915], [106.84282234497527, -7.096240596526286], [106.84281016275884, -7.096254303093588], [106.84280702682287, -7.09626818862597], [106.84280502852931, -7.096287581606532], [106.84280543142557, -7.096307427845488], [106.8427971603607, -7.096309773277369], [106.84278240248597, -7.096316882418137], [106.84276083944127, -7.096331500897975], [106.8427348526314, -7.096355024464742], [106.84271751640034, -7.096375915715896], [106.8427005183143, -7.096398602013835], [106.84268137894253, -7.096426748095894], [106.84267075525122, -7.096453538899652], [106.84264805726207, -7.09648738758284], [106.84263009780085, -7.0965097510241435], [106.8426211828214, -7.096506598900362], [106.84260832791205, -7.096500595925704], [106.8425972977272, -7.096497968106689], [106.84257367343633, -7.096495995893463], [106.84253713757892, -7.096499394431476], [106.8425077621236, -7.096508227572599], [106.84248609205957, -7.096527330072206], [106.84248046500153, -7.096532223283418], [106.84245838304798, -7.096554305236964], [106.84244619993223, -7.096575625464709], [106.84243149421815, -7.096612674835001], [106.84243216061577, -7.096630651383407], [106.84243451773887, -7.096638769563526], [106.8424491155343, -7.096661072750237], [106.84246247316469, -7.096674727156881], [106.84247513471973, -7.096686031634988], [106.84249914122245, -7.096694147117148], [106.84252919656524, -7.096704305858964], [106.84253831029486, -7.096705832907787], [106.84254641588444, -7.096707191783423], [106.84255285682895, -7.096708270969884], [106.84256615600333, -7.096710499489916], [106.84257924653508, -7.096712692936364], [106.84259238473084, -7.096714893577428], [106.84261725368339, -7.096711490542816], [106.8426337769273, -7.0967092296471606], [106.84265853616256, -7.096705841901041], [106.84269089287045, -7.096701414538586], [106.8426990883923, -7.096718310101892], [106.84270259574828, -7.096725540651107], [106.84270762925377, -7.0967359179282425], [106.84270995759852, -7.09675342413118], [106.84271027775719, -7.096767511111693], [106.84270953491716, -7.096790028337068], [106.84270766972327, -7.096824797926047], [106.84270594572286, -7.096856945091872], [106.84270001559332, -7.096889785635028], [106.84269136861184, -7.0969200855934105], [106.84268534225481, -7.096958156593587], [106.84267672045434, -7.096994082710694], [106.84267363308174, -7.097005080519978], [106.84264791696785, -7.0970417512757535], [106.84263120756424, -7.09706514174286], [106.84263031273878, -7.0970663944984835], [106.84262811659437, -7.097068713850035], [106.84260034373096, -7.097098048835846], [106.8425873422321, -7.097111375889256], [106.84257778064011, -7.0971201622656395], [106.84256902124338, -7.097127618544732], [106.84256276825721, -7.097131988350554], [106.84255267246795, -7.097139043531968], [106.84253463116835, -7.097151093548064], [106.8425294151005, -7.09715436528171], [106.84251830037931, -7.097161337725481], [106.84250684031849, -7.097168526905932], [106.84249953422619, -7.097176572240983], [106.84248988809793, -7.097190604362879], [106.84247984177136, -7.097205216547479], [106.84246686635288, -7.097217504883872], [106.84244920007058, -7.097231925512915], [106.84243838122637, -7.097239794580787], [106.84242868293745, -7.097246848862937], [106.84242407391196, -7.097250200636211], [106.84240237237162, -7.0972576245396795], [106.84239266419019, -7.0972530559836855], [106.8423897117159, -7.097247395650754], [106.84238581225549, -7.09723992138521], [106.84238647145855, -7.097234537144118], [106.84238678082534, -7.0972320118478365], [106.84238729613685, -7.097227803919964], [106.84238814509689, -7.09722086475108], [106.84238923867247, -7.09721193808042], [106.84238863612671, -7.097200799077541], [106.84238809653351, -7.097190808508969], [106.84238247756934, -7.097184226370928], [106.8423776616998, -7.097178584923711], [106.84237085922786, -7.097170616930384], [106.84236810910102, -7.097167394659493], [106.84235775880359, -7.097161377295663], [106.84234877547567, -7.097156154932577], [106.84234355311253, -7.097153118821325], [106.84233901783148, -7.097154319416234], [106.84233137269473, -7.097156342890855], [106.8423180762183, -7.09716431717942], [106.842313612883, -7.097173897657228], [106.84231455537247, -7.097187733726855], [106.84231734956609, -7.097206416243068], [106.84231813197624, -7.097210471286189], [106.84231950524105, -7.097217588520834], [106.84232128050274, -7.0972267867867345], [106.84231995310341, -7.097233919309872], [106.84231880826644, -7.097240076068601], [106.8423179503132, -7.097244684194777], [106.84231658154505, -7.097252045145694], [106.84231441957485, -7.097263667084519], [106.84231413538907, -7.0972767009589575], [106.84231652039114, -7.0972897789001195], [106.84231838558509, -7.097298710067378], [106.84232011048476, -7.097306472115974], [106.84231888470885, -7.09731280244381], [106.8423178262068, -7.097318273019823], [106.84230929253988, -7.097330929179009], [106.8423022679354, -7.097339662495358], [106.8422928655234, -7.097351351883333], [106.84229166223048, -7.097357191181402], [106.84229072423761, -7.097361739052985], [106.84229328820476, -7.097368035206614], [106.84229612556578, -7.097375000455884], [106.84229920754245, -7.097376889032148], [106.84230512328287, -7.097380515098621], [106.84231265600431, -7.097385821098726], [106.84231896834575, -7.097390609089302], [106.84232397487159, -7.0973982695144855], [106.84232686799061, -7.097402696876941], [106.84233029440765, -7.097410977834329], [106.84233000842323, -7.097418115753385], [106.8423282790269, -7.097421430654435], [106.84232614133839, -7.097427768176885], [106.84232544076656, -7.097432677575966], [106.84232692734588, -7.097437004214328], [106.84232858119913, -7.097441815587274], [106.84233343484021, -7.09744895350633], [106.84233710857075, -7.097450507534859], [106.842340859643, -7.097452094838275], [106.84234854974585, -7.0974557469850765], [106.84235228103302, -7.097457519548868], [106.84235907451176, -7.097461751758374], [106.84236397491759, -7.097464804057438], [106.84236293170397, -7.097471460839188], [106.84236078052567, -7.097482410085092], [106.84235848725444, -7.097491221642542], [106.84235401582521, -7.097508404089524], [106.84235373793473, -7.097509470685452], [106.84235338090389, -7.097510840352925], [106.84234984476956, -7.097524426411098], [106.84234851557159, -7.097533632770876], [106.84234688240275, -7.09754602183142], [106.84234426987223, -7.097565834795375], [106.842342931681, -7.097575983644674], [106.84234189746064, -7.0975846414179955], [106.84234251529489, -7.097596387463284], [106.8423443723949, -7.097627036358574], [106.84234494706169, -7.097633274056307], [106.84234622499832, -7.097647146998213], [106.84234752631733, -7.097661280743466], [106.84234787795225, -7.097665092969635], [106.84234574655903, -7.097665010231992], [106.84234454146747, -7.0976642062381075], [106.8423436682258, -7.097662729551303], [106.84234320417562, -7.097661945342452], [106.84234227607521, -7.097660376924807], [106.84234108087622, -7.097658356148145], [106.84233951155926, -7.09765570584608], [106.84233858435823, -7.097654137428435], [106.84233765625788, -7.097652569010791], [106.84233650602499, -7.0976506246765325], [106.84233540165752, -7.097648758583318], [106.84233387101142, -7.09764593741005], [106.84233275675138, -7.0976435883808335], [106.84233106692528, -7.0976399982872636], [106.84232824575201, -7.097633958440383], [106.84232740758387, -7.097632162494278], [106.84232631580687, -7.097629825156275], [106.8423243013255, -7.09762551200771], [106.84232270143161, -7.097622085590729], [106.84232117438273, -7.097618815655778], [106.84232030473834, -7.097616953159786], [106.84231829475357, -7.097614405380455], [106.8423167344298, -7.09761258515266], [106.84231519389112, -7.097610787407859], [106.84231440248777, -7.0976101039231025], [106.84231233404705, -7.09760936198245], [106.84231043827617, -7.097608828684429], [106.8423079516507, -7.097608184769854], [106.84230681760562, -7.097608209950863], [106.8423043939327, -7.097608379023427], [106.84230257010756, -7.09760850672717], [106.84230206648726, -7.097608541800696], [106.84229968688112, -7.097608881744463], [106.84229739900582, -7.097610191157344], [106.8422948116563, -7.09761172989738], [106.84229195001353, -7.09761421472416], [106.84229059113795, -7.097616181541525], [106.84228872954128, -7.09761887680969], [106.84228556932362, -7.097623452560242], [106.84228339116561, -7.0976266055833435], [106.84228117973271, -7.097629184838979], [106.84227895301132, -7.09763130094376], [106.84227499059841, -7.097635064606493], [106.84227304986143, -7.09763660334653], [106.84227049218953, -7.097638086328573], [106.84226635261012, -7.097640486619127], [106.8422636591406, -7.097641939024243], [106.84226164375991, -7.0976425802408585], [106.84225883967378, -7.097643472368304], [106.84225454990764, -7.097643479562862], [106.84224848937635, -7.097643246638484], [106.84224315189999, -7.097643041593074], [106.842240599624, -7.097643457079812], [106.84223631705242, -7.0976443330195025], [106.84223166935612, -7.097645283602901], [106.8422279038947, -7.097646207206651], [106.84222586603096, -7.0976476623097255], [106.84221871282341, -7.097652932336928], [106.84221286902874, -7.097658850775304], [106.84220671227001, -7.097667244147942], [106.84219700498784, -7.097680475873233], [106.84218802345856, -7.097692489916426], [106.84217526297806, -7.09770740876985], [106.84216562224572, -7.097716059348613], [106.84215278532287, -7.097724503982647], [106.8421443748631, -7.0977273188606205], [106.84213261083141, -7.097730130141372], [106.8421204546953, -7.097731579848471], [106.84211451377388, -7.0977319521678055], [106.84210825539174, -7.09773119583798], [106.84210044298112, -7.0977302515498195], [106.84209520443022, -7.097729619326401], [106.8420837021012, -7.0977279106145374], [106.84206239086672, -7.097724636182988], [106.84205246325064, -7.0977231109328045], [106.84204860515905, -7.097723254824302], [106.84203338233476, -7.097724115475501], [106.8420216506787, -7.0977247791751665], [106.84200741620936, -7.097726197406018], [106.84199183275695, -7.097730245254581], [106.8419796640303, -7.09773340637156], [106.84197136958312, -7.097733439646504], [106.8419567295195, -7.09773349720308], [106.84194569034139, -7.0977315942376435], [106.84193314210091, -7.097729430468803], [106.84192133759973, -7.097727395303025], [106.84191429590811, -7.097724289044663], [106.84190959784974, -7.097721110840553], [106.84190318568352, -7.097716772510978], [106.84189091803148, -7.097708472667819], [106.84186866610611, -7.097693231857136], [106.8418580828843, -7.097685934758033], [106.8418343308897, -7.097669476265253], [106.84182111805023, -7.097660198859046], [106.84180282044389, -7.097649237921928], [106.84178637454158, -7.097643454381853], [106.84176392026876, -7.097637646560088], [106.84174620991973, -7.097633932360054], [106.84174066559927, -7.097640159265893], [106.84172928018222, -7.09765428221931], [106.84171576517048, -7.097673097835127], [106.84170282932217, -7.097691105859781], [106.84166611899627, -7.097748026650038], [106.84166260714369, -7.097764126313336], [106.84165885517211, -7.097781323149491], [106.84165571384017, -7.097795719496787], [106.84165255901843, -7.09782148237548], [106.84165101937913, -7.097843032829644], [106.84164894913977, -7.097880701832878], [106.84164843562684, -7.097906368484075], [106.84164804801907, -7.0979257470755215], [106.8416515823547, -7.097947542145334], [106.8416532676842, -7.097957934710848], [106.84165490085303, -7.09796800621848], [106.84165490085303, -7.097978931182695], [106.84165490175235, -7.097989706859437], [106.8416498763408, -7.098000473542982], [106.84164690588005, -7.0980068389444], [106.84164233732406, -7.0980216867513946], [106.8416435145366, -7.098039343141124], [106.84164576464036, -7.098063946793673], [106.8416508521052, -7.098090061307232], [106.84165472188795, -7.098095024665611], [106.84166402627386, -7.098106959568497], [106.84167201225364, -7.098117201947275], [106.84167849186895, -7.098125512582271], [106.84168577008228, -7.098134847545111], [106.84169360047935, -7.098144892073037], [106.84169958906483, -7.098152572283311], [106.84170857778872, -7.0981598837715865], [106.84171830575525, -7.09816636878287], [106.84174143182167, -7.098181786759994], [106.84176340405793, -7.098196434917497], [106.84177115801259, -7.098195326952748], [106.84179053120812, -7.098192559738777], [106.8418323847568, -7.098186580146489], [106.84183535971414, -7.098186154767177], [106.84184781172718, -7.098181174321667], [106.84186145983858, -7.0981757154368665], [106.84187844713267, -7.09816892015948], [106.84188766068706, -7.09816562774148], [106.84188936760029, -7.0981656843987935], [106.84189456298378, -7.0981658570685795], [106.84190320906589, -7.098166145750952], [106.84191627351726, -7.098166581022838], [106.84193159436762, -7.098167091837752], [106.84196056782599, -7.098168057709643], [106.84198104628831, -7.09816874029508], [106.84202585141196, -7.0981702331696965], [106.84206110033955, -7.098171069539205], [106.84210063453673, -7.09816795158963], [106.84215112337569, -7.098163971190274], [106.8421604619358, -7.09816323464554], [106.84217149751663, -7.098162364101768], [106.84218959367485, -7.098160937777038], [106.84219423867324, -7.098160570853622], [106.84223905458873, -7.098144393848656], [106.842263149225, -7.098134439252931], [106.84228651091382, -7.0981209808985], [106.84228891390234, -7.098119596841855], [106.84229087172639, -7.0981151362045125], [106.84229441685392, -7.098107060292534], [106.84230199454146, -7.09808979420859], [106.84231098866127, -7.098069304055116], [106.84232018872581, -7.098048342656853], [106.84232567369094, -7.098035845677714], [106.84234036861318, -7.098012542444849], [106.84234625917259, -7.098006881212541], [106.84235409676421, -7.09799934939042], [106.84237028006442, -7.0979825545512085], [106.84238069421372, -7.097971421843624], [106.84238985021148, -7.09798408699595], [106.8424008003567, -7.09799603359005], [106.84241110658735, -7.098005051092173], [106.84242960294387, -7.0980159023119995], [106.84243803588669, -7.098019009469681], [106.8424583093036, -7.098028864240632], [106.84247319668071, -7.09803779630721], [106.84248959132162, -7.098047633091767], [106.84250723422156, -7.098061181378398], [106.84251928783493, -7.098075020146041], [106.84253516626495, -7.098097044542897], [106.8425461379939, -7.098108438953261], [106.84256820286032, -7.098120362164934], [106.84260404354183, -7.09813933156488], [106.84263369418971, -7.098154552590472], [106.84265212489572, -7.098159854993241], [106.84267483457603, -7.098166147549648], [106.84269254042846, -7.098173305253795], [106.84271273830228, -7.09818657834785], [106.8427320818202, -7.098200400028418], [106.84275321768689, -7.098216205613369], [106.84277456579366, -7.09823217037831], [106.8427892742057, -7.098237496163449], [106.84280216778586, -7.098242164544217], [106.84281596878202, -7.098240736420792], [106.84282998111877, -7.0982412472357055], [106.84284214355017, -7.09824168880283], [106.84285689512967, -7.098250254845311], [106.84286478038536, -7.098260347936673], [106.84286879316033, -7.098265483964894], [106.84287681781097, -7.098277151769082], [106.84288586858804, -7.098290310649247], [106.84289592930378, -7.0983049381223395], [106.84290662404152, -7.098320486501223], [106.84291976223727, -7.098335774076645], [106.84293399310934, -7.098349598455172], [106.84295174932384, -7.098361583720077], [106.8429796795686, -7.098380436208117], [106.84300876544222, -7.098388441972986], [106.84304192614405, -7.09839756829308], [106.84307862208078, -7.098406436507787], [106.84310308723775, -7.098412348650925], [106.84313311110424, -7.098425680200933], [106.84315739459817, -7.098450666065332], [106.84316477803213, -7.098459654789167], [106.84316809832916, -7.098463696342492], [106.84318184446659, -7.098488805413979], [106.84318606588431, -7.0985062972278], [106.84319174870029, -7.098529844176937], [106.84319113086605, -7.0985513460677225], [106.84318095863438, -7.098573896568041], [106.84317871932251, -7.0985755216429425], [106.84316856777525, -7.098582139753887], [106.84315929486564, -7.098586595894631], [106.84315517147405, -7.098588578000431], [106.84312753620691, -7.098595679047321], [106.84306863510949, -7.098600332139597], [106.8430660738403, -7.098600386998214], [106.84304567361903, -7.098602191937573], [106.84303377378967, -7.098603560705726], [106.84301392305417, -7.098604284659984], [106.84299144270096, -7.098604373692865], [106.84297646719028, -7.098602638900616], [106.84296939042508, -7.098600459843283], [106.84295728644969, -7.098596734851412], [106.84295004241056, -7.0985973068201815], [106.84294664657057, -7.0985975748182], [106.84294233522064, -7.0985979147619105], [106.8429143609091, -7.09860332957993], [106.84290060577837, -7.098608421541371], [106.84288691000296, -7.098614991988256], [106.84287782415231, -7.098619843830704], [106.84286502320231, -7.098627029413819], [106.84286174247552, -7.098628967452839], [106.84284076399013, -7.098641326835718], [106.84282362291191, -7.098653103457934], [106.84281840774338, -7.098658797965129], [106.8428135792833, -7.098665809079762], [106.84281181031685, -7.098670054779177], [106.84280433964864, -7.098690856997393], [106.84279610815395, -7.0987145928041855], [106.84279376811799, -7.0987283569280635], [106.84278726512025, -7.098749313829728], [106.84278014788555, -7.098766087984529], [106.8427784688513, -7.098775964339211], [106.84277766755537, -7.09878067678676], [106.84277546781362, -7.098793617131662], [106.84277517283601, -7.098794565017101], [106.84276837306203, -7.098832409388137], [106.84274426133862, -7.098858424976299], [106.84272189789732, -7.098860257794627], [106.84270651769168, -7.098872331193093], [106.84269827450584, -7.098880969181323], [106.84269230750402, -7.098889686309917], [106.84268888288568, -7.098901324436554], [106.8426885780155, -7.098913289916368], [106.84268947643824, -7.0989243299937925], [106.84270745838256, -7.098892689146226], [106.84271380399889, -7.098903475614861], [106.84273410889205, -7.098938374706165], [106.84277725566585, -7.098976445706342], [106.84276202744564, -7.098997385520875], [106.84272847913604, -7.099004473077912], [106.84273581400669, -7.099017596884551], [106.84274297081151, -7.099035063517306], [106.84274442681391, -7.099047538912771], [106.84274416960778, -7.099052291829764], [106.84274369026917, -7.099061167239029], [106.84273859740841, -7.099081198738304], [106.84273009791576, -7.099091994200137], [106.84272756182759, -7.099093934037796], [106.84271843910471, -7.0990977183849395], [106.84271597406303, -7.099098054731371], [106.84271048370192, -7.099098803866639], [106.84270676770325, -7.099099310184954], [106.84270009023703, -7.099098400071057], [106.84269457559424, -7.09909764823783], [106.84268811036804, -7.099096168853066], [106.84268226207678, -7.099093536537453], [106.84266932173188, -7.099086388725823], [106.842660254767, -7.099082450594551], [106.84265270585774, -7.099081035061658], [106.84263747763754, -7.099079512509434], [106.84262224851801, -7.099081035960978], [106.84261396935926, -7.099081788693525], [106.84260241576891, -7.099082839101698], [106.8425872343135, -7.099083393084072], [106.84257015528851, -7.099083518089856], [106.84255249440213, -7.099083647592238], [106.84253257172088, -7.099083792383055], [106.84252859851608, -7.09908382206072], [106.8425098026853, -7.0990839605563], [106.8425001052957, -7.099084031602729], [106.84248411534969, -7.099087357295673], [106.84246617207623, -7.099094541979468], [106.84245434329335, -7.099102428134529], [106.842446565057, -7.099107613625449], [106.84244272045527, -7.09911850621404], [106.84244038581522, -7.099125119828386], [106.84243874545183, -7.099129767524687], [106.84244114664165, -7.099138708584462], [106.8424463582129, -7.099146519196438], [106.84245625795, -7.099160985690901], [106.84246608124471, -7.099173660735801], [106.84247426957194, -7.099184225971214], [106.84246837631457, -7.099190610258404], [106.84246504882299, -7.0991983408306965], [106.84245907822395, -7.0992122146719225], [106.8424526642591, -7.099227117337534], [106.84244550205835, -7.099245892483907], [106.8424413444925, -7.099265094808231], [106.84243806286639, -7.099280253780648], [106.84243500067481, -7.099294398317795], [106.84243026304625, -7.099314666338728], [106.84242748234249, -7.099325786455836], [106.84242448580142, -7.09933777531802], [106.84242440845975, -7.099345373689971], [106.84242423938719, -7.099361875350212], [106.842424071214, -7.099378382406371], [106.84242391473197, -7.099393756316772], [106.84242339852108, -7.099405746078276], [106.84242163045394, -7.099424598566316], [106.8424197472736, -7.099444685823528], [106.84241821213084, -7.099447718337501], [106.84241583342401, -7.099452419093836], [106.84240284361641, -7.0994780830470745], [106.84239864558111, -7.099480920408098], [106.84239544759191, -7.099483082378299], [106.84239293218815, -7.099484782996285], [106.8423904761396, -7.099487566398011], [106.84238812800976, -7.099490228391289], [106.84238530683649, -7.099493425481171], [106.84238329325444, -7.099496040709653], [106.84238025894183, -7.099500424005328], [106.84237792340252, -7.0995026048613], [106.84237312012345, -7.099505147244713], [106.84236851829257, -7.0995070547067485], [106.84236649391863, -7.0995070547067485], [106.84236624030979, -7.0995070547067485], [106.84236244427143, -7.0995070547067485], [106.84235937308665, -7.099506408993534], [106.84235298520218, -7.099503541055526], [106.84235026655165, -7.099501811659252], [106.84234683383937, -7.099497449047988], [106.84234439038136, -7.099493920108273], [106.8423397381884, -7.099486453037343], [106.84233751146706, -7.099485339676619], [106.84233558781716, -7.0994843783013835], [106.84232961362085, -7.09948139165283], [106.8423267375889, -7.099481161426411], [106.84232387055027, -7.099481808038945], [106.84231856455017, -7.099483006835271], [106.84231069728094, -7.099484782996285], [106.84230358184487, -7.099488340714288], [106.84230277155575, -7.099488745409246], [106.84230144685432, -7.099489480155341], [106.8422991760662, -7.099492077397429], [106.84229643133528, -7.099495213333398], [106.84229276569863, -7.099500189282253], [106.84228899753924, -7.099508196845761], [106.84228833204094, -7.0995158464791075], [106.84228791295686, -7.099520662348652], [106.84228655408128, -7.099526013314801], [106.84228550996835, -7.099529773380311], [106.84228499915343, -7.099531610695237], [106.84228270947949, -7.099533671941344], [106.84228020576694, -7.099535924743066], [106.84227475317738, -7.099537354665131], [106.84226501262032, -7.099538654185494], [106.84226360428198, -7.099537991385148], [106.84225569474455, -7.09953426909118], [106.84225206777876, -7.099532563077275], [106.8422463049231, -7.099528129419582], [106.84224121206233, -7.099524606775162], [106.84223760488163, -7.099523318046636], [106.84223151017613, -7.099521140787942], [106.84222591369502, -7.099523099511373], [106.84222173184753, -7.099524562708382], [106.84221577563761, -7.099526881160614], [106.84220625811236, -7.099534615330185], [106.84219870650514, -7.0995417613431755], [106.8421911530993, -7.099549313849707], [106.84218441447922, -7.0995528814602835], [106.84218148358866, -7.0995544327907965], [106.84217433937431, -7.0995566505189345], [106.84216602604135, -7.099557689235951], [106.84216130639925, -7.099557279145074], [106.84215838180393, -7.099557024636908], [106.84215499046053, -7.099556729659298], [106.8421526810015, -7.099556529110487], [106.84214851354312, -7.099556166683726], [106.84214107704912, -7.099557281843033], [106.84213328532292, -7.099558450961695], [106.84212825631403, -7.09956229646275], [106.84212472647499, -7.099564996227571], [106.84211923971122, -7.0995725990961205], [106.84211615503659, -7.099584496227465], [106.84211501109894, -7.099597050763236], [106.84211463248437, -7.099611728598347], [106.84211202984636, -7.0996334121522295], [106.84210881297139, -7.099650963321267], [106.84209156127662, -7.099658430392196], [106.84208105179914, -7.099661547442395], [106.84205480058864, -7.099669332873361], [106.84201468722807, -7.099681229105386], [106.84197802546555, -7.099692101908943], [106.84194816707429, -7.0997009566337965], [106.8419161718939, -7.099711406755944], [106.84190618312391, -7.09971806533639], [106.84189080651555, -7.099728314010463], [106.84186908968678, -7.099742789498066], [106.8418662226481, -7.09975247609583], [106.84186389790062, -7.099760331673906], [106.84186204259925, -7.099766598149927], [106.84185192432693, -7.09977427925952], [106.84184800418211, -7.099774671363946], [106.84184467848917, -7.0997750041130985], [106.8418371646535, -7.099774169542229], [106.84183136582493, -7.099771995880872], [106.84181617897354, -7.099770046150638], [106.84180875776804, -7.0997690928692805], [106.84180319276322, -7.099768378807596], [106.84179710075563, -7.099760764247833], [106.84178996103793, -7.099752783663973], [106.84178091565678, -7.0997407390438525], [106.84176991604886, -7.099721576289653], [106.84176127266466, -7.099708643139309], [106.84175667443105, -7.099702982806377], [106.8417507254157, -7.099693918539458], [106.8417462782682, -7.0996869685786805], [106.84174090212099, -7.099678860291135], [106.84173672387078, -7.099672754793744], [106.84173057610525, -7.099665303910626], [106.84172345797128, -7.099658186675924], [106.84171715192508, -7.099651879730402], [106.84171064892735, -7.099648396656107], [106.84170728276496, -7.099646593515445], [106.84169583169734, -7.0996404583404455], [106.84169338104476, -7.09963939264378], [106.84168892490402, -7.099637455504137], [106.84168249205345, -7.099634658612558], [106.84167047711088, -7.099632060471151], [106.8416630909789, -7.099631322127777], [106.84165201672727, -7.099634865456608], [106.84163996581185, -7.099641029409952], [106.84165081883026, -7.099667996480832], [106.84161923104273, -7.099706397532145], [106.84162189663328, -7.099716433966194], [106.84162799853334, -7.099722154553717], [106.84163263273985, -7.09972650007785], [106.841647735055, -7.099733498602006], [106.8416625316006, -7.099740355033305], [106.84167386305842, -7.0997455872889645], [106.84167917175643, -7.099748037941538], [106.84168529524027, -7.099752130756201], [106.84168759390741, -7.099754960922667], [106.84169039889287, -7.099758412520657], [106.84169090431186, -7.099759033952182], [106.84169373717629, -7.099765518064146], [106.84169390804749, -7.099768421975057], [106.8416941085963, -7.099771826808308], [106.8416936436468, -7.099776894488059], [106.8416920725312, -7.099780822726757], [106.84169126314134, -7.099782845302002], [106.84167984175133, -7.099786653031572], [106.84167505196211, -7.099787850029202], [106.84167062999563, -7.099788956195312], [106.84166513603725, -7.099790329460063], [106.84165991097615, -7.0997947181516565], [106.84165805567477, -7.099798635598518], [106.84165674536257, -7.099801401913112], [106.84165489545711, -7.099809315947141], [106.841655009671, -7.099811588533953], [106.8416551805422, -7.099815010454336], [106.84165547641913, -7.099820917201498], [106.84166290571858, -7.099829520116202], [106.8416699429136, -7.0998376679739295], [106.84167671930521, -7.09984133810724], [106.84168719280979, -7.099847011930024], [106.84170376191912, -7.099849294409353], [106.84170788800867, -7.099849752164289], [106.84170970913584, -7.09984968111786], [106.84171356812675, -7.0998489796466515], [106.8417246432777, -7.099846966064604], [106.84172574584653, -7.099846766415112], [106.84173848834064, -7.09984361608997], [106.84174456955628, -7.09984140465707], [106.84175014715163, -7.09983937578653], [106.84175691455005, -7.099836915241383], [106.84176624321759, -7.0998358171692075], [106.84177578142726, -7.099835383695961], [106.84177856752694, -7.099838515135332], [106.84178180598559, -7.0998421546916575], [106.8417850444443, -7.099845794247983], [106.84178831437924, -7.099849468877835], [106.84178984412608, -7.099857269597294], [106.84178777838332, -7.099864112538739], [106.84178705263042, -7.0998665155271965], [106.84178590239753, -7.099870326854045], [106.84178396345919, -7.0998767480134575], [106.84178248227579, -7.099881652915883], [106.84178175022765, -7.0998916659675615], [106.84178206948695, -7.0998973433876245], [106.84178241932324, -7.099903555904348], [106.84178283481003, -7.099910974411898], [106.84178319094156, -7.099918441482828], [106.84178250925544, -7.099927488662615], [106.8417816827785, -7.09993189534066], [106.84177866195574, -7.099934366677644], [106.84177540101399, -7.09993703496616], [106.84176958060175, -7.099938800335337], [106.84176478901384, -7.099940252740453], [106.84176017639106, -7.099939916393964], [106.84175677785305, -7.099939669080413], [106.84174775225705, -7.099939722140391], [106.8417443654102, -7.099940044997027], [106.84173999470505, -7.099940460483822], [106.8417372346857, -7.099942669218763], [106.84173142866257, -7.099947314217104], [106.84172800134627, -7.099952453842604], [106.84172628903707, -7.099957022398598], [106.84172592301297, -7.099962515457662], [106.84172571796756, -7.09996558844108], [106.84172686010658, -7.099972441275099], [106.84172970196425, -7.099977718496859], [106.84173804677351, -7.09998833949021], [106.841747062477, -7.099998967678175], [106.84174882964481, -7.100006431151826], [106.84175112021808, -7.100016109655712], [106.84175649906325, -7.100038828329218], [106.8417677963468, -7.100086555350231], [106.8417719539126, -7.100104117311105], [106.84177591992284, -7.100120869882176], [106.84178159824222, -7.100144859297757], [106.8417898405288, -7.1001796774501145], [106.84180245082251, -7.100216685451642], [106.84181055281482, -7.100240462627198], [106.84181979155022, -7.100267578086232], [106.8418297533405, -7.100287925247528], [106.84184859863399, -7.100308963088139], [106.84186211544431, -7.100323334254426], [106.84186673166437, -7.100327754422267], [106.84188300489683, -7.100343335176717], [106.84189807843364, -7.100356280018275], [106.84191960550544, -7.100370057632006], [106.84193810815725, -7.100381899005413], [106.84195349375881, -7.1003910370167205], [106.84196820396949, -7.100396968944892], [106.84198213356865, -7.10040258611042], [106.84199233277997, -7.100406698710117], [106.84200272714418, -7.100411189025124], [106.8420203043936, -7.100419326990277], [106.84203492287344, -7.100426974824984], [106.84204854130718, -7.100440048269547], [106.84205237421776, -7.100447474871032], [106.84205272585268, -7.10044815655715], [106.84205514592833, -7.100455273791795], [106.84205601917, -7.100461093304773], [106.84205749405817, -7.100470080229968], [106.84205881965886, -7.100476978030088], [106.84206308334467, -7.100482899166423], [106.8420656733922, -7.1004864955552875], [106.8420697752, -7.1004871268793295], [106.84207653630318, -7.100488166495666], [106.8420854701684, -7.100489540659737], [106.8420887266135, -7.100488828396692], [106.84209090027491, -7.100488353554624], [106.84209307393627, -7.1004878778132365], [106.84209765238484, -7.1004868759685], [106.84211288150436, -7.1004815465860815], [106.8421253470072, -7.1004783638853155], [106.84213077531507, -7.100476978030088], [106.84214258251421, -7.100475645234781], [106.84215437982084, -7.10047431243953], [106.8421582567982, -7.100475143413064], [106.84216587855252, -7.1004767765819], [106.84216898840816, -7.100477442979582], [106.84217132214889, -7.100477943002602], [106.84217329256347, -7.100478365683955], [106.84218145391105, -7.100482513357235], [106.84218849650199, -7.100486959605462], [106.8421946253817, -7.100490828488887], [106.84220265362961, -7.100495897067958], [106.84220881038834, -7.100499783038515], [106.84221354441962, -7.1005047661819845], [106.84221682424709, -7.100509138685766], [106.84221973984916, -7.100513025555642], [106.84222234068852, -7.100518437675703], [106.84222405119908, -7.100525037800196], [106.84222502156757, -7.100528779879255], [106.84222596765437, -7.1005324302274175], [106.8422264586842, -7.10053779018682], [106.84222554317432, -7.1005414531255155], [106.84222460518146, -7.100545205097092], [106.84222333174142, -7.100550297058533], [106.842222330796, -7.100554299940939], [106.84221893135867, -7.1005590213816845], [106.84221506427383, -7.1005643930322435], [106.84220802977683, -7.100574782899855], [106.84220488754556, -7.1005824127481105], [106.84219957525028, -7.100603019813491], [106.8421959536804, -7.100624583757508], [106.84219302638712, -7.100641428059419], [106.84218805853214, -7.100657869465067], [106.84218190806865, -7.100670171291313], [106.84217540507098, -7.100680282369069], [106.84215869926464, -7.100693942171631], [106.84214176862776, -7.100699115971395], [106.84213476740564, -7.100701254559226], [106.84212169845767, -7.100703084679594], [106.84211684841387, -7.1007037636676955], [106.84209669640546, -7.100706584840964], [106.84208084405577, -7.100713718263421], [106.84207040112818, -7.100718417221117], [106.84205473673677, -7.100725466107349], [106.84202007866378, -7.100743294267545], [106.8419907787515, -7.100760642189812], [106.8419467875143, -7.100786690153598], [106.84189553515091, -7.100815123119389], [106.84186989817732, -7.1008283008853255], [106.84182739981469, -7.100849339625256], [106.84181351787959, -7.100857674541999], [106.84179955050888, -7.100871076239116], [106.84179483086683, -7.1008756043256085], [106.84179156902576, -7.10087873396634], [106.84178524139583, -7.100884804390148], [106.84176174570808, -7.100908443070125], [106.84174721716039, -7.100924763067326], [106.8417353919748, -7.100938046053955], [106.84171540724032, -7.100964429464796], [106.84171213280877, -7.100968811861151], [106.84169940830111, -7.100986966475261], [106.84169244215252, -7.100998627984268], [106.841684280805, -7.101012291384109], [106.84167346555807, -7.10103039743484], [106.84167192412008, -7.101036131512217], [106.841670628197, -7.101046864021498], [106.84166935745492, -7.101057380693533], [106.84165564729034, -7.101061781076282], [106.84163144023881, -7.101069551218757], [106.84161863569153, -7.101073395820492], [106.84159575693872, -7.1010798493555285], [106.84158990684881, -7.101082995184015], [106.8415804477795, -7.101088081749538], [106.84156893106137, -7.101094274481113], [106.84156154313075, -7.1010982467865915], [106.84152894900188, -7.101114349147849], [106.8415113780477, -7.101120263089626], [106.84149920212656, -7.101122497904896], [106.84146710802065, -7.1011283884643035], [106.8414368764108, -7.101132447104703], [106.84140993452093, -7.101134858187095], [106.84138491358294, -7.101133779000634], [106.84134884537298, -7.101126895589687], [106.84131567297999, -7.101120565261851], [106.84130550254696, -7.101121466382494], [106.84128966278774, -7.101122870224231], [106.8412663217834, -7.101131367918242], [106.84124786769502, -7.101138086753281], [106.84120259312522, -7.101154422938237], [106.84117674481098, -7.101163395474259], [106.84114136997829, -7.101174040749356], [106.84112572447265, -7.101176675762929], [106.84106874252848, -7.101183142787761], [106.84103816288098, -7.10118808186445], [106.84099384249191, -7.101185806579679], [106.84093691360772, -7.101176352906293], [106.840896283137, -7.1011697968485805], [106.84086631772647, -7.10116607275603], [106.84081641974205, -7.101161858532919], [106.84076244872807, -7.10115811645386], [106.8407204764689, -7.101159797286755], [106.84069403819939, -7.101163334320404], [106.84066926547428, -7.101167054815676], [106.84063376203852, -7.101171169214069], [106.84062345760657, -7.10117028787846], [106.84061894840579, -7.101169902069273], [106.8406091457955, -7.101169063901125], [106.84058449537821, -7.1011635339698955], [106.84057004597088, -7.1011545371521265], [106.8405566865419, -7.101145699514348], [106.84053818748743, -7.1011324758829915], [106.8405179941102, -7.101118040864833], [106.84050047351809, -7.101105541187735], [106.84048822655046, -7.101096907696103], [106.84046809522647, -7.101082715494897], [106.8404361890789, -7.101060221651835], [106.84041183184064, -7.10104304999669], [106.84039397040544, -7.10103046758195], [106.84037936991206, -7.101020188331006], [106.84035916214566, -7.101005962854856], [106.8403410704841, -7.100993225756724], [106.84031827896547, -7.10097718185142], [106.84028616147725, -7.100965630959081], [106.84025499277374, -7.100957917473863], [106.84024542758448, -7.100955550458252], [106.84021417614338, -7.100952073679196], [106.84020616947919, -7.100959403153865], [106.84019680214078, -7.100967977290281], [106.84018669825758, -7.1009772259182], [106.84017550439609, -7.100987473692896], [106.840162789781, -7.100999112718853], [106.84014613703465, -7.101012226632918], [106.84013326683686, -7.101020526476077], [106.8401195467797, -7.101029374006373], [106.84009923109471, -7.101042475329905], [106.84008302980806, -7.101056877972496], [106.84006861457499, -7.1010719479120326], [106.84004834475536, -7.101090097130225], [106.84003087902192, -7.101110853483078], [106.84000838607824, -7.101141351292256], [106.83999877682214, -7.101167841722486], [106.83999119733596, -7.101188736570862], [106.8399849425511, -7.1012282401910625], [106.83998266366905, -7.101256438433836], [106.83997286105875, -7.101255864666371], [106.83996688596307, -7.10125349675144], [106.83995295006866, -7.101247974014768], [106.83994388130515, -7.1012443803238625], [106.83992751634185, -7.101237894413259], [106.8399064677094, -7.101231225940296], [106.83988906312982, -7.101225711297502], [106.83988284431786, -7.101225433406967], [106.83986355655793, -7.101224570057809], [106.83985437627848, -7.10122120569406], [106.8398443695221, -7.101217538258709], [106.83983833507119, -7.101210048704729], [106.83983005411375, -7.101199772151745], [106.83981712995666, -7.101183731843719], [106.8398102258613, -7.101175163103221], [106.83980243593373, -7.101165496290548], [106.83979553183838, -7.101156926650788], [106.83978674815995, -7.101146025968262], [106.83977758226968, -7.101134651343045], [106.83975579439448, -7.101113227693247], [106.83971295698746, -7.101072725825588], [106.83970470121108, -7.101064175970919], [106.83969157830376, -7.101046232697456], [106.839680084968, -7.1010305170447054], [106.83965943563453, -7.101009484600013], [106.83964792071504, -7.100998843821515], [106.83961965592243, -7.10097278146867], [106.83961383820815, -7.100967416113292], [106.83961036502637, -7.100946788363558], [106.83961794361329, -7.100944526568583], [106.83961231385729, -7.100911999888865], [106.83961157101726, -7.10090770922335], [106.83960931821554, -7.100894695134002], [106.83960568045785, -7.100873673481203], [106.83960252563611, -7.100855439726729], [106.83959923231879, -7.100844568721811], [106.83959342449702, -7.100825386182578], [106.83958717330944, -7.100811387335625], [106.83958191137617, -7.100805385260287], [106.83957714317069, -7.100799947059841], [106.83956990992345, -7.1007888755061686], [106.83956462190986, -7.10077561320395], [106.83955956771996, -7.100762936360354], [106.8395549847748, -7.100751441226009], [106.83954958074861, -7.10073308606303], [106.83954555538315, -7.100719102504513], [106.83954487459636, -7.100716735488902], [106.83954400405258, -7.1007045766548345], [106.8395442765472, -7.100697222898475], [106.83954443482787, -7.100692957414026], [106.839545141695, -7.100673878296789], [106.83954529278111, -7.1006571688931786], [106.83954538900855, -7.100646593765248], [106.83954284842378, -7.100635006000687], [106.83953900112408, -7.1006290237104395], [106.8395359838986, -7.100622486538498], [106.83953591644945, -7.100622307573417], [106.83953987436576, -7.100606205212159], [106.83954371806817, -7.100602361509743], [106.83954927048251, -7.100596809095407], [106.83955891301349, -7.100590197279757], [106.83956490519626, -7.100587665688181], [106.83958266141076, -7.100580164442988], [106.8395904099695, -7.100576890910759], [106.83961632573289, -7.100565942564174], [106.83962190063028, -7.100563587239719], [106.83963243618803, -7.100559136494894], [106.83965144605747, -7.100551105549016], [106.83966930389533, -7.10054106012177], [106.83967863166356, -7.100534483379647], [106.83969000359087, -7.100526464124982], [106.83971173570808, -7.1005096989633785], [106.83972819420086, -7.100494570567946], [106.83973793295928, -7.100485618716277], [106.83974859622077, -7.100475817005304], [106.83976153656573, -7.100463923471239], [106.83977198938584, -7.1004501206764985], [106.83979119260954, -7.1004247651907235], [106.83980884090533, -7.100401461957858], [106.83981585471798, -7.100392202538046], [106.83982234062859, -7.100376601099242], [106.83982596489642, -7.1003589608972675], [106.83982899830971, -7.100341719994333], [106.83982940929985, -7.100326309211766], [106.83982965931136, -7.100316919390252], [106.8398298472697, -7.100309875899995], [106.83982996957752, -7.100305295652845], [106.83983006400632, -7.100301738834105], [106.83984448373599, -7.100279352010432], [106.8398517655466, -7.100268045733685], [106.83985894933113, -7.100257888790509], [106.83987047054586, -7.100241601168932], [106.83988130377918, -7.1002262848151645], [106.83988488757757, -7.100221218034733], [106.8398900532834, -7.100200554312096], [106.83989810401437, -7.100176770841244], [106.83990050430486, -7.1001729307361074], [106.83990539931477, -7.100165099439721], [106.83990942288165, -7.100161601076991], [106.83991685218103, -7.100156126903698], [106.83992483546285, -7.100150244438169], [106.83993252916298, -7.100144575111983], [106.83994164648988, -7.100134196935585], [106.83994674564588, -7.1001243754395205], [106.83995061632794, -7.100116921858387], [106.83996188843048, -7.100095211324913], [106.83997006866377, -7.100078934495173], [106.83997869586017, -7.100055500860606], [106.839987396801, -7.100031867576604], [106.83999506262211, -7.10001104467392], [106.84000348657173, -7.099988164122408], [106.840008427447, -7.0999747426402], [106.84003496374265, -7.099902664676165], [106.8400384180386, -7.0998932820492655], [106.8400477467062, -7.099867944549942], [106.84005224061849, -7.099855737152495], [106.84005793782364, -7.099846997540851], [106.84006340929898, -7.09984131472487], [106.84007513645844, -7.099829136105711], [106.84007610502829, -7.099822520692726], [106.84008452268262, -7.099819952228984], [106.84009083502406, -7.099817336101125], [106.84009835785298, -7.099814219050927], [106.84010290932184, -7.099812332273245], [106.84011747384238, -7.0998062969230205], [106.84013301322801, -7.099799856877837], [106.84014576111804, -7.099794574260159], [106.84017125599871, -7.099784008125425], [106.84018667217725, -7.099777619341637], [106.84021703149085, -7.09976264203226], [106.84022998892289, -7.099777509624346], [106.84024381779801, -7.099793376363209], [106.84025611782562, -7.099807489424052], [106.84026908694887, -7.09981962217779], [106.8402736528069, -7.099822586343237], [106.84028993413324, -7.0998331542766095], [106.84030705992296, -7.099843521661171], [106.8403223726794, -7.099852413258191], [106.84033960638777, -7.0998614622366745], [106.84035650824632, -7.099869271049954], [106.84036561208342, -7.099872213631727], [106.84040126300795, -7.099866423796357], [106.8404154731956, -7.099862974896325], [106.84043100538668, -7.099860721195284], [106.8404360901535, -7.099856458408794], [106.84043618728026, -7.099847419322884], [106.84044529651328, -7.099839485503821], [106.84045710820902, -7.099834904357294], [106.84046371822609, -7.09983441872339], [106.84046682628309, -7.09983419119493], [106.84046746390237, -7.099831369122342], [106.84047144250314, -7.099813758598032], [106.84046425961793, -7.099789336608524], [106.84047455685538, -7.099728227675541], [106.84046943161906, -7.099689787953309], [106.84045749221957, -7.099617031900436], [106.84044636850518, -7.0995851464373345], [106.84043978816572, -7.099569355241499], [106.84043026884189, -7.099555408555204], [106.84043013844018, -7.099555249375214], [106.8404267210164, -7.09955183285075], [106.84041903361157, -7.099539873666174], [106.84041730241665, -7.09953641217561], [106.84041134530742, -7.099524497957191], [106.84039767741092, -7.099504850468406], [106.84037888517747, -7.099486058234959], [106.84036607163694, -7.099468973814055], [106.84033959109934, -7.0994407845645355], [106.84032336103434, -7.0994202836191675], [106.84030713096939, -7.099421137975071], [106.84028919219253, -7.099423700143575], [106.84026954560312, -7.099427971023999], [106.84021829234035, -7.099444201088943], [106.84015935167281, -7.099465556390271], [106.8401062808802, -7.0994863909841115], [106.8401035478405, -7.099482496919677], [106.8400950978106, -7.099466633778093], [106.84009092585558, -7.099454767223676], [106.84008116101683, -7.0994269916623125], [106.8400634101983, -7.099374777024309], [106.84005907636532, -7.099362138851575], [106.84004823953467, -7.099331542116943], [106.84004437244988, -7.099308580626428], [106.84004220418444, -7.099293069119824], [106.84004360173088, -7.099259538796616], [106.84004650384315, -7.099238654740077], [106.84005138266525, -7.099220882337818], [106.8400709006516, -7.099185624416975], [106.8400846476884, -7.099168168576057], [106.8401200566953, -7.099144940886276], [106.840125182831, -7.099142378717772], [106.84013714201558, -7.09913298260102], [106.84014739248823, -7.09911760599266], [106.84016276819727, -7.099107355520005], [106.84017643609371, -7.099099668115173], [106.8402080418677, -7.099082583694212], [106.84023025152493, -7.099079167169805], [106.84024733594583, -7.099084292406133], [106.84026014948637, -7.099098813759213], [106.84028132222528, -7.0991102108674795], [106.84030564528933, -7.099115046522115], [106.84032661298284, -7.099120035960823], [106.84035938697616, -7.099130845811828], [106.8404034114883, -7.099141151143158], [106.84042145368721, -7.099133551871887], [106.8404368293962, -7.099118745433714], [106.84044195463258, -7.099109633502735], [106.84044423261531, -7.0990999523008895], [106.84044309317426, -7.099094257793695], [106.84044024592066, -7.099085716032903], [106.8404282876354, -7.099073756848327], [106.84041860643362, -7.099053255903016], [106.84041860643362, -7.099037310023789], [106.84040949450264, -7.099019656332018], [106.8403958266062, -7.099010260215266], [106.84037589493164, -7.099010260215266], [106.84036336647625, -7.099018232705248], [106.84035083802081, -7.099023357941576], [106.84033887973555, -7.099019941417112], [106.84033375359991, -7.099011968027867], [106.84032748982185, -7.09899545377715], [106.84032065587365, -7.098981216609786], [106.84031667007832, -7.098968118883533], [106.84031325265454, -7.098956728969824], [106.84030983613007, -7.098939075278054], [106.84030983613007, -7.098920283044606], [106.84031268338367, -7.098907754589163], [106.84032350312725, -7.098898642658185], [106.84032692055098, -7.098898073387318], [106.84033375359991, -7.098896364675454], [106.84034058754816, -7.098899781199918], [106.84036165866365, -7.098907754589163], [106.84037589493164, -7.098904906436246], [106.84038272887989, -7.098896364675454], [106.84038272887989, -7.098883836220011], [106.84038159033821, -7.098878141712817], [106.84038329815075, -7.098873016476489], [106.84039468806446, -7.098870738493758], [106.84041177248537, -7.098864473816377], [106.840431134889, -7.098852514631801], [106.84043896528607, -7.0988489560144785], [106.8404628827559, -7.09885578906335], [106.84048936329356, -7.09887116567171], [106.84051413601861, -7.098895083141542], [106.84052068488177, -7.098913307003443], [106.84051442020439, -7.0989264047297524], [106.84050132247813, -7.098960003401373], [106.84050303119, -7.098982213058662], [106.84051328166265, -7.0989967353110615], [106.84051669818712, -7.099000151835469], [106.8405218234235, -7.0990138188326455], [106.84052951172765, -7.099024923661261], [106.84055684662121, -7.099028341085045], [106.84056026314568, -7.099033466321373], [106.84056709709392, -7.099053967266741], [106.84056966016175, -7.0990736147554685], [106.84056880580579, -7.09909582351338], [106.84056111750164, -7.099117179714028], [106.84055172138488, -7.099132555423068], [106.84054659614856, -7.099150493300556], [106.84053805348844, -7.09916843207742], [106.84051698956745, -7.099196849754776], [106.84051801929121, -7.099197367764248], [106.8405299991602, -7.09920399306975], [106.84053349392565, -7.099206961731852], [106.84054861332788, -7.099219803151357], [106.84055144079639, -7.099222204341231], [106.84056368776402, -7.099231647222666], [106.8405785553561, -7.099240396726884], [106.84059255690102, -7.099251313597222], [106.84061674686541, -7.099263243104133], [106.84062562946929, -7.099267978934051], [106.84063818040778, -7.099277927234482], [106.84066663675594, -7.099292372145214], [106.84068360786227, -7.099292304696064], [106.84068977271488, -7.099289683172287], [106.84069792866654, -7.099286214487165], [106.84070433004086, -7.099283492239351], [106.8407221824828, -7.0992758992633185], [106.8407302188246, -7.0992715195649225], [106.84074041353932, -7.099264527336004], [106.84075304361812, -7.0992558632674445], [106.84076268524979, -7.099259218637997], [106.84076482653558, -7.09925350794299], [106.84076921612649, -7.09924620185069], [106.8407721587082, -7.099241304142822], [106.84077826960151, -7.099231132810473], [106.84078355131987, -7.099222342836811], [106.84078536165515, -7.0992193292086085], [106.84079132236172, -7.0992094087871465], [106.84079449067326, -7.099204135162665], [106.84079864014518, -7.0991972283693485], [106.84080436163202, -7.09918770634755], [106.84080646784429, -7.0991793741287665], [106.84081068476536, -7.099162699798683], [106.84081403743795, -7.099149439295161], [106.84081556178882, -7.099143412938133], [106.840819929796, -7.099126137860935], [106.84082134353025, -7.0991164539611304], [106.84082222486586, -7.0990973478642445], [106.84082237325396, -7.099094134586608], [106.84082264844653, -7.099088167584796], [106.84082300277942, -7.099080496367776], [106.84081896572275, -7.099063699729925], [106.84081320016912, -7.099052937542979], [106.84081009840736, -7.099049130712785], [106.84078984117826, -7.099036211052237], [106.84078099095001, -7.09903405807529], [106.84077375320618, -7.099032298102031], [106.84075620743306, -7.0990256611053155], [106.84074511699362, -7.0990206995455765], [106.84073887839656, -7.099017908049973], [106.84072651451709, -7.099008566791895], [106.84071576402135, -7.099000444115177], [106.84070881675854, -7.098995194772385], [106.84070136137876, -7.098987235772256], [106.84069166938508, -7.098972983316457], [106.84068984106335, -7.098959041126818], [106.84068907034435, -7.098953162258567], [106.84068557827686, -7.098926536930094], [106.8406874722491, -7.098915514839064], [106.8406898995193, -7.098901397281622], [106.84070117252116, -7.098857303521697], [106.84070886622123, -7.098835453593267], [106.84071720383594, -7.098807160022375], [106.84071784055595, -7.098804998951493], [106.84071844220239, -7.098802677801302], [106.8407274767917, -7.098767768817424], [106.84072974038526, -7.098759022910542], [106.84074671059227, -7.098720682113765], [106.8407594342006, -7.098700325059895], [106.84076800294105, -7.098682928574249], [106.84078456215786, -7.098649309218217], [106.84079699708383, -7.098619462518116], [106.84081033313043, -7.098595048622542], [106.8408246287537, -7.098561758418384], [106.84083341872736, -7.0985243223395855], [106.84083442866603, -7.098511193137028], [106.84083502401722, -7.098503452672162], [106.84083557710028, -7.098496262592391], [106.8408288564666, -7.09847926180845], [106.8408188829851, -7.098458793238649], [106.84081283144707, -7.098451162491131], [106.8407975708513, -7.098431922395264], [106.84077256430248, -7.098400669155524], [106.8407406077929, -7.09836899593239], [106.84071001645418, -7.098344345515102], [106.84066837424615, -7.098313836014654], [106.84063637097182, -7.09828896796148], [106.8406182586258, -7.098296574427309], [106.84057898882935, -7.098313064396336], [106.84056341347082, -7.098299754430059], [106.84053154419547, -7.098268913979155], [106.84049788526926, -7.0982400178625085], [106.8404759040398, -7.098224120546661], [106.84045476457578, -7.0982088320719186], [106.84043751108231, -7.098196353978494], [106.84041576187798, -7.098180624835948], [106.8403905457871, -7.098154674898296], [106.84038188171854, -7.098144173514754], [106.84034743228824, -7.09809908510465], [106.84033779425386, -7.098086233792628], [106.8403159389295, -7.0980682032849245], [106.8403035921371, -7.09805826937361], [106.84030006949268, -7.098055435609808], [106.84028403008398, -7.098042530338432], [106.84027878074119, -7.098038416839415], [106.84025785711447, -7.098022023097826], [106.84024210908615, -7.098009684399358], [106.84022666233068, -7.097997582222604], [106.84022277276279, -7.097994534420195], [106.84021238739183, -7.097986397354305], [106.84020739885244, -7.097982488900698], [106.8402037628934, -7.097974899521944], [106.84019930315537, -7.097965593337392], [106.8401945106682, -7.097955591976927], [106.84019021100949, -7.097946617642265], [106.84018550845451, -7.097936804240078], [106.84018074924222, -7.097910153730538], [106.84017910797951, -7.097904057226401], [106.84017480292488, -7.097888066381131], [106.8401727569672, -7.097880468908443], [106.84017119844214, -7.09787467817381], [106.84016467835727, -7.097846471837158], [106.84016171419182, -7.097831156382711], [106.8401640254495, -7.097822554367326], [106.84016953019972, -7.09780207050909], [106.84015506280599, -7.097805115613539], [106.84013593512537, -7.097814893042823], [106.84010904179888, -7.097828711126056], [106.84008429425484, -7.097841511176739], [106.84006692924544, -7.097848408077539], [106.84004499568005, -7.0978550423762385], [106.83999714455263, -7.097869516065259], [106.83997075394717, -7.097877498447758], [106.83993762741966, -7.0978906402407915], [106.8398918852024, -7.097913597234651], [106.8398647418644, -7.097927221064367], [106.83987209831872, -7.097942085958437], [106.83987383401029, -7.097945593314421], [106.83987599508117, -7.097949960422284], [106.83987700861712, -7.097952009977234], [106.83988666733586, -7.09797152706426], [106.83989717771266, -7.097992765453739], [106.83992712243884, -7.098053277236886], [106.83996372664473, -7.098127242877922], [106.8399866143908, -7.098173493212073], [106.84000320328528, -7.098207015441346], [106.84002379776013, -7.098248631569049], [106.84004611893329, -7.098293737965605], [106.84005246005307, -7.098355152668091], [106.84003645931523, -7.0984022825392685], [106.84001251036909, -7.098463231392941], [106.83999340247362, -7.098509151675955], [106.8399845828223, -7.098553928920637], [106.83998161775753, -7.09860413986911], [106.83999205798716, -7.098636507368894], [106.8400122477671, -7.0986764750392695], [106.84001852953156, -7.098706741722708], [106.84002606135368, -7.0987675997448605], [106.8400309815446, -7.098807353376628], [106.84002518811201, -7.098862506099749], [106.8400224208981, -7.0988707286011845], [106.84002098018414, -7.098875013870725], [106.84000547047611, -7.098921087937811], [106.83998366641316, -7.098956963692899], [106.83994821603739, -7.09900799032647], [106.83992771329338, -7.099034969987827], [106.83991098320536, -7.099074225395157], [106.8398980158808, -7.099108026414228], [106.83988924928946, -7.09913277665629], [106.83987643844694, -7.099176813758902], [106.83987043367364, -7.099210399840047], [106.83986783373359, -7.099227953707043], [106.83986617538375, -7.099241225901835], [106.83986507821083, -7.099267670466588], [106.83986787510241, -7.09928557237123], [106.83987306688857, -7.099310598705131], [106.83988191351955, -7.099353753572814], [106.83989003709559, -7.0993853458570015], [106.83989779644622, -7.099435485758988], [106.83989802307536, -7.099444809929992], [106.83989813549061, -7.099449418955487], [106.83989949976217, -7.099505526758605], [106.8398957729716, -7.099557665853524], [106.83989390957635, -7.099591209666528], [106.8398905029444, -7.099613919346837], [106.83987622350895, -7.099649027080886], [106.83986985900685, -7.099670384180854], [106.83985517667514, -7.099693565105895], [106.83984259695836, -7.099719225461854], [106.83982667176355, -7.099756241557259], [106.8398142440322, -7.099791470699756], [106.83980877615414, -7.099821248152011], [106.83980746674126, -7.099851911436531], [106.83980421839004, -7.099862062084469], [106.83979639608685, -7.09989369843538], [106.83978870868202, -7.099932136358973], [106.83978227313344, -7.099964314101783], [106.83978109412226, -7.099970211855748], [106.83978064985718, -7.099972430483206], [106.83978000953988, -7.099974594252103], [106.83977537533337, -7.09999023256313], [106.83976717171765, -7.100012293832265], [106.83975076448627, -7.100042783547565], [106.83973243270566, -7.100060181831907], [106.83970683800021, -7.1000784569552025], [106.83968271548497, -7.100093186950971], [106.83967216553805, -7.100101094689705], [106.83966466339353, -7.100108449345441], [106.83965818917414, -7.10012509489718], [106.83965420427819, -7.100141310572951], [106.83965143346694, -7.100154928107372], [106.8396464224445, -7.10017955694093], [106.83964065958884, -7.100207876592208], [106.83963334450328, -7.100243829688964], [106.83962553928728, -7.100283631884054], [106.8396155352288, -7.100321080553385], [106.8396109864579, -7.100333309534562], [106.83958810051047, -7.100354498461286], [106.83956050121623, -7.1003682598872615], [106.83954344917089, -7.1003767629771914], [106.83953275533247, -7.10037778100974], [106.83951481475697, -7.100374192714753], [106.83951235151386, -7.1003736998862905], [106.83950077004454, -7.100371384132018], [106.83947388840926, -7.100366072735994], [106.8394563678172, -7.100362653513628], [106.83944961121063, -7.100361335107493], [106.83943343870232, -7.100355047047742], [106.83943012919718, -7.100354588393486], [106.8394105626474, -7.100356450889478], [106.83940851309245, -7.1003569545097776], [106.83940669646194, -7.1003580274010005], [106.83939448906449, -7.100367887567927], [106.83937920778425, -7.100374109977167], [106.8393689285333, -7.100383638294204], [106.83936698599769, -7.100387229287151], [106.83936603721293, -7.100391689924493], [106.83936556686746, -7.100393904055409], [106.83936509742136, -7.100396108293694], [106.8393624021532, -7.100408777043356], [106.83936117817592, -7.100417667741112], [106.83936025816945, -7.100424469313737], [106.83935902070232, -7.100433617217618], [106.83935727242027, -7.100446539576069], [106.83935140524324, -7.100486021612539], [106.83934424753903, -7.100517180423481], [106.83933638206844, -7.100546413785935], [106.8393315509104, -7.100585313961005], [106.83931969784584, -7.100591299848588], [106.83930924322704, -7.100601599783943], [106.83930353433072, -7.1006123044142555], [106.83929394216176, -7.100630289955859], [106.83928949681291, -7.100644151206552], [106.83928099821958, -7.100670645234061], [106.83927947296934, -7.100699636678826], [106.83927904848935, -7.100734812761345], [106.83928369348774, -7.10076152532406], [106.83929397273869, -7.100805888880643], [106.83929931021504, -7.100825150560183], [106.83930631863177, -7.1008524368904204], [106.83931409237152, -7.1008895078444425], [106.83931680112954, -7.1009386189221], [106.83931822745427, -7.100995219553681], [106.83931266244946, -7.101046877511351], [106.83930692297616, -7.101068540380766], [106.83930451998765, -7.101077610043603], [106.8393033625602, -7.101081977151466], [106.83930157830525, -7.10108871127494], [106.83929621744653, -7.101108943323027], [106.83929089615799, -7.101129024285001], [106.83928117088936, -7.1011373007457905], [106.83927625879238, -7.1011414825932775], [106.839267841138, -7.101148646592719], [106.83925510943584, -7.101159481624734], [106.83921170905319, -7.10117394811914], [106.83919952503811, -7.101170655701139], [106.83918353599148, -7.101166334458696], [106.83916204579185, -7.101139122772224], [106.83915290867986, -7.101119325996024], [106.8391247356181, -7.101105620328042], [106.83911270718573, -7.101112583778672], [106.83909580172991, -7.101122371100473], [106.83908547121757, -7.1011278812466685], [106.83907180422045, -7.101135170251837], [106.83906153755999, -7.101140646223826], [106.83904438029396, -7.101143263250947], [106.83901661282647, -7.101147498158468], [106.83900742175518, -7.101147228361867], [106.83899846360828, -7.101146964860504], [106.83898016959921, -7.1011478848669185], [106.83896224251356, -7.101148786886938], [106.83894273082245, -7.101133082925401], [106.83892092136347, -7.101108113248756], [106.8389008269117, -7.1010760254382035], [106.8388895970773, -7.101055914798565], [106.83888054450159, -7.101036436382401], [106.83886966360416, -7.101014438065818], [106.83885638781209, -7.10100115148191], [106.83883337146301, -7.100987839716993], [106.83881917206719, -7.100994932669948], [106.83880974717215, -7.100986031180355], [106.83879663145945, -7.100986031180355], [106.83877807215038, -7.100991267033294], [106.83875665749383, -7.101003164164638], [106.83874809055197, -7.101020771990989], [106.83875047015812, -7.101036001110515], [106.83876032672777, -7.101064162481066], [106.8387869997203, -7.101115395958686], [106.83881734644342, -7.101156884382647], [106.83884086821155, -7.101185146477292], [106.83884663826183, -7.101197254949284], [106.8388569948545, -7.101218988865185], [106.8388635662007, -7.101232778170129], [106.8388681347567, -7.10124952984188], [106.83886870852416, -7.10127018187336], [106.83886889648244, -7.101276941177844], [106.83886280537422, -7.101301307409358], [106.83886585047867, -7.101332525575572], [106.8388765110422, -7.1013606977379595], [106.83888067130601, -7.1013782659941285], [106.83888373709487, -7.101407931031133], [106.83888412470264, -7.1014269417999], [106.83887791938054, -7.101438964836291], [106.83887194248621, -7.101450546305614], [106.83885518901582, -7.101459446895888], [106.8388475762547, -7.101463491147172], [106.83883733567455, -7.101477364988341], [106.83883017797041, -7.101487062377998], [106.83881754339495, -7.101501377786292], [106.83880815627145, -7.101510004083366], [106.8387911482929, -7.101527560648378], [106.83877980964058, -7.101542679151294], [106.83876303548578, -7.1015818185460375], [106.83875468168327, -7.101607400660953], [106.8387501140266, -7.1016439491089045], [106.83875236862696, -7.101668300951303], [106.83875515023004, -7.10170023857512], [106.83875768631822, -7.101731510700631], [106.83876205522472, -7.101750738205965], [106.83877867649477, -7.101779412190069], [106.83879884289234, -7.101803149795501], [106.8388282246429, -7.101836158511844], [106.83885751825994, -7.101868898330963], [106.83890329195344, -7.10191373852814], [106.83893880528171, -7.101944049278416], [106.83897890785039, -7.101975771064929], [106.83901300924305, -7.101996231540795], [106.83905555077308, -7.102021370289947], [106.83910022009911, -7.1020435367797745], [106.83915501399275, -7.1020711711476], [106.83919287365228, -7.102089463358027], [106.83922701281642, -7.102100808305636], [106.83922789505135, -7.10212035417095], [106.83922898682835, -7.102167314070243], [106.83922638598898, -7.102218737304838], [106.83921124590233, -7.1022525491158035], [106.83918190012463, -7.102251549969026], [106.83918166630093, -7.102251541875091], [106.83917227468078, -7.102249164966963], [106.83916539936376, -7.102275418875422], [106.83915727578773, -7.102324772769975], [106.83915721013722, -7.102325091130012], [106.83914600278587, -7.1023707200326385], [106.83914582112283, -7.102371289303505], [106.8391353745979, -7.102396205920115], [106.8391351200898, -7.1023967194329884], [106.83913466773078, -7.10239736514626], [106.83913448786637, -7.102397566594391], [106.8391056690914, -7.102427986162581], [106.83910529137614, -7.102428342294104], [106.8391050107877, -7.102428559030727], [106.83904155102681, -7.102473801224903], [106.83891985386822, -7.102558669347047], [106.83891949144146, -7.102558896875564], [106.83886724892449, -7.102587834361032], [106.83878457065146, -7.102633630537582], [106.83878407152775, -7.102633868857936], [106.83875357821512, -7.102646171583501], [106.83875274274493, -7.102646403608617], [106.8387519567375, -7.1026464728564065], [106.83873458903014, -7.1026464728564065], [106.83871541458478, -7.102648545793727], [106.83868494915112, -7.102656424754173], [106.83867167875502, -7.102660969028477], [106.83864615509606, -7.102669710438761], [106.8386454671147, -7.102669886705883], [106.83857768431272, -7.102681629153835], [106.83857733447644, -7.102681675918575], [106.83849389627636, -7.102689514409519]]]]}}]}