{
  "type": "FeatureCollection",
  "features": [
    {
      "type": "Feature",
      "properties": {
        "id": "EKSISTING_01",
        "nama": "Blok Eksisting 1",
        "kategori": "Eksisting",
        "warna": "#2563eb",
        "luas_ha": 20.318,
        "luas_m2": 203178.5
      },
      "geometry": {
        "type": "Polygon",
        "coordinates": [
          [
            [
              106.8409394991586,
              -7.095172152472799
            ],
            [
              106.84094173217528,
              -7.095132602987178
            ],
            [
              106.84094218183628,
              -7.0950907638276135
            ],
            [
              106.84094233562035,
              -7.0950764502179595
            ],
            [
              106.84094291658238,
              -7.095022425244679
            ],
            [
              106.84094173577256,
              -7.094991735879887
            ],
            [
              106.84094070065288,
              -7.094964824566944
            ],
            [
              106.84093922306675,
              -7.094926402831163
            ],
            [
              106.840937053902,
              -7.094864890102542
            ],
            [
              106.8409371645186,
              -7.094854670206814
            ],
            [
              106.84093811600133,
              -7.094766685933735
            ],
            [
              106.8409382832752,
              -7.094751229285748
            ],
            [
              106.84093864030609,
              -7.094718170207329
            ],
            [
              106.84093636412194,
              -7.094697318526357
            ],
            [
              106.84093006886764,
              -7.094639659392726
            ],
            [
              106.84092581777236,
              -7.094617992925976
            ],
            [
              106.8409170304966,
              -7.094573219278573
            ],
            [
              106.84091695405425,
              -7.094572426975901
            ],
            [
              106.8409161356712,
              -7.094464064065278
            ],
            [
              106.84092269712482,
              -7.094377695873902
            ],
            [
              106.84092531774928,
              -7.094343203276139
            ],
            [
              106.84092532584316,
              -7.094343093558848
            ],
            [
              106.84092443101775,
              -7.094343486562593
            ],
            [
              106.84089132427528,
              -7.094359321825209
            ],
            [
              106.84086616034506,
              -7.0943736660118475
            ],
            [
              106.84083047164899,
              -7.094401502727123
            ],
            [
              106.84082981244597,
              -7.094401971273896
            ],
            [
              106.84079671289805,
              -7.094423329273184
            ],
            [
              106.84079628751874,
              -7.094423587378628
            ],
            [
              106.8407459074977,
              -7.094451979874918
            ],
            [
              106.84074502796074,
              -7.094452414247485
            ],
            [
              106.84065873711108,
              -7.094489394369987
            ],
            [
              106.84058568248332,
              -7.094528223498685
            ],
            [
              106.84053997623897,
              -7.094555023295641
            ],
            [
              106.84056373992473,
              -7.094592938713106
            ],
            [
              106.84058921322168,
              -7.094644983379226
            ],
            [
              106.84061838003424,
              -7.094704576055278
            ],
            [
              106.8406636977715,
              -7.094816824037139
            ],
            [
              106.84067071248347,
              -7.094840576931006
            ],
            [
              106.84068968458132,
              -7.094930190775642
            ],
            [
              106.84070888690565,
              -7.0950413209001795
            ],
            [
              106.84071639534545,
              -7.0951061269461775
            ],
            [
              106.84071430352236,
              -7.095153852168494
            ],
            [
              106.84070407373406,
              -7.095183379609239
            ],
            [
              106.84069680721194,
              -7.095197220175521
            ],
            [
              106.84064666371262,
              -7.095208667645863
            ],
            [
              106.84055223130048,
              -7.095223590096566
            ],
            [
              106.84041069689619,
              -7.0952381717042385
            ],
            [
              106.8403804437026,
              -7.095239184340812
            ],
            [
              106.84031003667889,
              -7.095181822882751
            ],
            [
              106.84029256734817,
              -7.095129002101714
            ],
            [
              106.84028042560124,
              -7.095069807825325
            ],
            [
              106.84025893180433,
              -7.094951235810811
            ],
            [
              106.84023358711039,
              -7.094811421809595
            ],
            [
              106.84022485109608,
              -7.094752268002708
            ],
            [
              106.84019672749702,
              -7.0947673100632755
            ],
            [
              106.84019610966277,
              -7.094767610436804
            ],
            [
              106.84016316659694,
              -7.094782133588524
            ],
            [
              106.84007302125298,
              -7.094823973647408
            ],
            [
              106.83997177917433,
              -7.094885543033342
            ],
            [
              106.83997157592756,
              -7.094885662643151
            ],
            [
              106.83992203587331,
              -7.094913870778441
            ],
            [
              106.83992122288618,
              -7.094914280869318
            ],
            [
              106.83987458854148,
              -7.094934941893996
            ],
            [
              106.83987401387469,
              -7.094935173019792
            ],
            [
              106.83987249042315,
              -7.094935580412653
            ],
            [
              106.83987198230619,
              -7.094935655056361
            ],
            [
              106.83979698334417,
              -7.094944520573108
            ],
            [
              106.8397219753889,
              -7.094951930087461
            ],
            [
              106.83972228655432,
              -7.0949522187698335
            ],
            [
              106.83975884669348,
              -7.094986125009598
            ],
            [
              106.83982999925513,
              -7.095052118160652
            ],
            [
              106.8398901432156,
              -7.095107902207872
            ],
            [
              106.83993811305356,
              -7.09515239346814
            ],
            [
              106.83999739096686,
              -7.0952073735214185
            ],
            [
              106.84008345248941,
              -7.095278768900016
            ],
            [
              106.8401716463045,
              -7.095350731750841
            ],
            [
              106.84023246565584,
              -7.095387706477425
            ],
            [
              106.84028491951346,
              -7.0954150296798275
            ],
            [
              106.84034340782205,
              -7.095419975951074
            ],
            [
              106.84034381161769,
              -7.095420028111789
            ],
            [
              106.84034421631259,
              -7.095420118943309
            ],
            [
              106.84046758800883,
              -7.095453705923717
            ],
            [
              106.84054716721806,
              -7.095465639027964
            ],
            [
              106.84061205150505,
              -7.095476749252555
            ],
            [
              106.84067539974995,
              -7.095470119450397
            ],
            [
              106.8407263400486,
              -7.095455432622089
            ],
            [
              106.84079046620712,
              -7.095423746808422
            ],
            [
              106.84083260304226,
              -7.095387209152307
            ],
            [
              106.84086649669155,
              -7.095348780221968
            ],
            [
              106.84088672784026,
              -7.095322357240946
            ],
            [
              106.84089619590276,
              -7.095309990663509
            ],
            [
              106.84091002837516,
              -7.095281301390912
            ],
            [
              106.84092655251845,
              -7.095267866418851
            ],
            [
              106.84090414950697,
              -7.095314331690986
            ],
            [
              106.84090399212562,
              -7.095314630265932
            ],
            [
              106.84090366747034,
              -7.095315116799156
            ],
            [
              106.84087359144314,
              -7.0953543982868155
            ],
            [
              106.84087342866587,
              -7.095354598835627
            ],
            [
              106.84083919507287,
              -7.095393413575152
            ],
            [
              106.84083876609623,
              -7.095393838954465
            ],
            [
              106.84079593228648,
              -7.095430980954973
            ],
            [
              106.84079525689566,
              -7.095431457595623
            ],
            [
              106.84079500058886,
              -7.09543159429262
            ],
            [
              106.84072999039682,
              -7.095463717176756
            ],
            [
              106.84072953174257,
              -7.0954639132289685
            ],
            [
              106.8407292385636,
              -7.095464008557087
            ],
            [
              106.84067752484793,
              -7.095478917517994
            ],
            [
              106.84067705630116,
              -7.0954790263359655
            ],
            [
              106.84067674153846,
              -7.095479070402746
            ],
            [
              106.84061237436163,
              -7.095485807224179
            ],
            [
              106.84061190221757,
              -7.095485832405188
            ],
            [
              106.84061113779381,
              -7.095485767653997
            ],
            [
              106.84060486772051,
              -7.095484693863511
            ],
            [
              106.84059991605335,
              -7.095484101210275
            ],
            [
              106.8405997991415,
              -7.095483825118379
            ],
            [
              106.84054573010144,
              -7.095474566597943
            ],
            [
              106.84046592426307,
              -7.095462599319433
            ],
            [
              106.84046546381018,
              -7.095462499494715
            ],
            [
              106.84034223330747,
              -7.095428951185113
            ],
            [
              106.8402832512711,
              -7.095423962645725
            ],
            [
              106.84028284657614,
              -7.09542391048501
            ],
            [
              106.8402820848504,
              -7.09542370633892
            ],
            [
              106.84028153986122,
              -7.095423467119247
            ],
            [
              106.84022814711136,
              -7.09539565468566
            ],
            [
              106.84022793217338,
              -7.095395535075852
            ],
            [
              106.8401666730536,
              -7.09535829325057
            ],
            [
              106.84016616223863,
              -7.0953579326224485
            ],
            [
              106.84008074553003,
              -7.095288235163878
            ],
            [
              106.84008059894057,
              -7.095288309807586
            ],
            [
              106.84007691801543,
              -7.095285432876381
            ],
            [
              106.8400770852893,
              -7.095285232327569
            ],
            [
              106.84006339311117,
              -7.095273874789427
            ],
            [
              106.83999150310547,
              -7.095214242543193
            ],
            [
              106.83999132414039,
              -7.095214085161842
            ],
            [
              106.83993195449614,
              -7.095159020572282
            ],
            [
              106.83988398465823,
              -7.095114528412694
            ],
            [
              106.83982383979844,
              -7.095058744365531
            ],
            [
              106.83977138684008,
              -7.095010094640088
            ],
            [
              106.8397526872368,
              -7.094992751214477
            ],
            [
              106.83973425653079,
              -7.094975656900999
            ],
            [
              106.83970999372127,
              -7.09495315316542
            ],
            [
              106.83970995505047,
              -7.094953117192574
            ],
            [
              106.83970457890325,
              -7.094953648691899
            ],
            [
              106.83970411305444,
              -7.0949536819667856
            ],
            [
              106.83960847195345,
              -7.094958174080432
            ],
            [
              106.83960804657414,
              -7.094958183972949
            ],
            [
              106.83960768864398,
              -7.094958176778391
            ],
            [
              106.83952273868351,
              -7.094954814213281
            ],
            [
              106.83952152549807,
              -7.094954683811579
            ],
            [
              106.8395204211306,
              -7.0949544167129375
            ],
            [
              106.83945257357749,
              -7.094933438227542
            ],
            [
              106.8394521535941,
              -7.094933297034004
            ],
            [
              106.83945168055067,
              -7.094933109974988
            ],
            [
              106.83936885838614,
              -7.09489761013657
            ],
            [
              106.8393679914397,
              -7.094897182059242
            ],
            [
              106.83933227306602,
              -7.09487711728508
            ],
            [
              106.83933188365955,
              -7.094876882562062
            ],
            [
              106.83930449930324,
              -7.094859417727889
            ],
            [
              106.83930428526463,
              -7.09485959579365
            ],
            [
              106.83929850082524,
              -7.0948644080659165
            ],
            [
              106.83929719950623,
              -7.094865310085936
            ],
            [
              106.83927276762421,
              -7.094879120075291
            ],
            [
              106.83924886724151,
              -7.094893867158191
            ],
            [
              106.83922728261308,
              -7.094916994123935
            ],
            [
              106.83922640577407,
              -7.094917815204951
            ],
            [
              106.83919363807598,
              -7.0949441158782065
            ],
            [
              106.83919309578482,
              -7.094944518774469
            ],
            [
              106.83916674654819,
              -7.094962609536765
            ],
            [
              106.83916614490175,
              -7.094962988151337
            ],
            [
              106.83916508909766,
              -7.094963508858825
            ],
            [
              106.83909168193566,
              -7.094993944614828
            ],
            [
              106.83909143732006,
              -7.094994041741586
            ],
            [
              106.83902887688123,
              -7.095017874675136
            ],
            [
              106.83902502238692,
              -7.0950202443887065
            ],
            [
              106.83902494144797,
              -7.095020109490406
            ],
            [
              106.83899852116485,
              -7.095041036714406
            ],
            [
              106.83892693782798,
              -7.095114192965582
            ],
            [
              106.83891026259857,
              -7.095144476736152
            ],
            [
              106.8388803088792,
              -7.095208325903457
            ],
            [
              106.83885249374765,
              -7.095312435020787
            ],
            [
              106.83883036592869,
              -7.095393831759907
            ],
            [
              106.83882971302091,
              -7.095426321567459
            ],
            [
              106.83883165195925,
              -7.095427370176935
            ],
            [
              106.8388319730172,
              -7.095427550041336
            ],
            [
              106.83883391195553,
              -7.095428906219013
            ],
            [
              106.83883442816636,
              -7.095429361275933
            ],
            [
              106.838845479935,
              -7.095439622540482
            ],
            [
              106.83887154408654,
              -7.095461081263863
            ],
            [
              106.8389385777532,
              -7.0955118381007765
            ],
            [
              106.83901564695458,
              -7.095568302035474
            ],
            [
              106.83907040037872,
              -7.095606021400727
            ],
            [
              106.83907141931059,
              -7.095606796616323
            ],
            [
              106.83907243644387,
              -7.0956077418038035
            ],
            [
              106.83910657830603,
              -7.095642891805937
            ],
            [
              106.83910726448875,
              -7.095643653531738
            ],
            [
              106.83917676499578,
              -7.095727532399678
            ],
            [
              106.83920470603243,
              -7.095748623300267
            ],
            [
              106.8392144016234,
              -7.0957559419831
            ],
            [
              106.83923483781757,
              -7.095766384910689
            ],
            [
              106.83927500064084,
              -7.0957900586642495
            ],
            [
              106.83928639505115,
              -7.095792729650725
            ],
            [
              106.83928646789622,
              -7.095792766522891
            ],
            [
              106.83934700845771,
              -7.095814147904548
            ],
            [
              106.83939466173433,
              -7.095828925564433
            ],
            [
              106.83943873930644,
              -7.0958433416968205
            ],
            [
              106.8394391574912,
              -7.095843486487638
            ],
            [
              106.83943969618508,
              -7.095843695130384
            ],
            [
              106.83952092744892,
              -7.095877199373206
            ],
            [
              106.83952235737098,
              -7.09587789005252
            ],
            [
              106.83957548841812,
              -7.095907482244456
            ],
            [
              106.83957751549002,
              -7.095908888784152
            ],
            [
              106.83957820167274,
              -7.0959095039204385
            ],
            [
              106.83958928671626,
              -7.095920158188676
            ],
            [
              106.83959019503152,
              -7.095921120463288
            ],
            [
              106.83963042530394,
              -7.095968139717854
            ],
            [
              106.8396305089409,
              -7.0959679958263
            ],
            [
              106.83963345961655,
              -7.095971685744644
            ],
            [
              106.83966873462447,
              -7.09601291426452
            ],
            [
              106.83967013217091,
              -7.09601489816896
            ],
            [
              106.83967099282211,
              -7.096016673430711
            ],
            [
              106.83968183325004,
              -7.09604394087512
            ],
            [
              106.83968198343683,
              -7.096043920190709
            ],
            [
              106.8396835527538,
              -7.096048268412801
            ],
            [
              106.83969640586452,
              -7.096080598141043
            ],
            [
              106.83969654615873,
              -7.096080965064459
            ],
            [
              106.83969715859706,
              -7.096083249342428
            ],
            [
              106.83969720266384,
              -7.09608351464243
            ],
            [
              106.83970350781073,
              -7.096123916685372
            ],
            [
              106.83970363641373,
              -7.0961250453345315
            ],
            [
              106.83970916814366,
              -7.096202886154231
            ],
            [
              106.83971409822709,
              -7.096289060991353
            ],
            [
              106.83971749856374,
              -7.096317970597795
            ],
            [
              106.83972873019678,
              -7.096413435431657
            ],
            [
              106.83974128383323,
              -7.096461282062478
            ],
            [
              106.83979093990001,
              -7.096575522941976
            ],
            [
              106.83984757470586,
              -7.09666343436993
            ],
            [
              106.83984791554894,
              -7.09666399284896
            ],
            [
              106.83984891649436,
              -7.09666613593339
            ],
            [
              106.83984903430553,
              -7.096666473179141
            ],
            [
              106.83990007532827,
              -7.096818941540846
            ],
            [
              106.83990056995538,
              -7.0968208876738
            ],
            [
              106.83990066438423,
              -7.096821501910711
            ],
            [
              106.83990897771719,
              -7.096885665840773
            ],
            [
              106.83991498878578,
              -7.096936554878084
            ],
            [
              106.83991508231526,
              -7.09693814398014
            ],
            [
              106.83991507871798,
              -7.096938453346922
            ],
            [
              106.83991317035657,
              -7.0970219410097
            ],
            [
              106.8399123222959,
              -7.0970590083665
            ],
            [
              106.83991229801421,
              -7.097059565046834
            ],
            [
              106.83990878885959,
              -7.097114320269611
            ],
            [
              106.83990876547722,
              -7.097114626938435
            ],
            [
              106.83990551892464,
              -7.097151969487754
            ],
            [
              106.83990536334193,
              -7.097153150297629
            ],
            [
              106.8399051663904,
              -7.097154074800642
            ],
            [
              106.83989927223371,
              -7.097177704487422
            ],
            [
              106.8398990851747,
              -7.097178378978981
            ],
            [
              106.83989369283972,
              -7.097196055153802
            ],
            [
              106.83988402962433,
              -7.097227728376936
            ],
            [
              106.83987647172188,
              -7.09725250379995
            ],
            [
              106.83987624239472,
              -7.097253189083347
            ],
            [
              106.83987613627471,
              -7.0972534687725215
            ],
            [
              106.83987014499127,
              -7.09726884897816
            ],
            [
              106.83986958381428,
              -7.0972700972371285
            ],
            [
              106.83985671721376,
              -7.097295271059863
            ],
            [
              106.83985316219372,
              -7.097302227315879
            ],
            [
              106.83985282764593,
              -7.097302841552846
            ],
            [
              106.83985146966967,
              -7.097304778692546
            ],
            [
              106.83984979693065,
              -7.097306450532244
            ],
            [
              106.83984896685638,
              -7.097307093547499
            ],
            [
              106.83983984323424,
              -7.09731361003503
            ],
            [
              106.83988416811991,
              -7.097321275856132
            ],
            [
              106.83988508722706,
              -7.097321469210385
            ],
            [
              106.83993106236869,
              -7.097332814157994
            ],
            [
              106.83993114060974,
              -7.097332704440703
            ],
            [
              106.83993586924504,
              -7.097334000363787
            ],
            [
              106.83995086184285,
              -7.097337699275329
            ],
            [
              106.83995224949678,
              -7.097338121956739
            ],
            [
              106.83995256695744,
              -7.097338241566547
            ],
            [
              106.83998920443827,
              -7.097352609135555
            ],
            [
              106.839996131916,
              -7.097355325987451
            ],
            [
              106.8399979593384,
              -7.09735620552442
            ],
            [
              106.83999829928217,
              -7.097356407871871
            ],
            [
              106.84007176220211,
              -7.097401681542294
            ],
            [
              106.8400733728879,
              -7.0974028443657176
            ],
            [
              106.84015439820695,
              -7.097471076828697
            ],
            [
              106.8402388328559,
              -7.097538454036396
            ],
            [
              106.84035421677373,
              -7.097630803618642
            ],
            [
              106.84042666435914,
              -7.09768535199737
            ],
            [
              106.84042721924084,
              -7.097685793564494
            ],
            [
              106.84042841713779,
              -7.097686928508892
            ],
            [
              106.84047710733267,
              -7.097739036127564
            ],
            [
              106.84047729169373,
              -7.097739236676375
            ],
            [
              106.84051872975562,
              -7.097785410568179
            ],
            [
              106.84051923337597,
              -7.097784356562784
            ],
            [
              106.84056470309861,
              -7.097689163324162
            ],
            [
              106.84058770146129,
              -7.097617787730655
            ],
            [
              106.84061641501557,
              -7.097521519802228
            ],
            [
              106.84063767858606,
              -7.097448162102978
            ],
            [
              106.84065189416964,
              -7.097385506336025
            ],
            [
              106.84065371169947,
              -7.097365148382835
            ],
            [
              106.84066356647048,
              -7.097331815011216
            ],
            [
              106.8406775230493,
              -7.0973035978826715
            ],
            [
              106.84069536290076,
              -7.097267529672706
            ],
            [
              106.84071639354681,
              -7.09722501242436
            ],
            [
              106.84071666963865,
              -7.097224496213471
            ],
            [
              106.84071684500645,
              -7.097224205732459
            ],
            [
              106.84076235879587,
              -7.097151871461676
            ],
            [
              106.84076476897894,
              -7.097148041249056
            ],
            [
              106.84083423351314,
              -7.0970376413740155
            ],
            [
              106.84102673159845,
              -7.096631445484775
            ],
            [
              106.84106490512136,
              -7.096545271546972
            ],
            [
              106.84106534399046,
              -7.096544409097135
            ],
            [
              106.84106564886065,
              -7.0965439180673116
            ],
            [
              106.8411737185923,
              -7.096381814369181
            ],
            [
              106.8411743184401,
              -7.096381013972575
            ],
            [
              106.84117527531879,
              -7.096380035510208
            ],
            [
              106.8412661626034,
              -7.09630020718879
            ],
            [
              106.84126972212005,
              -7.096297081145337
            ],
            [
              106.84128916546268,
              -7.096280003019672
            ],
            [
              106.8412905369288,
              -7.096279030852543
            ],
            [
              106.84129111069626,
              -7.096278726881678
            ],
            [
              106.84142484707911,
              -7.096213885762154
            ],
            [
              106.84142526076721,
              -7.096213696904556
            ],
            [
              106.84155899715006,
              -7.096156960475298
            ],
            [
              106.8415594396165,
              -7.0961567869061355
            ],
            [
              106.84155989737144,
              -7.0961566340213835
            ],
            [
              106.84166733398035,
              -7.096123937369782
            ],
            [
              106.84166840057628,
              -7.096123681962297
            ],
            [
              106.84166903190038,
              -7.096123593828736
            ],
            [
              106.84183575091924,
              -7.09610619734309
            ],
            [
              106.84183669071075,
              -7.096106148779711
            ],
            [
              106.84183803609653,
              -7.096106249503748
            ],
            [
              106.84195012399908,
              -7.096123072221985
            ],
            [
              106.84195014648213,
              -7.096122991282982
            ],
            [
              106.84195462330729,
              -7.096123747612808
            ],
            [
              106.84203920994162,
              -7.096136443342118
            ],
            [
              106.84204084760711,
              -7.096136869620807
            ],
            [
              106.84204217050984,
              -7.09613747576384
            ],
            [
              106.84206078647617,
              -7.096147879121304
            ],
            [
              106.84207620894995,
              -7.096156498223763
            ],
            [
              106.84207717662048,
              -7.096177759995555
            ],
            [
              106.84203477358597,
              -7.096154063759002
            ],
            [
              106.84195075981978,
              -7.096141454364556
            ],
            [
              106.84194626231022,
              -7.0961409192679525
            ],
            [
              106.84194628389395,
              -7.096140783470332
            ],
            [
              106.84183648566534,
              -7.0961243042931414
            ],
            [
              106.84167177842988,
              -7.096141490337459
            ],
            [
              106.84157983893846,
              -7.0961694709442895
            ],
            [
              106.84156563234814,
              -7.096173793985372
            ],
            [
              106.84152135962313,
              -7.0961925763263025
            ],
            [
              106.84145868856768,
              -7.096219163883234
            ],
            [
              106.8414017956564,
              -7.096238024465208
            ],
            [
              106.84134624813089,
              -7.0962720961802574
            ],
            [
              106.84130011920519,
              -7.0962944614202
            ],
            [
              106.84118812573149,
              -7.096392830164916
            ],
            [
              106.84108114687751,
              -7.096553297996252
            ],
            [
              106.84104319278919,
              -7.0966389737096165
            ],
            [
              106.84103245128665,
              -7.0966616402224645
            ],
            [
              106.84103057799882,
              -7.096666012726246
            ],
            [
              106.84103038734258,
              -7.096665995639114
            ],
            [
              106.84085036645132,
              -7.09704586657341
            ],
            [
              106.8408500238096,
              -7.097046518581919
            ],
            [
              106.84084984844179,
              -7.097046809062931
            ],
            [
              106.84078073014666,
              -7.097156658552876
            ],
            [
              106.84077831097034,
              -7.097160503154669
            ],
            [
              106.84073241946567,
              -7.097233438172566
            ],
            [
              106.84067763186727,
              -7.097344204071703
            ],
            [
              106.84067244098043,
              -7.0973589583492185
            ],
            [
              106.840669873416,
              -7.097387716869605
            ],
            [
              106.84066977089327,
              -7.097388483991324
            ],
            [
              106.84066968455835,
              -7.097388912068595
            ],
            [
              106.84065527562052,
              -7.097452420392813
            ],
            [
              106.84065514252086,
              -7.097452935704382
            ],
            [
              106.84063378542095,
              -7.097526617159588
            ],
            [
              106.84060499452494,
              -7.0976231404955
            ],
            [
              106.84058175064735,
              -7.097695280512767
            ],
            [
              106.84058164003073,
              -7.0976956033693455
            ],
            [
              106.8405813036843,
              -7.097696403765951
            ],
            [
              106.84053182118669,
              -7.097799998471089
            ],
            [
              106.84053594277958,
              -7.097804591308773
            ],
            [
              106.84069263345833,
              -7.097909121308874
            ],
            [
              106.84071911669395,
              -7.097926647296902
            ],
            [
              106.84071983435291,
              -7.097926796584375
            ],
            [
              106.84083108858391,
              -7.097949875886002
            ],
            [
              106.84089139712034,
              -7.097962407039404
            ],
            [
              106.84094017994539,
              -7.097957833986811
            ],
            [
              106.84099390364582,
              -7.097939146973999
            ],
            [
              106.84106540334574,
              -7.0979049862260695
            ],
            [
              106.8412020823103,
              -7.097835852642447
            ],
            [
              106.84127266380244,
              -7.097777034282672
            ],
            [
              106.84134258789015,
              -7.09769103841063
            ],
            [
              106.84134295571289,
              -7.097690620225876
            ],
            [
              106.84138599097076,
              -7.097644639688326
            ],
            [
              106.84141017643856,
              -7.097585345587163
            ],
            [
              106.84141069804537,
              -7.097584274494636
            ],
            [
              106.84142351698176,
              -7.097561840906167
            ],
            [
              106.84142443339096,
              -7.097560530593967
            ],
            [
              106.84142481650213,
              -7.097560103416015
            ],
            [
              106.84144162752915,
              -7.097542491992385
            ],
            [
              106.84144235957729,
              -7.09754180491035
            ],
            [
              106.84144365190309,
              -7.097540901091691
            ],
            [
              106.84144508272448,
              -7.097540234694009
            ],
            [
              106.84144582286649,
              -7.0975400008703105
            ],
            [
              106.84144734541871,
              -7.097539590779434
            ],
            [
              106.8414473652038,
              -7.097539548511293
            ],
            [
              106.84147406607536,
              -7.097480505321016
            ],
            [
              106.84147588090724,
              -7.097476363043654
            ],
            [
              106.8414759285713,
              -7.097476386426024
            ],
            [
              106.84150448024764,
              -7.097413251320461
            ],
            [
              106.84155846205346,
              -7.097275297117221
            ],
            [
              106.84160647146155,
              -7.097148071825984
            ],
            [
              106.84169950722656,
              -7.096889973593363
            ],
            [
              106.84173750807958,
              -7.096778666302384
            ],
            [
              106.84173743613383,
              -7.096778597054538
            ],
            [
              106.84174068808233,
              -7.0967754602192485
            ],
            [
              106.84174111705897,
              -7.096775345106039
            ],
            [
              106.84174113144815,
              -7.096775304636537
            ],
            [
              106.84174539873123,
              -7.096776811001007
            ],
            [
              106.84174536905363,
              -7.0967768910406335
            ],
            [
              106.8417458223119,
              -7.096777536753848
            ],
            [
              106.84174615596038,
              -7.096778250815589
            ],
            [
              106.84174636010647,
              -7.096779012541333
            ],
            [
              106.84174642935432,
              -7.0967797976495035
            ],
            [
              106.84174636010647,
              -7.096780582757617
            ],
            [
              106.84174618653736,
              -7.096781257249177
            ],
            [
              106.84170804988668,
              -7.096892964738458
            ],
            [
              106.84161496735692,
              -7.097151193372838
            ],
            [
              106.84156691298273,
              -7.097278537374564
            ],
            [
              106.84151282325826,
              -7.097416759575765
            ],
            [
              106.84145865529274,
              -7.097536545674984
            ],
            [
              106.8414666358766,
              -7.097534397194636
            ],
            [
              106.84146742008545,
              -7.0975342227261535
            ],
            [
              106.84146899210037,
              -7.0975340860292135
            ],
            [
              106.84147056321598,
              -7.0975342227261535
            ],
            [
              106.8414708402072,
              -7.097534276685451
            ],
            [
              106.84153475682365,
              -7.097547592047704
            ],
            [
              106.8415902009271,
              -7.097557530455617
            ],
            [
              106.84166982420311,
              -7.097553863919643
            ],
            [
              106.84176501024706,
              -7.097539281412651
            ],
            [
              106.8417656388732,
              -7.097539207668262
            ],
            [
              106.84186904831796,
              -7.097530692887119
            ],
            [
              106.84190666426122,
              -7.097510957264831
            ],
            [
              106.84191514306946,
              -7.097503299537607
            ],
            [
              106.84193945444235,
              -7.097473228906324
            ],
            [
              106.84203089211206,
              -7.097252978642018
            ],
            [
              106.84209831158785,
              -7.097045326980208
            ],
            [
              106.84212801799367,
              -7.096950807333826
            ],
            [
              106.84212814839537,
              -7.096950423323335
            ],
            [
              106.84212869338455,
              -7.0969492128358524
            ],
            [
              106.8421635448118,
              -7.096884869940766
            ],
            [
              106.84221975873493,
              -7.096740321908271
            ],
            [
              106.84225716243816,
              -7.096531927406488
            ],
            [
              106.84223607783281,
              -7.0963943509185015
            ],
            [
              106.84218946327314,
              -7.096294358897524
            ],
            [
              106.84214431280986,
              -7.096215277912677
            ],
            [
              106.84210172901163,
              -7.0961914809520295
            ],
            [
              106.8420988709662,
              -7.096189883756097
            ],
            [
              106.84210675172528,
              -7.096173566456855
            ],
            [
              106.84215540145067,
              -7.096200752962318
            ],
            [
              106.84215674773577,
              -7.096201687357961
            ],
            [
              106.84215786289514,
              -7.096202801617949
            ],
            [
              106.84215878020359,
              -7.096204113728845
            ],
            [
              106.84220537407879,
              -7.0962857236071955
            ],
            [
              106.84220571761983,
              -7.096286385508222
            ],
            [
              106.84225303634861,
              -7.096387887490948
            ],
            [
              106.84225333582287,
              -7.096388612344526
            ],
            [
              106.84225376120219,
              -7.096390235620845
            ],
            [
              106.84227528557602,
              -7.096530676449504
            ],
            [
              106.8422753898974,
              -7.096532044318337
            ],
            [
              106.8422752505025,
              -7.0965336271251545
            ],
            [
              106.84223742321859,
              -7.096744376052072
            ],
            [
              106.84223698524875,
              -7.096745963355488
            ],
            [
              106.84218021464523,
              -7.096891948504549
            ],
            [
              106.84217973800457,
              -7.0968929773289915
            ],
            [
              106.84217427102584,
              -7.0969030704202964
            ],
            [
              106.84217209106919,
              -7.09690709488649
            ],
            [
              106.84214503046883,
              -7.096957054024756
            ],
            [
              106.84211555878608,
              -7.09705082543519
            ],
            [
              106.8420480026133,
              -7.097258899778353
            ],
            [
              106.84204789829192,
              -7.097259202849898
            ],
            [
              106.8420477535011,
              -7.097259574269913
            ],
            [
              106.84195567821206,
              -7.097481360576296
            ],
            [
              106.84195515570593,
              -7.097482418179027
            ],
            [
              106.8419543589066,
              -7.097483578304434
            ],
            [
              106.84192872822831,
              -7.097515278507274
            ],
            [
              106.8419278109198,
              -7.09751623808387
            ],
            [
              106.84191795794749,
              -7.097525137774824
            ],
            [
              106.84191770523796,
              -7.097525358108726
            ],
            [
              106.84191641291221,
              -7.097526261927385
            ],
            [
              106.8419160954515,
              -7.097526436395867
            ],
            [
              106.84187583640079,
              -7.09754755877276
            ],
            [
              106.84187472304012,
              -7.09754805070196
            ],
            [
              106.84187319868926,
              -7.0975484580948205
            ],
            [
              106.84187237041363,
              -7.0975485651141526
            ],
            [
              106.8417674411146,
              -7.0975572049010225
            ],
            [
              106.8416720940919,
              -7.097571811689704
            ],
            [
              106.84167113811259,
              -7.097571907017823
            ],
            [
              106.84159001926406,
              -7.097575642801644
            ],
            [
              106.84158960287795,
              -7.097575651794841
            ],
            [
              106.84158801737317,
              -7.097575512399942
            ],
            [
              106.8415313097222,
              -7.097565346463512
            ],
            [
              106.84146926009834,
              -7.097552420507782
            ],
            [
              106.84145298057064,
              -7.0975568038034
            ],
            [
              106.8414386813501,
              -7.097571783810736
            ],
            [
              106.8414267167696,
              -7.097592721826629
            ],
            [
              106.8414024566581,
              -7.097652199389415
            ],
            [
              106.84140251151678,
              -7.097652232664359
            ],
            [
              106.84140367973612,
              -7.097653063637949
            ],
            [
              106.84140465190325,
              -7.097654011523389
            ],
            [
              106.84142557463065,
              -7.097677725746394
            ],
            [
              106.8414423397922,
              -7.097691950323224
            ],
            [
              106.84144341448206,
              -7.097693029509685
            ],
            [
              106.84144383536477,
              -7.097693571800846
            ],
            [
              106.84145887202936,
              -7.097714513414019
            ],
            [
              106.84145935586463,
              -7.097715262549286
            ],
            [
              106.84145990894768,
              -7.097716393896405
            ],
            [
              106.84147664623032,
              -7.097757744724106
            ],
            [
              106.84147676044421,
              -7.097758041500356
            ],
            [
              106.84147705362318,
              -7.097759014566805
            ],
            [
              106.84148625818432,
              -7.097797149418852
            ],
            [
              106.84150034156755,
              -7.097855293287125
            ],
            [
              106.84151273602401,
              -7.097906175129822
            ],
            [
              106.8415290533232,
              -7.097952188942315
            ],
            [
              106.84154789681804,
              -7.097989875932001
            ],
            [
              106.84156043876328,
              -7.098014960721798
            ],
            [
              106.84163161740526,
              -7.09813349496477
            ],
            [
              106.84170554257679,
              -7.098219918914083
            ],
            [
              106.84178751578128,
              -7.098286884232266
            ],
            [
              106.84184749066924,
              -7.098332684905415
            ],
            [
              106.84189004389049,
              -7.098359452326804
            ],
            [
              106.84193364572121,
              -7.098385922971943
            ],
            [
              106.84197846973063,
              -7.098400721316182
            ],
            [
              106.84205446424221,
              -7.09840647338001
            ],
            [
              106.84211065028632,
              -7.098397894746995
            ],
            [
              106.84220233706827,
              -7.0983790143799865
            ],
            [
              106.84226774026405,
              -7.0983605881705785
            ],
            [
              106.84226832392409,
              -7.098360444279024
            ],
            [
              106.8422931847827,
              -7.098355189540314
            ],
            [
              106.84229768499023,
              -7.0983542380575955
            ],
            [
              106.84233407875479,
              -7.098346546156108
            ],
            [
              106.84233438092701,
              -7.098346487700212
            ],
            [
              106.84233574070191,
              -7.0983463528019115
            ],
            [
              106.84240275818081,
              -7.098344779887611
            ],
            [
              106.84240386074964,
              -7.098344832947646
            ],
            [
              106.84246667839454,
              -7.098351785606383
            ],
            [
              106.84246725306133,
              -7.098351868344025
            ],
            [
              106.84246872974813,
              -7.098352258649754
            ],
            [
              106.84252121418274,
              -7.098371008615118
            ],
            [
              106.84252273493632,
              -7.098371722676802
            ],
            [
              106.84254505251221,
              -7.098385112682763
            ],
            [
              106.84255755758528,
              -7.0983926157265955
            ],
            [
              106.84252571439026,
              -7.0983946059262735
            ],
            [
              106.84251424983285,
              -7.098387727011925
            ],
            [
              106.84246363059214,
              -7.098369643444244
            ],
            [
              106.84240247039776,
              -7.0983628742471865
            ],
            [
              106.84233700514875,
              -7.0983644120879035
            ],
            [
              106.84227236547736,
              -7.098378075487744
            ],
            [
              106.84220693979847,
              -7.0983965079923905
            ],
            [
              106.84220631027307,
              -7.098396661776462
            ],
            [
              106.84211407580403,
              -7.098415654558778
            ],
            [
              106.84211371877319,
              -7.098415720209289
            ],
            [
              106.84205617834999,
              -7.098424506585673
            ],
            [
              106.84205481048116,
              -7.098424610007726
            ],
            [
              106.8420541269964,
              -7.09842458392734
            ],
            [
              106.84197599749433,
              -7.098418670884882
            ],
            [
              106.84197510896416,
              -7.098418559368952
            ],
            [
              106.8419738409201,
              -7.098418240109652
            ],
            [
              106.84195929978193,
              -7.098413439528542
            ],
            [
              106.84192698444286,
              -7.098402770871132
            ],
            [
              106.84192672903538,
              -7.098402681838252
            ],
            [
              106.84192521187907,
              -7.0984019641792315
            ],
            [
              106.84188051917067,
              -7.098374831633123
            ],
            [
              106.84186534760778,
              -7.098365288027594
            ],
            [
              106.8418606990121,
              -7.0983625001292125
            ],
            [
              106.84186069361618,
              -7.098362360734313
            ],
            [
              106.84183749560401,
              -7.098347769234124
            ],
            [
              106.84183682201177,
              -7.098347301586671
            ],
            [
              106.84177640195946,
              -7.098301160969754
            ],
            [
              106.84177616903503,
              -7.0983009775080745
            ],
            [
              106.84169341162169,
              -7.098233370973219
            ],
            [
              106.84169230365694,
              -7.098232281894241
            ],
            [
              106.84161733617117,
              -7.098144637564928
            ],
            [
              106.84161648091595,
              -7.098143445063897
            ],
            [
              106.84154469613088,
              -7.098023899083614
            ],
            [
              106.84154439845531,
              -7.098023353195174
            ],
            [
              106.84153170002799,
              -7.0979979572398975
            ],
            [
              106.84151260832027,
              -7.097959772025831
            ],
            [
              106.84151218653824,
              -7.097958788167489
            ],
            [
              106.84149551670481,
              -7.097911779704816
            ],
            [
              106.84149525410277,
              -7.097910898369207
            ],
            [
              106.84148274813037,
              -7.097859556972935
            ],
            [
              106.84146866025054,
              -7.0978013951182675
            ],
            [
              106.84145961127211,
              -7.097763904180795
            ],
            [
              106.84144353049459,
              -7.097724174830773
            ],
            [
              106.84142977266595,
              -7.09770501477459
            ],
            [
              106.84141335644131,
              -7.09769108607469
            ],
            [
              106.841412425643,
              -7.0976901732628335
            ],
            [
              106.8413920020393,
              -7.09766702471336
            ],
            [
              106.84139060539218,
              -7.097666189243171
            ],
            [
              106.84135639608087,
              -7.097702740389138
            ],
            [
              106.84128611676095,
              -7.0977891724323285
            ],
            [
              106.84128494494433,
              -7.097790351443507
            ],
            [
              106.84121288856403,
              -7.097850398277217
            ],
            [
              106.84121161602332,
              -7.097851285908064
            ],
            [
              106.84121117895279,
              -7.097851521530458
            ],
            [
              106.84107339921803,
              -7.097921211794414
            ],
            [
              106.84100126099946,
              -7.097955679211168
            ],
            [
              106.84100039135501,
              -7.097956039839346
            ],
            [
              106.84094509653903,
              -7.097975273639918
            ],
            [
              106.84094369179797,
              -7.097975638764694
            ],
            [
              106.84094296514576,
              -7.097975736790772
            ],
            [
              106.84089173256746,
              -7.097980540069841
            ],
            [
              106.84089088630543,
              -7.097980579639966
            ],
            [
              106.84088931429051,
              -7.097980442043706
            ],
            [
              106.84088904269521,
              -7.097980389883048
            ],
            [
              106.8408274049608,
              -7.097967581738487
            ],
            [
              106.84075978133887,
              -7.0979535541131895
            ],
            [
              106.84077974269104,
              -7.097966766952709
            ],
            [
              106.84078097116497,
              -7.097967684261164
            ],
            [
              106.84078208092836,
              -7.097968725676083
            ],
            [
              106.84083333419107,
              -7.098022541107355
            ],
            [
              106.84083356441755,
              -7.0980227893202255
            ],
            [
              106.84093185222326,
              -7.0981312898271085
            ],
            [
              106.84096187788839,
              -7.0981594188220924
            ],
            [
              106.84096299124911,
              -7.098160593336672
            ],
            [
              106.8409635749091,
              -7.098161339773981
            ],
            [
              106.84099091519863,
              -7.09819893233481
            ],
            [
              106.84104729819433,
              -7.098276673329735
            ],
            [
              106.84104774605669,
              -7.098277330734163
            ],
            [
              106.84108106054259,
              -7.098329437453515
            ],
            [
              106.84108137620461,
              -7.098329956362363
            ],
            [
              106.84108237625071,
              -7.098332099446793
            ],
            [
              106.84108250665241,
              -7.098332473564767
            ],
            [
              106.84109596051024,
              -7.098373049176814
            ],
            [
              106.8410963427221,
              -7.098374447622632
            ],
            [
              106.84112111454783,
              -7.098488912433311
            ],
            [
              106.84112121527193,
              -7.098489423248225
            ],
            [
              106.8411212701306,
              -7.098489757796017
            ],
            [
              106.84113750019554,
              -7.098597389557824
            ],
            [
              106.84113764048976,
              -7.09859886354667
            ],
            [
              106.84113998951898,
              -7.0986571638969735
            ],
            [
              106.84114000031082,
              -7.098657709785414
            ],
            [
              106.84114000031082,
              -7.098694481265227
            ],
            [
              106.84114849260891,
              -7.098728448658903
            ],
            [
              106.84117133898616,
              -7.098765981864517
            ],
            [
              106.84117149546819,
              -7.098766247164519
            ],
            [
              106.84117249641366,
              -7.09876838934963
            ],
            [
              106.84117261962075,
              -7.098768850701845
            ],
            [
              106.84119489582787,
              -7.098769445153721
            ],
            [
              106.84122227568753,
              -7.098770175403217
            ],
            [
              106.8412398934064,
              -7.0987665718197945
            ],
            [
              106.84130049781976,
              -7.0987627056343285
            ],
            [
              106.84133063410155,
              -7.098773242091397
            ],
            [
              106.84135519458664,
              -7.098784703950855
            ],
            [
              106.84139095612778,
              -7.098788590820789
            ],
            [
              106.84146598296883,
              -7.098786198624111
            ],
            [
              106.84148524374905,
              -7.098786197724792
            ],
            [
              106.8414860414477,
              -7.098786268771221
            ],
            [
              106.84151247072401,
              -7.098791073848929
            ],
            [
              106.84151288711013,
              -7.0987911700763675
            ],
            [
              106.8415207966475,
              -7.0987933940998005
            ],
            [
              106.84152101788072,
              -7.098793238517089
            ],
            [
              106.84152640032318,
              -7.0987949706113795
            ],
            [
              106.84153850339925,
              -7.098798374545311
            ],
            [
              106.84153882535657,
              -7.098798477967364
            ],
            [
              106.84153907986473,
              -7.098798579590721
            ],
            [
              106.84157537020724,
              -7.09881432312244
            ],
            [
              106.84157582976081,
              -7.098814554248236
            ],
            [
              106.84157627492522,
              -7.098814847427207
            ],
            [
              106.84160776198871,
              -7.098838328725833
            ],
            [
              106.84160796343684,
              -7.098838487905823
            ],
            [
              106.8416085461975,
              -7.098839076062461
            ],
            [
              106.84164050990165,
              -7.098878496945019
            ],
            [
              106.84166218446228,
              -7.098902286711109
            ],
            [
              106.84168881069013,
              -7.0989273184409285
            ],
            [
              106.84170931793074,
              -7.098948348187662
            ],
            [
              106.84175901086974,
              -7.09897953847485
            ],
            [
              106.84181685616306,
              -7.099015210083849
            ],
            [
              106.84184696906243,
              -7.099035810853934
            ],
            [
              106.84189906498995,
              -7.0990571229878014
            ],
            [
              106.84193035690049,
              -7.099065081088554
            ],
            [
              106.8419529874405,
              -7.099072085908006
            ],
            [
              106.84195389125915,
              -7.09907250499208
            ],
            [
              106.841977457094,
              -7.099087498489212
            ],
            [
              106.841977778152,
              -7.0990877233197125
            ],
            [
              106.84202100586481,
              -7.0991208111764195
            ],
            [
              106.84207330593836,
              -7.099160836403428
            ],
            [
              106.84207350648717,
              -7.0991610000800165
            ],
            [
              106.84210055629569,
              -7.09918486628851
            ],
            [
              106.8421339454253,
              -7.099207656008446
            ],
            [
              106.84213430155683,
              -7.0992079258051035
            ],
            [
              106.84213454257514,
              -7.099208143441047
            ],
            [
              106.84215455698728,
              -7.099227523831132
            ],
            [
              106.84216709173796,
              -7.0992087226044305
            ],
            [
              106.84221460022366,
              -7.099127379824665
            ],
            [
              106.8422154338952,
              -7.0991261855249945
            ],
            [
              106.8422598658002,
              -7.099072327825638
            ],
            [
              106.84226082088026,
              -7.099071343967296
            ],
            [
              106.84231471455251,
              -7.099023608852406
            ],
            [
              106.8423160041803,
              -7.099022680752057
            ],
            [
              106.84244343901355,
              -7.098947080143603
            ],
            [
              106.84255508355034,
              -7.098864894699091
            ],
            [
              106.84261715385861,
              -7.098803616693488
            ],
            [
              106.84264768584211,
              -7.09875596431624
            ],
            [
              106.84266203632399,
              -7.098717696364531
            ],
            [
              106.84267002949832,
              -7.098696381532761
            ],
            [
              106.8426786899696,
              -7.098623108369736
            ],
            [
              106.84267453330312,
              -7.098577110744998
            ],
            [
              106.84265772677276,
              -7.098523437406641
            ],
            [
              106.84263328949476,
              -7.098483097416988
            ],
            [
              106.84261393698364,
              -7.098460724982431
            ],
            [
              106.84260164415059,
              -7.0984493422632795
            ],
            [
              106.84258655532534,
              -7.098435371295295
            ],
            [
              106.84256384474571,
              -7.098417483779826
            ],
            [
              106.8425357301399,
              -7.098400615196169
            ],
            [
              106.8425277027913,
              -7.098395798427305
            ],
            [
              106.842559866145,
              -7.0983940006825605
            ],
            [
              106.84257365904716,
              -7.09840227624403
            ],
            [
              106.842574602436,
              -7.098402927353163
            ],
            [
              106.84259804776178,
              -7.098421393132753
            ],
            [
              106.84259826180039,
              -7.098421566701916
            ],
            [
              106.8425985972475,
              -7.098421862578846
            ],
            [
              106.84261395137281,
              -7.098436079061742
            ],
            [
              106.8426266120286,
              -7.098447801724603
            ],
            [
              106.84262730810383,
              -7.098448522081583
            ],
            [
              106.8426475302594,
              -7.098471901756795
            ],
            [
              106.84264838281666,
              -7.0984730816673505
            ],
            [
              106.8426738309326,
              -7.0985150916980615
            ],
            [
              106.84267454499434,
              -7.09851660076049
            ],
            [
              106.842674678094,
              -7.0985169937641786
            ],
            [
              106.8426921015593,
              -7.09857263571854
            ],
            [
              106.84269237675187,
              -7.0985737643677
            ],
            [
              106.84269247747591,
              -7.098574522496165
            ],
            [
              106.84269680501359,
              -7.098622420388324
            ],
            [
              106.84269684188581,
              -7.098623233375463
            ],
            [
              106.84269677893326,
              -7.098624293676153
            ],
            [
              106.84268788014163,
              -7.09869958941448
            ],
            [
              106.84268780459854,
              -7.098700099330074
            ],
            [
              106.84268738191719,
              -7.0987016614524805
            ],
            [
              106.84267899034319,
              -7.098724040182276
            ],
            [
              106.84266430351488,
              -7.098763204758029
            ],
            [
              106.84266366589554,
              -7.098764553741091
            ],
            [
              106.84266345095756,
              -7.098764907174655
            ],
            [
              106.84263185867337,
              -7.098814214304525
            ],
            [
              106.84263116889338,
              -7.098815152297391
            ],
            [
              106.84263059782387,
              -7.0988157710309565
            ],
            [
              106.84256734400776,
              -7.098878217255901
            ],
            [
              106.84256679991796,
              -7.098878712782323
            ],
            [
              106.84256635115622,
              -7.0988790653165665
            ],
            [
              106.84245381718995,
              -7.098961904568171
            ],
            [
              106.84245306985338,
              -7.098962400094649
            ],
            [
              106.84232598845364,
              -7.099037791161095
            ],
            [
              106.84227336192617,
              -7.099084405720703
            ],
            [
              106.84222986981268,
              -7.099137123979062
            ],
            [
              106.84218259335205,
              -7.099218067459788
            ],
            [
              106.84218230916628,
              -7.0992185225167646
            ],
            [
              106.84216618072475,
              -7.099242715179116
            ],
            [
              106.84216621849623,
              -7.099242755648618
            ],
            [
              106.84216366352234,
              -7.099246553485614
            ],
            [
              106.84216363564332,
              -7.099246533700523
            ],
            [
              106.84212557273707,
              -7.099303627160623
            ],
            [
              106.84212528315533,
              -7.099304037251443
            ],
            [
              106.84206449348164,
              -7.099385089550196
            ],
            [
              106.84206418321554,
              -7.099385479855982
            ],
            [
              106.84206306805623,
              -7.09938659411597
            ],
            [
              106.84206281085011,
              -7.099386801859396
            ],
            [
              106.84202633704587,
              -7.099415170073996
            ],
            [
              106.84202525965804,
              -7.099415890430976
            ],
            [
              106.84196037537106,
              -7.099452388516852
            ],
            [
              106.84195902998533,
              -7.099453006351098
            ],
            [
              106.84195863698159,
              -7.099453139450759
            ],
            [
              106.84189373111087,
              -7.099473421860864
            ],
            [
              106.84178436815415,
              -7.099505826232871
            ],
            [
              106.84159857091737,
              -7.099566597020782
            ],
            [
              106.84158014111068,
              -7.099573968763593
            ],
            [
              106.84155600060899,
              -7.09956414456957
            ],
            [
              106.84157115058821,
              -7.099558084937598
            ],
            [
              106.84159211198642,
              -7.099549699658837
            ],
            [
              106.84159238088375,
              -7.099549597136161
            ],
            [
              106.84159266057287,
              -7.099549500908665
            ],
            [
              106.84177897671844,
              -7.09948856194751
            ],
            [
              106.84188845388911,
              -7.099456122502033
            ],
            [
              106.84195232284151,
              -7.099436163847827
            ],
            [
              106.84201574662944,
              -7.099400487742287
            ],
            [
              106.8420507311564,
              -7.099373276955134
            ],
            [
              106.84211064309176,
              -7.099293394674362
            ],
            [
              106.84214945513332,
              -7.099235177061701
            ],
            [
              106.84214939038213,
              -7.0992351150085256
            ],
            [
              106.84212851981539,
              -7.099214904544169
            ],
            [
              106.8420952170207,
              -7.09919217417945
            ],
            [
              106.84209481772172,
              -7.099191867510626
            ],
            [
              106.84206767528303,
              -7.099167918564547
            ],
            [
              106.84201550021521,
              -7.099127988665714
            ],
            [
              106.84197242808517,
              -7.0990950195194955
            ],
            [
              106.841949623976,
              -7.0990805080589325
            ],
            [
              106.84192789995268,
              -7.0990737838280324
            ],
            [
              106.84189652620375,
              -7.099065807740772
            ],
            [
              106.84189601089224,
              -7.099065642265543
            ],
            [
              106.84184309298439,
              -7.0990439964832035
            ],
            [
              106.84184254529731,
              -7.099043727585922
            ],
            [
              106.84184225031964,
              -7.099043542325546
            ],
            [
              106.84181191978433,
              -7.099022789570029
            ],
            [
              106.84175422557712,
              -7.098987213289206
            ],
            [
              106.84170404430625,
              -7.0989557172325135
            ],
            [
              106.84170354338386,
              -7.098955352107794
            ],
            [
              106.84170320973539,
              -7.098955043640331
            ],
            [
              106.8416901713644,
              -7.098941670721501
            ],
            [
              106.84169014528402,
              -7.098941695003191
            ],
            [
              106.84168701384465,
              -7.098938431363479
            ],
            [
              106.84168246597307,
              -7.098933766579989
            ],
            [
              106.84165585323512,
              -7.0989087519373015
            ],
            [
              106.84165560772016,
              -7.098908501925791
            ],
            [
              106.8416337272148,
              -7.098884486429881
            ],
            [
              106.84163358242392,
              -7.098884319155957
            ],
            [
              106.84160189301303,
              -7.0988452364184695
            ],
            [
              106.84157128098991,
              -7.0988224071283526
            ],
            [
              106.8415357550711,
              -7.0988069954464095
            ],
            [
              106.84151063970432,
              -7.098799931271742
            ],
            [
              106.84148483455755,
              -7.098795239508661
            ],
            [
              106.84146610347796,
              -7.098795239508661
            ],
            [
              106.84139085540369,
              -7.098797639799216
            ],
            [
              106.84139029332744,
              -7.0987976146181495
            ],
            [
              106.84135346968696,
              -7.098793612635063
            ],
            [
              106.84135317291066,
              -7.098793570366922
            ],
            [
              106.84135241118491,
              -7.098793366220832
            ],
            [
              106.84135204336218,
              -7.0987932142354
            ],
            [
              106.8413163546661,
              -7.098776558791087
            ],
            [
              106.84129184993901,
              -7.098769667286263
            ],
            [
              106.84125851207074,
              -7.098771992933052
            ],
            [
              106.8412235212486,
              -7.0987791488386165
            ],
            [
              106.8412226138326,
              -7.098779228878243
            ],
            [
              106.84117239299161,
              -7.098777888888435
            ],
            [
              106.84117149546819,
              -7.098779810739643
            ],
            [
              106.84117013839125,
              -7.098781746979967
            ],
            [
              106.84116854749055,
              -7.098783336082022
            ],
            [
              106.84116773090614,
              -7.098817977967258
            ],
            [
              106.84116759600784,
              -7.098819335044254
            ],
            [
              106.84116720750069,
              -7.098820800939166
            ],
            [
              106.8411539128229,
              -7.098858052656965
            ],
            [
              106.8411534361822,
              -7.0988591435345825
            ],
            [
              106.84114672184381,
              -7.098872108161231
            ],
            [
              106.84105601532292,
              -7.0990365500966846
            ],
            [
              106.84103210234969,
              -7.099077801099611
            ],
            [
              106.84100661916023,
              -7.099129359232506
            ],
            [
              106.84099244944207,
              -7.0991671451475895
            ],
            [
              106.840984113626,
              -7.099193343298111
            ],
            [
              106.84098399311682,
              -7.099193696731675
            ],
            [
              106.84098370713247,
              -7.0991943901089485
            ],
            [
              106.84097714477946,
              -7.09920860928986
            ],
            [
              106.84097368958419,
              -7.09924430877777
            ],
            [
              106.84097359425601,
              -7.099245008450339
            ],
            [
              106.84097354479331,
              -7.099245268354423
            ],
            [
              106.84096636460612,
              -7.099279972292834
            ],
            [
              106.84094769018384,
              -7.099384211811866
            ],
            [
              106.84094742578316,
              -7.099385296394246
            ],
            [
              106.84092493823539,
              -7.0994577547714925
            ],
            [
              106.84089921043028,
              -7.099540656975705
            ],
            [
              106.84089905574689,
              -7.099541112032625
            ],
            [
              106.84088906877554,
              -7.099567743656394
            ],
            [
              106.84086207202705,
              -7.0996366479129165
            ],
            [
              106.84086188676673,
              -7.0996370867820815
            ],
            [
              106.84084747513094,
              -7.0996688346489805
            ],
            [
              106.84084718554925,
              -7.099669415611004
            ],
            [
              106.8408210044858,
              -7.099717568011329
            ],
            [
              106.84081169830131,
              -7.099743501761168
            ],
            [
              106.84080374649574,
              -7.0997904130970255
            ],
            [
              106.84080362418797,
              -7.099793662347565
            ],
            [
              106.84080344702153,
              -7.099798377493073
            ],
            [
              106.84080246945848,
              -7.099824402973752
            ],
            [
              106.84080233815746,
              -7.099825634145645
            ],
            [
              106.84080192986522,
              -7.09982715669787
            ],
            [
              106.84080146131845,
              -7.099828223293798
            ],
            [
              106.84079229542817,
              -7.099845901267258
            ],
            [
              106.8407921011746,
              -7.099846265492715
            ],
            [
              106.84077455360284,
              -7.099880116873862
            ],
            [
              106.84077435575199,
              -7.099880479300623
            ],
            [
              106.84077339617534,
              -7.099881832780284
            ],
            [
              106.84054753234278,
              -7.100140930159739
            ],
            [
              106.84047010431192,
              -7.100231707727062
            ],
            [
              106.84043835374706,
              -7.100305792078586
            ],
            [
              106.84041186601485,
              -7.100382608570499
            ],
            [
              106.84040927866533,
              -7.1004369420112425
            ],
            [
              106.84041930071021,
              -7.1004870558329
            ],
            [
              106.84046193487046,
              -7.100527181783946
            ],
            [
              106.84062668077678,
              -7.100596268602885
            ],
            [
              106.84075924174567,
              -7.100609558784072
            ],
            [
              106.84084414853868,
              -7.100604638593154
            ],
            [
              106.84089427585019,
              -7.100586208786467
            ],
            [
              106.84099322915426,
              -7.100569097385915
            ],
            [
              106.84084912538691,
              -7.10062207914558
            ],
            [
              106.84084758574755,
              -7.100622492833736
            ],
            [
              106.84084653803734,
              -7.1006226151415035
            ],
            [
              106.84075957449483,
              -7.100627654942286
            ],
            [
              106.84075905019006,
              -7.100627670230722
            ],
            [
              106.8407581463714,
              -7.100627624365302
            ],
            [
              106.84071722362103,
              -7.100623521658179
            ],
            [
              106.8407126739508,
              -7.100623078292358
            ],
            [
              106.8406235241564,
              -7.1006141282393855
            ],
            [
              106.8406006130279,
              -7.100604950657896
            ],
            [
              106.84045341649204,
              -7.100543222991291
            ],
            [
              106.84045239396289,
              -7.100542716672976
            ],
            [
              106.84045110163709,
              -7.100541812854317
            ],
            [
              106.84045071223062,
              -7.100541466615368
            ],
            [
              106.84040478295441,
              -7.10049823890256
            ],
            [
              106.84040405630219,
              -7.100497469982201
            ],
            [
              106.84040315068489,
              -7.1004961785557725
            ],
            [
              106.84040248428727,
              -7.100494750432347
            ],
            [
              106.84040211376657,
              -7.100493429328253
            ],
            [
              106.84039710814011,
              -7.1004683975984335
            ],
            [
              106.84039614316754,
              -7.100463571836315
            ],
            [
              106.84039128772781,
              -7.100439293738361
            ],
            [
              106.84039113124578,
              -7.100437622797983
            ],
            [
              106.84039114203762,
              -7.100437193821392
            ],
            [
              106.84039384360108,
              -7.100380456492815
            ],
            [
              106.84039397040544,
              -7.100379316152498
            ],
            [
              106.84039432653702,
              -7.10037794198837
            ],
            [
              106.84042137005025,
              -7.100299517508688
            ],
            [
              106.84042158139096,
              -7.100298977915429
            ],
            [
              106.84045400195072,
              -7.100223328743596
            ],
            [
              106.84045448398729,
              -7.100222366468984
            ],
            [
              106.84045541118832,
              -7.100221048962169
            ],
            [
              106.84053381498364,
              -7.100129127457194
            ],
            [
              106.84075897734499,
              -7.0998708367696395
            ],
            [
              106.84077622004656,
              -7.099837583437704
            ],
            [
              106.84077641430014,
              -7.099837218312928
            ],
            [
              106.84078445423921,
              -7.099821702309669
            ],
            [
              106.84078518448871,
              -7.099802252671793
            ],
            [
              106.84078535805787,
              -7.09979763735106
            ],
            [
              106.84078567731723,
              -7.099789145952286
            ],
            [
              106.84078579782636,
              -7.099787975034985
            ],
            [
              106.84079398795222,
              -7.09973966435399
            ],
            [
              106.84079438635189,
              -7.099738152593602
            ],
            [
              106.84080420425067,
              -7.099710790720394
            ],
            [
              106.84080476362902,
              -7.099709546957968
            ],
            [
              106.84083112095954,
              -7.0996610699024245
            ],
            [
              106.84084530057021,
              -7.099629834649079
            ],
            [
              106.84087216152108,
              -7.099561275732242
            ],
            [
              106.84088199560767,
              -7.099535052400711
            ],
            [
              106.84090764607106,
              -7.099452400208065
            ],
            [
              106.8409299681436,
              -7.099380476028102
            ],
            [
              106.84094744556825,
              -7.099282925666444
            ],
            [
              106.84094903826758,
              -7.099274370415799
            ],
            [
              106.84095571663306,
              -7.099242084754337
            ],
            [
              106.84095643878868,
              -7.099234622180006
            ],
            [
              106.84096403626131,
              -7.099193818140122
            ],
            [
              106.84096703100374,
              -7.09918732953156
            ],
            [
              106.84097526519639,
              -7.099161448841755
            ],
            [
              106.84097540099401,
              -7.0991610549386905
            ],
            [
              106.84098982432101,
              -7.099122590934769
            ],
            [
              106.84099018494913,
              -7.099121759961179
            ],
            [
              106.84101600178712,
              -7.099069526437461
            ],
            [
              106.84101628147624,
              -7.099069003032014
            ],
            [
              106.8410642845891,
              -7.098986198853936
            ],
            [
              106.8411026038022,
              -7.098917942109267
            ],
            [
              106.84113707481623,
              -7.098851376989387
            ],
            [
              106.84114966622417,
              -7.098816097484871
            ],
            [
              106.84115027146794,
              -7.098790453316724
            ],
            [
              106.84115038298387,
              -7.09878572558074
            ],
            [
              106.84115045043302,
              -7.098782860340691
            ],
            [
              106.84114933527366,
              -7.098781746979967
            ],
            [
              106.84114813467875,
              -7.098780075140326
            ],
            [
              106.84112421720891,
              -7.0987407810621335
            ],
            [
              106.84112405982756,
              -7.098740516661451
            ],
            [
              106.84112305978147,
              -7.098738373577021
            ],
            [
              106.84112264519399,
              -7.09873702099668
            ],
            [
              106.84111324907724,
              -7.098699435630408
            ],
            [
              106.84111305032707,
              -7.0986985048321
            ],
            [
              106.84111284438234,
              -7.098696149507646
            ],
            [
              106.84111284438234,
              -7.098657982280031
            ],
            [
              106.84111053582262,
              -7.098600696364997
            ],
            [
              106.84109448112548,
              -7.098494223829334
            ],
            [
              106.84106995301596,
              -7.098380889466455
            ],
            [
              106.84105726088393,
              -7.098342610722852
            ],
            [
              106.8410250732486,
              -7.098292266674719
            ],
            [
              106.84101114005216,
              -7.098273055357197
            ],
            [
              106.84096893396918,
              -7.098214862026225
            ],
            [
              106.84094236170068,
              -7.09817832526943
            ],
            [
              106.84091286933352,
              -7.098150696297523
            ],
            [
              106.84091209052065,
              -7.098149903095532
            ],
            [
              106.84082950667647,
              -7.098058739719022
            ],
            [
              106.84082422405874,
              -7.098052908514887
            ],
            [
              106.84081354191147,
              -7.098041116604179
            ],
            [
              106.84076346406266,
              -7.097988535042816
            ],
            [
              106.8406775931964,
              -7.097931708681358
            ],
            [
              106.84051943572342,
              -7.09782619931957
            ],
            [
              106.84051824861837,
              -7.097825309890084
            ],
            [
              106.84051686636036,
              -7.097823973497555
            ],
            [
              106.84051310719423,
              -7.097819784455453
            ],
            [
              106.8405100072311,
              -7.097816329260127
            ],
            [
              106.8404571630677,
              -7.09775744614916
            ],
            [
              106.84040937309413,
              -7.09770630350306
            ],
            [
              106.8403377106169,
              -7.097652345079609
            ],
            [
              106.84033739315623,
              -7.097652098665378
            ],
            [
              106.84022186804481,
              -7.097559635768505
            ],
            [
              106.84013730839013,
              -7.097492159635408
            ],
            [
              106.84013704398944,
              -7.097491941999465
            ],
            [
              106.84005664909512,
              -7.097424241935187
            ],
            [
              106.83998507655008,
              -7.097380132886769
            ],
            [
              106.83994347840888,
              -7.097363820084183
            ],
            [
              106.83987904108494,
              -7.097347920070433
            ],
            [
              106.8398022093046,
              -7.0973346307885095
            ],
            [
              106.83977417383909,
              -7.09734382725577
            ],
            [
              106.8397723832889,
              -7.097344282312747
            ],
            [
              106.83972625706116,
              -7.097352719752166
            ],
            [
              106.83965228962154,
              -7.0973728933443
            ],
            [
              106.83955905600567,
              -7.097408450739351
            ],
            [
              106.83951142880943,
              -7.097435439393962
            ],
            [
              106.83950738275956,
              -7.097438094192626
            ],
            [
              106.83947679232017,
              -7.097460841644477
            ],
            [
              106.83947651982561,
              -7.097461038596009
            ],
            [
              106.83940391216089,
              -7.097512290959401
            ],
            [
              106.83940286535,
              -7.097512960055042
            ],
            [
              106.83940105771268,
              -7.097513831498077
            ],
            [
              106.83937286846316,
              -7.097524936326693
            ],
            [
              106.8393725312174,
              -7.097525064030435
            ],
            [
              106.83937034226756,
              -7.097525658482311
            ],
            [
              106.83932843655816,
              -7.097533355779717
            ],
            [
              106.83932602997237,
              -7.097533570717644
            ],
            [
              106.83932552725133,
              -7.097533560825127
            ],
            [
              106.83930246323814,
              -7.097532706469167
            ],
            [
              106.83930109626863,
              -7.097532586859359
            ],
            [
              106.8392703448506,
              -7.097528315978934
            ],
            [
              106.83926985651874,
              -7.097528238637267
            ],
            [
              106.83926834116107,
              -7.097527881606425
            ],
            [
              106.83923673538709,
              -7.0975184854896725
            ],
            [
              106.83923611935148,
              -7.097518285840181
            ],
            [
              106.83916807214888,
              -7.097494469094443
            ],
            [
              106.839109183642,
              -7.097476802812139
            ],
            [
              106.83905931983179,
              -7.097466830229962
            ],
            [
              106.83902057074283,
              -7.097463600764513
            ],
            [
              106.83899245793566,
              -7.097467400400149
            ],
            [
              106.83897243722828,
              -7.09747664093419
            ],
            [
              106.83894661409505,
              -7.097490311528588
            ],
            [
              106.83893145062598,
              -7.09751197349874
            ],
            [
              106.83891240568306,
              -7.097559586305806
            ],
            [
              106.83889056115055,
              -7.097665445503878
            ],
            [
              106.83887791848122,
              -7.097775861566731
            ],
            [
              106.838879529167,
              -7.097870047564584
            ],
            [
              106.83888664460301,
              -7.097931349851876
            ],
            [
              106.83889727908621,
              -7.0979576838000185
            ],
            [
              106.83891732137732,
              -7.0979849206675
            ],
            [
              106.83895032829508,
              -7.098010068409906
            ],
            [
              106.83900312839171,
              -7.098032893203424
            ],
            [
              106.8390800941711,
              -7.098061189472276
            ],
            [
              106.83914442177769,
              -7.098083392834269
            ],
            [
              106.83914490651227,
              -7.098083574497309
            ],
            [
              106.83919786758759,
              -7.098104644713544
            ],
            [
              106.83919968331878,
              -7.098105528747112
            ],
            [
              106.83924813968997,
              -7.098134031860013
            ],
            [
              106.83924875122892,
              -7.098134414071922
            ],
            [
              106.83929089256071,
              -7.0981623191356675
            ],
            [
              106.83929218758448,
              -7.098163292202116
            ],
            [
              106.83933325872295,
              -7.0981986580416105
            ],
            [
              106.83933417693078,
              -7.098199525887367
            ],
            [
              106.83937916551616,
              -7.098246223184617
            ],
            [
              106.8393798256185,
              -7.098246960628671
            ],
            [
              106.83943702160133,
              -7.098333413356272
            ],
            [
              106.83944320893698,
              -7.098345101844927
            ],
            [
              106.83944396436755,
              -7.098346804261553
            ],
            [
              106.83944415502378,
              -7.098347362740526
            ],
            [
              106.83946978120548,
              -7.0984285130653575
            ],
            [
              106.83947000513666,
              -7.098429307166725
            ],
            [
              106.83948965262545,
              -7.098507895323053
            ],
            [
              106.8394898504763,
              -7.0985088261213605
            ],
            [
              106.83949005372307,
              -7.09851088017291
            ],
            [
              106.83949261679089,
              -7.0986259853009415
            ],
            [
              106.83949261948885,
              -7.098626286573847
            ],
            [
              106.83949261948885,
              -7.098704874730117
            ],
            [
              106.83949252865733,
              -7.098706444946458
            ],
            [
              106.83949185326645,
              -7.0987122320838125
            ],
            [
              106.83949132896174,
              -7.098716723298082
            ],
            [
              106.83948654906504,
              -7.09875769730985
            ],
            [
              106.83948643395183,
              -7.0987584824179635
            ],
            [
              106.83948624329554,
              -7.098759384437983
            ],
            [
              106.83946403363831,
              -7.0988490765236065
            ],
            [
              106.83946361185627,
              -7.098850458781612
            ],
            [
              106.83946349584375,
              -7.098850765450436
            ],
            [
              106.83943018135784,
              -7.098935759477683
            ],
            [
              106.83942957431549,
              -7.098937092272934
            ],
            [
              106.8394099268267,
              -7.098974677639205
            ],
            [
              106.83940964983555,
              -7.098975182158881
            ],
            [
              106.8394093422674,
              -7.098975689376516
            ],
            [
              106.8393777355941,
              -7.099025233927364
            ],
            [
              106.83937692800288,
              -7.099026367073122
            ],
            [
              106.83933763392474,
              -7.09907591162397
            ],
            [
              106.83933739290643,
              -7.0990762075009
            ],
            [
              106.83933659790574,
              -7.099077074447393
            ],
            [
              106.83930157470797,
              -7.099112097645161
            ],
            [
              106.83930076262016,
              -7.099112846780429
            ],
            [
              106.83925545567479,
              -7.099151314381629
            ],
            [
              106.83925344748866,
              -7.099152719122628
            ],
            [
              106.8391302709453,
              -7.099222739437835
            ],
            [
              106.83911324498035,
              -7.099232730006463
            ],
            [
              106.83910617001379,
              -7.099236896565458
            ],
            [
              106.83910614033618,
              -7.099236899263417
            ],
            [
              106.8390279856531,
              -7.099282758392519
            ],
            [
              106.83899712361841,
              -7.099308747001032
            ],
            [
              106.83898306451687,
              -7.099324369124304
            ],
            [
              106.83896455377118,
              -7.099352536790093
            ],
            [
              106.83894774993877,
              -7.099389345142129
            ],
            [
              106.83894132698072,
              -7.099424671411384
            ],
            [
              106.838936256603,
              -7.099480447364726
            ],
            [
              106.8389362071403,
              -7.0994809024216465
            ],
            [
              106.83891166913827,
              -7.0996770481572185
            ],
            [
              106.8389046094602,
              -7.099747375141192
            ],
            [
              106.8389048252975,
              -7.099747394926283
            ],
            [
              106.83890452312528,
              -7.099751958086358
            ],
            [
              106.83890416339648,
              -7.099751878945995
            ],
            [
              106.83888947566885,
              -7.099898124898516
            ],
            [
              106.8388894423939,
              -7.099898424372725
            ],
            [
              106.83884709421807,
              -7.100243112929263
            ],
            [
              106.83884722461977,
              -7.100243148002846
            ],
            [
              106.8388465762086,
              -7.100247662599486
            ],
            [
              106.83884653663841,
              -7.100247650908329
            ],
            [
              106.8388465204506,
              -7.100247779511392
            ],
            [
              106.83883114743958,
              -7.100375892433419
            ],
            [
              106.83883105121208,
              -7.100376555233765
            ],
            [
              106.83880221445071,
              -7.100545728502539
            ],
            [
              106.8388016029117,
              -7.100548029867639
            ],
            [
              106.8387307669114,
              -7.100743467836708
            ],
            [
              106.83869632377639,
              -7.10084743396186
            ],
            [
              106.83869644428552,
              -7.1008474681361236
            ],
            [
              106.83869489655228,
              -7.10085174351309
            ],
            [
              106.83868111983787,
              -7.100893327265169
            ],
            [
              106.83864892590725,
              -7.101089881292921
            ],
            [
              106.83864414151395,
              -7.10115161795278
            ],
            [
              106.838637763522,
              -7.1012339302016585
            ],
            [
              106.8386373246529,
              -7.101240314488848
            ],
            [
              106.83863007971445,
              -7.101345773488617
            ],
            [
              106.83863001766127,
              -7.101346434490324
            ],
            [
              106.83862938094126,
              -7.101351821429375
            ],
            [
              106.8386228230849,
              -7.101407316794166
            ],
            [
              106.83861582096341,
              -7.10146656413059
            ],
            [
              106.83861365629525,
              -7.101484878824067
            ],
            [
              106.83859674904079,
              -7.101627941176503
            ],
            [
              106.83859174251495,
              -7.101710553798966
            ],
            [
              106.83860494636127,
              -7.101787302841728
            ],
            [
              106.83862730170864,
              -7.101850230203922
            ],
            [
              106.8386585423579,
              -7.101909959576915
            ],
            [
              106.83871661248173,
              -7.101981301895535
            ],
            [
              106.83879127509732,
              -7.102042592491614
            ],
            [
              106.83889581498994,
              -7.102110239495914
            ],
            [
              106.83898600260198,
              -7.1021618569840825
            ],
            [
              106.8390833011535,
              -7.102216728219389
            ],
            [
              106.83913802130269,
              -7.102240496401748
            ],
            [
              106.83918166630093,
              -7.102251541875091
            ],
            [
              106.83918190012463,
              -7.102251549969026
            ],
            [
              106.83921124590233,
              -7.1022525491158035
            ],
            [
              106.83922638598898,
              -7.102218737304838
            ],
            [
              106.83922898772767,
              -7.102167314070243
            ],
            [
              106.83922789505135,
              -7.10212035417095
            ],
            [
              106.83922701281642,
              -7.102100808305636
            ],
            [
              106.83919287365228,
              -7.102089463358027
            ],
            [
              106.83915501399275,
              -7.1020711711476
            ],
            [
              106.83910022009911,
              -7.1020435367797745
            ],
            [
              106.83905555077308,
              -7.102021370289947
            ],
            [
              106.83901300924305,
              -7.101996231540795
            ],
            [
              106.83897890785039,
              -7.101975771064929
            ],
            [
              106.83893880528171,
              -7.101944049278416
            ],
            [
              106.83890329195344,
              -7.10191373852814
            ],
            [
              106.83885751825994,
              -7.101868898330963
            ],
            [
              106.8388282246429,
              -7.101836158511844
            ],
            [
              106.83879884289234,
              -7.101803149795501
            ],
            [
              106.83877867649477,
              -7.101779412190069
            ],
            [
              106.83876205522472,
              -7.101750738205965
            ],
            [
              106.83875768631822,
              -7.101731510700631
            ],
            [
              106.83875515023004,
              -7.10170023857512
            ],
            [
              106.83875236862696,
              -7.101668300951303
            ],
            [
              106.8387501140266,
              -7.1016439491089045
            ],
            [
              106.83875468168327,
              -7.101607400660953
            ],
            [
              106.83876303548578,
              -7.1015818185460375
            ],
            [
              106.83877980964058,
              -7.101542679151294
            ],
            [
              106.8387911482929,
              -7.101527560648378
            ],
            [
              106.83880815627145,
              -7.101510004083366
            ],
            [
              106.83881754339495,
              -7.101501377786292
            ],
            [
              106.83883017797041,
              -7.101487062377998
            ],
            [
              106.83883733567455,
              -7.101477364988341
            ],
            [
              106.8388475762547,
              -7.101463491147172
            ],
            [
              106.83885518901582,
              -7.101459446895888
            ],
            [
              106.83887194248621,
              -7.101450546305614
            ],
            [
              106.83887791938054,
              -7.101438964836291
            ],
            [
              106.83888412470264,
              -7.1014269417999
            ],
            [
              106.83888373709487,
              -7.101407931031133
            ],
            [
              106.83888067130601,
              -7.1013782659941285
            ],
            [
              106.8388765110422,
              -7.1013606977379595
            ],
            [
              106.83886585047867,
              -7.101332525575572
            ],
            [
              106.83886280537422,
              -7.101301307409358
            ],
            [
              106.83886889648244,
              -7.101276941177844
            ],
            [
              106.83886870852416,
              -7.10127018187336
            ],
            [
              106.8388681347567,
              -7.10124952984188
            ],
            [
              106.8388635662007,
              -7.101232778170129
            ],
            [
              106.8388569948545,
              -7.101218988865185
            ],
            [
              106.83884663826183,
              -7.101197254949284
            ],
            [
              106.83884086821155,
              -7.101185146477292
            ],
            [
              106.83881734644342,
              -7.101156884382647
            ],
            [
              106.8387869997203,
              -7.101115395958686
            ],
            [
              106.83876032672777,
              -7.101064162481066
            ],
            [
              106.83875047015812,
              -7.101036001110515
            ],
            [
              106.83874809055197,
              -7.101020771990989
            ],
            [
              106.83875665749383,
              -7.101003164164638
            ],
            [
              106.83877807215038,
              -7.100991267033294
            ],
            [
              106.83879663145945,
              -7.100986031180355
            ],
            [
              106.83880974717215,
              -7.100986031180355
            ],
            [
              106.83881917206719,
              -7.100994932669948
            ],
            [
              106.83883337146301,
              -7.100987839716993
            ],
            [
              106.83885638781209,
              -7.10100115148191
            ],
            [
              106.83886966360416,
              -7.101014438065818
            ],
            [
              106.83888054450159,
              -7.101036436382401
            ],
            [
              106.8388895970773,
              -7.101055914798565
            ],
            [
              106.8389008269117,
              -7.1010760254382035
            ],
            [
              106.83892092136347,
              -7.101108113248756
            ],
            [
              106.83894273082245,
              -7.101133082925401
            ],
            [
              106.83896224251356,
              -7.101148786886938
            ],
            [
              106.83898016959921,
              -7.1011478848669185
            ],
            [
              106.83899846360828,
              -7.101146964860504
            ],
            [
              106.83900742175518,
              -7.101147228361867
            ],
            [
              106.83901661282647,
              -7.101147498158468
            ],
            [
              106.83904438029396,
              -7.101143263250947
            ],
            [
              106.83906153755999,
              -7.101140646223826
            ],
            [
              106.83907180422045,
              -7.101135170251837
            ],
            [
              106.83908547121757,
              -7.1011278812466685
            ],
            [
              106.83909580172991,
              -7.101122371100473
            ],
            [
              106.83911270718573,
              -7.101112583778672
            ],
            [
              106.8391247356181,
              -7.101105620328042
            ],
            [
              106.83915290867986,
              -7.101119325996024
            ],
            [
              106.83916204579185,
              -7.101139122772224
            ],
            [
              106.83918353599148,
              -7.101166334458696
            ],
            [
              106.83919952503811,
              -7.101170655701139
            ],
            [
              106.83921170905319,
              -7.10117394811914
            ],
            [
              106.83925510943584,
              -7.101159481624734
            ],
            [
              106.839267841138,
              -7.101148646592719
            ],
            [
              106.83927625879238,
              -7.1011414825932775
            ],
            [
              106.83928117088936,
              -7.1011373007457905
            ],
            [
              106.83929089615799,
              -7.101129024285001
            ],
            [
              106.83929621744653,
              -7.101108943323027
            ],
            [
              106.83930157830525,
              -7.10108871127494
            ],
            [
              106.8393033625602,
              -7.101081977151466
            ],
            [
              106.83930451998765,
              -7.101077610043603
            ],
            [
              106.83930692297616,
              -7.101068540380766
            ],
            [
              106.83931266244946,
              -7.101046877511351
            ],
            [
              106.83931822745427,
              -7.100995219553681
            ],
            [
              106.83931680112954,
              -7.1009386189221
            ],
            [
              106.83931409237152,
              -7.1008895078444425
            ],
            [
              106.83930631863177,
              -7.1008524368904204
            ],
            [
              106.83929931021504,
              -7.100825150560183
            ],
            [
              106.83929397273869,
              -7.100805888880643
            ],
            [
              106.83928369348774,
              -7.10076152532406
            ],
            [
              106.83927904848935,
              -7.100734812761345
            ],
            [
              106.83927947296934,
              -7.100699636678826
            ],
            [
              106.83928099821958,
              -7.100670645234061
            ],
            [
              106.83928949681291,
              -7.100644151206552
            ],
            [
              106.83929394216176,
              -7.100630289955859
            ],
            [
              106.83930353433072,
              -7.1006123044142555
            ],
            [
              106.83930924322704,
              -7.100601599783943
            ],
            [
              106.83931969784584,
              -7.100591299848588
            ],
            [
              106.8393315509104,
              -7.100585313961005
            ],
            [
              106.83933638206844,
              -7.100546413785935
            ],
            [
              106.83934424753903,
              -7.100517180423481
            ],
            [
              106.83935140524324,
              -7.100486021612539
            ],
            [
              106.83935727242027,
              -7.100446539576069
            ],
            [
              106.83935902070232,
              -7.100433617217618
            ],
            [
              106.83936025816945,
              -7.100424469313737
            ],
            [
              106.83936117817592,
              -7.100417667741112
            ],
            [
              106.8393624021532,
              -7.100408777043356
            ],
            [
              106.83936509742136,
              -7.100396108293694
            ],
            [
              106.83936556686746,
              -7.100393904055409
            ],
            [
              106.83936603721293,
              -7.100391689924493
            ],
            [
              106.83936698599769,
              -7.100387229287151
            ],
            [
              106.8393689285333,
              -7.100383638294204
            ],
            [
              106.83937920778425,
              -7.100374109977167
            ],
            [
              106.83939448906449,
              -7.100367887567927
            ],
            [
              106.83940669646194,
              -7.1003580274010005
            ],
            [
              106.83940851309245,
              -7.1003569545097776
            ],
            [
              106.83941056174808,
              -7.100356450889478
            ],
            [
              106.83943012919718,
              -7.100354588393486
            ],
            [
              106.83943343870232,
              -7.100355047047742
            ],
            [
              106.83944961121063,
              -7.100361335107493
            ],
            [
              106.8394563678172,
              -7.100362653513628
            ],
            [
              106.83947388840926,
              -7.100366072735994
            ],
            [
              106.83950077004454,
              -7.100371384132018
            ],
            [
              106.83951235151386,
              -7.1003736998862905
            ],
            [
              106.83951481475697,
              -7.100374192714753
            ],
            [
              106.83953275533247,
              -7.10037778100974
            ],
            [
              106.83954344917089,
              -7.1003767629771914
            ],
            [
              106.83956050121623,
              -7.1003682598872615
            ],
            [
              106.83958810051047,
              -7.100354498461286
            ],
            [
              106.8396109864579,
              -7.100333309534562
            ],
            [
              106.8396155352288,
              -7.100321080553385
            ],
            [
              106.83962553928728,
              -7.100283631884054
            ],
            [
              106.83963334450328,
              -7.100243829688964
            ],
            [
              106.83964065958884,
              -7.100207876592208
            ],
            [
              106.8396464224445,
              -7.10017955694093
            ],
            [
              106.83965143346694,
              -7.100154928107372
            ],
            [
              106.83965420427819,
              -7.100141310572951
            ],
            [
              106.83965818917414,
              -7.10012509489718
            ],
            [
              106.83966466339353,
              -7.100108449345441
            ],
            [
              106.83967216553805,
              -7.100101094689705
            ],
            [
              106.83968271548497,
              -7.100093186950971
            ],
            [
              106.83970683800021,
              -7.1000784569552025
            ],
            [
              106.83973243270566,
              -7.100060181831907
            ],
            [
              106.83975076448627,
              -7.100042783547565
            ],
            [
              106.83976717171765,
              -7.100012293832265
            ],
            [
              106.83977537533337,
              -7.09999023256313
            ],
            [
              106.83978000953988,
              -7.099974594252103
            ],
            [
              106.83978064985718,
              -7.099972430483206
            ],
            [
              106.83978109412226,
              -7.099970211855748
            ],
            [
              106.83978227313344,
              -7.099964314101783
            ],
            [
              106.83978870868202,
              -7.099932136358973
            ],
            [
              106.83979639608685,
              -7.09989369843538
            ],
            [
              106.83980421839004,
              -7.099862062084469
            ],
            [
              106.83980746674126,
              -7.099851911436531
            ],
            [
              106.83980877615414,
              -7.099821248152011
            ],
            [
              106.8398142440322,
              -7.099791470699756
            ],
            [
              106.83982667176355,
              -7.099756241557259
            ],
            [
              106.83984259695836,
              -7.099719225461854
            ],
            [
              106.83985517667514,
              -7.099693565105895
            ],
            [
              106.83986985900685,
              -7.099670384180854
            ],
            [
              106.83987622350895,
              -7.099649027080886
            ],
            [
              106.8398905029444,
              -7.099613919346837
            ],
            [
              106.83989390957635,
              -7.099591209666528
            ],
            [
              106.8398957729716,
              -7.099557665853524
            ],
            [
              106.83989949976217,
              -7.099505526758605
            ],
            [
              106.83989813549061,
              -7.099449418955487
            ],
            [
              106.83989802307536,
              -7.099444809929992
            ],
            [
              106.83989779644622,
              -7.099435485758988
            ],
            [
              106.83989003709559,
              -7.0993853458570015
            ],
            [
              106.83988191351955,
              -7.099353753572814
            ],
            [
              106.83987306688857,
              -7.099310598705131
            ],
            [
              106.83986787510241,
              -7.09928557237123
            ],
            [
              106.83986507821083,
              -7.099267670466588
            ],
            [
              106.83986617538375,
              -7.099241225901835
            ],
            [
              106.83986783373359,
              -7.099227953707043
            ],
            [
              106.83987043367364,
              -7.099210399840047
            ],
            [
              106.83987643844694,
              -7.099176813758902
            ],
            [
              106.83988924928946,
              -7.09913277665629
            ],
            [
              106.8398980158808,
              -7.099108026414228
            ],
            [
              106.83991098320536,
              -7.099074225395157
            ],
            [
              106.83992771329338,
              -7.099034969987827
            ],
            [
              106.83994821603739,
              -7.09900799032647
            ],
            [
              106.83998366641316,
              -7.098956963692899
            ],
            [
              106.84000547047611,
              -7.098921087937811
            ],
            [
              106.84002098018414,
              -7.098875013870725
            ],
            [
              106.8400224208981,
              -7.0988707286011845
            ],
            [
              106.84002518811201,
              -7.098862506099749
            ],
            [
              106.8400309815446,
              -7.098807353376628
            ],
            [
              106.84002606135368,
              -7.0987675997448605
            ],
            [
              106.84001852953156,
              -7.098706741722708
            ],
            [
              106.8400122477671,
              -7.0986764750392695
            ],
            [
              106.83999205798716,
              -7.098636507368894
            ],
            [
              106.83998161775753,
              -7.09860413986911
            ],
            [
              106.8399845828223,
              -7.098553928920637
            ],
            [
              106.83999340247362,
              -7.098509151675955
            ],
            [
              106.84001251036909,
              -7.098463231392941
            ],
            [
              106.84003645931523,
              -7.0984022825392685
            ],
            [
              106.84005246005307,
              -7.098355152668091
            ],
            [
              106.84004611893329,
              -7.098293737965605
            ],
            [
              106.84002379776013,
              -7.098248631569049
            ],
            [
              106.84000320328528,
              -7.098207015441346
            ],
            [
              106.8399866143908,
              -7.098173493212073
            ],
            [
              106.83996372664473,
              -7.098127242877922
            ],
            [
              106.83992712243884,
              -7.098053277236886
            ],
            [
              106.83989717771266,
              -7.097992765453739
            ],
            [
              106.83988666733586,
              -7.09797152706426
            ],
            [
              106.83987700861712,
              -7.097952009977234
            ],
            [
              106.83987599508117,
              -7.097949960422284
            ],
            [
              106.83987383401029,
              -7.097945593314421
            ],
            [
              106.83987209831872,
              -7.097942085958437
            ],
            [
              106.8398647418644,
              -7.097927221064367
            ],
            [
              106.8398918852024,
              -7.097913597234651
            ],
            [
              106.83993762741966,
              -7.0978906402407915
            ],
            [
              106.83997075394717,
              -7.097877498447758
            ],
            [
              106.83999714455263,
              -7.097869516065259
            ],
            [
              106.84004499568005,
              -7.0978550423762385
            ],
            [
              106.84006692924544,
              -7.097848408077539
            ],
            [
              106.84008429425484,
              -7.097841511176739
            ],
            [
              106.84010904179888,
              -7.097828711126056
            ],
            [
              106.84013593512537,
              -7.097814893042823
            ],
            [
              106.84015506280599,
              -7.097805115613539
            ],
            [
              106.84016953019972,
              -7.09780207050909
            ],
            [
              106.8401640254495,
              -7.097822554367326
            ],
            [
              106.84016171419182,
              -7.097831156382711
            ],
            [
              106.84016467835727,
              -7.097846471837158
            ],
            [
              106.84017119844214,
              -7.09787467817381
            ],
            [
              106.8401727569672,
              -7.097880468908443
            ],
            [
              106.84017480292488,
              -7.097888066381131
            ],
            [
              106.84017910797951,
              -7.097904057226401
            ],
            [
              106.84018074924222,
              -7.097910153730538
            ],
            [
              106.84018550845451,
              -7.097936804240078
            ],
            [
              106.84019021100949,
              -7.097946617642265
            ],
            [
              106.8401945106682,
              -7.097955591976927
            ],
            [
              106.84019930315537,
              -7.097965593337392
            ],
            [
              106.8402037628934,
              -7.097974899521944
            ],
            [
              106.84020739885244,
              -7.097982488900698
            ],
            [
              106.84021238739183,
              -7.097986397354305
            ],
            [
              106.84022277276279,
              -7.097994534420195
            ],
            [
              106.84022666233068,
              -7.097997582222604
            ],
            [
              106.84024210908615,
              -7.098009684399358
            ],
            [
              106.84025785711447,
              -7.098022023097826
            ],
            [
              106.84027878074119,
              -7.098038416839415
            ],
            [
              106.84028403008398,
              -7.098042530338432
            ],
            [
              106.84030006949268,
              -7.098055435609808
            ],
            [
              106.8403035921371,
              -7.09805826937361
            ],
            [
              106.8403159389295,
              -7.0980682032849245
            ],
            [
              106.84033779425386,
              -7.098086233792628
            ],
            [
              106.84034743228824,
              -7.09809908510465
            ],
            [
              106.84038188171854,
              -7.098144173514754
            ],
            [
              106.8403905457871,
              -7.098154674898296
            ],
            [
              106.84041576187798,
              -7.098180624835948
            ],
            [
              106.84043751108231,
              -7.098196353978494
            ],
            [
              106.84045476457578,
              -7.0982088320719186
            ],
            [
              106.8404759040398,
              -7.098224120546661
            ],
            [
              106.84049788526926,
              -7.0982400178625085
            ],
            [
              106.84053154419547,
              -7.098268913979155
            ],
            [
              106.84056341347082,
              -7.098299754430059
            ],
            [
              106.84057898882935,
              -7.098313064396336
            ],
            [
              106.8406182586258,
              -7.098296574427309
            ],
            [
              106.84063637097182,
              -7.09828896796148
            ],
            [
              106.84066837424615,
              -7.098313836014654
            ],
            [
              106.84071001645418,
              -7.098344345515102
            ],
            [
              106.8407406077929,
              -7.09836899593239
            ],
            [
              106.84077256430248,
              -7.098400669155524
            ],
            [
              106.8407975708513,
              -7.098431922395264
            ],
            [
              106.84081283144707,
              -7.098451162491131
            ],
            [
              106.8408188829851,
              -7.098458793238649
            ],
            [
              106.8408288564666,
              -7.09847926180845
            ],
            [
              106.84083557710028,
              -7.098496262592391
            ],
            [
              106.84083502401722,
              -7.098503452672162
            ],
            [
              106.84083442866603,
              -7.098511193137028
            ],
            [
              106.84083341872736,
              -7.0985243223395855
            ],
            [
              106.8408246287537,
              -7.098561758418384
            ],
            [
              106.84081033313043,
              -7.098595048622542
            ],
            [
              106.84079699708383,
              -7.098619462518116
            ],
            [
              106.84078456215786,
              -7.098649309218217
            ],
            [
              106.84076800294105,
              -7.098682928574249
            ],
            [
              106.8407594342006,
              -7.098700325059895
            ],
            [
              106.84074671059227,
              -7.098720682113765
            ],
            [
              106.84072974038526,
              -7.098759022910542
            ],
            [
              106.8407274767917,
              -7.098767768817424
            ],
            [
              106.84071844220239,
              -7.098802677801302
            ],
            [
              106.84071784055595,
              -7.098804998951493
            ],
            [
              106.84071720383594,
              -7.098807160022375
            ],
            [
              106.84070886622123,
              -7.098835453593267
            ],
            [
              106.84070117252116,
              -7.098857303521697
            ],
            [
              106.8406898995193,
              -7.098901397281622
            ],
            [
              106.8406874722491,
              -7.098915514839064
            ],
            [
              106.84068557827686,
              -7.098926536930094
            ],
            [
              106.84068907034435,
              -7.098953162258567
            ],
            [
              106.84068984106335,
              -7.098959041126818
            ],
            [
              106.84069166938508,
              -7.098972983316457
            ],
            [
              106.84070136137876,
              -7.098987235772256
            ],
            [
              106.84070881675854,
              -7.098995194772385
            ],
            [
              106.84071576402135,
              -7.099000444115177
            ],
            [
              106.84072651451709,
              -7.099008566791895
            ],
            [
              106.84073887839656,
              -7.099017908049973
            ],
            [
              106.84074511699362,
              -7.0990206995455765
            ],
            [
              106.84075620743306,
              -7.0990256611053155
            ],
            [
              106.84077375320618,
              -7.099032298102031
            ],
            [
              106.84078099095001,
              -7.09903405807529
            ],
            [
              106.84078984117826,
              -7.099036211052237
            ],
            [
              106.84081009840736,
              -7.099049130712785
            ],
            [
              106.84081320016912,
              -7.099052937542979
            ],
            [
              106.84081896572275,
              -7.099063699729925
            ],
            [
              106.84082300277942,
              -7.099080496367776
            ],
            [
              106.84082264844653,
              -7.099088167584796
            ],
            [
              106.84082237325396,
              -7.099094134586608
            ],
            [
              106.84082222486586,
              -7.0990973478642445
            ],
            [
              106.84082134353025,
              -7.0991164539611304
            ],
            [
              106.840819929796,
              -7.099126137860935
            ],
            [
              106.84081556178882,
              -7.099143412938133
            ],
            [
              106.84081403743795,
              -7.099149439295161
            ],
            [
              106.84081068476536,
              -7.099162699798683
            ],
            [
              106.84080646784429,
              -7.0991793741287665
            ],
            [
              106.84080436163202,
              -7.09918770634755
            ],
            [
              106.84079864014518,
              -7.0991972283693485
            ],
            [
              106.84079449067326,
              -7.099204135162665
            ],
            [
              106.84079132236172,
              -7.0992094087871465
            ],
            [
              106.84078536165515,
              -7.0992193292086085
            ],
            [
              106.84078355131987,
              -7.099222342836811
            ],
            [
              106.84077826960151,
              -7.099231132810473
            ],
            [
              106.8407721587082,
              -7.099241304142822
            ],
            [
              106.84076921612649,
              -7.09924620185069
            ],
            [
              106.84076482653558,
              -7.09925350794299
            ],
            [
              106.84076268524979,
              -7.099259218637997
            ],
            [
              106.84075304361812,
              -7.0992558632674445
            ],
            [
              106.84074041353932,
              -7.099264527336004
            ],
            [
              106.8407302188246,
              -7.0992715195649225
            ],
            [
              106.8407221824828,
              -7.0992758992633185
            ],
            [
              106.84070433004086,
              -7.099283492239351
            ],
            [
              106.84069792866654,
              -7.099286214487165
            ],
            [
              106.84068977271488,
              -7.099289683172287
            ],
            [
              106.84068360786227,
              -7.099292304696064
            ],
            [
              106.84066663675594,
              -7.099292372145214
            ],
            [
              106.84063818040778,
              -7.099277927234482
            ],
            [
              106.84062562946929,
              -7.099267978934051
            ],
            [
              106.84061674686541,
              -7.099263243104133
            ],
            [
              106.84059255690102,
              -7.099251313597222
            ],
            [
              106.8405785553561,
              -7.099240396726884
            ],
            [
              106.84056368776402,
              -7.099231647222666
            ],
            [
              106.84055144079639,
              -7.099222204341231
            ],
            [
              106.84054861332788,
              -7.099219803151357
            ],
            [
              106.84053349392565,
              -7.099206961731852
            ],
            [
              106.8405299991602,
              -7.09920399306975
            ],
            [
              106.84051801929121,
              -7.099197367764248
            ],
            [
              106.84051698956745,
              -7.099196849754776
            ],
            [
              106.84053805348844,
              -7.09916843207742
            ],
            [
              106.84054659614856,
              -7.099150493300556
            ],
            [
              106.84055172138488,
              -7.099132555423068
            ],
            [
              106.84056111750164,
              -7.099117179714028
            ],
            [
              106.84056880580579,
              -7.09909582351338
            ],
            [
              106.84056966016175,
              -7.0990736147554685
            ],
            [
              106.84056709709392,
              -7.099053967266741
            ],
            [
              106.84056026314568,
              -7.099033466321373
            ],
            [
              106.84055684662121,
              -7.099028341085045
            ],
            [
              106.84052951172765,
              -7.099024923661261
            ],
            [
              106.8405218234235,
              -7.0990138188326455
            ],
            [
              106.84051669818712,
              -7.099000151835469
            ],
            [
              106.84051328166265,
              -7.0989967353110615
            ],
            [
              106.84050303119,
              -7.098982213058662
            ],
            [
              106.84050132247813,
              -7.098960003401373
            ],
            [
              106.84051442020439,
              -7.0989264047297524
            ],
            [
              106.84052068488177,
              -7.098913307003443
            ],
            [
              106.84051413601861,
              -7.098895083141542
            ],
            [
              106.84048936329356,
              -7.09887116567171
            ],
            [
              106.8404628827559,
              -7.09885578906335
            ],
            [
              106.84043896528607,
              -7.0988489560144785
            ],
            [
              106.840431134889,
              -7.098852514631801
            ],
            [
              106.84041177248537,
              -7.098864473816377
            ],
            [
              106.84039468806446,
              -7.098870738493758
            ],
            [
              106.84038329815075,
              -7.098873016476489
            ],
            [
              106.84038159033821,
              -7.098878141712817
            ],
            [
              106.84038272887989,
              -7.098883836220011
            ],
            [
              106.84038272887989,
              -7.098896364675454
            ],
            [
              106.84037589493164,
              -7.098904906436246
            ],
            [
              106.84036165866365,
              -7.098907754589163
            ],
            [
              106.84034058754816,
              -7.098899781199918
            ],
            [
              106.84033375359991,
              -7.098896364675454
            ],
            [
              106.84032692055098,
              -7.098898073387318
            ],
            [
              106.84032350312725,
              -7.098898642658185
            ],
            [
              106.84031268338367,
              -7.098907754589163
            ],
            [
              106.84030983613007,
              -7.098920283044606
            ],
            [
              106.84030983613007,
              -7.098939075278054
            ],
            [
              106.84031325265454,
              -7.098956728969824
            ],
            [
              106.84031667007832,
              -7.098968118883533
            ],
            [
              106.84032065587365,
              -7.098981216609786
            ],
            [
              106.84032748982185,
              -7.09899545377715
            ],
            [
              106.84033375359991,
              -7.099011968027867
            ],
            [
              106.84033887973555,
              -7.099019941417112
            ],
            [
              106.84035083802081,
              -7.099023357941576
            ],
            [
              106.84036336647625,
              -7.099018232705248
            ],
            [
              106.84037589493164,
              -7.099010260215266
            ],
            [
              106.8403958266062,
              -7.099010260215266
            ],
            [
              106.84040949450264,
              -7.099019656332018
            ],
            [
              106.84041860643362,
              -7.099037310023789
            ],
            [
              106.84041860643362,
              -7.099053255903016
            ],
            [
              106.8404282876354,
              -7.099073756848327
            ],
            [
              106.84044024592066,
              -7.099085716032903
            ],
            [
              106.84044309317426,
              -7.099094257793695
            ],
            [
              106.84044423261531,
              -7.0990999523008895
            ],
            [
              106.84044195463258,
              -7.099109633502735
            ],
            [
              106.8404368293962,
              -7.099118745433714
            ],
            [
              106.84042145368721,
              -7.099133551871887
            ],
            [
              106.8404034114883,
              -7.099141151143158
            ],
            [
              106.84035938697616,
              -7.099130845811828
            ],
            [
              106.84032661298284,
              -7.099120035960823
            ],
            [
              106.84030564528933,
              -7.099115046522115
            ],
            [
              106.84028132222528,
              -7.0991102108674795
            ],
            [
              106.84026014948637,
              -7.099098813759213
            ],
            [
              106.84024733594583,
              -7.099084292406133
            ],
            [
              106.84023025152493,
              -7.099079167169805
            ],
            [
              106.8402080418677,
              -7.099082583694212
            ],
            [
              106.84017643609371,
              -7.099099668115173
            ],
            [
              106.84016276819727,
              -7.099107355520005
            ],
            [
              106.84014739248823,
              -7.09911760599266
            ],
            [
              106.84013714201558,
              -7.09913298260102
            ],
            [
              106.840125182831,
              -7.099142378717772
            ],
            [
              106.84012005759462,
              -7.099144940886276
            ],
            [
              106.8400846476884,
              -7.099168168576057
            ],
            [
              106.8400709006516,
              -7.099185624416975
            ],
            [
              106.84005138266525,
              -7.099220882337818
            ],
            [
              106.84004650384315,
              -7.099238654740077
            ],
            [
              106.84004360173088,
              -7.099259538796616
            ],
            [
              106.84004220418444,
              -7.099293069119824
            ],
            [
              106.84004437244988,
              -7.099308580626428
            ],
            [
              106.84004823953467,
              -7.099331542116943
            ],
            [
              106.84005907636532,
              -7.099362138851575
            ],
            [
              106.8400634101983,
              -7.099374777024309
            ],
            [
              106.84008116101683,
              -7.0994269916623125
            ],
            [
              106.84009092585558,
              -7.099454767223676
            ],
            [
              106.8400950978106,
              -7.099466633778093
            ],
            [
              106.8401035478405,
              -7.099482496919677
            ],
            [
              106.8401062808802,
              -7.0994863909841115
            ],
            [
              106.84015935167281,
              -7.099465556390271
            ],
            [
              106.84021829234035,
              -7.099444201088943
            ],
            [
              106.84026954560312,
              -7.099427971023999
            ],
            [
              106.84028919219253,
              -7.099423700143575
            ],
            [
              106.84030713096939,
              -7.099421137975071
            ],
            [
              106.84032336103434,
              -7.0994202836191675
            ],
            [
              106.84033959109934,
              -7.0994407845645355
            ],
            [
              106.84036607163694,
              -7.099468973814055
            ],
            [
              106.84037888517747,
              -7.099486058234959
            ],
            [
              106.84039767741092,
              -7.099504850468406
            ],
            [
              106.84041134530742,
              -7.099524497957191
            ],
            [
              106.84041730241665,
              -7.09953641217561
            ],
            [
              106.84041903361157,
              -7.099539873666174
            ],
            [
              106.8404267210164,
              -7.09955183285075
            ],
            [
              106.84043013844018,
              -7.099555249375214
            ],
            [
              106.84043026884189,
              -7.099555408555204
            ],
            [
              106.84043978816572,
              -7.099569355241499
            ],
            [
              106.84044636850518,
              -7.0995851464373345
            ],
            [
              106.84045749221957,
              -7.099617031900436
            ],
            [
              106.84046943161906,
              -7.099689787953309
            ],
            [
              106.84047455685538,
              -7.099728227675541
            ],
            [
              106.84046425961793,
              -7.099789336608524
            ],
            [
              106.84047144250314,
              -7.099813758598032
            ],
            [
              106.84046746390237,
              -7.099831369122342
            ],
            [
              106.84046682628309,
              -7.09983419119493
            ],
            [
              106.84046371822609,
              -7.09983441872339
            ],
            [
              106.84045710820902,
              -7.099834904357294
            ],
            [
              106.84044529651328,
              -7.099839485503821
            ],
            [
              106.84043618728026,
              -7.099847419322884
            ],
            [
              106.8404360901535,
              -7.099856458408794
            ],
            [
              106.84043100538668,
              -7.099860721195284
            ],
            [
              106.8404154731956,
              -7.099862974896325
            ],
            [
              106.84040126300795,
              -7.099866423796357
            ],
            [
              106.84036561208342,
              -7.099872213631727
            ],
            [
              106.84035650824632,
              -7.099869271049954
            ],
            [
              106.84033960638777,
              -7.0998614622366745
            ],
            [
              106.8403223726794,
              -7.099852413258191
            ],
            [
              106.84030705992296,
              -7.099843521661171
            ],
            [
              106.84028993413324,
              -7.0998331542766095
            ],
            [
              106.8402736528069,
              -7.099822586343237
            ],
            [
              106.84026908694887,
              -7.09981962217779
            ],
            [
              106.84025611782562,
              -7.099807489424052
            ],
            [
              106.84024381779801,
              -7.099793376363209
            ],
            [
              106.84022998892289,
              -7.099777509624346
            ],
            [
              106.84021703149085,
              -7.09976264203226
            ],
            [
              106.84018667217725,
              -7.099777619341637
            ],
            [
              106.84017125599871,
              -7.099784008125425
            ],
            [
              106.84014576111804,
              -7.099794574260159
            ],
            [
              106.84013301322801,
              -7.099799856877837
            ],
            [
              106.84011747384238,
              -7.0998062969230205
            ],
            [
              106.84010290932184,
              -7.099812332273245
            ],
            [
              106.84009835785298,
              -7.099814219050927
            ],
            [
              106.84009083502406,
              -7.099817336101125
            ],
            [
              106.84008452268262,
              -7.099819952228984
            ],
            [
              106.84007610502829,
              -7.099822520692726
            ],
            [
              106.84007513645844,
              -7.099829135206392
            ],
            [
              106.84006340929898,
              -7.09984131472487
            ],
            [
              106.84005793782364,
              -7.099846997540851
            ],
            [
              106.84005224061849,
              -7.099855737152495
            ],
            [
              106.8400477467062,
              -7.099867944549942
            ],
            [
              106.8400384180386,
              -7.0998932820492655
            ],
            [
              106.84003496374265,
              -7.099902664676165
            ],
            [
              106.840008427447,
              -7.0999747426402
            ],
            [
              106.84000348657173,
              -7.099988164122408
            ],
            [
              106.83999506262211,
              -7.10001104467392
            ],
            [
              106.839987396801,
              -7.100031867576604
            ],
            [
              106.83997869586017,
              -7.100055500860606
            ],
            [
              106.83997006866377,
              -7.100078934495173
            ],
            [
              106.83996188843048,
              -7.100095211324913
            ],
            [
              106.83995061632794,
              -7.100116921858387
            ],
            [
              106.83994674564588,
              -7.1001243754395205
            ],
            [
              106.83994164648988,
              -7.100134196935585
            ],
            [
              106.83993252916298,
              -7.100144575111983
            ],
            [
              106.83992483546285,
              -7.100150244438169
            ],
            [
              106.83991685218103,
              -7.100156126903698
            ],
            [
              106.83990942288165,
              -7.100161601076991
            ],
            [
              106.83990539931477,
              -7.100165099439721
            ],
            [
              106.83990050430486,
              -7.1001729307361074
            ],
            [
              106.83989810401437,
              -7.100176770841244
            ],
            [
              106.8398900532834,
              -7.100200554312096
            ],
            [
              106.83988488757757,
              -7.100221218034733
            ],
            [
              106.83988130377918,
              -7.1002262848151645
            ],
            [
              106.83987047054586,
              -7.100241601168932
            ],
            [
              106.83985894933113,
              -7.100257888790509
            ],
            [
              106.8398517655466,
              -7.100268045733685
            ],
            [
              106.83984448373599,
              -7.100279352010432
            ],
            [
              106.83983006400632,
              -7.100301738834105
            ],
            [
              106.83982996957752,
              -7.100305295652845
            ],
            [
              106.8398298472697,
              -7.100309875899995
            ],
            [
              106.83982965931136,
              -7.100316919390252
            ],
            [
              106.83982940929985,
              -7.100326309211766
            ],
            [
              106.83982899830971,
              -7.100341719994333
            ],
            [
              106.83982596489642,
              -7.1003589608972675
            ],
            [
              106.83982234062859,
              -7.100376601099242
            ],
            [
              106.83981585471798,
              -7.100392201638726
            ],
            [
              106.83980884090533,
              -7.100401461957858
            ],
            [
              106.83979119260954,
              -7.1004247651907235
            ],
            [
              106.83977198938584,
              -7.1004501206764985
            ],
            [
              106.83976153656573,
              -7.100463923471239
            ],
            [
              106.83974859622077,
              -7.100475817005304
            ],
            [
              106.83973793295928,
              -7.100485618716277
            ],
            [
              106.83972819420086,
              -7.100494570567946
            ],
            [
              106.83971173570808,
              -7.1005096989633785
            ],
            [
              106.83969000359087,
              -7.100526464124982
            ],
            [
              106.83967863166356,
              -7.100534483379647
            ],
            [
              106.83966930389533,
              -7.10054106012177
            ],
            [
              106.83965144605747,
              -7.100551105549016
            ],
            [
              106.83963243618803,
              -7.100559136494894
            ],
            [
              106.83962190063028,
              -7.100563587239719
            ],
            [
              106.83961632573289,
              -7.100565942564174
            ],
            [
              106.8395904099695,
              -7.100576890910759
            ],
            [
              106.83958266141076,
              -7.100580164442988
            ],
            [
              106.83956490519626,
              -7.100587665688181
            ],
            [
              106.83955891301349,
              -7.100590197279757
            ],
            [
              106.83954927048251,
              -7.100596809095407
            ],
            [
              106.83954371806817,
              -7.100602361509743
            ],
            [
              106.83953987436576,
              -7.100606205212159
            ],
            [
              106.83953591644945,
              -7.100622307573417
            ],
            [
              106.8395359838986,
              -7.100622486538498
            ],
            [
              106.83953900112408,
              -7.1006290237104395
            ],
            [
              106.83954284842378,
              -7.100635006000687
            ],
            [
              106.83954538900855,
              -7.100646593765248
            ],
            [
              106.83954529278111,
              -7.1006571688931786
            ],
            [
              106.839545141695,
              -7.100673878296789
            ],
            [
              106.83954443482787,
              -7.100692957414026
            ],
            [
              106.8395442765472,
              -7.100697222898475
            ],
            [
              106.83954400405258,
              -7.1007045766548345
            ],
            [
              106.83954487459636,
              -7.100716735488902
            ],
            [
              106.83954555538315,
              -7.100719102504513
            ],
            [
              106.83954958074861,
              -7.10073308606303
            ],
            [
              106.8395549847748,
              -7.100751441226009
            ],
            [
              106.83955956771996,
              -7.100762936360354
            ],
            [
              106.83956462190986,
              -7.10077561320395
            ],
            [
              106.83956990992345,
              -7.1007888755061686
            ],
            [
              106.83957714317069,
              -7.100799947059841
            ],
            [
              106.83958191137617,
              -7.100805385260287
            ],
            [
              106.83958717330944,
              -7.100811387335625
            ],
            [
              106.83959342449702,
              -7.100825386182578
            ],
            [
              106.83959923231879,
              -7.100844568721811
            ],
            [
              106.83960252473679,
              -7.100855439726729
            ],
            [
              106.83960568045785,
              -7.100873673481203
            ],
            [
              106.83960931821554,
              -7.100894695134002
            ],
            [
              106.83961157101726,
              -7.10090770922335
            ],
            [
              106.83961231385729,
              -7.100911999888865
            ],
            [
              106.83961794361329,
              -7.100944526568583
            ],
            [
              106.83961036502637,
              -7.100946788363558
            ],
            [
              106.83961383820815,
              -7.100967416113292
            ],
            [
              106.83961965592243,
              -7.100972780569293
            ],
            [
              106.83964792071504,
              -7.100998843821515
            ],
            [
              106.83965943563453,
              -7.101009484600013
            ],
            [
              106.839680084968,
              -7.1010305170447054
            ],
            [
              106.83969157830376,
              -7.101046232697456
            ],
            [
              106.83970470121108,
              -7.101064175970919
            ],
            [
              106.83971295698746,
              -7.101072725825588
            ],
            [
              106.83975579439448,
              -7.101113227693247
            ],
            [
              106.83977758226968,
              -7.101134651343045
            ],
            [
              106.83978674815995,
              -7.101146025968262
            ],
            [
              106.83979553183838,
              -7.101156927550107
            ],
            [
              106.83980243593373,
              -7.101165496290548
            ],
            [
              106.8398102258613,
              -7.101175163103221
            ],
            [
              106.83981712995666,
              -7.101183731843719
            ],
            [
              106.83983005411375,
              -7.101199772151745
            ],
            [
              106.83983833507119,
              -7.101210048704729
            ],
            [
              106.8398443695221,
              -7.101217538258709
            ],
            [
              106.83985437627848,
              -7.10122120569406
            ],
            [
              106.83986355655793,
              -7.101224570057809
            ],
            [
              106.83988284431786,
              -7.101225433406967
            ],
            [
              106.83988906312982,
              -7.101225711297502
            ],
            [
              106.8399064677094,
              -7.101231225940296
            ],
            [
              106.83992751634185,
              -7.101237894413259
            ],
            [
              106.83994388130515,
              -7.1012443803238625
            ],
            [
              106.83995295006866,
              -7.101247974014768
            ],
            [
              106.83996688596307,
              -7.10125349675144
            ],
            [
              106.83997286105875,
              -7.101255864666371
            ],
            [
              106.83998266366905,
              -7.101256438433836
            ],
            [
              106.8399849425511,
              -7.1012282401910625
            ],
            [
              106.83999119733596,
              -7.101188736570862
            ],
            [
              106.83999877682214,
              -7.101167841722486
            ],
            [
              106.84000838607824,
              -7.101141351292256
            ],
            [
              106.84003087902192,
              -7.101110853483078
            ],
            [
              106.84004834475536,
              -7.101090097130225
            ],
            [
              106.84006861457499,
              -7.1010719479120326
            ],
            [
              106.84008302980806,
              -7.101056877972496
            ],
            [
              106.84009923109471,
              -7.101042475329905
            ],
            [
              106.8401195467797,
              -7.101029374006373
            ],
            [
              106.84013326683686,
              -7.101020526476077
            ],
            [
              106.84014613703465,
              -7.101012226632918
            ],
            [
              106.840162789781,
              -7.100999112718853
            ],
            [
              106.84017550439609,
              -7.100987473692896
            ],
            [
              106.84018669825758,
              -7.1009772259182
            ],
            [
              106.84019680214078,
              -7.100967977290281
            ],
            [
              106.84020616947919,
              -7.100959403153865
            ],
            [
              106.84021417614338,
              -7.100952073679196
            ],
            [
              106.84024542758448,
              -7.100955550458252
            ],
            [
              106.84025499277374,
              -7.100957917473863
            ],
            [
              106.84028616147725,
              -7.100965630959081
            ],
            [
              106.84031827896547,
              -7.10097718185142
            ],
            [
              106.8403410704841,
              -7.100993225756724
            ],
            [
              106.84035916214566,
              -7.101005962854856
            ],
            [
              106.84037936991206,
              -7.101020188331006
            ],
            [
              106.84039397040544,
              -7.10103046758195
            ],
            [
              106.84041183184064,
              -7.10104304999669
            ],
            [
              106.8404361890789,
              -7.101060221651835
            ],
            [
              106.84046809522647,
              -7.101082715494897
            ],
            [
              106.84048822655046,
              -7.101096907696103
            ],
            [
              106.84050047351809,
              -7.101105541187735
            ],
            [
              106.8405179941102,
              -7.101118040864833
            ],
            [
              106.84053818748743,
              -7.1011324758829915
            ],
            [
              106.8405566865419,
              -7.101145699514348
            ],
            [
              106.84057004597088,
              -7.1011545371521265
            ],
            [
              106.84058449537821,
              -7.1011635339698955
            ],
            [
              106.8406091457955,
              -7.101169063901125
            ],
            [
              106.84061894840579,
              -7.101169902069273
            ],
            [
              106.84062345760657,
              -7.10117028787846
            ],
            [
              106.84063376203852,
              -7.101171169214069
            ],
            [
              106.84066926547428,
              -7.101167054815676
            ],
            [
              106.84069403819939,
              -7.101163334320404
            ],
            [
              106.8407204764689,
              -7.101159797286755
            ],
            [
              106.84076244872807,
              -7.10115811645386
            ],
            [
              106.84081641974205,
              -7.101161858532919
            ],
            [
              106.84086631772647,
              -7.10116607275603
            ],
            [
              106.840896283137,
              -7.1011697968485805
            ],
            [
              106.84093691360772,
              -7.1011763520069735
            ],
            [
              106.84099384249191,
              -7.101185806579679
            ],
            [
              106.84103816288098,
              -7.10118808186445
            ],
            [
              106.84106874252848,
              -7.101183142787761
            ],
            [
              106.84112572447265,
              -7.101176675762929
            ],
            [
              106.84114136997829,
              -7.101174040749356
            ],
            [
              106.84117674481098,
              -7.101163395474259
            ],
            [
              106.84120259312522,
              -7.101154422938237
            ],
            [
              106.84124786769502,
              -7.101138086753281
            ],
            [
              106.8412663217834,
              -7.101131367918242
            ],
            [
              106.84128966278774,
              -7.101122870224231
            ],
            [
              106.84130550254696,
              -7.101121466382494
            ],
            [
              106.84131567297999,
              -7.101120565261851
            ],
            [
              106.84134884537298,
              -7.101126895589687
            ],
            [
              106.84138491358294,
              -7.101133779000634
            ],
            [
              106.84140993452093,
              -7.101134858187095
            ],
            [
              106.8414368764108,
              -7.101132447104703
            ],
            [
              106.84146710802065,
              -7.1011283884643035
            ],
            [
              106.84149920212656,
              -7.101122497904896
            ],
            [
              106.8415113780477,
              -7.101120263089626
            ],
            [
              106.84152894900188,
              -7.101114349147849
            ],
            [
              106.84156154313075,
              -7.1010982467865915
            ],
            [
              106.84156893106137,
              -7.101094274481113
            ],
            [
              106.8415804477795,
              -7.101088081749538
            ],
            [
              106.84158990684881,
              -7.101082995184015
            ],
            [
              106.84159575693872,
              -7.1010798493555285
            ],
            [
              106.84161863569153,
              -7.101073395820492
            ],
            [
              106.84163144023881,
              -7.101069551218757
            ],
            [
              106.84165564729034,
              -7.101061781076282
            ],
            [
              106.84166935745492,
              -7.101057380693533
            ],
            [
              106.841670628197,
              -7.101046864021498
            ],
            [
              106.84167192412008,
              -7.101036131512217
            ],
            [
              106.84167346555807,
              -7.10103039743484
            ],
            [
              106.841684280805,
              -7.101012291384109
            ],
            [
              106.84169244215252,
              -7.100998627984268
            ],
            [
              106.84169940830111,
              -7.100986966475261
            ],
            [
              106.84171213280877,
              -7.100968811861151
            ],
            [
              106.84171540724032,
              -7.100964429464796
            ],
            [
              106.8417353919748,
              -7.100938046053955
            ],
            [
              106.84174721716039,
              -7.100924763067326
            ],
            [
              106.84176174570808,
              -7.100908443070125
            ],
            [
              106.84178524139583,
              -7.100884804390148
            ],
            [
              106.84179156902576,
              -7.10087873396634
            ],
            [
              106.84179483086683,
              -7.1008756043256085
            ],
            [
              106.84179955050888,
              -7.100871076239116
            ],
            [
              106.84181351787959,
              -7.100857674541999
            ],
            [
              106.84182739981469,
              -7.100849339625256
            ],
            [
              106.84186989817732,
              -7.1008283008853255
            ],
            [
              106.84189553515091,
              -7.100815123119389
            ],
            [
              106.8419467875143,
              -7.100786690153598
            ],
            [
              106.8419907787515,
              -7.100760642189812
            ],
            [
              106.84202007866378,
              -7.100743294267545
            ],
            [
              106.84205473673677,
              -7.100725466107349
            ],
            [
              106.84207040112818,
              -7.100718417221117
            ],
            [
              106.84208084405577,
              -7.100713718263421
            ],
            [
              106.84209669640546,
              -7.100706584840964
            ],
            [
              106.84211684841387,
              -7.1007037636676955
            ],
            [
              106.84212169845767,
              -7.100703084679594
            ],
            [
              106.84213476740564,
              -7.100701254559226
            ],
            [
              106.84214176862776,
              -7.100699115971395
            ],
            [
              106.84215869926464,
              -7.100693942171631
            ],
            [
              106.84217540507098,
              -7.100680282369069
            ],
            [
              106.84218190806865,
              -7.100670171291313
            ],
            [
              106.84218805853214,
              -7.100657869465067
            ],
            [
              106.84219302638712,
              -7.100641428059419
            ],
            [
              106.8421959536804,
              -7.100624583757508
            ],
            [
              106.84219957525028,
              -7.100603019813491
            ],
            [
              106.84220488754556,
              -7.1005824127481105
            ],
            [
              106.84220802977683,
              -7.100574782899855
            ],
            [
              106.84221506427383,
              -7.1005643930322435
            ],
            [
              106.84221893135867,
              -7.1005590213816845
            ],
            [
              106.842222330796,
              -7.100554299940939
            ],
            [
              106.84222333174142,
              -7.100550297058533
            ],
            [
              106.84222460518146,
              -7.100545205097092
            ],
            [
              106.84222554317432,
              -7.1005414531255155
            ],
            [
              106.8422264586842,
              -7.10053779018682
            ],
            [
              106.84222596765437,
              -7.1005324302274175
            ],
            [
              106.84222502156757,
              -7.100528779879255
            ],
            [
              106.84222405119908,
              -7.100525037800196
            ],
            [
              106.84222234068852,
              -7.100518437675703
            ],
            [
              106.84221973984916,
              -7.100513025555642
            ],
            [
              106.84221682424709,
              -7.100509138685766
            ],
            [
              106.84221354441962,
              -7.1005047661819845
            ],
            [
              106.84220881038834,
              -7.100499783038515
            ],
            [
              106.84220265362961,
              -7.100495897067958
            ],
            [
              106.8421946253817,
              -7.100490828488887
            ],
            [
              106.84218849650199,
              -7.100486959605462
            ],
            [
              106.84218145391105,
              -7.100482513357235
            ],
            [
              106.84217329256347,
              -7.100478365683955
            ],
            [
              106.84217132214889,
              -7.100477943002602
            ],
            [
              106.84216898840816,
              -7.100477442979582
            ],
            [
              106.84216587855252,
              -7.1004767765819
            ],
            [
              106.8421582567982,
              -7.100475143413064
            ],
            [
              106.84215437982084,
              -7.10047431243953
            ],
            [
              106.84214258251421,
              -7.100475645234781
            ],
            [
              106.84213077531507,
              -7.100476978030088
            ],
            [
              106.8421253470072,
              -7.1004783638853155
            ],
            [
              106.84211288150436,
              -7.1004815465860815
            ],
            [
              106.84209765238484,
              -7.1004868759685
            ],
            [
              106.84209307393627,
              -7.1004878778132365
            ],
            [
              106.84209090027491,
              -7.100488353554624
            ],
            [
              106.8420887266135,
              -7.100488828396692
            ],
            [
              106.8420854701684,
              -7.100489540659737
            ],
            [
              106.84207653630318,
              -7.100488166495666
            ],
            [
              106.8420697752,
              -7.1004871268793295
            ],
            [
              106.8420656733922,
              -7.1004864955552875
            ],
            [
              106.84206308334467,
              -7.100482899166423
            ],
            [
              106.84205881965886,
              -7.100476978030088
            ],
            [
              106.84205749405817,
              -7.100470080229968
            ],
            [
              106.84205601917,
              -7.100461093304773
            ],
            [
              106.84205514592833,
              -7.100455273791795
            ],
            [
              106.84205272585268,
              -7.10044815655715
            ],
            [
              106.84205237421776,
              -7.100447474871032
            ],
            [
              106.84204854130718,
              -7.100440048269547
            ],
            [
              106.84203492287344,
              -7.100426974824984
            ],
            [
              106.8420203043936,
              -7.100419326990277
            ],
            [
              106.84200272714418,
              -7.100411189025124
            ],
            [
              106.84199233277997,
              -7.100406698710117
            ],
            [
              106.84198213356865,
              -7.10040258611042
            ],
            [
              106.84196820396949,
              -7.100396968944892
            ],
            [
              106.84195349375881,
              -7.1003910370167205
            ],
            [
              106.84193810815725,
              -7.100381899005413
            ],
            [
              106.84191960550544,
              -7.100370057632006
            ],
            [
              106.84189807843364,
              -7.100356280018275
            ],
            [
              106.84188300489683,
              -7.100343335176717
            ],
            [
              106.84186673166437,
              -7.100327754422267
            ],
            [
              106.84186211544431,
              -7.100323334254426
            ],
            [
              106.84184859863399,
              -7.100308962188819
            ],
            [
              106.8418297533405,
              -7.100287925247528
            ],
            [
              106.84181979155022,
              -7.100267578086232
            ],
            [
              106.84181055281482,
              -7.100240462627198
            ],
            [
              106.84180245082251,
              -7.100216685451642
            ],
            [
              106.8417898405288,
              -7.1001796774501145
            ],
            [
              106.84178159824222,
              -7.100144859297757
            ],
            [
              106.84177591992284,
              -7.100120869882176
            ],
            [
              106.8417719539126,
              -7.100104117311105
            ],
            [
              106.8417677963468,
              -7.100086555350231
            ],
            [
              106.84175649906325,
              -7.100038828329218
            ],
            [
              106.84175112021808,
              -7.100016109655712
            ],
            [
              106.84174882964481,
              -7.100006431151826
            ],
            [
              106.841747062477,
              -7.099998967678175
            ],
            [
              106.84173804677351,
              -7.09998833949021
            ],
            [
              106.84172970196425,
              -7.099977718496859
            ],
            [
              106.84172686010658,
              -7.099972441275099
            ],
            [
              106.84172571796756,
              -7.09996558844108
            ],
            [
              106.84172592301297,
              -7.099962515457662
            ],
            [
              106.84172628903707,
              -7.099957022398598
            ],
            [
              106.84172800134627,
              -7.099952453842604
            ],
            [
              106.84173142866257,
              -7.099947314217104
            ],
            [
              106.8417372346857,
              -7.099942669218763
            ],
            [
              106.84173999470505,
              -7.099940460483822
            ],
            [
              106.8417443654102,
              -7.099940044997027
            ],
            [
              106.84174775225705,
              -7.099939722140391
            ],
            [
              106.84175677785305,
              -7.099939669080413
            ],
            [
              106.84176017639106,
              -7.099939916393964
            ],
            [
              106.84176478901384,
              -7.099940252740453
            ],
            [
              106.84176958060175,
              -7.099938800335337
            ],
            [
              106.84177540101399,
              -7.09993703496616
            ],
            [
              106.84177866195574,
              -7.099934366677644
            ],
            [
              106.8417816827785,
              -7.09993189534066
            ],
            [
              106.84178250925544,
              -7.099927488662615
            ],
            [
              106.84178319094156,
              -7.099918441482828
            ],
            [
              106.84178283481003,
              -7.099910974411898
            ],
            [
              106.84178241932324,
              -7.099903555904348
            ],
            [
              106.84178206948695,
              -7.0998973433876245
            ],
            [
              106.84178175022765,
              -7.0998916659675615
            ],
            [
              106.84178248227579,
              -7.099881652915883
            ],
            [
              106.84178396345919,
              -7.0998767480134575
            ],
            [
              106.84178590239753,
              -7.099870326854045
            ],
            [
              106.84178705263042,
              -7.0998665155271965
            ],
            [
              106.84178777838332,
              -7.099864112538739
            ],
            [
              106.84178984412608,
              -7.099857269597294
            ],
            [
              106.84178831437924,
              -7.099849468877835
            ],
            [
              106.8417850444443,
              -7.099845794247983
            ],
            [
              106.84178180598559,
              -7.0998421546916575
            ],
            [
              106.84177856752694,
              -7.099838515135332
            ],
            [
              106.84177578142726,
              -7.099835383695961
            ],
            [
              106.84176624321759,
              -7.0998358171692075
            ],
            [
              106.84175691455005,
              -7.099836915241383
            ],
            [
              106.84175014715163,
              -7.09983937578653
            ],
            [
              106.84174456955628,
              -7.09984140465707
            ],
            [
              106.84173848834064,
              -7.09984361608997
            ],
            [
              106.84172574584653,
              -7.099846766415112
            ],
            [
              106.8417246432777,
              -7.099846966064604
            ],
            [
              106.84171356812675,
              -7.0998489796466515
            ],
            [
              106.84170970913584,
              -7.09984968111786
            ],
            [
              106.84170788800867,
              -7.099849752164289
            ],
            [
              106.84170376191912,
              -7.099849294409353
            ],
            [
              106.84168719280979,
              -7.099847011930024
            ],
            [
              106.84167671930521,
              -7.09984133810724
            ],
            [
              106.8416699429136,
              -7.0998376679739295
            ],
            [
              106.84166290571858,
              -7.099829520116202
            ],
            [
              106.84165547641913,
              -7.099820917201498
            ],
            [
              106.8416551805422,
              -7.099815010454336
            ],
            [
              106.841655009671,
              -7.099811588533953
            ],
            [
              106.84165489545711,
              -7.099809315947141
            ],
            [
              106.84165674536257,
              -7.099801401913112
            ],
            [
              106.84165805567477,
              -7.099798635598518
            ],
            [
              106.84165991097615,
              -7.0997947181516565
            ],
            [
              106.84166513603725,
              -7.099790329460063
            ],
            [
              106.84167062999563,
              -7.099788956195312
            ],
            [
              106.84167505196211,
              -7.099787850029202
            ],
            [
              106.84167984175133,
              -7.099786653031572
            ],
            [
              106.84169126314134,
              -7.099782845302002
            ],
            [
              106.8416920725312,
              -7.099780822726757
            ],
            [
              106.8416936436468,
              -7.099776894488059
            ],
            [
              106.8416941085963,
              -7.099771826808308
            ],
            [
              106.84169390804749,
              -7.099768421975057
            ],
            [
              106.84169373717629,
              -7.099765518064146
            ],
            [
              106.84169090431186,
              -7.099759033952182
            ],
            [
              106.84169039889287,
              -7.099758412520657
            ],
            [
              106.84168759390741,
              -7.099754960922667
            ],
            [
              106.84168529524027,
              -7.099752130756201
            ],
            [
              106.84167917175643,
              -7.099748037941538
            ],
            [
              106.84167386305842,
              -7.0997455872889645
            ],
            [
              106.8416625316006,
              -7.099740355033305
            ],
            [
              106.841647735055,
              -7.099733498602006
            ],
            [
              106.84163263273985,
              -7.09972650007785
            ],
            [
              106.84162799853334,
              -7.099722154553717
            ],
            [
              106.84162189663328,
              -7.099716433966194
            ],
            [
              106.84161923104273,
              -7.099706397532145
            ],
            [
              106.84165081883026,
              -7.099667996480832
            ],
            [
              106.84163996581185,
              -7.099641029409952
            ],
            [
              106.84165201672727,
              -7.099634865456608
            ],
            [
              106.8416630909789,
              -7.099631322127777
            ],
            [
              106.84167047711088,
              -7.099632060471151
            ],
            [
              106.84168249205345,
              -7.099634658612558
            ],
            [
              106.84168892490402,
              -7.099637455504137
            ],
            [
              106.84169338104476,
              -7.09963939264378
            ],
            [
              106.84169583169734,
              -7.0996404583404455
            ],
            [
              106.84170728276496,
              -7.099646593515445
            ],
            [
              106.84171064892735,
              -7.099648396656107
            ],
            [
              106.84171715192508,
              -7.099651879730402
            ],
            [
              106.84172345797128,
              -7.099658186675924
            ],
            [
              106.84173057610525,
              -7.099665303910626
            ],
            [
              106.84173672387078,
              -7.099672754793744
            ],
            [
              106.84174090212099,
              -7.099678860291135
            ],
            [
              106.8417462782682,
              -7.0996869685786805
            ],
            [
              106.84175072631501,
              -7.099693918539458
            ],
            [
              106.84175667443105,
              -7.099702982806377
            ],
            [
              106.84176127266466,
              -7.099708643139309
            ],
            [
              106.84176991604886,
              -7.099721576289653
            ],
            [
              106.84178091565678,
              -7.0997407390438525
            ],
            [
              106.84178996103793,
              -7.099752783663973
            ],
            [
              106.84179710075563,
              -7.099760764247833
            ],
            [
              106.84180319276322,
              -7.099768378807596
            ],
            [
              106.84180875776804,
              -7.0997690928692805
            ],
            [
              106.84181617897354,
              -7.099770046150638
            ],
            [
              106.84183136582493,
              -7.099771995880872
            ],
            [
              106.8418371646535,
              -7.099774169542229
            ],
            [
              106.84184467848917,
              -7.0997750041130985
            ],
            [
              106.84184800418211,
              -7.099774671363946
            ],
            [
              106.84185192432693,
              -7.09977427925952
            ],
            [
              106.84186204259925,
              -7.099766598149927
            ],
            [
              106.84186389790062,
              -7.099760331673906
            ],
            [
              106.8418662226481,
              -7.09975247609583
            ],
            [
              106.84186908968678,
              -7.099742789498066
            ],
            [
              106.84189080651555,
              -7.099728314010463
            ],
            [
              106.84190618312391,
              -7.09971806533639
            ],
            [
              106.8419161718939,
              -7.099711406755944
            ],
            [
              106.84194816707429,
              -7.0997009566337965
            ],
            [
              106.84197802546555,
              -7.099692101908943
            ],
            [
              106.84201468722807,
              -7.099681229105386
            ],
            [
              106.84205480058864,
              -7.099669332873361
            ],
            [
              106.84208105179914,
              -7.099661547442395
            ],
            [
              106.84209156127662,
              -7.099658430392196
            ],
            [
              106.84210881297139,
              -7.099650963321267
            ],
            [
              106.84211202984636,
              -7.0996334121522295
            ],
            [
              106.84211463248437,
              -7.099611728598347
            ],
            [
              106.84211501109894,
              -7.099597050763236
            ],
            [
              106.84211615503659,
              -7.099584496227465
            ],
            [
              106.84211923971122,
              -7.0995725990961205
            ],
            [
              106.84212472647499,
              -7.099564996227571
            ],
            [
              106.84212825631403,
              -7.09956229646275
            ],
            [
              106.84213328532292,
              -7.099558450961695
            ],
            [
              106.84214107704912,
              -7.099557281843033
            ],
            [
              106.84214851354312,
              -7.099556166683726
            ],
            [
              106.8421526810015,
              -7.099556529110487
            ],
            [
              106.84215499046053,
              -7.099556729659298
            ],
            [
              106.84215838180393,
              -7.099557024636908
            ],
            [
              106.84216130639925,
              -7.099557279145074
            ],
            [
              106.84216602604135,
              -7.099557689235951
            ],
            [
              106.84217433937431,
              -7.0995566505189345
            ],
            [
              106.84218148358866,
              -7.0995544327907965
            ],
            [
              106.84218441447922,
              -7.0995528814602835
            ],
            [
              106.8421911530993,
              -7.099549313849707
            ],
            [
              106.84219870650514,
              -7.0995417613431755
            ],
            [
              106.84220625811236,
              -7.099534615330185
            ],
            [
              106.84221577563761,
              -7.099526881160614
            ],
            [
              106.84222173184753,
              -7.099524562708382
            ],
            [
              106.84222591369502,
              -7.099523099511373
            ],
            [
              106.84223151017613,
              -7.099521140787942
            ],
            [
              106.84223760488163,
              -7.099523318046636
            ],
            [
              106.84224121206233,
              -7.099524606775162
            ],
            [
              106.8422463049231,
              -7.099528129419582
            ],
            [
              106.84225206777876,
              -7.099532563077275
            ],
            [
              106.84225569474455,
              -7.09953426909118
            ],
            [
              106.84226360428198,
              -7.099537991385148
            ],
            [
              106.84226501262032,
              -7.099538654185494
            ],
            [
              106.84227475317738,
              -7.099537354665131
            ],
            [
              106.84228020576694,
              -7.099535924743066
            ],
            [
              106.84228270947949,
              -7.099533671941344
            ],
            [
              106.84228499915343,
              -7.099531610695237
            ],
            [
              106.84228550996835,
              -7.099529773380311
            ],
            [
              106.84228655408128,
              -7.099526013314801
            ],
            [
              106.84228791295686,
              -7.099520662348652
            ],
            [
              106.84228833204094,
              -7.0995158464791075
            ],
            [
              106.84228899753924,
              -7.099508196845761
            ],
            [
              106.84229276569863,
              -7.099500189282253
            ],
            [
              106.84229643133528,
              -7.099495213333398
            ],
            [
              106.84229917516689,
              -7.099492077397429
            ],
            [
              106.84230144685432,
              -7.099489480155341
            ],
            [
              106.84230277155575,
              -7.099488745409246
            ],
            [
              106.84230358184487,
              -7.099488340714288
            ],
            [
              106.84231069728094,
              -7.099484782996285
            ],
            [
              106.84231856455017,
              -7.099483006835271
            ],
            [
              106.84232387055027,
              -7.099481808038945
            ],
            [
              106.8423267375889,
              -7.099481161426411
            ],
            [
              106.84232961362085,
              -7.09948139165283
            ],
            [
              106.84233558781716,
              -7.0994843783013835
            ],
            [
              106.84233751146706,
              -7.099485339676619
            ],
            [
              106.8423397381884,
              -7.099486453037343
            ],
            [
              106.84234439038136,
              -7.099493920108273
            ],
            [
              106.84234683383937,
              -7.099497449047988
            ],
            [
              106.84235026655165,
              -7.099501811659252
            ],
            [
              106.84235298520218,
              -7.099503541954846
            ],
            [
              106.84235937308665,
              -7.099506408993534
            ],
            [
              106.84236244427143,
              -7.0995070547067485
            ],
            [
              106.84236624030979,
              -7.0995070547067485
            ],
            [
              106.84236649391863,
              -7.0995070547067485
            ],
            [
              106.84236851829257,
              -7.0995070547067485
            ],
            [
              106.84237312012345,
              -7.099505147244713
            ],
            [
              106.84237792340252,
              -7.0995026048613
            ],
            [
              106.84238025894183,
              -7.099500424005328
            ],
            [
              106.84238329325444,
              -7.099496040709653
            ],
            [
              106.84238530683649,
              -7.099493425481171
            ],
            [
              106.84238812800976,
              -7.099490228391289
            ],
            [
              106.8423904761396,
              -7.099487566398011
            ],
            [
              106.84239293218815,
              -7.099484782996285
            ],
            [
              106.84239544759191,
              -7.099483082378299
            ],
            [
              106.84239864558111,
              -7.099480920408098
            ],
            [
              106.84240284361641,
              -7.0994780830470745
            ],
            [
              106.84241583342401,
              -7.099452419093836
            ],
            [
              106.84241821213084,
              -7.099447718337501
            ],
            [
              106.8424197472736,
              -7.099444685823528
            ],
            [
              106.84242163045394,
              -7.099424598566316
            ],
            [
              106.84242339852108,
              -7.099405746078276
            ],
            [
              106.84242391473197,
              -7.099393756316772
            ],
            [
              106.842424071214,
              -7.099378382406371
            ],
            [
              106.84242423938719,
              -7.099361875350212
            ],
            [
              106.84242440845975,
              -7.099345373689971
            ],
            [
              106.84242448580142,
              -7.09933777531802
            ],
            [
              106.84242748234249,
              -7.099325786455836
            ],
            [
              106.84243026304625,
              -7.099314666338728
            ],
            [
              106.84243500067481,
              -7.099294398317795
            ],
            [
              106.84243806286639,
              -7.099280253780648
            ],
            [
              106.8424413444925,
              -7.099265094808231
            ],
            [
              106.84244550205835,
              -7.099245892483907
            ],
            [
              106.8424526642591,
              -7.099227117337534
            ],
            [
              106.84245907822395,
              -7.0992122146719225
            ],
            [
              106.84246504882299,
              -7.0991983408306965
            ],
            [
              106.84246837631457,
              -7.099190610258404
            ],
            [
              106.84247426957194,
              -7.099184225971214
            ],
            [
              106.84246608124471,
              -7.099173660735801
            ],
            [
              106.84245625795,
              -7.099160985690901
            ],
            [
              106.8424463582129,
              -7.099146519196438
            ],
            [
              106.84244114664165,
              -7.099138708584462
            ],
            [
              106.84243874545183,
              -7.099129767524687
            ],
            [
              106.84244038581522,
              -7.099125119828386
            ],
            [
              106.84244272045527,
              -7.09911850621404
            ],
            [
              106.842446565057,
              -7.099107613625449
            ],
            [
              106.84245434329335,
              -7.099102428134529
            ],
            [
              106.84246617207623,
              -7.099094541979468
            ],
            [
              106.84248411534969,
              -7.099087357295673
            ],
            [
              106.8425001052957,
              -7.099084031602729
            ],
            [
              106.8425098026853,
              -7.0990839605563
            ],
            [
              106.84252859851608,
              -7.09908382206072
            ],
            [
              106.84253257172088,
              -7.099083793282375
            ],
            [
              106.84255249440213,
              -7.099083647592238
            ],
            [
              106.84257015528851,
              -7.099083518089856
            ],
            [
              106.8425872343135,
              -7.099083393084072
            ],
            [
              106.84260241576891,
              -7.099082839101698
            ],
            [
              106.84261396935926,
              -7.099081788693525
            ],
            [
              106.84262224851801,
              -7.099081035960978
            ],
            [
              106.84263747763754,
              -7.099079512509434
            ],
            [
              106.84265270585774,
              -7.099081035061658
            ],
            [
              106.842660254767,
              -7.099082450594551
            ],
            [
              106.84266932173188,
              -7.099086388725823
            ],
            [
              106.84268226207678,
              -7.099093536537453
            ],
            [
              106.84268811036804,
              -7.099096168853066
            ],
            [
              106.84269457559424,
              -7.09909764823783
            ],
            [
              106.84270009023703,
              -7.099098400071057
            ],
            [
              106.84270676770325,
              -7.099099310184954
            ],
            [
              106.84271048370192,
              -7.099098803866639
            ],
            [
              106.84271597406303,
              -7.099098054731371
            ],
            [
              106.84271843910471,
              -7.0990977183849395
            ],
            [
              106.84272756182759,
              -7.099093934037796
            ],
            [
              106.84273009791576,
              -7.099091994200137
            ],
            [
              106.84273859740841,
              -7.099081198738304
            ],
            [
              106.84274369026917,
              -7.099061167239029
            ],
            [
              106.84274416960778,
              -7.099052291829764
            ],
            [
              106.84274442681391,
              -7.099047538912771
            ],
            [
              106.84274297081151,
              -7.099035063517306
            ],
            [
              106.84273581400669,
              -7.099017596884551
            ],
            [
              106.84272847913604,
              -7.099004473077912
            ],
            [
              106.84276202744564,
              -7.098997385520875
            ],
            [
              106.84277725566585,
              -7.098976445706342
            ],
            [
              106.84273410889205,
              -7.098938374706165
            ],
            [
              106.84271380399889,
              -7.098903475614861
            ],
            [
              106.84270745838256,
              -7.098892689146226
            ],
            [
              106.84268947643824,
              -7.0989243299937925
            ],
            [
              106.8426885780155,
              -7.098913289916368
            ],
            [
              106.84268888288568,
              -7.098901324436554
            ],
            [
              106.84269230750402,
              -7.098889686309917
            ],
            [
              106.84269827450584,
              -7.098880969181323
            ],
            [
              106.84270651769168,
              -7.098872331193093
            ],
            [
              106.84272189789732,
              -7.098860257794627
            ],
            [
              106.84274426133862,
              -7.098858424976299
            ],
            [
              106.84276837306203,
              -7.098832409388137
            ],
            [
              106.84277517283601,
              -7.098794565017101
            ],
            [
              106.84277546781362,
              -7.098793617131662
            ],
            [
              106.84277766755537,
              -7.09878067678676
            ],
            [
              106.8427784688513,
              -7.098775964339211
            ],
            [
              106.84278014788555,
              -7.098766087984529
            ],
            [
              106.84278726512025,
              -7.098749313829728
            ],
            [
              106.84279376811799,
              -7.0987283569280635
            ],
            [
              106.84279610815395,
              -7.0987145928041855
            ],
            [
              106.84280433964864,
              -7.098690856997393
            ],
            [
              106.84281180941753,
              -7.098670054779177
            ],
            [
              106.8428135792833,
              -7.098665809079762
            ],
            [
              106.84281840774338,
              -7.098658797965129
            ],
            [
              106.84282362291191,
              -7.098653103457934
            ],
            [
              106.84284076399013,
              -7.098641326835718
            ],
            [
              106.84286174247552,
              -7.098628967452839
            ],
            [
              106.84286502320231,
              -7.098627029413819
            ],
            [
              106.84287782415231,
              -7.098619843830704
            ],
            [
              106.84288691000296,
              -7.098614991988256
            ],
            [
              106.84290060577837,
              -7.098608421541371
            ],
            [
              106.8429143609091,
              -7.09860332957993
            ],
            [
              106.84294233522064,
              -7.0985979147619105
            ],
            [
              106.84294664657057,
              -7.0985975748182
            ],
            [
              106.84295004241056,
              -7.0985973068201815
            ],
            [
              106.84295728644969,
              -7.098596734851412
            ],
            [
              106.84296938952576,
              -7.098600459843283
            ],
            [
              106.84297646719028,
              -7.098602638900616
            ],
            [
              106.84299144270096,
              -7.098604373692865
            ],
            [
              106.84301392305417,
              -7.098604284659984
            ],
            [
              106.84303377378967,
              -7.098603560705726
            ],
            [
              106.84304567361903,
              -7.098602191937573
            ],
            [
              106.8430660738403,
              -7.098600386998214
            ],
            [
              106.84306863510949,
              -7.098600332139597
            ],
            [
              106.84312753620691,
              -7.098595679047321
            ],
            [
              106.84315517147405,
              -7.098588578000431
            ],
            [
              106.84315929486564,
              -7.098586595894631
            ],
            [
              106.84316856777525,
              -7.098582139753887
            ],
            [
              106.84317871932251,
              -7.0985755216429425
            ],
            [
              106.84318095863438,
              -7.098573896568041
            ],
            [
              106.84319113086605,
              -7.0985513460677225
            ],
            [
              106.84319174870029,
              -7.098529844176937
            ],
            [
              106.84318606588431,
              -7.0985062972278
            ],
            [
              106.84318184446659,
              -7.098488805413979
            ],
            [
              106.84316809832916,
              -7.098463696342492
            ],
            [
              106.84316477803213,
              -7.098459654789167
            ],
            [
              106.84315739459817,
              -7.098450666065332
            ],
            [
              106.84313311110424,
              -7.098425680200933
            ],
            [
              106.84310308723775,
              -7.098412348650925
            ],
            [
              106.84307862208078,
              -7.098406436507787
            ],
            [
              106.84304192614405,
              -7.09839756829308
            ],
            [
              106.84300876544222,
              -7.098388441972986
            ],
            [
              106.8429796795686,
              -7.098380436208117
            ],
            [
              106.84295174932384,
              -7.098361583720077
            ],
            [
              106.84293399310934,
              -7.098349598455172
            ],
            [
              106.84291976223727,
              -7.098335774076645
            ],
            [
              106.84290662404152,
              -7.098320486501223
            ],
            [
              106.84289592930378,
              -7.0983049381223395
            ],
            [
              106.84288586858804,
              -7.098290310649247
            ],
            [
              106.84287681781097,
              -7.098277151769082
            ],
            [
              106.84286879316033,
              -7.098265483964894
            ],
            [
              106.84286478038536,
              -7.098260347936673
            ],
            [
              106.84285689512967,
              -7.098250254845311
            ],
            [
              106.84284214355017,
              -7.09824168880283
            ],
            [
              106.84282998111877,
              -7.0982412472357055
            ],
            [
              106.84281596878202,
              -7.098240736420792
            ],
            [
              106.84280216778586,
              -7.098242164544217
            ],
            [
              106.8427892742057,
              -7.098237496163449
            ],
            [
              106.84277456579366,
              -7.09823217037831
            ],
            [
              106.84275321768689,
              -7.098216205613369
            ],
            [
              106.8427320818202,
              -7.098200400028418
            ],
            [
              106.84271273830228,
              -7.09818657834785
            ],
            [
              106.84269254042846,
              -7.098173305253795
            ],
            [
              106.84267483457603,
              -7.098166147549648
            ],
            [
              106.84265212489572,
              -7.098159854993241
            ],
            [
              106.84263369418971,
              -7.098154552590472
            ],
            [
              106.84260404354183,
              -7.09813933156488
            ],
            [
              106.84256820286032,
              -7.098120362164934
            ],
            [
              106.8425461379939,
              -7.098108438953261
            ],
            [
              106.84253516626495,
              -7.098097044542897
            ],
            [
              106.84251928783493,
              -7.098075020146041
            ],
            [
              106.84250723422156,
              -7.098061181378398
            ],
            [
              106.84248959132162,
              -7.098047633091767
            ],
            [
              106.84247319668071,
              -7.09803779630721
            ],
            [
              106.8424583093036,
              -7.098028864240632
            ],
            [
              106.84243803588669,
              -7.098019009469681
            ],
            [
              106.84242960294387,
              -7.0980159023119995
            ],
            [
              106.84241110658735,
              -7.098005051092173
            ],
            [
              106.8424008003567,
              -7.09799603359005
            ],
            [
              106.84238985021148,
              -7.09798408699595
            ],
            [
              106.84238069421372,
              -7.097971421843624
            ],
            [
              106.84237028006442,
              -7.0979825545512085
            ],
            [
              106.84235409676421,
              -7.09799934939042
            ],
            [
              106.84234625917259,
              -7.098006881212541
            ],
            [
              106.84234036861318,
              -7.098012542444849
            ],
            [
              106.84232567369094,
              -7.098035845677714
            ],
            [
              106.84232018872581,
              -7.098048342656853
            ],
            [
              106.84231098866127,
              -7.098069304055116
            ],
            [
              106.84230199454146,
              -7.09808979420859
            ],
            [
              106.84229441685392,
              -7.098107060292534
            ],
            [
              106.84229087172639,
              -7.0981151362045125
            ],
            [
              106.84228891390234,
              -7.098119596841855
            ],
            [
              106.84228651091382,
              -7.0981209808985
            ],
            [
              106.842263149225,
              -7.098134439252931
            ],
            [
              106.84223905458873,
              -7.098144393848656
            ],
            [
              106.84219423867324,
              -7.098160570853622
            ],
            [
              106.84218959367485,
              -7.098160937777038
            ],
            [
              106.84217149751663,
              -7.098162364101768
            ],
            [
              106.8421604619358,
              -7.09816323464554
            ],
            [
              106.84215112337569,
              -7.098163971190274
            ],
            [
              106.84210063453673,
              -7.09816795158963
            ],
            [
              106.84206110033955,
              -7.098171069539205
            ],
            [
              106.84202585141196,
              -7.0981702331696965
            ],
            [
              106.84198104628831,
              -7.09816874029508
            ],
            [
              106.84196056782599,
              -7.098168057709643
            ],
            [
              106.84193159436762,
              -7.098167091837752
            ],
            [
              106.84191627351726,
              -7.098166581022838
            ],
            [
              106.84190320906589,
              -7.098166145750952
            ],
            [
              106.84189456298378,
              -7.0981658570685795
            ],
            [
              106.84188936760029,
              -7.0981656843987935
            ],
            [
              106.84188766068706,
              -7.09816562774148
            ],
            [
              106.84187844713267,
              -7.09816892015948
            ],
            [
              106.84186145983858,
              -7.0981757154368665
            ],
            [
              106.84184781172718,
              -7.098181174321667
            ],
            [
              106.84183535971414,
              -7.098186154767177
            ],
            [
              106.8418323847568,
              -7.098186580146489
            ],
            [
              106.84179053120812,
              -7.098192559738777
            ],
            [
              106.84177115801259,
              -7.098195326952748
            ],
            [
              106.84176340405793,
              -7.098196434917497
            ],
            [
              106.84174143182167,
              -7.098181786759994
            ],
            [
              106.84171830575525,
              -7.09816636878287
            ],
            [
              106.84170857778872,
              -7.0981598837715865
            ],
            [
              106.84169958906483,
              -7.098152572283311
            ],
            [
              106.84169360047935,
              -7.098144892073037
            ],
            [
              106.84168577008228,
              -7.098134847545111
            ],
            [
              106.84167849186895,
              -7.098125512582271
            ],
            [
              106.84167201225364,
              -7.098117201947275
            ],
            [
              106.84166402627386,
              -7.098106959568497
            ],
            [
              106.84165472188795,
              -7.098095024665611
            ],
            [
              106.8416508521052,
              -7.098090061307232
            ],
            [
              106.84164576464036,
              -7.098063946793673
            ],
            [
              106.8416435145366,
              -7.098039343141124
            ],
            [
              106.84164233732406,
              -7.0980216867513946
            ],
            [
              106.84164690588005,
              -7.0980068389444
            ],
            [
              106.8416498763408,
              -7.098000473542982
            ],
            [
              106.84165490175235,
              -7.097989706859437
            ],
            [
              106.84165490085303,
              -7.097978931182695
            ],
            [
              106.84165490085303,
              -7.09796800621848
            ],
            [
              106.8416532676842,
              -7.097957934710848
            ],
            [
              106.8416515823547,
              -7.097947542145334
            ],
            [
              106.84164804801907,
              -7.0979257470755215
            ],
            [
              106.84164843562684,
              -7.097906368484075
            ],
            [
              106.84164894913977,
              -7.097880701832878
            ],
            [
              106.84165101937913,
              -7.097843032829644
            ],
            [
              106.84165255901843,
              -7.09782148237548
            ],
            [
              106.84165571384017,
              -7.097795719496787
            ],
            [
              106.84165885517211,
              -7.097781323149491
            ],
            [
              106.84166260714369,
              -7.097764126313336
            ],
            [
              106.84166611899627,
              -7.097748026650038
            ],
            [
              106.84170282932217,
              -7.097691105859781
            ],
            [
              106.84171576517048,
              -7.097673097835127
            ],
            [
              106.84172928018222,
              -7.09765428221931
            ],
            [
              106.84174066559927,
              -7.097640159265893
            ],
            [
              106.84174620991973,
              -7.097633932360054
            ],
            [
              106.84176392026876,
              -7.097637646560088
            ],
            [
              106.84178637454158,
              -7.097643454381853
            ],
            [
              106.84180282044389,
              -7.097649237921928
            ],
            [
              106.84182111805023,
              -7.097660198859046
            ],
            [
              106.8418343308897,
              -7.097669476265253
            ],
            [
              106.8418580828843,
              -7.097685934758033
            ],
            [
              106.84186866610611,
              -7.097693231857136
            ],
            [
              106.84189091803148,
              -7.097708472667819
            ],
            [
              106.84190318568352,
              -7.097716772510978
            ],
            [
              106.84190959784974,
              -7.097721110840553
            ],
            [
              106.84191429590811,
              -7.097724289044663
            ],
            [
              106.84192133759973,
              -7.097727395303025
            ],
            [
              106.84193314210091,
              -7.097729430468803
            ],
            [
              106.84194569034139,
              -7.0977315942376435
            ],
            [
              106.8419567295195,
              -7.09773349720308
            ],
            [
              106.84197136958312,
              -7.097733439646504
            ],
            [
              106.8419796640303,
              -7.09773340637156
            ],
            [
              106.84199183275695,
              -7.097730245254581
            ],
            [
              106.84200741620936,
              -7.097726197406018
            ],
            [
              106.8420216506787,
              -7.0977247791751665
            ],
            [
              106.84203338233476,
              -7.097724115475501
            ],
            [
              106.84204860515905,
              -7.097723254824302
            ],
            [
              106.84205246325064,
              -7.0977231109328045
            ],
            [
              106.84206239086672,
              -7.097724636182988
            ],
            [
              106.8420837021012,
              -7.0977279106145374
            ],
            [
              106.84209520443022,
              -7.097729619326401
            ],
            [
              106.84210044298112,
              -7.0977302515498195
            ],
            [
              106.84210825539174,
              -7.09773119583798
            ],
            [
              106.84211451377388,
              -7.0977319521678055
            ],
            [
              106.8421204546953,
              -7.097731579848471
            ],
            [
              106.84213261083141,
              -7.097730130141372
            ],
            [
              106.8421443748631,
              -7.0977273188606205
            ],
            [
              106.84215278532287,
              -7.097724503982647
            ],
            [
              106.84216562224572,
              -7.097716059348613
            ],
            [
              106.84217526297806,
              -7.09770740876985
            ],
            [
              106.84218802345856,
              -7.097692489916426
            ],
            [
              106.84219700498784,
              -7.097680475873233
            ],
            [
              106.84220671227001,
              -7.097667244147942
            ],
            [
              106.84221286902874,
              -7.097658850775304
            ],
            [
              106.84221871282341,
              -7.097652932336928
            ],
            [
              106.84222586603096,
              -7.0976476623097255
            ],
            [
              106.8422279038947,
              -7.097646207206651
            ],
            [
              106.84223166935612,
              -7.097645283602901
            ],
            [
              106.84223631705242,
              -7.0976443330195025
            ],
            [
              106.842240599624,
              -7.097643457079812
            ],
            [
              106.84224315189999,
              -7.097643041593074
            ],
            [
              106.84224848937635,
              -7.097643246638484
            ],
            [
              106.84225454990764,
              -7.097643479562862
            ],
            [
              106.84225883967378,
              -7.097643472368304
            ],
            [
              106.84226164375991,
              -7.0976425802408585
            ],
            [
              106.8422636591406,
              -7.097641939024243
            ],
            [
              106.84226635261012,
              -7.097640486619127
            ],
            [
              106.84227049218953,
              -7.097638086328573
            ],
            [
              106.84227304986143,
              -7.09763660334653
            ],
            [
              106.84227499059841,
              -7.097635064606493
            ],
            [
              106.84227895301132,
              -7.09763130094376
            ],
            [
              106.84228117973271,
              -7.097629184838979
            ],
            [
              106.84228339116561,
              -7.0976266055833435
            ],
            [
              106.84228556932362,
              -7.097623452560242
            ],
            [
              106.84228872954128,
              -7.09761887680969
            ],
            [
              106.84229059113795,
              -7.097616181541525
            ],
            [
              106.84229195001353,
              -7.09761421472416
            ],
            [
              106.8422948116563,
              -7.09761172989738
            ],
            [
              106.84229739900582,
              -7.097610191157344
            ],
            [
              106.84229968688112,
              -7.097608881744463
            ],
            [
              106.84230206648726,
              -7.097608541800696
            ],
            [
              106.84230257010756,
              -7.09760850672717
            ],
            [
              106.8423043939327,
              -7.097608379023427
            ],
            [
              106.84230681760562,
              -7.097608209950863
            ],
            [
              106.8423079516507,
              -7.097608184769854
            ],
            [
              106.84231043827617,
              -7.097608828684429
            ],
            [
              106.84231233404705,
              -7.09760936198245
            ],
            [
              106.84231440248777,
              -7.0976101039231025
            ],
            [
              106.84231519389112,
              -7.097610787407859
            ],
            [
              106.8423167344298,
              -7.09761258515266
            ],
            [
              106.84231829475357,
              -7.097614405380455
            ],
            [
              106.84232030473834,
              -7.097616953159786
            ],
            [
              106.84232117438273,
              -7.097618815655778
            ],
            [
              106.84232270143161,
              -7.097622085590729
            ],
            [
              106.8423243013255,
              -7.09762551200771
            ],
            [
              106.84232631580687,
              -7.097629825156275
            ],
            [
              106.84232740758387,
              -7.097632162494278
            ],
            [
              106.84232824575201,
              -7.097633958440383
            ],
            [
              106.84233106692528,
              -7.0976399982872636
            ],
            [
              106.84233275675138,
              -7.0976435883808335
            ],
            [
              106.84233387101142,
              -7.09764593741005
            ],
            [
              106.84233540165752,
              -7.097648758583318
            ],
            [
              106.84233650602499,
              -7.0976506246765325
            ],
            [
              106.84233765625788,
              -7.097652569010791
            ],
            [
              106.84233858435823,
              -7.097654137428435
            ],
            [
              106.84233951155926,
              -7.09765570584608
            ],
            [
              106.84234108087622,
              -7.097658356148145
            ],
            [
              106.84234227607521,
              -7.097660376924807
            ],
            [
              106.84234320417562,
              -7.097661945342452
            ],
            [
              106.8423436682258,
              -7.097662729551303
            ],
            [
              106.84234454146747,
              -7.0976642062381075
            ],
            [
              106.84234574655903,
              -7.097665010231992
            ],
            [
              106.84234787795225,
              -7.097665092969635
            ],
            [
              106.84234752631733,
              -7.097661280743466
            ],
            [
              106.84234622499832,
              -7.097647146998213
            ],
            [
              106.84234494706169,
              -7.097633274056307
            ],
            [
              106.8423443723949,
              -7.097627036358574
            ],
            [
              106.84234251529489,
              -7.097596387463284
            ],
            [
              106.84234189746064,
              -7.0975846414179955
            ],
            [
              106.842342931681,
              -7.097575983644674
            ],
            [
              106.84234426987223,
              -7.097565834795375
            ],
            [
              106.84234688240275,
              -7.09754602183142
            ],
            [
              106.84234851557159,
              -7.097533632770876
            ],
            [
              106.84234984476956,
              -7.097524426411098
            ],
            [
              106.84235338090389,
              -7.097510840352925
            ],
            [
              106.84235373793473,
              -7.097509470685452
            ],
            [
              106.84235401582521,
              -7.097508404089524
            ],
            [
              106.84235848725444,
              -7.097491221642542
            ],
            [
              106.84236078052567,
              -7.097482410085092
            ],
            [
              106.84236293170397,
              -7.097471460839188
            ],
            [
              106.84236397491759,
              -7.097464804057438
            ],
            [
              106.84235907451176,
              -7.097461751758374
            ],
            [
              106.84235228103302,
              -7.097457519548868
            ],
            [
              106.84234854974585,
              -7.0974557469850765
            ],
            [
              106.842340859643,
              -7.097452094838275
            ],
            [
              106.84233710857075,
              -7.097450507534859
            ],
            [
              106.84233343484021,
              -7.09744895350633
            ],
            [
              106.84232858119913,
              -7.097441815587274
            ],
            [
              106.84232692734588,
              -7.097437004214328
            ],
            [
              106.84232544076656,
              -7.097432677575966
            ],
            [
              106.84232614133839,
              -7.097427768176885
            ],
            [
              106.8423282790269,
              -7.097421430654435
            ],
            [
              106.84233000842323,
              -7.097418115753385
            ],
            [
              106.84233029440765,
              -7.097410977834329
            ],
            [
              106.84232686799061,
              -7.097402696876941
            ],
            [
              106.84232397487159,
              -7.0973982695144855
            ],
            [
              106.84231896834575,
              -7.097390609089302
            ],
            [
              106.84231265600431,
              -7.097385821098726
            ],
            [
              106.84230512328287,
              -7.097380515098621
            ],
            [
              106.84229920754245,
              -7.097376889032148
            ],
            [
              106.84229612556578,
              -7.097375000455884
            ],
            [
              106.84229328820476,
              -7.097368035206614
            ],
            [
              106.84229072423761,
              -7.097361739052985
            ],
            [
              106.84229166223048,
              -7.097357191181402
            ],
            [
              106.8422928655234,
              -7.097351351883333
            ],
            [
              106.8423022679354,
              -7.097339662495358
            ],
            [
              106.84230929253988,
              -7.097330929179009
            ],
            [
              106.8423178262068,
              -7.097318273019823
            ],
            [
              106.84231888470885,
              -7.09731280244381
            ],
            [
              106.84232011048476,
              -7.097306472115974
            ],
            [
              106.84231838558509,
              -7.097298710067378
            ],
            [
              106.84231652039114,
              -7.097289779799439
            ],
            [
              106.84231413538907,
              -7.0972767009589575
            ],
            [
              106.84231441957485,
              -7.097263667084519
            ],
            [
              106.84231658154505,
              -7.097252045145694
            ],
            [
              106.8423179503132,
              -7.097244684194777
            ],
            [
              106.84231880826644,
              -7.097240076068601
            ],
            [
              106.84231995310341,
              -7.097233919309872
            ],
            [
              106.84232128050274,
              -7.0972267867867345
            ],
            [
              106.84231950524105,
              -7.097217588520834
            ],
            [
              106.84231813197624,
              -7.097210471286189
            ],
            [
              106.84231734956609,
              -7.097206416243068
            ],
            [
              106.84231455537247,
              -7.097187733726855
            ],
            [
              106.842313612883,
              -7.097173897657228
            ],
            [
              106.8423180762183,
              -7.09716431717942
            ],
            [
              106.84233137269473,
              -7.097156342890855
            ],
            [
              106.84233901783148,
              -7.097154319416234
            ],
            [
              106.84234355311253,
              -7.097153118821325
            ],
            [
              106.84234877547567,
              -7.097156154932577
            ],
            [
              106.84235775880359,
              -7.097161377295663
            ],
            [
              106.84236810910102,
              -7.097167394659493
            ],
            [
              106.84237085922786,
              -7.097170616930384
            ],
            [
              106.8423776616998,
              -7.097178584923711
            ],
            [
              106.84238247756934,
              -7.097184226370928
            ],
            [
              106.84238809653351,
              -7.097190808508969
            ],
            [
              106.84238863612671,
              -7.097200799077541
            ],
            [
              106.84238923867247,
              -7.09721193808042
            ],
            [
              106.84238814509689,
              -7.09722086475108
            ],
            [
              106.84238729613685,
              -7.097227803919964
            ],
            [
              106.84238678082534,
              -7.0972320118478365
            ],
            [
              106.84238647145855,
              -7.097234537144118
            ],
            [
              106.84238581225549,
              -7.09723992138521
            ],
            [
              106.8423897117159,
              -7.097247395650754
            ],
            [
              106.84239266419019,
              -7.0972530559836855
            ],
            [
              106.84240237237162,
              -7.0972576245396795
            ],
            [
              106.84242407391196,
              -7.097250200636211
            ],
            [
              106.84242868293745,
              -7.097246848862937
            ],
            [
              106.84243838122637,
              -7.097239794580787
            ],
            [
              106.84244920007058,
              -7.097231925512915
            ],
            [
              106.84246686635288,
              -7.097217504883872
            ],
            [
              106.84247984177136,
              -7.097205216547479
            ],
            [
              106.84248988809793,
              -7.097190604362879
            ],
            [
              106.84249953422619,
              -7.097176572240983
            ],
            [
              106.84250684031849,
              -7.097168526905932
            ],
            [
              106.84251830037931,
              -7.097161337725481
            ],
            [
              106.8425294151005,
              -7.09715436528171
            ],
            [
              106.84253463116835,
              -7.097151093548064
            ],
            [
              106.84255267246795,
              -7.097139043531968
            ],
            [
              106.84256276825721,
              -7.097131988350554
            ],
            [
              106.84256902124338,
              -7.097127618544732
            ],
            [
              106.84257778064011,
              -7.0971201622656395
            ],
            [
              106.8425873422321,
              -7.097111375889256
            ],
            [
              106.84260034373096,
              -7.097098048835846
            ],
            [
              106.84262811659437,
              -7.097068713850035
            ],
            [
              106.84263031273878,
              -7.0970663944984835
            ],
            [
              106.84263120756424,
              -7.09706514174286
            ],
            [
              106.84264791696785,
              -7.0970417512757535
            ],
            [
              106.84267363308174,
              -7.097005080519978
            ],
            [
              106.84267672045434,
              -7.096994082710694
            ],
            [
              106.84268534225481,
              -7.096958156593587
            ],
            [
              106.84269136861184,
              -7.0969200855934105
            ],
            [
              106.84270001559332,
              -7.096889785635028
            ],
            [
              106.84270594572286,
              -7.096856945091872
            ],
            [
              106.84270766972327,
              -7.096824797926047
            ],
            [
              106.84270953491716,
              -7.096790028337068
            ],
            [
              106.84271027775719,
              -7.096767511111693
            ],
            [
              106.84270995759852,
              -7.09675342413118
            ],
            [
              106.84270762925377,
              -7.0967359179282425
            ],
            [
              106.84270259574828,
              -7.096725540651107
            ],
            [
              106.8426990883923,
              -7.096718310101892
            ],
            [
              106.84269089287045,
              -7.096701414538586
            ],
            [
              106.84265853616256,
              -7.096705841901041
            ],
            [
              106.8426337769273,
              -7.0967092296471606
            ],
            [
              106.84261725368339,
              -7.096711490542816
            ],
            [
              106.84259238473084,
              -7.096714893577428
            ],
            [
              106.84257924653508,
              -7.096712692936364
            ],
            [
              106.84256615600333,
              -7.096710499489916
            ],
            [
              106.84255285682895,
              -7.096708270969884
            ],
            [
              106.84254641588444,
              -7.096707191783423
            ],
            [
              106.84253831029486,
              -7.096705832907787
            ],
            [
              106.84252919656524,
              -7.096704305858964
            ],
            [
              106.84249914122245,
              -7.096694147117148
            ],
            [
              106.84247513471973,
              -7.096686031634988
            ],
            [
              106.84246247316469,
              -7.096674727156881
            ],
            [
              106.8424491155343,
              -7.096661072750237
            ],
            [
              106.84243451773887,
              -7.096638769563526
            ],
            [
              106.84243216061577,
              -7.096630651383407
            ],
            [
              106.84243149421815,
              -7.096612674835001
            ],
            [
              106.84244619993223,
              -7.096575625464709
            ],
            [
              106.84245838304798,
              -7.096554305236964
            ],
            [
              106.84248046500153,
              -7.096532223283418
            ],
            [
              106.84248609205957,
              -7.096527330072206
            ],
            [
              106.8425077621236,
              -7.096508227572599
            ],
            [
              106.84253713757892,
              -7.096499394431476
            ],
            [
              106.84257367343633,
              -7.096495995893463
            ],
            [
              106.8425972977272,
              -7.096497968106689
            ],
            [
              106.84260832791205,
              -7.096500595925704
            ],
            [
              106.8426211828214,
              -7.096506598900362
            ],
            [
              106.84263009780085,
              -7.0965097510241435
            ],
            [
              106.84264805726207,
              -7.09648738758284
            ],
            [
              106.84267075525122,
              -7.096453538899652
            ],
            [
              106.84268137894253,
              -7.096426748095894
            ],
            [
              106.8427005183143,
              -7.096398602013835
            ],
            [
              106.84271751640034,
              -7.096375915715896
            ],
            [
              106.8427348526314,
              -7.096355024464742
            ],
            [
              106.84276083944127,
              -7.096331500897975
            ],
            [
              106.84278240248597,
              -7.096316882418137
            ],
            [
              106.8427971603607,
              -7.096309773277369
            ],
            [
              106.84280543142557,
              -7.096307427845488
            ],
            [
              106.84280502852931,
              -7.096287581606532
            ],
            [
              106.84280702682287,
              -7.09626818862597
            ],
            [
              106.84281016275884,
              -7.096254303093588
            ],
            [
              106.84282234497527,
              -7.096240596526286
            ],
            [
              106.84283619183685,
              -7.0962365765566915
            ],
            [
              106.84284012996807,
              -7.096235433518416
            ],
            [
              106.84286650888237,
              -7.096235267143811
            ],
            [
              106.84287200733735,
              -7.096236253700113
            ],
            [
              106.84288628947075,
              -7.096238817667256
            ],
            [
              106.84289620359698,
              -7.096240597425606
            ],
            [
              106.84290279382896,
              -7.09624239427103
            ],
            [
              106.84292035758847,
              -7.096247184060246
            ],
            [
              106.84292635696585,
              -7.096248820826361
            ],
            [
              106.84293098307847,
              -7.096250082575182
            ],
            [
              106.84293879009317,
              -7.096252211270496
            ],
            [
              106.84294645861223,
              -7.096254303093588
            ],
            [
              106.84295140848076,
              -7.096254781532878
            ],
            [
              106.84295572162932,
              -7.096255198818312
            ],
            [
              106.8429591885158,
              -7.096255534265424
            ],
            [
              106.84296519508774,
              -7.096256116126824
            ],
            [
              106.842970063118,
              -7.0962565864722364
            ],
            [
              106.84297287260006,
              -7.0962550063633785
            ],
            [
              106.84298155195711,
              -7.096250123944003
            ],
            [
              106.84298415279648,
              -7.096244775675814
            ],
            [
              106.84298605306395,
              -7.096239835699805
            ],
            [
              106.8429842643124,
              -7.096231344301032
            ],
            [
              106.84298300616086,
              -7.096225369205399
            ],
            [
              106.84296919617151,
              -7.096215650232011
            ],
            [
              106.84295386183135,
              -7.096208122906489
            ],
            [
              106.842947697878,
              -7.096206129109532
            ],
            [
              106.84293374309783,
              -7.096201495802347
            ],
            [
              106.84292058781494,
              -7.096196682630762
            ],
            [
              106.842898912355,
              -7.096190211109331
            ],
            [
              106.84288671395075,
              -7.096188516786583
            ],
            [
              106.84286787854984,
              -7.096189810011651
            ],
            [
              106.8428670745559,
              -7.09619001056052
            ],
            [
              106.84284416162882,
              -7.096195739241921
            ],
            [
              106.84283833492128,
              -7.096197195244315
            ],
            [
              106.84282257879903,
              -7.096206927707499
            ],
            [
              106.84281010340362,
              -7.096214796775428
            ],
            [
              106.84280230987878,
              -7.096220154936134
            ],
            [
              106.84279255852982,
              -7.09622685848268
            ],
            [
              106.84276980748069,
              -7.0962466885338245
            ],
            [
              106.84275518090692,
              -7.096259121661092
            ],
            [
              106.842749040336,
              -7.096264284668962
            ],
            [
              106.84274343126441,
              -7.096268996217134
            ],
            [
              106.84272722188382,
              -7.096280516532545
            ],
            [
              106.84272520560381,
              -7.096281702738338
            ],
            [
              106.84271256922972,
              -7.096286446662134
            ],
            [
              106.8427004283821,
              -7.096289119447249
            ],
            [
              106.84269022287555,
              -7.0962884386604514
            ],
            [
              106.84267614848551,
              -7.096284757735361
            ],
            [
              106.84266473069283,
              -7.096277145873557
            ],
            [
              106.84265645872864,
              -7.09627238306399
            ],
            [
              106.84264755633973,
              -7.096267256928343
            ],
            [
              106.84263067426627,
              -7.096261355577042
            ],
            [
              106.84259772400583,
              -7.096259632476006
            ],
            [
              106.84258440774425,
              -7.096260880735031
            ],
            [
              106.84256482500672,
              -7.096264050845207
            ],
            [
              106.84255799105853,
              -7.0962657586578075
            ],
            [
              106.84254199391796,
              -7.096270872202922
            ],
            [
              106.84253038456967,
              -7.0962756206233735
            ],
            [
              106.84250064398958,
              -7.096287288427561
            ],
            [
              106.84249179106337,
              -7.096290660885245
            ],
            [
              106.84248185085681,
              -7.096291227458153
            ],
            [
              106.84247844512419,
              -7.096291421711669
            ],
            [
              106.84246837361661,
              -7.096291995479135
            ],
            [
              106.84244883944245,
              -7.096293107940539
            ],
            [
              106.84244334458475,
              -7.096293420904601
            ],
            [
              106.84243515355956,
              -7.096294149355458
            ],
            [
              106.84242837267135,
              -7.096294751901212
            ],
            [
              106.84241275324604,
              -7.096298834823301
            ],
            [
              106.84240771164662,
              -7.096300762070484
            ],
            [
              106.84239636759833,
              -7.096307228195997
            ],
            [
              106.84239454017597,
              -7.096308889243801
            ],
            [
              106.84238322400665,
              -7.096319170293441
            ],
            [
              106.84237268934817,
              -7.09632758524981
            ],
            [
              106.84235939736834,
              -7.096337298827223
            ],
            [
              106.84235368577401,
              -7.096340726143524
            ],
            [
              106.84234036141862,
              -7.096348720217236
            ],
            [
              106.84233334670665,
              -7.096350538646391
            ],
            [
              106.84231980381594,
              -7.096354049599654
            ],
            [
              106.84230333093404,
              -7.096350053012486
            ],
            [
              106.842300225575,
              -7.096347677902941
            ],
            [
              106.84228820253855,
              -7.09633498397227
            ],
            [
              106.84228097109002,
              -7.096322069707696
            ],
            [
              106.84227884419334,
              -7.096315157518461
            ],
            [
              106.8422758890211,
              -7.0963055518597
            ],
            [
              106.84227051737054,
              -7.096291713092057
            ],
            [
              106.84226426078709,
              -7.0962492345145165
            ],
            [
              106.84227069363766,
              -7.0962340269787205
            ],
            [
              106.84227549242007,
              -7.096218183622227
            ],
            [
              106.84227626134043,
              -7.09620627479967
            ],
            [
              106.84227649696282,
              -7.096202620854228
            ],
            [
              106.84227252375803,
              -7.096187389936063
            ],
            [
              106.84226964412886,
              -7.096176351657277
            ],
            [
              106.84226450540268,
              -7.096160932780776
            ],
            [
              106.84225997012157,
              -7.096151863117939
            ],
            [
              106.84225913914804,
              -7.096150201170815
            ],
            [
              106.84225603558764,
              -7.096140829335752
            ],
            [
              106.84225476484556,
              -7.096129809043418
            ],
            [
              106.84225796643204,
              -7.096118071991384
            ],
            [
              106.84226507557287,
              -7.096107252247862
            ],
            [
              106.84227976869641,
              -7.096091577963932
            ],
            [
              106.84228637691484,
              -7.096088477101489
            ],
            [
              106.84230893101244,
              -7.096077890282345
            ],
            [
              106.84231831543798,
              -7.0960734854029965
            ],
            [
              106.84233460395888,
              -7.096065522805588
            ],
            [
              106.84234888879024,
              -7.09605758359055
            ],
            [
              106.84237114970887,
              -7.096045212516515
            ],
            [
              106.84238550918394,
              -7.096037231932655
            ],
            [
              106.84239957907738,
              -7.096029412327482
            ],
            [
              106.84241299606299,
              -7.0960219551490695
            ],
            [
              106.84241974277694,
              -7.096018206774772
            ],
            [
              106.84242670712689,
              -7.096013069847231
            ],
            [
              106.84243372093954,
              -7.096002660194586
            ],
            [
              106.84244523675835,
              -7.095985572176346
            ],
            [
              106.84245035030347,
              -7.095977983696969
            ],
            [
              106.84245424976388,
              -7.0959636844764304
            ],
            [
              106.84245566889405,
              -7.095958480999059
            ],
            [
              106.8424636045118,
              -7.095929385232921
            ],
            [
              106.84247037101085,
              -7.095906001960373
            ],
            [
              106.84247694415569,
              -7.09588422847429
            ],
            [
              106.84248350920666,
              -7.095867492990351
            ],
            [
              106.84248533123309,
              -7.09586284709269
            ],
            [
              106.84249275063996,
              -7.095845242863618
            ],
            [
              106.84250203793874,
              -7.0958232112721475
            ],
            [
              106.8425062296788,
              -7.0958016212478014
            ],
            [
              106.84250524222318,
              -7.095789815847297
            ],
            [
              106.84250166022349,
              -7.095773343864664
            ],
            [
              106.84249429837325,
              -7.095743159019548
            ],
            [
              106.84249166515826,
              -7.095732442698022
            ],
            [
              106.84248339948937,
              -7.095704703109504
            ],
            [
              106.84247245923666,
              -7.095672000162608
            ],
            [
              106.8424644786528,
              -7.095659619195999
            ],
            [
              106.84245627503714,
              -7.095646892889761
            ],
            [
              106.8424426970729,
              -7.095635034429222
            ],
            [
              106.84243452493342,
              -7.095630853481055
            ],
            [
              106.8424190664868,
              -7.095626579902671
            ],
            [
              106.84240795176561,
              -7.095625447656232
            ],
            [
              106.84239512023868,
              -7.0956270070806795
            ],
            [
              106.84238376719713,
              -7.095628386640669
            ],
            [
              106.84237104808545,
              -7.095629932575264
            ],
            [
              106.8423615233657,
              -7.095630189781389
            ],
            [
              106.84234543989021,
              -7.095630622355316
            ],
            [
              106.84233946479452,
              -7.095630783333945
            ],
            [
              106.84232920263065,
              -7.095631060325104
            ],
            [
              106.8423224154472,
              -7.095631242887521
            ],
            [
              106.84231053450361,
              -7.09563156304614
            ],
            [
              106.84229603563358,
              -7.095630464973908
            ],
            [
              106.84228447125139,
              -7.095628714893223
            ],
            [
              106.8422769565164,
              -7.095627578150186
            ],
            [
              106.8422582497185,
              -7.095621497833804
            ],
            [
              106.84225371533677,
              -7.095619544506349
            ],
            [
              106.8422451546902,
              -7.095615857285964
            ],
            [
              106.84224174985695,
              -7.095614390491676
            ],
            [
              106.84222762330626,
              -7.095599117305369
            ],
            [
              106.84222565738821,
              -7.095593302289046
            ],
            [
              106.84222106814786,
              -7.0955797297207255
            ],
            [
              106.84221612817186,
              -7.095569545797844
            ],
            [
              106.8422095433358,
              -7.095559900568901
            ],
            [
              106.84220541185033,
              -7.095553849030864
            ],
            [
              106.84220127137166,
              -7.0955516429938825
            ],
            [
              106.84219649687088,
              -7.09554909881183
            ],
            [
              106.84219444012138,
              -7.095560563369247
            ],
            [
              106.8421941424458,
              -7.095562219021133
            ],
            [
              106.84219222599052,
              -7.095572904765675
            ],
            [
              106.84219077898132,
              -7.095576665730505
            ],
            [
              106.84218728601451,
              -7.095585748883138
            ],
            [
              106.84218461233007,
              -7.095592701541875
            ],
            [
              106.84217853291301,
              -7.095599185653839
            ],
            [
              106.84217604718691,
              -7.095601837754543
            ],
            [
              106.84217319094006,
              -7.095604884657632
            ],
            [
              106.8421629989233,
              -7.095611814833319
            ],
            [
              106.84215033377097,
              -7.095622323411476
            ],
            [
              106.84214901266688,
              -7.095623877439948
            ],
            [
              106.8421422128929,
              -7.095631878708161
            ],
            [
              106.84214019841147,
              -7.095634829383812
            ],
            [
              106.84213394632462,
              -7.095645372136175
            ],
            [
              106.84213119349982,
              -7.095649258106732
            ],
            [
              106.84212464553605,
              -7.095658503137372
            ],
            [
              106.84212273177872,
              -7.095661205600095
            ],
            [
              106.8421209088529,
              -7.095667896556108
            ],
            [
              106.84211936741491,
              -7.095675092031797
            ],
            [
              106.84211760654239,
              -7.09568331183533
            ],
            [
              106.84211564152372,
              -7.095692743924928
            ],
            [
              106.84211379971214,
              -7.095701586059306
            ],
            [
              106.84211140391824,
              -7.095706035005492
            ],
            [
              106.84210846853108,
              -7.095711483997718
            ],
            [
              106.84210281809067,
              -7.0957157225025185
            ],
            [
              106.84209588341832,
              -7.095719815317182
            ],
            [
              106.84208867175488,
              -7.095722905387731
            ],
            [
              106.84206349073759,
              -7.0957271025237105
            ],
            [
              106.84206126041892,
              -7.095727474843045
            ],
            [
              106.84205891768494,
              -7.095727474843045
            ],
            [
              106.84205426189476,
              -7.095727474843045
            ],
            [
              106.84204742794651,
              -7.095727474843045
            ],
            [
              106.84203992849996,
              -7.09572721943556
            ],
            [
              106.84203936102773,
              -7.095727181664074
            ],
            [
              106.84203232653073,
              -7.095726712217925
            ],
            [
              106.84202395114448,
              -7.095731281673238
            ],
            [
              106.84201760462884,
              -7.095736721672324
            ],
            [
              106.84201455592705,
              -7.095739334202847
            ],
            [
              106.84201328878231,
              -7.095740459254728
            ],
            [
              106.84201317546774,
              -7.095743302011726
            ],
            [
              106.8420129938047,
              -7.0957478507826295
            ],
            [
              106.84201283372533,
              -7.0957518302827225
            ],
            [
              106.8420126727467,
              -7.095755855648179
            ],
            [
              106.84201159805684,
              -7.095763446825572
            ],
            [
              106.84201037767684,
              -7.09576868537647
            ],
            [
              106.84200905927071,
              -7.095774338514843
            ],
            [
              106.84200468766625,
              -7.0957807722647885
            ],
            [
              106.84200325234826,
              -7.09578214732818
            ],
            [
              106.84199920539908,
              -7.095786024305539
            ],
            [
              106.84199340297323,
              -7.095791583015114
            ],
            [
              106.8419922401498,
              -7.095792696375781
            ],
            [
              106.84198611756534,
              -7.095798562653499
            ],
            [
              106.841978493113,
              -7.09580586604784
            ],
            [
              106.84197082998986,
              -7.0958070450590185
            ],
            [
              106.84196312819586,
              -7.095808229466172
            ],
            [
              106.84195701190663,
              -7.095808187198031
            ],
            [
              106.84195204944757,
              -7.095805598049878
            ],
            [
              106.84194014422235,
              -7.0957981066972025
            ],
            [
              106.84193796606434,
              -7.09579353184597
            ],
            [
              106.84193468174021,
              -7.095786634945227
            ],
            [
              106.8419333417504,
              -7.095783820067197
            ],
            [
              106.84193173646054,
              -7.095778204700366
            ],
            [
              106.84193029484732,
              -7.095773159503665
            ],
            [
              106.84192413269261,
              -7.095767339091367
            ],
            [
              106.84191659007865,
              -7.095760215561427
            ],
            [
              106.84191091805451,
              -7.0957572019332815
            ],
            [
              106.8419026047215,
              -7.0957527862620395
            ],
            [
              106.84189742732445,
              -7.0957500361352
            ],
            [
              106.84188872008843,
              -7.0957456294572125
            ],
            [
              106.84187206014752,
              -7.095737819744556
            ],
            [
              106.84186394016876,
              -7.095734030900758
            ],
            [
              106.84186325398605,
              -7.095733712540778
            ],
            [
              106.84185382819169,
              -7.0957293364396605
            ],
            [
              106.8418465382872,
              -7.0957259513915005
            ],
            [
              106.84184329443258,
              -7.095724899184688
            ],
            [
              106.84184055239962,
              -7.095724009755202
            ],
            [
              106.84183445589548,
              -7.09572203304532
            ],
            [
              106.84183087839239,
              -7.095720872919912
            ],
            [
              106.8418261506564,
              -7.095719339575794
            ],
            [
              106.84182112434547,
              -7.0957177091049175
            ],
            [
              106.84181587320404,
              -7.095716003091013
            ],
            [
              106.84181001412094,
              -7.095714094729658
            ],
            [
              106.8418046865371,
              -7.095712360836728
            ],
            [
              106.841795479278,
              -7.0957093624970184
            ],
            [
              106.84178544104532,
              -7.095706060186501
            ],
            [
              106.84178342926191,
              -7.095705023268181
            ],
            [
              106.84177423639198,
              -7.095700287438262
            ],
            [
              106.8417668547566,
              -7.095696485104668
            ],
            [
              106.841757662786,
              -7.095691736684273
            ],
            [
              106.84175343057643,
              -7.09568953514389
            ],
            [
              106.84175131447165,
              -7.0956884352730185
            ],
            [
              106.84174919836687,
              -7.095687334502827
            ],
            [
              106.84174708226209,
              -7.095686234631955
            ],
            [
              106.84174435551768,
              -7.0956848164011035
            ],
            [
              106.84174314862747,
              -7.0956841886743405
            ],
            [
              106.8417302883222,
              -7.095683703939756
            ],
            [
              106.84172492656415,
              -7.095683891898034
            ],
            [
              106.84171961786615,
              -7.0956840780577295
            ],
            [
              106.84171434963758,
              -7.095684263318049
            ],
            [
              106.84171170832872,
              -7.095684355948208
            ],
            [
              106.84170679263445,
              -7.095684528618051
            ],
            [
              106.84170603450593,
              -7.09568455469838
            ],
            [
              106.84170453083948,
              -7.095684607758415
            ],
            [
              106.84170109183196,
              -7.095684728267543
            ],
            [
              106.84169805931805,
              -7.095684834387555
            ],
            [
              106.84168955442948,
              -7.095691517249691
            ],
            [
              106.84168739965384,
              -7.095693210673062
            ],
            [
              106.84168565676771,
              -7.095699528410478
            ],
            [
              106.84168328435612,
              -7.095708129526486
            ],
            [
              106.84168223035073,
              -7.095711949846589
            ],
            [
              106.84168125278762,
              -7.095716871836146
            ],
            [
              106.84168070240253,
              -7.0957325650058465
            ],
            [
              106.84168032468727,
              -7.095743341581908
            ],
            [
              106.8416800962595,
              -7.095749840982307
            ],
            [
              106.84167987052967,
              -7.095756286423409
            ],
            [
              106.84168050994765,
              -7.095764196860159
            ],
            [
              106.84168085978393,
              -7.095766858853381
            ],
            [
              106.84168141286699,
              -7.095771062284655
            ],
            [
              106.84168417378567,
              -7.09579344101445
            ],
            [
              106.8416852565694,
              -7.095804266153891
            ],
            [
              106.8416860515701,
              -7.095812216160823
            ],
            [
              106.84168699405961,
              -7.095821522345318
            ],
            [
              106.84168817217147,
              -7.0958329077624285
            ],
            [
              106.84168892310538,
              -7.095840165291349
            ],
            [
              106.84168911016434,
              -7.095844848960553
            ],
            [
              106.8416894294237,
              -7.095852831343052
            ],
            [
              106.8416896839318,
              -7.095859201241126
            ],
            [
              106.841688609242,
              -7.095863343518431
            ],
            [
              106.84168711906534,
              -7.095869094682939
            ],
            [
              106.8416857305121,
              -7.095874450145686
            ],
            [
              106.84168435365007,
              -7.09587975974307
            ],
            [
              106.84167293226005,
              -7.09588661257709
            ],
            [
              106.84166823150372,
              -7.09588661257709
            ],
            [
              106.84165855030193,
              -7.09588661257709
            ],
            [
              106.84165684159001,
              -7.09588661257709
            ],
            [
              106.84165513377746,
              -7.09588661257709
            ],
            [
              106.84164856692786,
              -7.09588661257709
            ],
            [
              106.84164416204851,
              -7.095884241064823
            ],
            [
              106.84163306801173,
              -7.095876191233174
            ],
            [
              106.84162530236586,
              -7.095869130655785
            ],
            [
              106.8416219173177,
              -7.095866054075088
            ],
            [
              106.84161737933863,
              -7.095854142554572
            ],
            [
              106.84161341872436,
              -7.095843745492402
            ],
            [
              106.84160801020158,
              -7.09582446942369
            ],
            [
              106.84160305223912,
              -7.09579896914704
            ],
            [
              106.84160060608315,
              -7.095789186321838
            ],
            [
              106.84159866354753,
              -7.095781414380724
            ],
            [
              106.84158663511516,
              -7.095730761865127
            ],
            [
              106.8415792768622,
              -7.0957046311637555
            ],
            [
              106.84157166320176,
              -7.095678743279336
            ],
            [
              106.84157018651496,
              -7.095675676591156
            ],
            [
              106.84156488591083,
              -7.095664667989979
            ],
            [
              106.84155407156322,
              -7.095647928009441
            ],
            [
              106.84154450367595,
              -7.095637592101127
            ],
            [
              106.8415379008535,
              -7.0956332861471765
            ],
            [
              106.84152555765843,
              -7.095625261496593
            ],
            [
              106.84151383319693,
              -7.095617674815799
            ],
            [
              106.84149282593324,
              -7.095604497049862
            ],
            [
              106.84147415241029,
              -7.095621088642304
            ],
            [
              106.84145579275071,
              -7.095635631579114
            ],
            [
              106.8414332521429,
              -7.095652547826774
            ],
            [
              106.84141617131934,
              -7.095665366763228
            ],
            [
              106.8414038479093,
              -7.095676481484361
            ],
            [
              106.84140136398184,
              -7.09567911829663
            ],
            [
              106.84139476475667,
              -7.095686122216705
            ],
            [
              106.84138867634641,
              -7.095692583845619
            ],
            [
              106.8414110640694,
              -7.095702681433579
            ],
            [
              106.84143321077414,
              -7.0957130497174035
            ],
            [
              106.84145337087642,
              -7.095724742702657
            ],
            [
              106.8414676763922,
              -7.0957330398478575
            ],
            [
              106.84147426212758,
              -7.095740112116459
            ],
            [
              106.84148028218931,
              -7.095746909192485
            ],
            [
              106.84148677709317,
              -7.095754241365114
            ],
            [
              106.84149200755019,
              -7.095760214662107
            ],
            [
              106.84149813642989,
              -7.095773417609109
            ],
            [
              106.84150412411611,
              -7.095795098464976
            ],
            [
              106.84150184073741,
              -7.095814134414752
            ],
            [
              106.84149835316651,
              -7.095824595328793
            ],
            [
              106.84149498700413,
              -7.095834692916696
            ],
            [
              106.84148584989214,
              -7.095849921136903
            ],
            [
              106.84147442850212,
              -7.09586591108291
            ],
            [
              106.84146710442337,
              -7.095871570516522
            ],
            [
              106.84145767683037,
              -7.095878855924411
            ],
            [
              106.84144802350755,
              -7.09588368258585
            ],
            [
              106.84143209561478,
              -7.095890916732401
            ],
            [
              106.84142723567845,
              -7.095892050777479
            ],
            [
              106.84141775682406,
              -7.095894262210379
            ],
            [
              106.84140663310967,
              -7.095896225430408
            ],
            [
              106.8413996948401,
              -7.095897025827014
            ],
            [
              106.84138851266977,
              -7.095897364871462
            ],
            [
              106.84137380245909,
              -7.095895263155796
            ],
            [
              106.84135998887245,
              -7.095890173892371
            ],
            [
              106.84135283746355,
              -7.095885142185523
            ],
            [
              106.84133690687281,
              -7.095864536019462
            ],
            [
              106.84133529348907,
              -7.095861525089276
            ],
            [
              106.84133352272397,
              -7.095841835332408
            ],
            [
              106.84133361265617,
              -7.095830002052878
            ],
            [
              106.84133441575074,
              -7.095818595951414
            ],
            [
              106.84133828283552,
              -7.095807379606811
            ],
            [
              106.84134041692676,
              -7.095801190472514
            ],
            [
              106.84134955403874,
              -7.095779108518968
            ],
            [
              106.84135488432054,
              -7.0957654028509864
            ],
            [
              106.84135519818392,
              -7.095758498755686
            ],
            [
              106.84135564604628,
              -7.095748652078612
            ],
            [
              106.8413555570134,
              -7.095725988263723
            ],
            [
              106.84135543920223,
              -7.095710020800766
            ],
            [
              106.84132867717676,
              -7.095720899899561
            ],
            [
              106.84131031481922,
              -7.095727906517652
            ],
            [
              106.84125992490567,
              -7.095752428331878
            ],
            [
              106.84119148649796,
              -7.095789417447634
            ],
            [
              106.84116643048645,
              -7.095802076304722
            ],
            [
              106.841143943838,
              -7.095813435641503
            ],
            [
              106.84112026468853,
              -7.095824244593189
            ],
            [
              106.84108751048029,
              -7.0958373099438745
            ],
            [
              106.84107180112278,
              -7.095841967532749
            ],
            [
              106.84105532554292,
              -7.095848959761611
            ],
            [
              106.84104680446649,
              -7.095852576834886
            ],
            [
              106.84102603732185,
              -7.0958613910902955
            ],
            [
              106.84101515822306,
              -7.095863431651992
            ],
            [
              106.84099316889967,
              -7.095867738505262
            ],
            [
              106.84095465363441,
              -7.095875667827784
            ],
            [
              106.84092895550697,
              -7.095881855163441
            ],
            [
              106.84090972890095,
              -7.0958876602872465
            ],
            [
              106.84088226900155,
              -7.095906747498361
            ],
            [
              106.84084866583333,
              -7.095927970599291
            ],
            [
              106.84081484862645,
              -7.095947195406723
            ],
            [
              106.84078238040257,
              -7.095964754669637
            ],
            [
              106.84075923545043,
              -7.095976632015891
            ],
            [
              106.84075085736623,
              -7.095980643891551
            ],
            [
              106.84074639223229,
              -7.095982781580062
            ],
            [
              106.84072180926415,
              -7.095994553705623
            ],
            [
              106.8407089498582,
              -7.096000190656241
            ],
            [
              106.84068187127139,
              -7.096015579855077
            ],
            [
              106.84066017152975,
              -7.096040136742886
            ],
            [
              106.84065514252086,
              -7.096042930037129
            ],
            [
              106.84064709178989,
              -7.096047403265004
            ],
            [
              106.84063098942869,
              -7.096056348821378
            ],
            [
              106.84059865430453,
              -7.096070469976155
            ],
            [
              106.84059310908475,
              -7.096072506041253
            ],
            [
              106.84058289278636,
              -7.096076257113509
            ],
            [
              106.84055441035781,
              -7.0960867162289105
            ],
            [
              106.84052654126691,
              -7.096100085550461
            ],
            [
              106.84050628403782,
              -7.096110795576692
            ],
            [
              106.84049627368415,
              -7.096116088086944
            ],
            [
              106.84047435001128,
              -7.096124884355902
            ],
            [
              106.84046713834783,
              -7.096127778374239
            ],
            [
              106.84045072392183,
              -7.09613436321024
            ],
            [
              106.84044603935331,
              -7.096140146750315
            ],
            [
              106.8404418593044,
              -7.096145307060226
            ],
            [
              106.84042963212187,
              -7.09616432862083
            ],
            [
              106.84042816712628,
              -7.096167846768651
            ],
            [
              106.8404178887746,
              -7.096192541252719
            ],
            [
              106.8404143022783,
              -7.096201157657276
            ],
            [
              106.84041104853111,
              -7.096216845431002
            ],
            [
              106.84041082459993,
              -7.096219388713791
            ],
            [
              106.84040877324634,
              -7.096256955194292
            ],
            [
              106.84041207375827,
              -7.096287627472009
            ],
            [
              106.84041469168471,
              -7.0963119667238175
            ],
            [
              106.84041703711665,
              -7.096333772585467
            ],
            [
              106.84042006513397,
              -7.096361912372288
            ],
            [
              106.84042186108007,
              -7.096379610130839
            ],
            [
              106.8404239097357,
              -7.096400289141968
            ],
            [
              106.84042541789876,
              -7.096415515563535
            ],
            [
              106.84042669943267,
              -7.0964284559084945
            ],
            [
              106.84042774714288,
              -7.096439029237786
            ],
            [
              106.8404279683761,
              -7.0964412703482935
            ],
            [
              106.84042825705848,
              -7.096444184151721
            ],
            [
              106.84042856732458,
              -7.096447311094494
            ],
            [
              106.84040137362456,
              -7.096451686296234
            ],
            [
              106.84039383730578,
              -7.096455248510836
            ],
            [
              106.84034896383366,
              -7.09647325563617
            ],
            [
              106.84031721866478,
              -7.09648024067053
            ],
            [
              106.84030568665816,
              -7.09648024067053
            ],
            [
              106.84029787154958,
              -7.096480867497974
            ],
            [
              106.84028875152472,
              -7.096484312800726
            ],
            [
              106.84027669251543,
              -7.096488866967604
            ],
            [
              106.84025168866458,
              -7.096461023957033
            ],
            [
              106.84023749466473,
              -7.096423996170415
            ],
            [
              106.84023797400334,
              -7.096376785360292
            ],
            [
              106.84024351562579,
              -7.096348186019895
            ],
            [
              106.84025137659984,
              -7.096301650600651
            ],
            [
              106.84024734134181,
              -7.0962724532111
            ],
            [
              106.84024036620002,
              -7.096221985955822
            ],
            [
              106.84023599099822,
              -7.096190331618459
            ],
            [
              106.84023156453515,
              -7.0961663269143855
            ],
            [
              106.84023053481138,
              -7.096160743923122
            ],
            [
              106.84022492124319,
              -7.096130307267799
            ],
            [
              106.84021962603498,
              -7.096098348959572
            ],
            [
              106.84021886251054,
              -7.096093738135437
            ],
            [
              106.84021866376037,
              -7.096092536641208
            ],
            [
              106.84021700361188,
              -7.096061828390646
            ],
            [
              106.84021523464543,
              -7.096029084074928
            ],
            [
              106.84022175652888,
              -7.095999999100627
            ],
            [
              106.84022631968895,
              -7.0959796528386505
            ],
            [
              106.84022911837917,
              -7.095967172946644
            ],
            [
              106.8402391629071,
              -7.095935786607242
            ],
            [
              106.84026199399591,
              -7.095917708435422
            ],
            [
              106.84032190233398,
              -7.09590292088302
            ],
            [
              106.84032527838895,
              -7.095902550362382
            ],
            [
              106.84035228772797,
              -7.095899588894838
            ],
            [
              106.84036157232879,
              -7.095898571761609
            ],
            [
              106.84036419744979,
              -7.095898283978556
            ],
            [
              106.84037120316856,
              -7.095895422335843
            ],
            [
              106.84037869452118,
              -7.09588814861911
            ],
            [
              106.84038290874429,
              -7.095884056703824
            ],
            [
              106.84038982992678,
              -7.095877336969465
            ],
            [
              106.84040771834157,
              -7.095866787022544
            ],
            [
              106.84041653079834,
              -7.095863144768259
            ],
            [
              106.84044442866752,
              -7.0958540652129045
            ],
            [
              106.8404518822486,
              -7.095851638842021
            ],
            [
              106.84047627545982,
              -7.095843700526302
            ],
            [
              106.8404968915184,
              -7.095836990684518
            ],
            [
              106.84050608888498,
              -7.095834597588578
            ],
            [
              106.8405207316465,
              -7.095830788959688
            ],
            [
              106.84055478447578,
              -7.095821929738236
            ],
            [
              106.84056322371384,
              -7.095820738136524
            ],
            [
              106.84058385236295,
              -7.095817714615805
            ],
            [
              106.84059403628578,
              -7.09581603288359
            ],
            [
              106.84060183071,
              -7.095818524005608
            ],
            [
              106.84060799915989,
              -7.095820495319572
            ],
            [
              106.84061177990975,
              -7.095821704008358
            ],
            [
              106.84062695327134,
              -7.095830663953905
            ],
            [
              106.84063914358165,
              -7.09583786212761
            ],
            [
              106.84065992331688,
              -7.095837520385203
            ],
            [
              106.84067267480418,
              -7.09583610485231
            ],
            [
              106.84068167611849,
              -7.0958344842740075
            ],
            [
              106.84068390643722,
              -7.095834082277008
            ],
            [
              106.84068607560198,
              -7.0958334275705965
            ],
            [
              106.84069652212685,
              -7.095830274547495
            ],
            [
              106.84070607922223,
              -7.095827388623036
            ],
            [
              106.84071876685766,
              -7.095823558410473
            ],
            [
              106.84073027188458,
              -7.095819031223243
            ],
            [
              106.84073884242372,
              -7.095814789121164
            ],
            [
              106.84074469521158,
              -7.095811891505548
            ],
            [
              106.8407406014976,
              -7.09579989275079
            ],
            [
              106.84073888738982,
              -7.095794868238556
            ],
            [
              106.84075049943607,
              -7.095790906724915
            ],
            [
              106.84076315829316,
              -7.095786588180431
            ],
            [
              106.84076563322748,
              -7.095793843011393
            ],
            [
              106.84076787703594,
              -7.095800418854196
            ],
            [
              106.84080081650455,
              -7.095784114145488
            ],
            [
              106.84086259003658,
              -7.0957619755346855
            ],
            [
              106.8408881523664,
              -7.095752633377288
            ],
            [
              106.84091584519018,
              -7.095742832565634
            ],
            [
              106.84092609116624,
              -7.095739340498142
            ],
            [
              106.84096164676265,
              -7.095723081654853
            ],
            [
              106.84102210368718,
              -7.095685292142491
            ],
            [
              106.84104410560104,
              -7.0956689784405285
            ],
            [
              106.8410839176887,
              -7.09563318452382
            ],
            [
              106.84111846964174,
              -7.0955930549754385
            ],
            [
              106.84115047291607,
              -7.095559008441455
            ],
            [
              106.84117204315532,
              -7.095539123531694
            ],
            [
              106.84120649438427,
              -7.095509949524512
            ],
            [
              106.84123030123749,
              -7.095492145645949
            ],
            [
              106.8412502086303,
              -7.095477259168149
            ],
            [
              106.84128010029644,
              -7.09545869985908
            ],
            [
              106.84129826390381,
              -7.095450495344039
            ],
            [
              106.84132636232181,
              -7.095433106952271
            ],
            [
              106.84134066244167,
              -7.095420463383618
            ],
            [
              106.84135524404934,
              -7.0954055283424395
            ],
            [
              106.84137665780656,
              -7.095388705624202
            ],
            [
              106.84139590149971,
              -7.095373743603318
            ],
            [
              106.84142450713534,
              -7.095359311283119
            ],
            [
              106.84145963375516,
              -7.0953443312758395
            ],
            [
              106.84146881223597,
              -7.095340724994401
            ],
            [
              106.84149993327537,
              -7.0953322551794145
            ],
            [
              106.84155339167575,
              -7.095317706846629
            ],
            [
              106.84157375142757,
              -7.095312616683884
            ],
            [
              106.84158656406873,
              -7.095312565422489
            ],
            [
              106.84161797738778,
              -7.0953143982408164
            ],
            [
              106.84163250143882,
              -7.095317329131376
            ],
            [
              106.84164383019868,
              -7.095319616107361
            ],
            [
              106.84166128963687,
              -7.095323153140953
            ],
            [
              106.84167384147469,
              -7.095325713510817
            ],
            [
              106.8416829552043,
              -7.095327572409474
            ],
            [
              106.84171055180059,
              -7.095328818869859
            ],
            [
              106.84171510506809,
              -7.095327146130842
            ],
            [
              106.84170834936089,
              -7.0953037457712185
            ],
            [
              106.84170777829138,
              -7.095280902991249
            ],
            [
              106.84171025232632,
              -7.095260285134032
            ],
            [
              106.84170738258968,
              -7.095227294404083
            ],
            [
              106.84169854495195,
              -7.095203616153924
            ],
            [
              106.84168989347387,
              -7.095194037474812
            ],
            [
              106.84168029590899,
              -7.095188774642168
            ],
            [
              106.8416748667018,
              -7.095186565007907
            ],
            [
              106.8416158181156,
              -7.095171325995864
            ],
            [
              106.84158625020535,
              -7.095164057675049
            ],
            [
              106.84155960599111,
              -7.09516069241198
            ],
            [
              106.8415347433338,
              -7.095157551979412
            ],
            [
              106.84150843996258,
              -7.095158966612985
            ],
            [
              106.84149458950378,
              -7.095159710352277
            ],
            [
              106.84148163387039,
              -7.095160407326887
            ],
            [
              106.84146200436805,
              -7.095159199537363
            ],
            [
              106.84145434574151,
              -7.095158728292631
            ],
            [
              106.84144451525225,
              -7.095158123048918
            ],
            [
              106.84143733776301,
              -7.095154258662035
            ],
            [
              106.84142966654593,
              -7.095150128075886
            ],
            [
              106.8414215474665,
              -7.095148727831486
            ],
            [
              106.8414131064298,
              -7.095147272728411
            ],
            [
              106.84140044307605,
              -7.0951491253318295
            ],
            [
              106.84138140173036,
              -7.0951582984166635
            ],
            [
              106.84137598601302,
              -7.095163262674362
            ],
            [
              106.84136285141454,
              -7.09518267903735
            ],
            [
              106.84135722165854,
              -7.095188135224191
            ],
            [
              106.84134292963256,
              -7.095201988381007
            ],
            [
              106.84133056035711,
              -7.095213977243191
            ],
            [
              106.8413107249101,
              -7.095227150512528
            ],
            [
              106.84130367512455,
              -7.095231141703778
            ],
            [
              106.84127472145127,
              -7.095235425174678
            ],
            [
              106.84126291425213,
              -7.095235217431309
            ],
            [
              106.84125685731817,
              -7.0952331355007345
            ],
            [
              106.84122636580418,
              -7.095222653902283
            ],
            [
              106.8412069719243,
              -7.095209988749957
            ],
            [
              106.84119256658374,
              -7.095196167968709
            ],
            [
              106.84117659372487,
              -7.095166155793436
            ],
            [
              106.84116432967016,
              -7.09512869723153
            ],
            [
              106.84115840853377,
              -7.095101586269152
            ],
            [
              106.84114984249129,
              -7.095058756056687
            ],
            [
              106.84114506799057,
              -7.0950321577078626
            ],
            [
              106.84114104712171,
              -7.094995211759567
            ],
            [
              106.84113994095554,
              -7.094943900940223
            ],
            [
              106.84114052641422,
              -7.094919019397196
            ],
            [
              106.84113408187244,
              -7.0948918670659396
            ],
            [
              106.84111617277324,
              -7.094864866720172
            ],
            [
              106.84110102009606,
              -7.094851397573905
            ],
            [
              106.84108399233241,
              -7.094841132712077
            ],
            [
              106.84105081814079,
              -7.094833776257701
            ],
            [
              106.8410342355416,
              -7.09482721390475
            ],
            [
              106.84102363613198,
              -7.094820430318578
            ],
            [
              106.84101244586776,
              -7.094798796227394
            ],
            [
              106.8410098702094,
              -7.094773151159927
            ],
            [
              106.84100682420564,
              -7.094740403246988
            ],
            [
              106.84100522880834,
              -7.094723254074893
            ],
            [
              106.8410051056012,
              -7.09472193117216
            ],
            [
              106.84100307673066,
              -7.09470012441119
            ],
            [
              106.84100366218934,
              -7.094683152405537
            ],
            [
              106.84100234198456,
              -7.094670560098223
            ],
            [
              106.84100109372554,
              -7.0946643179038915
            ],
            [
              106.84099561325701,
              -7.094651771462054
            ],
            [
              106.84098941962606,
              -7.094645965438929
            ],
            [
              106.84096989624379,
              -7.094635443370976
            ],
            [
              106.84096545089488,
              -7.0946332885953325
            ],
            [
              106.84094770906955,
              -7.094618724074792
            ],
            [
              106.84093995421557,
              -7.094607778426166
            ],
            [
              106.84093172272088,
              -7.094601085671513
            ],
            [
              106.84093899733693,
              -7.094638151229674
            ],
            [
              106.84093904679963,
              -7.094638488475425
            ],
            [
              106.84094766860011,
              -7.094717458843604
            ],
            [
              106.84094769468044,
              -7.094717973255797
            ],
            [
              106.8409461064777,
              -7.094864798371702
            ],
            [
              106.84094826934722,
              -7.094926069182691
            ],
            [
              106.84095196646012,
              -7.095022189622284
            ],
            [
              106.84095197005746,
              -7.095022387473136
            ],
            [
              106.84095077845575,
              -7.095132906958042
            ],
            [
              106.84094847798991,
              -7.095173677722983
            ],
            [
              106.8409394991586,
              -7.095172152472799
            ]
          ]
        ]
      }
    },
    {
      "type": "Feature",
      "properties": {
        "id": "EKSISTING_02",
        "nama": "Blok Eksisting 2",
        "kategori": "Eksisting",
        "warna": "#2563eb",
        "luas_ha": 9.095,
        "luas_m2": 90947.1
      },
      "geometry": {
        "type": "Polygon",
        "coordinates": [
          [
            [
              106.83802326486182,
              -7.1005929770842044
            ],
            [
              106.83802637471746,
              -7.100598984555461
            ],
            [
              106.8380310107226,
              -7.100603864276877
            ],
            [
              106.83803586526301,
              -7.100608974224713
            ],
            [
              106.83803972515324,
              -7.1006160339027815
            ],
            [
              106.83804183316414,
              -7.10062530501375
            ],
            [
              106.8380416452058,
              -7.1006367983495124
            ],
            [
              106.83804052465058,
              -7.100645769986272
            ],
            [
              106.83803869722817,
              -7.1006533188955245
            ],
            [
              106.83807037674654,
              -7.1006560735189055
            ],
            [
              106.8380708039245,
              -7.100656131075539
            ],
            [
              106.83810830655318,
              -7.100663312162055
            ],
            [
              106.83817471519103,
              -7.100671316128285
            ],
            [
              106.83817539417913,
              -7.100671469013037
            ],
            [
              106.83819871180117,
              -7.100678708555506
            ],
            [
              106.83819902206727,
              -7.1006788245680355
            ],
            [
              106.83824367520549,
              -7.100697600613728
            ],
            [
              106.8382359743108,
              -7.100603588184981
            ],
            [
              106.83822385954352,
              -7.100461068123764
            ],
            [
              106.83821174657493,
              -7.100348751793433
            ],
            [
              106.83819792399504,
              -7.100239298005135
            ],
            [
              106.83818557540405,
              -7.100159497562743
            ],
            [
              106.83817544274257,
              -7.10008556519665
            ],
            [
              106.83816671931868,
              -7.100011470053232
            ],
            [
              106.83814530556145,
              -7.099778081593172
            ],
            [
              106.83812957731823,
              -7.099589351667191
            ],
            [
              106.83811357927834,
              -7.099445121095414
            ],
            [
              106.83811354060748,
              -7.099444674132371
            ],
            [
              106.8381088920118,
              -7.099368283919148
            ],
            [
              106.83810333959752,
              -7.099277049496209
            ],
            [
              106.83810332251039,
              -7.099276500010433
            ],
            [
              106.83810333689956,
              -7.099275990094839
            ],
            [
              106.8381036489643,
              -7.0992704790493235
            ],
            [
              106.83810345740869,
              -7.099270486243881
            ],
            [
              106.8381039070697,
              -7.099265918587207
            ],
            [
              106.83810996490303,
              -7.099158785049838
            ],
            [
              106.83811008811011,
              -7.099157724749148
            ],
            [
              106.83811049640235,
              -7.099156202196923
            ],
            [
              106.83811068166267,
              -7.099155736348109
            ],
            [
              106.83813087324125,
              -7.099108621765424
            ],
            [
              106.83814796036012,
              -7.099011154141408
            ],
            [
              106.838165765138,
              -7.098901568152826
            ],
            [
              106.83818364455959,
              -7.098768674434723
            ],
            [
              106.83819546165131,
              -7.09864537828156
            ],
            [
              106.83820206897036,
              -7.098469577908645
            ],
            [
              106.83820209774865,
              -7.098469125549684
            ],
            [
              106.83820730572262,
              -7.098409884508499
            ],
            [
              106.83820736148061,
              -7.0984094006732334
            ],
            [
              106.8382221841066,
              -7.098305403971153
            ],
            [
              106.83822789929815,
              -7.098228118033148
            ],
            [
              106.83821527461527,
              -7.098179862210827
            ],
            [
              106.8382152017702,
              -7.098179564535201
            ],
            [
              106.8382023270758,
              -7.098122533128333
            ],
            [
              106.83819594278862,
              -7.098094250349334
            ],
            [
              106.83819585915165,
              -7.09809383126526
            ],
            [
              106.83819574943436,
              -7.0980929769092995
            ],
            [
              106.83818959717223,
              -7.098015541683878
            ],
            [
              106.83817246508727,
              -7.097964900859438
            ],
            [
              106.83817226993438,
              -7.09796424435433
            ],
            [
              106.8381559220582,
              -7.097900338529769
            ],
            [
              106.83815245697036,
              -7.097886792941097
            ],
            [
              106.83812680650698,
              -7.09779038741641
            ],
            [
              106.83810822831214,
              -7.0977194210144035
            ],
            [
              106.83810814017858,
              -7.097719054990364
            ],
            [
              106.8380951063042,
              -7.097659177229218
            ],
            [
              106.83809503705635,
              -7.097658825594294
            ],
            [
              106.83809497860045,
              -7.097658445181025
            ],
            [
              106.83808985066611,
              -7.09761987056055
            ],
            [
              106.83808943967597,
              -7.097615342474057
            ],
            [
              106.83808953410477,
              -7.097614265086236
            ],
            [
              106.838089942397,
              -7.097612742534011
            ],
            [
              106.83809029583057,
              -7.0976119052651825
            ],
            [
              106.83810837040505,
              -7.097574488971418
            ],
            [
              106.83810868336911,
              -7.0975738981168774
            ],
            [
              106.83810948016844,
              -7.097572737991413
            ],
            [
              106.83813246234331,
              -7.097544314018819
            ],
            [
              106.83813306129178,
              -7.0975436557150715
            ],
            [
              106.83817712357546,
              -7.097499791282303
            ],
            [
              106.83817770273885,
              -7.097499262480937
            ],
            [
              106.83819969835747,
              -7.0974809109152375
            ],
            [
              106.83820097449546,
              -7.0974800196871115
            ],
            [
              106.83820169755035,
              -7.097479645569138
            ],
            [
              106.83825157934695,
              -7.097456574361388
            ],
            [
              106.83826944527874,
              -7.097448391430078
            ],
            [
              106.83829713270654,
              -7.097419662587299
            ],
            [
              106.83832223098625,
              -7.097382055637297
            ],
            [
              106.83834645242689,
              -7.097340940431991
            ],
            [
              106.83839048863018,
              -7.097210394843785
            ],
            [
              106.8383908015943,
              -7.097209616930229
            ],
            [
              106.83844219605055,
              -7.09709759287955
            ],
            [
              106.83851276765017,
              -7.096943765642209
            ],
            [
              106.83851315705664,
              -7.0969430120103425
            ],
            [
              106.83851331803527,
              -7.096942744911701
            ],
            [
              106.83857410680963,
              -7.096845482333094
            ],
            [
              106.83857467787914,
              -7.096844671144595
            ],
            [
              106.83859551247298,
              -7.096818280539196
            ],
            [
              106.8385954279367,
              -7.096818265250704
            ],
            [
              106.83859850541677,
              -7.096814489896758
            ],
            [
              106.83862969390532,
              -7.096774983578598
            ],
            [
              106.83866395717592,
              -7.096699588015554
            ],
            [
              106.8386641019668,
              -7.096699285843329
            ],
            [
              106.83868509484131,
              -7.09665730009425
            ],
            [
              106.83869565378149,
              -7.096591302446598
            ],
            [
              106.83870371530429,
              -7.096524126687029
            ],
            [
              106.83870907706233,
              -7.096454419335942
            ],
            [
              106.83870907706233,
              -7.096363369274002
            ],
            [
              106.83869834994897,
              -7.096258775422086
            ],
            [
              106.83868759675522,
              -7.096196947031444
            ],
            [
              106.83868754459456,
              -7.0961966052890375
            ],
            [
              106.83867527964048,
              -7.096105538140023
            ],
            [
              106.83864888184047,
              -7.095992341373403
            ],
            [
              106.83863376333755,
              -7.095918350551415
            ],
            [
              106.8386217960591,
              -7.095853872757971
            ],
            [
              106.83862174749572,
              -7.095853575981721
            ],
            [
              106.83860848429418,
              -7.095763286746262
            ],
            [
              106.83860841144912,
              -7.0957626194492605
            ],
            [
              106.8386045209819,
              -7.09570829680041
            ],
            [
              106.83860450479415,
              -7.0957080063193985
            ],
            [
              106.83860367022328,
              -7.095686733755713
            ],
            [
              106.83860366392798,
              -7.09568637942283
            ],
            [
              106.83860373317583,
              -7.095685260666187
            ],
            [
              106.83861044751421,
              -7.095631500093589
            ],
            [
              106.83861053474845,
              -7.095630946111214
            ],
            [
              106.83862357491813,
              -7.095565948509659
            ],
            [
              106.83862447783747,
              -7.095561450100774
            ],
            [
              106.83862580613612,
              -7.095554828392551
            ],
            [
              106.83863602962913,
              -7.095504764932912
            ],
            [
              106.83864628190042,
              -7.095447646291802
            ],
            [
              106.83864972540454,
              -7.09542846105461
            ],
            [
              106.83864982073271,
              -7.095428000601714
            ],
            [
              106.83865393333241,
              -7.095410413459774
            ],
            [
              106.83865703959077,
              -7.0953971331711045
            ],
            [
              106.83864183115566,
              -7.095394597982249
            ],
            [
              106.83858407489521,
              -7.09538390324451
            ],
            [
              106.83858190573045,
              -7.095383312389913
            ],
            [
              106.838581382325,
              -7.095383110042462
            ],
            [
              106.83853335133318,
              -7.09536336362828
            ],
            [
              106.83853171096973,
              -7.09536255603706
            ],
            [
              106.83849219925565,
              -7.0953395972445605
            ],
            [
              106.83849023603563,
              -7.095338209590636
            ],
            [
              106.8384522819473,
              -7.095305601971916
            ],
            [
              106.83845073421406,
              -7.09530403715155
            ],
            [
              106.83845031243203,
              -7.0953035083501845
            ],
            [
              106.83841348789224,
              -7.095254943161024
            ],
            [
              106.8384125534966,
              -7.095253535722065
            ],
            [
              106.83841239971252,
              -7.095253262328129
            ],
            [
              106.83836441638476,
              -7.095165626092751
            ],
            [
              106.83833812560408,
              -7.0951192309676685
            ],
            [
              106.83829395360311,
              -7.09507428375116
            ],
            [
              106.83824752700184,
              -7.095031005676333
            ],
            [
              106.83815991864537,
              -7.094966839048311
            ],
            [
              106.83815921897286,
              -7.094966290461912
            ],
            [
              106.83815816137013,
              -7.0949653030062905
            ],
            [
              106.83811396508747,
              -7.094919407004966
            ],
            [
              106.83811386346412,
              -7.094919471756157
            ],
            [
              106.83811076709827,
              -7.094916085808677
            ],
            [
              106.83809572144042,
              -7.094900461886766
            ],
            [
              106.83809510540488,
              -7.09489977750269
            ],
            [
              106.83809374832788,
              -7.094897840362989
            ],
            [
              106.83809350371229,
              -7.094897399695185
            ],
            [
              106.83805027599948,
              -7.094815747548637
            ],
            [
              106.8380494971866,
              -7.09481398038082
            ],
            [
              106.83802065502925,
              -7.094732263483138
            ],
            [
              106.83802008935572,
              -7.094730108707495
            ],
            [
              106.83801989690079,
              -7.0947283829084995
            ],
            [
              106.83801749571091,
              -7.094676750131839
            ],
            [
              106.83801748132174,
              -7.094676120606437
            ],
            [
              106.83801768726653,
              -7.094673765281982
            ],
            [
              106.83801775831296,
              -7.0946733929626475
            ],
            [
              106.8380356512244,
              -7.0945863134076035
            ],
            [
              106.83804518943401,
              -7.094504344699715
            ],
            [
              106.83804530544654,
              -7.094503555994265
            ],
            [
              106.83804564449093,
              -7.09450210448847
            ],
            [
              106.83807446326591,
              -7.094403641314955
            ],
            [
              106.83807473665985,
              -7.094402808542725
            ],
            [
              106.8380753481988,
              -7.094401386714594
            ],
            [
              106.83812457978559,
              -7.094302923541022
            ],
            [
              106.83812496829273,
              -7.09430220228478
            ],
            [
              106.83812552047647,
              -7.094301326345089
            ],
            [
              106.83812733171106,
              -7.094298681438943
            ],
            [
              106.83812988758433,
              -7.094294927668727
            ],
            [
              106.83817176631402,
              -7.094233783662162
            ],
            [
              106.83820082880527,
              -7.094191351849361
            ],
            [
              106.83825980994231,
              -7.094086355101183
            ],
            [
              106.83826271565187,
              -7.094081182200739
            ],
            [
              106.83826407992342,
              -7.094079214484111
            ],
            [
              106.83831798168956,
              -7.094014532544577
            ],
            [
              106.83834978801235,
              -7.093973891282019
            ],
            [
              106.83839921025543,
              -7.093892910929071
            ],
            [
              106.83840040185714,
              -7.093891252579169
            ],
            [
              106.83840207549542,
              -7.093889580739528
            ],
            [
              106.83840401443376,
              -7.093888225461171
            ],
            [
              106.83840521412941,
              -7.093887666082878
            ],
            [
              106.83843128187823,
              -7.093805562476689
            ],
            [
              106.83843141587721,
              -7.093805169472944
            ],
            [
              106.83845459140633,
              -7.093743091970055
            ],
            [
              106.83847505008356,
              -7.093668885310763
            ],
            [
              106.83849233235532,
              -7.093605518180084
            ],
            [
              106.83851346462473,
              -7.09353113615299
            ],
            [
              106.8385242636839,
              -7.093465655615489
            ],
            [
              106.83852221772622,
              -7.09342443608881
            ],
            [
              106.83851914384348,
              -7.093407311198405
            ],
            [
              106.83848035608361,
              -7.093346499041672
            ],
            [
              106.83846252882273,
              -7.093327195093934
            ],
            [
              106.83841027371523,
              -7.093281034691927
            ],
            [
              106.8383389466851,
              -7.09323517916016
            ],
            [
              106.83826496845359,
              -7.093209513408283
            ],
            [
              106.83826067509017,
              -7.0932080807882585
            ],
            [
              106.83826069217724,
              -7.09320802952692
            ],
            [
              106.83825714974773,
              -7.093206800153666
            ],
            [
              106.83818820502171,
              -7.093192151996163
            ],
            [
              106.83813402176776,
              -7.093184714602842
            ],
            [
              106.83807489494052,
              -7.093177270914282
            ],
            [
              106.83804030431668,
              -7.0931741574613625
            ],
            [
              106.83800230076565,
              -7.093170737339619
            ],
            [
              106.83796765528314,
              -7.093167619390101
            ],
            [
              106.83793662417594,
              -7.093164437588655
            ],
            [
              106.83789882746896,
              -7.093160435605569
            ],
            [
              106.83787313563676,
              -7.093157715156394
            ],
            [
              106.83787251870183,
              -7.093157628821473
            ],
            [
              106.83787179294893,
              -7.093157469641483
            ],
            [
              106.83782241747065,
              -7.093144528397204
            ],
            [
              106.83782161797336,
              -7.0931442792850135
            ],
            [
              106.83782106309167,
              -7.093144056253152
            ],
            [
              106.83778415491486,
              -7.093127803705158
            ],
            [
              106.83778327987454,
              -7.093127360339338
            ],
            [
              106.83778270790572,
              -7.093127001509856
            ],
            [
              106.83776537347325,
              -7.093115199706631
            ],
            [
              106.83773841989222,
              -7.093096848140988
            ],
            [
              106.83773478213453,
              -7.093093637561253
            ],
            [
              106.83769786226657,
              -7.09304899161765
            ],
            [
              106.83769703309167,
              -7.093047807210496
            ],
            [
              106.8376728530198,
              -7.093006626354679
            ],
            [
              106.83767232152047,
              -7.093005556161415
            ],
            [
              106.837655573446,
              -7.092965403230721
            ],
            [
              106.83764127872212,
              -7.09293113366482
            ],
            [
              106.83764112853532,
              -7.092930748755009
            ],
            [
              106.83764103500584,
              -7.0929304807570475
            ],
            [
              106.83762582836937,
              -7.092884287080153
            ],
            [
              106.8376222769466,
              -7.092873497014239
            ],
            [
              106.83762212226321,
              -7.092872977206071
            ],
            [
              106.83762054305367,
              -7.092866992217864
            ],
            [
              106.83757722810662,
              -7.092694747764369
            ],
            [
              106.83756550364512,
              -7.0926447292707735
            ],
            [
              106.83756381741631,
              -7.092640585194829
            ],
            [
              106.8375489893944,
              -7.092604159953964
            ],
            [
              106.83751310644476,
              -7.092516009306337
            ],
            [
              106.83749412085706,
              -7.092481387206192
            ],
            [
              106.83749403901874,
              -7.092481398897405
            ],
            [
              106.8374918752499,
              -7.092477291693626
            ],
            [
              106.83746931755502,
              -7.092436157602549
            ],
            [
              106.8373946243625,
              -7.092329348720398
            ],
            [
              106.83735429336599,
              -7.092300016432546
            ],
            [
              106.83733559106474,
              -7.0922914234104155
            ],
            [
              106.83726641161564,
              -7.092259638671351
            ],
            [
              106.83726568226547,
              -7.092259262754737
            ],
            [
              106.83718606888203,
              -7.092213530430058
            ],
            [
              106.8371848853742,
              -7.092212718342239
            ],
            [
              106.83713066344944,
              -7.092168777467066
            ],
            [
              106.83713002043413,
              -7.092168192907707
            ],
            [
              106.8370923379411,
              -7.0921305113139965
            ],
            [
              106.83708751847428,
              -7.092125691847173
            ],
            [
              106.8370693728533,
              -7.092107546226202
            ],
            [
              106.8370383030753,
              -7.092076476448199
            ],
            [
              106.83703807914412,
              -7.092076244423083
            ],
            [
              106.83700389591314,
              -7.092039531399223
            ],
            [
              106.83700369266637,
              -7.092039305669402
            ],
            [
              106.83697102659164,
              -7.092001774262428
            ],
            [
              106.83692084082418,
              -7.09195633601604
            ],
            [
              106.8368823966054,
              -7.091929928323509
            ],
            [
              106.83684443172518,
              -7.091915221710053
            ],
            [
              106.8368186013974,
              -7.091911004788983
            ],
            [
              106.8367705919893,
              -7.091913780996151
            ],
            [
              106.83674169677192,
              -7.091919305531462
            ],
            [
              106.83669285099432,
              -7.091934846715731
            ],
            [
              106.8366928653835,
              -7.0919348826886335
            ],
            [
              106.83668855942955,
              -7.091936289228329
            ],
            [
              106.8366885369465,
              -7.091936219980539
            ],
            [
              106.83665271874804,
              -7.091947616189486
            ],
            [
              106.83658908631736,
              -7.0919769934434385
            ],
            [
              106.83655954628608,
              -7.091992424910416
            ],
            [
              106.83649810190593,
              -7.09204488596265
            ],
            [
              106.8364534325799,
              -7.092086373487291
            ],
            [
              106.83639328772011,
              -7.092142582913823
            ],
            [
              106.83639287942788,
              -7.092142942642624
            ],
            [
              106.83634619562048,
              -7.092181102675681
            ],
            [
              106.83634571448317,
              -7.0921814695990975
            ],
            [
              106.83629952620225,
              -7.092214334423943
            ],
            [
              106.83629880044936,
              -7.092214800272757
            ],
            [
              106.83629846500224,
              -7.092214984633813
            ],
            [
              106.83627044392591,
              -7.092229604012971
            ],
            [
              106.83626975054858,
              -7.092229929567566
            ],
            [
              106.83619501778588,
              -7.092261197196422
            ],
            [
              106.83619461668826,
              -7.092261353678509
            ],
            [
              106.83619382888213,
              -7.0922616000927405
            ],
            [
              106.83613889379495,
              -7.092276070184425
            ],
            [
              106.83613815725022,
              -7.0922762320624315
            ],
            [
              106.8361380754119,
              -7.092276243753588
            ],
            [
              106.8361333584678,
              -7.092276804031258
            ],
            [
              106.83613334048135,
              -7.092276764461076
            ],
            [
              106.83608578433154,
              -7.092281817751655
            ],
            [
              106.8360850118139,
              -7.092281866315034
            ],
            [
              106.83606435258787,
              -7.092282288097067
            ],
            [
              106.83603805191461,
              -7.092283540852691
            ],
            [
              106.83601379989699,
              -7.092286851257143
            ],
            [
              106.83598886709262,
              -7.092291993580602
            ],
            [
              106.8359756047904,
              -7.092299310464739
            ],
            [
              106.83596688856113,
              -7.092307568039814
            ],
            [
              106.83595989453357,
              -7.092317060384005
            ],
            [
              106.83595946555693,
              -7.092317597279248
            ],
            [
              106.83595790343458,
              -7.0923193671450235
            ],
            [
              106.83595769299319,
              -7.092319605465377
            ],
            [
              106.83595782879081,
              -7.092321161292489
            ],
            [
              106.83595782879081,
              -7.09233858475784
            ],
            [
              106.83596002313664,
              -7.09236381973443
            ],
            [
              106.8359726154439,
              -7.0923981621454
            ],
            [
              106.83597323237882,
              -7.092400458114582
            ],
            [
              106.83597336278052,
              -7.0924013808190125
            ],
            [
              106.83597936035926,
              -7.092457756620149
            ],
            [
              106.83599016031769,
              -7.09255135715938
            ],
            [
              106.83599020348515,
              -7.092551796927864
            ],
            [
              106.83599981004323,
              -7.092668271723312
            ],
            [
              106.83599985590871,
              -7.09266938508398
            ],
            [
              106.83599983252628,
              -7.092670175588069
            ],
            [
              106.83599855728767,
              -7.092692001234809
            ],
            [
              106.83599727935103,
              -7.092713877243568
            ],
            [
              106.83598308984779,
              -7.092722699592855
            ],
            [
              106.8359799170396,
              -7.092738166133415
            ],
            [
              106.83598229664574,
              -7.092737372931367
            ],
            [
              106.83598546945393,
              -7.092730235012311
            ],
            [
              106.83599638452557,
              -7.092729196295352
            ],
            [
              106.83599573071848,
              -7.092740380264274
            ],
            [
              106.83599548520351,
              -7.092744586393508
            ],
            [
              106.83598190004471,
              -7.0927421321436555
            ],
            [
              106.83597872723652,
              -7.092750856466807
            ],
            [
              106.83598388304983,
              -7.0927532360729515
            ],
            [
              106.83599499327437,
              -7.092753009443811
            ],
            [
              106.83599457958621,
              -7.092760083510996
            ],
            [
              106.83599439612453,
              -7.092761648331361
            ],
            [
              106.83599390689335,
              -7.092763578276447
            ],
            [
              106.83597310917173,
              -7.092825972340677
            ],
            [
              106.83594715114015,
              -7.0928179809649805
            ],
            [
              106.83593312081695,
              -7.0929681011968455
            ],
            [
              106.83592598289783,
              -7.093010534808286
            ],
            [
              106.83594000602653,
              -7.093006616462105
            ],
            [
              106.83593231772232,
              -7.093022845627786
            ],
            [
              106.83592245215948,
              -7.0930436730270685
            ],
            [
              106.83592193774729,
              -7.093044654187395
            ],
            [
              106.83592138376491,
              -7.093045532825045
            ],
            [
              106.83586194577225,
              -7.09313228862419
            ],
            [
              106.83586114177831,
              -7.093133346226921
            ],
            [
              106.83585946814003,
              -7.093135018066562
            ],
            [
              106.83585857691185,
              -7.093135705148654
            ],
            [
              106.83581264673631,
              -7.09316812570836
            ],
            [
              106.8358116305024,
              -7.09316877591823
            ],
            [
              106.83588729676137,
              -7.093216517328358
            ],
            [
              106.83596967645946,
              -7.093256513777021
            ],
            [
              106.83597018997233,
              -7.093256783573679
            ],
            [
              106.83599169905773,
              -7.0932689855751505
            ],
            [
              106.83605267219315,
              -7.093303574400409
            ],
            [
              106.83605299055313,
              -7.093303765056646
            ],
            [
              106.83612261336799,
              -7.093347469410162
            ],
            [
              106.83612361521273,
              -7.093348198760339
            ],
            [
              106.83612387691545,
              -7.093348427188118
            ],
            [
              106.83613791713123,
              -7.09336114270252
            ],
            [
              106.83614128419299,
              -7.093364193202888
            ],
            [
              106.83620172043311,
              -7.0934189304392135
            ],
            [
              106.83621117770377,
              -7.0934277527885
            ],
            [
              106.83626030047253,
              -7.093495186653513
            ],
            [
              106.8362608202807,
              -7.093495986150799
            ],
            [
              106.83626135267934,
              -7.0934970671359
            ],
            [
              106.83627595677007,
              -7.093532533699431
            ],
            [
              106.83627609076905,
              -7.093532880837756
            ],
            [
              106.8362762571436,
              -7.093533380860777
            ],
            [
              106.83628647614,
              -7.093567494843967
            ],
            [
              106.83629944346461,
              -7.093619199566376
            ],
            [
              106.83630833955829,
              -7.093663310413376
            ],
            [
              106.83632371256937,
              -7.093718441552767
            ],
            [
              106.83633692990543,
              -7.093786914134739
            ],
            [
              106.83634001817734,
              -7.093779708766476
            ],
            [
              106.83634474321536,
              -7.0937989794393275
            ],
            [
              106.83634715699577,
              -7.0938088216198025
            ],
            [
              106.83635810983895,
              -7.093841460714771
            ],
            [
              106.83637985904335,
              -7.093881077649542
            ],
            [
              106.83638218558946,
              -7.093885316154342
            ],
            [
              106.83638442759934,
              -7.093889306446272
            ],
            [
              106.83638438623052,
              -7.093889324432723
            ],
            [
              106.83638843677699,
              -7.093896703370092
            ],
            [
              106.83642633330868,
              -7.093948380213533
            ],
            [
              106.83648730464546,
              -7.094013983958121
            ],
            [
              106.83648760501904,
              -7.094014323901888
            ],
            [
              106.83648782895023,
              -7.094014600893047
            ],
            [
              106.83652525873379,
              -7.094062897184926
            ],
            [
              106.83652594041985,
              -7.0940639116201964
            ],
            [
              106.83652660681753,
              -7.094065339743565
            ],
            [
              106.83652701510971,
              -7.09406686229579
            ],
            [
              106.83652715270597,
              -7.094068432512131
            ],
            [
              106.83652701510971,
              -7.094070002728415
            ],
            [
              106.83652679207785,
              -7.094070834601268
            ],
            [
              106.83652457884631,
              -7.094074779027778
            ],
            [
              106.83652452938361,
              -7.09407475024949
            ],
            [
              106.83652391964324,
              -7.094075359090482
            ],
            [
              106.83652262731744,
              -7.094076262909141
            ],
            [
              106.83652119649611,
              -7.094076929306823
            ],
            [
              106.83651967304456,
              -7.094077337599003
            ],
            [
              106.83651810102958,
              -7.094077475195263
            ],
            [
              106.83651652901466,
              -7.094077337599003
            ],
            [
              106.8365150046638,
              -7.094076929306823
            ],
            [
              106.83651357474173,
              -7.094076262909141
            ],
            [
              106.83651228241598,
              -7.094075359090482
            ],
            [
              106.8365111663573,
              -7.0940742448304945
            ],
            [
              106.83651094332544,
              -7.094073967839279
            ],
            [
              106.83647376175475,
              -7.094025991706133
            ],
            [
              106.83641270768038,
              -7.093960299827927
            ],
            [
              106.8364124073068,
              -7.0939599598842165
            ],
            [
              106.83641203948412,
              -7.093959490438067
            ],
            [
              106.83637348285004,
              -7.093906913373303
            ],
            [
              106.83637289739136,
              -7.093906004158725
            ],
            [
              106.83636687373229,
              -7.09389503332909
            ],
            [
              106.83636469377564,
              -7.093891062822252
            ],
            [
              106.83634184739839,
              -7.093849448493188
            ],
            [
              106.83634124035603,
              -7.09384808422169
            ],
            [
              106.83632987202606,
              -7.0938142130554525
            ],
            [
              106.83632966248399,
              -7.093813490000514
            ],
            [
              106.83631682106449,
              -7.093761120679119
            ],
            [
              106.8362908108723,
              -7.093667845694483
            ],
            [
              106.83629065708823,
              -7.093667205377187
            ],
            [
              106.8362766636372,
              -7.093597819084039
            ],
            [
              106.83625904232099,
              -7.0935389962276645
            ],
            [
              106.83624502278963,
              -7.093504949693624
            ],
            [
              106.83619708802524,
              -7.093439146299488
            ],
            [
              106.83611230623802,
              -7.093362358585921
            ],
            [
              106.83604352878586,
              -7.093319184832467
            ],
            [
              106.83596150162208,
              -7.093272652111182
            ],
            [
              106.83587893036838,
              -7.093232563032302
            ],
            [
              106.83587836109757,
              -7.093232261759454
            ],
            [
              106.83587805352943,
              -7.093232075599758
            ],
            [
              106.83579334728523,
              -7.093178630689181
            ],
            [
              106.8357761315633,
              -7.09318790000151
            ],
            [
              106.83577433291919,
              -7.093188706693411
            ],
            [
              106.83577204684252,
              -7.093189318232419
            ],
            [
              106.83577030575509,
              -7.093189510687296
            ],
            [
              106.83575994376645,
              -7.093189981032765
            ],
            [
              106.83573869908173,
              -7.093226898202715
            ],
            [
              106.83571465300889,
              -7.093282204709908
            ],
            [
              106.83570267583787,
              -7.093309751843549
            ],
            [
              106.83569537334284,
              -7.093333580280444
            ],
            [
              106.8356926250147,
              -7.093342548319924
            ],
            [
              106.83567986093692,
              -7.093384199521154
            ],
            [
              106.83563546770273,
              -7.093441822681939
            ],
            [
              106.8356351358529,
              -7.093468716008374
            ],
            [
              106.83562845748736,
              -7.093503590817988
            ],
            [
              106.83562156328458,
              -7.093539595176139
            ],
            [
              106.83564067207942,
              -7.093560380307281
            ],
            [
              106.83565353778062,
              -7.093574374657635
            ],
            [
              106.83568286467255,
              -7.093606274509909
            ],
            [
              106.83571131292683,
              -7.093637217483547
            ],
            [
              106.83573577898306,
              -7.093665261942249
            ],
            [
              106.8357562538481,
              -7.0936926669829745
            ],
            [
              106.83579187149775,
              -7.093740340044633
            ],
            [
              106.83581133102814,
              -7.093772405372135
            ],
            [
              106.83584621123373,
              -7.093848980845735
            ],
            [
              106.83586501335975,
              -7.093897376962332
            ],
            [
              106.83586845686386,
              -7.0939062388818
            ],
            [
              106.83587561187005,
              -7.093924656097954
            ],
            [
              106.83588691634816,
              -7.0939552906041285
            ],
            [
              106.83589805535104,
              -7.09398547904658
            ],
            [
              106.83591109552071,
              -7.094020817906369
            ],
            [
              106.83591277995089,
              -7.0940522519098295
            ],
            [
              106.83591452283702,
              -7.094084777690284
            ],
            [
              106.83590092688632,
              -7.0940889613364675
            ],
            [
              106.83588877075022,
              -7.09409270161683
            ],
            [
              106.83586825541573,
              -7.094099013958271
            ],
            [
              106.8358551316091,
              -7.09410305191426
            ],
            [
              106.83582829044332,
              -7.094128750041762
            ],
            [
              106.83581401460515,
              -7.094167582767682
            ],
            [
              106.83581453711128,
              -7.094187202377441
            ],
            [
              106.83581515674416,
              -7.094210412980146
            ],
            [
              106.83582373088052,
              -7.094227284261706
            ],
            [
              106.83582577953615,
              -7.094231314123817
            ],
            [
              106.83583341657896,
              -7.094246340895893
            ],
            [
              106.8358459944971,
              -7.0942583828180545
            ],
            [
              106.8358574149878,
              -7.094261238165586
            ],
            [
              106.83588482632376,
              -7.094263522443555
            ],
            [
              106.83589978115003,
              -7.094274435716613
            ],
            [
              106.83591142467259,
              -7.094282932511305
            ],
            [
              106.83592708636598,
              -7.09429436109582
            ],
            [
              106.8359514346111,
              -7.094314770310348
            ],
            [
              106.83599644298152,
              -7.094346982227421
            ],
            [
              106.83604256651131,
              -7.094377310064772
            ],
            [
              106.83609098331232,
              -7.094409146065175
            ],
            [
              106.83613179814404,
              -7.094429439267174
            ],
            [
              106.83616989432522,
              -7.094448380788094
            ],
            [
              106.83621135127288,
              -7.0944653141228855
            ],
            [
              106.83625535689924,
              -7.09447826975628
            ],
            [
              106.83630570544403,
              -7.094493093281585
            ],
            [
              106.83631840746858,
              -7.094494334345995
            ],
            [
              106.83635857298981,
              -7.094498257188775
            ],
            [
              106.83639818003206,
              -7.0945021260722
            ],
            [
              106.83642848628568,
              -7.094505085741048
            ],
            [
              106.83644345370249,
              -7.094511409773702
            ],
            [
              106.83649756411137,
              -7.094528323323402
            ],
            [
              106.83656428121668,
              -7.094542598262251
            ],
            [
              106.83663007471824,
              -7.094567903386007
            ],
            [
              106.83663007381892,
              -7.094612126648258
            ],
            [
              106.83663007381892,
              -7.094667269478862
            ],
            [
              106.83670295487752,
              -7.094670739962623
            ],
            [
              106.83670583180873,
              -7.094670877558883
            ],
            [
              106.83674363660958,
              -7.094672678001643
            ],
            [
              106.83678597669154,
              -7.09467469428165
            ],
            [
              106.83681274321361,
              -7.094677370664101
            ],
            [
              106.83684185876484,
              -7.094680281769513
            ],
            [
              106.83685384852635,
              -7.094681481465159
            ],
            [
              106.83692553708391,
              -7.094682577738752
            ],
            [
              106.83695742434571,
              -7.094676491127132
            ],
            [
              106.83698765595562,
              -7.094666176802548
            ],
            [
              106.83700063137411,
              -7.094661749440149
            ],
            [
              106.83700409646195,
              -7.094660567730955
            ],
            [
              106.83702223488831,
              -7.094654378596658
            ],
            [
              106.83706169803901,
              -7.094636885883517
            ],
            [
              106.83708113868369,
              -7.094625137140326
            ],
            [
              106.83709085945566,
              -7.094619262768731
            ],
            [
              106.83714042199296,
              -7.094589311747313
            ],
            [
              106.83718536021627,
              -7.094584024632979
            ],
            [
              106.83722201388491,
              -7.094550106702002
            ],
            [
              106.83722500413069,
              -7.094547339488088
            ],
            [
              106.83724190239195,
              -7.094528243283776
            ],
            [
              106.83724493310723,
              -7.094524818665377
            ],
            [
              106.83725401266264,
              -7.0945145583002045
            ],
            [
              106.83727523666289,
              -7.0944818121858475
            ],
            [
              106.83729550378456,
              -7.094434229955709
            ],
            [
              106.83729981333579,
              -7.094369194582612
            ],
            [
              106.83729924406492,
              -7.094351820580016
            ],
            [
              106.83728394659693,
              -7.094293181185321
            ],
            [
              106.83727264481678,
              -7.094255406062075
            ],
            [
              106.83727139026252,
              -7.094242488200223
            ],
            [
              106.83726912307162,
              -7.0941907834778135
            ],
            [
              106.83725383639552,
              -7.094161954810318
            ],
            [
              106.83724115595464,
              -7.094145345231425
            ],
            [
              106.83720562643856,
              -7.094087939706583
            ],
            [
              106.83718440603559,
              -7.094049308428794
            ],
            [
              106.83717126154454,
              -7.094025378368485
            ],
            [
              106.83714306599978,
              -7.093970747252115
            ],
            [
              106.83712939450601,
              -7.093927249742762
            ],
            [
              106.83712066298824,
              -7.093889623007669
            ],
            [
              106.83711574909262,
              -7.093857960576372
            ],
            [
              106.83708191839588,
              -7.093743603684288
            ],
            [
              106.83705759443251,
              -7.093676444112532
            ],
            [
              106.8370570188664,
              -7.0936752066454005
            ],
            [
              106.83705510960567,
              -7.093671097642982
            ],
            [
              106.8370450228096,
              -7.093649397901345
            ],
            [
              106.83703179468165,
              -7.093620937056528
            ],
            [
              106.83702082924793,
              -7.093581737407192
            ],
            [
              106.83699932016253,
              -7.093523789591188
            ],
            [
              106.83696154863662,
              -7.093437654324248
            ],
            [
              106.83695714375722,
              -7.093412100987621
            ],
            [
              106.83694485092417,
              -7.093401229982703
            ],
            [
              106.83691664009092,
              -7.093408862528918
            ],
            [
              106.8369046134572,
              -7.093395513891778
            ],
            [
              106.83689442144043,
              -7.093371664770473
            ],
            [
              106.83688972877803,
              -7.093360683148944
            ],
            [
              106.83688364666301,
              -7.093346450478236
            ],
            [
              106.83687141498388,
              -7.093314053300844
            ],
            [
              106.83686502260275,
              -7.093278199129543
            ],
            [
              106.83686228686508,
              -7.09325387336753
            ],
            [
              106.83685814368846,
              -7.09322056697556
            ],
            [
              106.83685398072669,
              -7.0931880708727135
            ],
            [
              106.8368515093897,
              -7.093172731136576
            ],
            [
              106.83685005158867,
              -7.093163685755428
            ],
            [
              106.83685096709848,
              -7.093159126192688
            ],
            [
              106.83685199412429,
              -7.093154004553639
            ],
            [
              106.83685427930163,
              -7.0931426173378895
            ],
            [
              106.83685938115559,
              -7.093135164656076
            ],
            [
              106.83687332694257,
              -7.09311479231377
            ],
            [
              106.83688769091424,
              -7.09310895571366
            ],
            [
              106.83689453115772,
              -7.09310617590927
            ],
            [
              106.8369173199784,
              -7.093096916489458
            ],
            [
              106.8369263428765,
              -7.093097593678976
            ],
            [
              106.83693010024399,
              -7.093097876066054
            ],
            [
              106.83693614818475,
              -7.093098330223711
            ],
            [
              106.83694444353131,
              -7.093098952554556
            ],
            [
              106.83696100454677,
              -7.093101807902087
            ],
            [
              106.83697242593678,
              -7.093111516083582
            ],
            [
              106.83697619139815,
              -7.093120427465692
            ],
            [
              106.83698156214945,
              -7.093133136684855
            ],
            [
              106.83698955802174,
              -7.093152061118701
            ],
            [
              106.83699898111814,
              -7.093176343713253
            ],
            [
              106.8370135168604,
              -7.09320712840622
            ],
            [
              106.83702248939642,
              -7.09322367862984
            ],
            [
              106.8370426899682,
              -7.093262894466932
            ],
            [
              106.83705704134945,
              -7.093291597229381
            ],
            [
              106.8370659698187,
              -7.093306703141764
            ],
            [
              106.83707427865511,
              -7.093320423198918
            ],
            [
              106.83708264235014,
              -7.093334233188273
            ],
            [
              106.8370844005247,
              -7.093351286132929
            ],
            [
              106.83708791777326,
              -7.09337575578644
            ],
            [
              106.8370957715527,
              -7.093391046959198
            ],
            [
              106.8371070310647,
              -7.093412968833377
            ],
            [
              106.83712065399504,
              -7.093439493437813
            ],
            [
              106.83713636155392,
              -7.09347007578333
            ],
            [
              106.83715500899655,
              -7.093509730489643
            ],
            [
              106.8371611513661,
              -7.09352818188006
            ],
            [
              106.83717777803207,
              -7.093581762588201
            ],
            [
              106.83718648796611,
              -7.093618269667388
            ],
            [
              106.83719984469712,
              -7.093652654346499
            ],
            [
              106.83720719215825,
              -7.093671568887771
            ],
            [
              106.83720882712572,
              -7.093675777714907
            ],
            [
              106.83721320232746,
              -7.09368703992493
            ],
            [
              106.83722586208393,
              -7.09371962865788
            ],
            [
              106.8372436803516,
              -7.093757979347231
            ],
            [
              106.83724534679538,
              -7.093761438139836
            ],
            [
              106.83724931910086,
              -7.0937696831243215
            ],
            [
              106.8372493811541,
              -7.093769811727384
            ],
            [
              106.83725895803457,
              -7.093789687643948
            ],
            [
              106.83727022564045,
              -7.093813072715079
            ],
            [
              106.83728015685381,
              -7.093833684277058
            ],
            [
              106.83728588103867,
              -7.093845186606018
            ],
            [
              106.83729502264725,
              -7.093863395179483
            ],
            [
              106.83730553212467,
              -7.093884329598097
            ],
            [
              106.83731135883221,
              -7.09389593444979
            ],
            [
              106.8373309145901,
              -7.09392617595222
            ],
            [
              106.83735788166098,
              -7.093950001691155
            ],
            [
              106.83736641802585,
              -7.093935352634389
            ],
            [
              106.83736764649973,
              -7.093933243724166
            ],
            [
              106.83734587481234,
              -7.09391794625617
            ],
            [
              106.8373476797517,
              -7.093914927232049
            ],
            [
              106.83736655292415,
              -7.0938824662027855
            ],
            [
              106.83736863755263,
              -7.093879343756669
            ],
            [
              106.83737539955513,
              -7.093884003144183
            ],
            [
              106.83737735647986,
              -7.093885351227925
            ],
            [
              106.83738204284708,
              -7.093888579794054
            ],
            [
              106.83738634250574,
              -7.093891542160918
            ],
            [
              106.83739573142793,
              -7.093898537087796
            ],
            [
              106.83740432265142,
              -7.093905308083436
            ],
            [
              106.83741883321267,
              -7.093912776053742
            ],
            [
              106.8374339121454,
              -7.093916412912051
            ],
            [
              106.83743890428207,
              -7.093917617104296
            ],
            [
              106.83743981799324,
              -7.093917686352086
            ],
            [
              106.83744243052382,
              -7.0939178851022575
            ],
            [
              106.83745954642097,
              -7.093919183723301
            ],
            [
              106.83747469460155,
              -7.093920280896214
            ],
            [
              106.83748825098206,
              -7.093921248566744
            ],
            [
              106.83750929601723,
              -7.093913988339864
            ],
            [
              106.83752889224462,
              -7.093903864671574
            ],
            [
              106.83753422072778,
              -7.093901060585438
            ],
            [
              106.83754066437024,
              -7.093897670141303
            ],
            [
              106.8375552639643,
              -7.093890251633752
            ],
            [
              106.83756952361466,
              -7.093883609241118
            ],
            [
              106.83758002409888,
              -7.093874477525048
            ],
            [
              106.83758314564574,
              -7.093868390913485
            ],
            [
              106.8375843642271,
              -7.0938660140053
            ],
            [
              106.83758715392406,
              -7.093860574006214
            ],
            [
              106.83759092028481,
              -7.093854881297659
            ],
            [
              106.83760969003521,
              -7.0938313064695535
            ],
            [
              106.83762546504323,
              -7.0938144243961005
            ],
            [
              106.83763339526502,
              -7.093805848461102
            ],
            [
              106.83764336964583,
              -7.093802483197976
            ],
            [
              106.83766163217865,
              -7.093800474112527
            ],
            [
              106.83767217313232,
              -7.0938013887230795
            ],
            [
              106.83769861140183,
              -7.0937969047033675
            ],
            [
              106.83770756145486,
              -7.09379234783853
            ],
            [
              106.83771452130816,
              -7.093786401521186
            ],
            [
              106.83771602407529,
              -7.093785117289258
            ],
            [
              106.83772344258284,
              -7.0937739495080905
            ],
            [
              106.837729726146,
              -7.093761695345904
            ],
            [
              106.83773855299188,
              -7.093746356509087
            ],
            [
              106.83774493727907,
              -7.093736181579459
            ],
            [
              106.83775257342256,
              -7.0937240119535545
            ],
            [
              106.83775920951996,
              -7.093714802895818
            ],
            [
              106.83776580964445,
              -7.0937059400770295
            ],
            [
              106.83777602774154,
              -7.0936907847018915
            ],
            [
              106.83777900090024,
              -7.09368614060287
            ],
            [
              106.8377847592593,
              -7.09368077165027
            ],
            [
              106.83780025547748,
              -7.093669570594159
            ],
            [
              106.8378072414111,
              -7.093665766461925
            ],
            [
              106.83781199163019,
              -7.0936631791123546
            ],
            [
              106.83781578047393,
              -7.093661116067608
            ],
            [
              106.83782641855441,
              -7.093650149734572
            ],
            [
              106.83783581467117,
              -7.0936404640361275
            ],
            [
              106.83785064269307,
              -7.093630121832632
            ],
            [
              106.83785444322803,
              -7.093627471530567
            ],
            [
              106.83786877302549,
              -7.093617846086659
            ],
            [
              106.83788036258875,
              -7.093614541078182
            ],
            [
              106.8378840821847,
              -7.093613479878172
            ],
            [
              106.83789842367338,
              -7.093606725070231
            ],
            [
              106.83790769928095,
              -7.093612194746925
            ],
            [
              106.83791526257937,
              -7.093616655384267
            ],
            [
              106.83792564615169,
              -7.093623493829114
            ],
            [
              106.83793635887594,
              -7.0936314537285625
            ],
            [
              106.83794495729398,
              -7.093637308315067
            ],
            [
              106.83795172739036,
              -7.093641919139202
            ],
            [
              106.83796181868303,
              -7.093650490577659
            ],
            [
              106.8379690339438,
              -7.093658116828578
            ],
            [
              106.83798440965285,
              -7.093672636383019
            ],
            [
              106.83798721733626,
              -7.093676807438669
            ],
            [
              106.83798973813595,
              -7.093680552215687
            ],
            [
              106.83799163120887,
              -7.093683366194341
            ],
            [
              106.83798223958877,
              -7.093694303749089
            ],
            [
              106.83797009244586,
              -7.093712280297439
            ],
            [
              106.8379613636261,
              -7.093729698366815
            ],
            [
              106.83795314831917,
              -7.093746092108404
            ],
            [
              106.83793851455084,
              -7.093775293095234
            ],
            [
              106.83791643619463,
              -7.093819349982994
            ],
            [
              106.83788537181255,
              -7.093881337553626
            ],
            [
              106.83785723022703,
              -7.093931880351931
            ],
            [
              106.83784201729532,
              -7.0939581927164
            ],
            [
              106.8378203229496,
              -7.0939957142308
            ],
            [
              106.83779513923434,
              -7.094039271095426
            ],
            [
              106.83777376414798,
              -7.094076240426091
            ],
            [
              106.83776773869027,
              -7.094088116873024
            ],
            [
              106.83776569183328,
              -7.094092153030374
            ],
            [
              106.83776030039763,
              -7.0941027803190195
            ],
            [
              106.83774452449029,
              -7.094133877076729
            ],
            [
              106.83772796977007,
              -7.094166508977139
            ],
            [
              106.83770926746877,
              -7.094159730786885
            ],
            [
              106.8376915643143,
              -7.094153315023448
            ],
            [
              106.83767976161175,
              -7.094149037847785
            ],
            [
              106.83766004577456,
              -7.094141891834795
            ],
            [
              106.83764129041327,
              -7.094135094758769
            ],
            [
              106.83761466868208,
              -7.0941254468318675
            ],
            [
              106.83760359982631,
              -7.094121435855527
            ],
            [
              106.83758324547046,
              -7.094114058716798
            ],
            [
              106.83755979564813,
              -7.094105560123467
            ],
            [
              106.83755736208263,
              -7.094121225414199
            ],
            [
              106.83755546091584,
              -7.094133459791294
            ],
            [
              106.83755254801173,
              -7.094145073636184
            ],
            [
              106.83754793179168,
              -7.094159308105532
            ],
            [
              106.83754443163025,
              -7.094170100869405
            ],
            [
              106.83753614707558,
              -7.094195643414139
            ],
            [
              106.83751915528484,
              -7.094242252577828
            ],
            [
              106.8375173512448,
              -7.094246528854171
            ],
            [
              106.83751450489052,
              -7.094260795699142
            ],
            [
              106.83751226917593,
              -7.0942728681982885
            ],
            [
              106.83750751086302,
              -7.0942985618291345
            ],
            [
              106.83750434435007,
              -7.094313494172354
            ],
            [
              106.83749766418589,
              -7.0943377102171326
            ],
            [
              106.83749418470893,
              -7.094350321410161
            ],
            [
              106.83749029424172,
              -7.0943686684792056
            ],
            [
              106.83748941830208,
              -7.094373049076921
            ],
            [
              106.83748890388989,
              -7.094381985640098
            ],
            [
              106.83748909724409,
              -7.094394519491459
            ],
            [
              106.83748887870883,
              -7.094403000997659
            ],
            [
              106.83748557370035,
              -7.0944211223368825
            ],
            [
              106.83747990977008,
              -7.094434403524872
            ],
            [
              106.83747293193034,
              -7.094448282762016
            ],
            [
              106.83746760344718,
              -7.0944671118676865
            ],
            [
              106.83746510602987,
              -7.094480634073932
            ],
            [
              106.83746422829154,
              -7.0944912154971576
            ],
            [
              106.8374639611929,
              -7.094499749164072
            ],
            [
              106.83746147726544,
              -7.094515398266992
            ],
            [
              106.83745566764503,
              -7.094533371218063
            ],
            [
              106.83745500124735,
              -7.09453543336349
            ],
            [
              106.83745150378394,
              -7.094546254905708
            ],
            [
              106.83745132032226,
              -7.094557249117713
            ],
            [
              106.837451126968,
              -7.094568856667365
            ],
            [
              106.83745360190227,
              -7.094576654688808
            ],
            [
              106.83745646534368,
              -7.09458537811264
            ],
            [
              106.8374614349973,
              -7.094598287880615
            ],
            [
              106.83747014672997,
              -7.094616429904249
            ],
            [
              106.83747775679308,
              -7.094632275958702
            ],
            [
              106.83748493068504,
              -7.094647215496536
            ],
            [
              106.8374907897682,
              -7.094659415699425
            ],
            [
              106.8374931720723,
              -7.0946674457459835
            ],
            [
              106.83749701667404,
              -7.094682420357344
            ],
            [
              106.83750083609476,
              -7.094703257649201
            ],
            [
              106.83750600000195,
              -7.094720949112457
            ],
            [
              106.83750909366978,
              -7.094726652612906
            ],
            [
              106.83751471353327,
              -7.094737030789304
            ],
            [
              106.83751826945263,
              -7.094748359549101
            ],
            [
              106.83752240453538,
              -7.094761534617078
            ],
            [
              106.83753148229215,
              -7.094791428981239
            ],
            [
              106.83753765164136,
              -7.094825716533535
            ],
            [
              106.83754395409028,
              -7.09486074782518
            ],
            [
              106.83754674108928,
              -7.0948762368487905
            ],
            [
              106.83755250754223,
              -7.094896362776865
            ],
            [
              106.83755789807861,
              -7.094913629760185
            ],
            [
              106.83756435251291,
              -7.094934305173979
            ],
            [
              106.83756839226754,
              -7.094947246418258
            ],
            [
              106.83757047329874,
              -7.094961882884547
            ],
            [
              106.83757158486083,
              -7.094979601327509
            ],
            [
              106.83757309032592,
              -7.094991478673762
            ],
            [
              106.83757731624019,
              -7.0950103176719495
            ],
            [
              106.83758312586065,
              -7.095021936912815
            ],
            [
              106.83759057224717,
              -7.095038475445222
            ],
            [
              106.83760458638261,
              -7.095073032794176
            ],
            [
              106.83761899082384,
              -7.095104233873258
            ],
            [
              106.83762774122732,
              -7.095116734449675
            ],
            [
              106.83763084298909,
              -7.095121166308729
            ],
            [
              106.83763154985621,
              -7.0951217023046524
            ],
            [
              106.83763423792982,
              -7.095123737470487
            ],
            [
              106.8376432734184,
              -7.095130581311253
            ],
            [
              106.83764952010932,
              -7.0951341812973965
            ],
            [
              106.83766091541895,
              -7.095140327264232
            ],
            [
              106.83768080482537,
              -7.095154282943781
            ],
            [
              106.83768518182575,
              -7.09515755917397
            ],
            [
              106.83769366153331,
              -7.0951639065889935
            ],
            [
              106.83769822739134,
              -7.095167325811417
            ],
            [
              106.83770750299891,
              -7.095181444268178
            ],
            [
              106.83770964968068,
              -7.09518802640622
            ],
            [
              106.83770988800097,
              -7.095198020572127
            ],
            [
              106.83770763519925,
              -7.095206749391934
            ],
            [
              106.83770613513008,
              -7.095212562609618
            ],
            [
              106.83770348123073,
              -7.095222845457897
            ],
            [
              106.83770513418466,
              -7.095232898079757
            ],
            [
              106.8377055676579,
              -7.095238536828958
            ],
            [
              106.83770767476943,
              -7.095252434951874
            ],
            [
              106.83771115064917,
              -7.0952658033741045
            ],
            [
              106.83771095999288,
              -7.095274369416586
            ],
            [
              106.83770610545247,
              -7.095282518173633
            ],
            [
              106.8376976347381,
              -7.095296736455168
            ],
            [
              106.83768861184001,
              -7.095313721950674
            ],
            [
              106.8376853931664,
              -7.095319780683269
            ],
            [
              106.83767838205176,
              -7.095346066967352
            ],
            [
              106.83767479195814,
              -7.095368121041929
            ],
            [
              106.83766953272283,
              -7.09537851450682
            ],
            [
              106.83766099366,
              -7.095395389385658
            ],
            [
              106.83765480452564,
              -7.095407619266155
            ],
            [
              106.83764876647746,
              -7.095438764587243
            ],
            [
              106.83764484093672,
              -7.095462686553674
            ],
            [
              106.83764248651158,
              -7.095484211826886
            ],
            [
              106.83764028587058,
              -7.0955043332583045
            ],
            [
              106.837641873174,
              -7.0955262614277785
            ],
            [
              106.8376542586372,
              -7.0955502319575885
            ],
            [
              106.837658497142,
              -7.0955584877339675
            ],
            [
              106.8376660820241,
              -7.095579790874581
            ],
            [
              106.83767350772627,
              -7.095609497280407
            ],
            [
              106.83767900977853,
              -7.095631505489564
            ],
            [
              106.83768621334815,
              -7.095660318868568
            ],
            [
              106.83769906286153,
              -7.095686016996012
            ],
            [
              106.83770560812735,
              -7.095696398769746
            ],
            [
              106.83771525065833,
              -7.095709564844469
            ],
            [
              106.83772336344254,
              -7.095715199097128
            ],
            [
              106.83773534511016,
              -7.095721385533466
            ],
            [
              106.83774699582727,
              -7.095724827238939
            ],
            [
              106.83776395794035,
              -7.095726447817242
            ],
            [
              106.83777493056863,
              -7.09572570317863
            ],
            [
              106.83779430376416,
              -7.0957229242735025
            ],
            [
              106.83782211170114,
              -7.095718935780212
            ],
            [
              106.8378459653191,
              -7.095715514759149
            ],
            [
              106.83787301692627,
              -7.0957141486889554
            ],
            [
              106.83790215046395,
              -7.095715524651666
            ],
            [
              106.83792358850286,
              -7.0957198126192225
            ],
            [
              106.83793485431016,
              -7.095722066320263
            ],
            [
              106.83794670467677,
              -7.095728330997645
            ],
            [
              106.8379681031455,
              -7.095742476434111
            ],
            [
              106.83797891389582,
              -7.095750282549432
            ],
            [
              106.83798078268705,
              -7.095751631532551
            ],
            [
              106.8379824347416,
              -7.095753303372192
            ],
            [
              106.83799462685062,
              -7.095765637574061
            ],
            [
              106.83800251030766,
              -7.095775736061341
            ],
            [
              106.8380126069963,
              -7.095788670111006
            ],
            [
              106.83802394654793,
              -7.095803196860004
            ],
            [
              106.83803777542306,
              -7.095820910806367
            ],
            [
              106.83805323746702,
              -7.095841524166985
            ],
            [
              106.83806254455084,
              -7.09585869582213
            ],
            [
              106.83807496958423,
              -7.0958903654479855
            ],
            [
              106.8380898254851,
              -7.095928229604056
            ],
            [
              106.83810114705034,
              -7.095958086196674
            ],
            [
              106.8381077076047,
              -7.095976803786414
            ],
            [
              106.83811287870645,
              -7.095991555365913
            ],
            [
              106.8381244098137,
              -7.096013827975753
            ],
            [
              106.83814693153573,
              -7.096057327283802
            ],
            [
              106.8381516943453,
              -7.09607079553075
            ],
            [
              106.83815691401043,
              -7.096099353502325
            ],
            [
              106.83815951574911,
              -7.096122253838871
            ],
            [
              106.83816010120779,
              -7.096130872941387
            ],
            [
              106.83816096815423,
              -7.096143627126651
            ],
            [
              106.83816065339153,
              -7.096167513120179
            ],
            [
              106.83815757860941,
              -7.096192114974087
            ],
            [
              106.83815195424933,
              -7.09621503869306
            ],
            [
              106.8381403386058,
              -7.096247562674819
            ],
            [
              106.83813048383485,
              -7.096264730732685
            ],
            [
              106.8381123346166,
              -7.0962872155824925
            ],
            [
              106.83809993926087,
              -7.096302572405762
            ],
            [
              106.83808338633929,
              -7.096323080545687
            ],
            [
              106.83807019778146,
              -7.0963303021017055
            ],
            [
              106.83806080975864,
              -7.0963354426265255
            ],
            [
              106.83804080523902,
              -7.096347682399596
            ],
            [
              106.83802742872291,
              -7.096357024556994
            ],
            [
              106.83802117034082,
              -7.096362370127224
            ],
            [
              106.83801349282851,
              -7.096368927983576
            ],
            [
              106.83800623709823,
              -7.096375125211807
            ],
            [
              106.83799433097363,
              -7.096394765505977
            ],
            [
              106.837985432182,
              -7.09641058637942
            ],
            [
              106.83797474014222,
              -7.0964268074511665
            ],
            [
              106.83796003622678,
              -7.0964430680930946
            ],
            [
              106.8379368112349,
              -7.096468750032727
            ],
            [
              106.83791245849324,
              -7.0964956784327455
            ],
            [
              106.83792220174826,
              -7.096502709332526
            ],
            [
              106.8379234913761,
              -7.096503639231514
            ],
            [
              106.83793160326093,
              -7.096509492918699
            ],
            [
              106.83793534354135,
              -7.0965121926835195
            ],
            [
              106.83794041122104,
              -7.096519325206657
            ],
            [
              106.83795149086865,
              -7.096534920350223
            ],
            [
              106.83796853212215,
              -7.096547464993478
            ],
            [
              106.8379730224371,
              -7.0965426014598165
            ],
            [
              106.83797865489106,
              -7.0965365013584005
            ],
            [
              106.83798314430675,
              -7.096534196396021
            ],
            [
              106.83798564082474,
              -7.09653291396279
            ],
            [
              106.83799626361673,
              -7.096527458675212
            ],
            [
              106.83801077058064,
              -7.096521412533093
            ],
            [
              106.83802043379603,
              -7.096517384469678
            ],
            [
              106.83805061054733,
              -7.096504806551536
            ],
            [
              106.8380904613058,
              -7.096490811301862
            ],
            [
              106.83816763572787,
              -7.096463708433362
            ],
            [
              106.83817070511401,
              -7.09646263014622
            ],
            [
              106.83818924283935,
              -7.0964561199539276
            ],
            [
              106.83820453221347,
              -7.096450751001328
            ],
            [
              106.83823525845048,
              -7.0964399600360935
            ],
            [
              106.83826465818748,
              -7.096431206035277
            ],
            [
              106.83827537540833,
              -7.09642801524069
            ],
            [
              106.83830002042964,
              -7.096420677672086
            ],
            [
              106.83829904646387,
              -7.0964334732261705
            ],
            [
              106.83829810487373,
              -7.096445843400886
            ],
            [
              106.83829731167168,
              -7.096456265644122
            ],
            [
              106.83829670283063,
              -7.096469252753764
            ],
            [
              106.83829615874077,
              -7.096480859404096
            ],
            [
              106.83830097101304,
              -7.096489572935411
            ],
            [
              106.83830718712704,
              -7.096498926784022
            ],
            [
              106.83831001279691,
              -7.096501158002013
            ],
            [
              106.83831979112551,
              -7.096508876883092
            ],
            [
              106.83834823308456,
              -7.0965181821683245
            ],
            [
              106.83836345231151,
              -7.096526073719303
            ],
            [
              106.8383677510709,
              -7.096528433540357
            ],
            [
              106.83837807169073,
              -7.096540044687288
            ],
            [
              106.83837953398836,
              -7.096553061474538
            ],
            [
              106.83837851235853,
              -7.096564501750322
            ],
            [
              106.83837600594796,
              -7.096592101044564
            ],
            [
              106.83837230883506,
              -7.096620141006667
            ],
            [
              106.8383689867394,
              -7.096645330117838
            ],
            [
              106.83836377696679,
              -7.096693207325586
            ],
            [
              106.83835997463319,
              -7.096731927636313
            ],
            [
              106.83835862385149,
              -7.096745681867674
            ],
            [
              106.83834605402723,
              -7.096760155556694
            ],
            [
              106.83834437499297,
              -7.096762089998435
            ],
            [
              106.83834264469738,
              -7.096763546900149
            ],
            [
              106.8383233479442,
              -7.096779892977622
            ],
            [
              106.83832233980422,
              -7.096780417282389
            ],
            [
              106.83831475762003,
              -7.096784359910259
            ],
            [
              106.83828918180035,
              -7.096794412532063
            ],
            [
              106.83827124302348,
              -7.096794412532063
            ],
            [
              106.83823921007155,
              -7.096794412532063
            ],
            [
              106.83820416169277,
              -7.096791831477788
            ],
            [
              106.83815075455374,
              -7.096782230315625
            ],
            [
              106.83813229956604,
              -7.096778917213214
            ],
            [
              106.83808231704535,
              -7.09676686000256
            ],
            [
              106.83807880159549,
              -7.096765029882192
            ],
            [
              106.83805944818505,
              -7.096754953877962
            ],
            [
              106.83804826331675,
              -7.096749131667025
            ],
            [
              106.83803248561077,
              -7.096747082112131
            ],
            [
              106.83802443398048,
              -7.096746036200557
            ],
            [
              106.83800847011486,
              -7.096743810378484
            ],
            [
              106.83799436784585,
              -7.096741292276761
            ],
            [
              106.83798496903114,
              -7.096739614141825
            ],
            [
              106.8379749892544,
              -7.096743372408639
            ],
            [
              106.8379561925243,
              -7.096750451871799
            ],
            [
              106.83793952718747,
              -7.096760599821778
            ],
            [
              106.83792416496829,
              -7.0967731453642955
            ],
            [
              106.83790366402292,
              -7.096786800670259
            ],
            [
              106.83788826942816,
              -7.09680675482781
            ],
            [
              106.83787426068864,
              -7.096838394776057
            ],
            [
              106.83786643029157,
              -7.096864619006908
            ],
            [
              106.83786121961964,
              -7.096892234488962
            ],
            [
              106.83785959274604,
              -7.096908952885826
            ],
            [
              106.83786079424033,
              -7.096915833598814
            ],
            [
              106.83786321071864,
              -7.096929675064416
            ],
            [
              106.83786409295357,
              -7.096934729254315
            ],
            [
              106.83787110676622,
              -7.096942228700868
            ],
            [
              106.83788179880605,
              -7.096953661782038
            ],
            [
              106.83788919303191,
              -7.096961566822813
            ],
            [
              106.83790039678593,
              -7.096973547591119
            ],
            [
              106.83790619831245,
              -7.096979750215269
            ],
            [
              106.83790998265965,
              -7.096982763843414
            ],
            [
              106.83792458495168,
              -7.0969935116411875
            ],
            [
              106.83793634988268,
              -7.096998717816518
            ],
            [
              106.83795117520663,
              -7.0970006045942
            ],
            [
              106.83796546453465,
              -7.097002423023355
            ],
            [
              106.83798628384,
              -7.097003707255226
            ],
            [
              106.83801916844993,
              -7.0970050724261
            ],
            [
              106.83801991488724,
              -7.097005110197642
            ],
            [
              106.83803519706674,
              -7.097003588544737
            ],
            [
              106.83807348390422,
              -7.097013792252653
            ],
            [
              106.8380885106763,
              -7.097003185648475
            ],
            [
              106.83809370246246,
              -7.097003757617301
            ],
            [
              106.83811736182685,
              -7.09700982714179
            ],
            [
              106.8381289603833,
              -7.09701309617742
            ],
            [
              106.83813803903934,
              -7.097018617115452
            ],
            [
              106.83815231128023,
              -7.0970284269203034
            ],
            [
              106.83816405372818,
              -7.0970436794222
            ],
            [
              106.83816982557704,
              -7.097053670890148
            ],
            [
              106.83817378888932,
              -7.097068204833761
            ],
            [
              106.83817115927167,
              -7.097080524646458
            ],
            [
              106.8381703184055,
              -7.097084462777673
            ],
            [
              106.83816256804812,
              -7.097100125370446
            ],
            [
              106.83815584471654,
              -7.097107674279698
            ],
            [
              106.83814788481709,
              -7.097112417304174
            ],
            [
              106.83813609920168,
              -7.097113889494381
            ],
            [
              106.83812524888117,
              -7.097112177185181
            ],
            [
              106.83811753899329,
              -7.097104753281712
            ],
            [
              106.83811134985899,
              -7.097102655163383
            ],
            [
              106.83810443407242,
              -7.097100310630765
            ],
            [
              106.8381017450995,
              -7.097099398718228
            ],
            [
              106.83809814961,
              -7.097098638791124
            ],
            [
              106.83809420158622,
              -7.097098011963624
            ],
            [
              106.83808505548097,
              -7.097096560457828
            ],
            [
              106.83807360891001,
              -7.097094742927993
            ],
            [
              106.83805985377927,
              -7.097092663695435
            ],
            [
              106.8380409904994,
              -7.0970900754466015
            ],
            [
              106.83802774528425,
              -7.097090918111348
            ],
            [
              106.83801714947191,
              -7.097093058497819
            ],
            [
              106.83799769174016,
              -7.097100232389778
            ],
            [
              106.83798914278475,
              -7.097106109459332
            ],
            [
              106.83796861935633,
              -7.097127134709467
            ],
            [
              106.83795105649614,
              -7.097146863137198
            ],
            [
              106.83793121115656,
              -7.097169544039161
            ],
            [
              106.83790976412439,
              -7.09719405416223
            ],
            [
              106.83788882790714,
              -7.097216289000471
            ],
            [
              106.83787136756962,
              -7.097234832121785
            ],
            [
              106.83786062606708,
              -7.0972584042519316
            ],
            [
              106.83785834268843,
              -7.097278962753876
            ],
            [
              106.83784387439533,
              -7.097300282981621
            ],
            [
              106.83783684349561,
              -7.097306560249535
            ],
            [
              106.83782255506691,
              -7.097319318032078
            ],
            [
              106.83781113367695,
              -7.09733302370006
            ],
            [
              106.83778656509799,
              -7.097346784226659
            ],
            [
              106.83776866049533,
              -7.097356813466149
            ],
            [
              106.83776782412582,
              -7.097372701788686
            ],
            [
              106.83776698505835,
              -7.09738238838645
            ],
            [
              106.83776384462578,
              -7.097402801198257
            ],
            [
              106.83776300555832,
              -7.097415288284878
            ],
            [
              106.83776357662782,
              -7.097429836617607
            ],
            [
              106.83776580874513,
              -7.09745086816298
            ],
            [
              106.83777080268044,
              -7.09748122028202
            ],
            [
              106.8377713557635,
              -7.097504385918626
            ],
            [
              106.83777071994285,
              -7.097540266170313
            ],
            [
              106.83776983500996,
              -7.097569462660545
            ],
            [
              106.83776723327128,
              -7.097579459524411
            ],
            [
              106.83776121680677,
              -7.097602575698261
            ],
            [
              106.83775760692805,
              -7.09761940291304
            ],
            [
              106.83775612304669,
              -7.097629214516587
            ],
            [
              106.83775326949785,
              -7.097648092185636
            ],
            [
              106.83774950133846,
              -7.097673010600886
            ],
            [
              106.83774714421537,
              -7.097695059279488
            ],
            [
              106.8377442034323,
              -7.0977248313358245
            ],
            [
              106.83774289132145,
              -7.097738122416388
            ],
            [
              106.83774479338757,
              -7.0977421163055965
            ],
            [
              106.83774775125778,
              -7.097748328822263
            ],
            [
              106.8377505049819,
              -7.097754112362338
            ],
            [
              106.83775454923313,
              -7.097755267991204
            ],
            [
              106.83775908631287,
              -7.097756563914231
            ],
            [
              106.83776721978143,
              -7.0977588877624385
            ],
            [
              106.83776938714755,
              -7.097759506496004
            ],
            [
              106.83777282255778,
              -7.09776048855565
            ],
            [
              106.83777501060831,
              -7.097761113584454
            ],
            [
              106.83778388511826,
              -7.097763648773309
            ],
            [
              106.83779118041872,
              -7.097765733401843
            ],
            [
              106.83779815286255,
              -7.097769954819512
            ],
            [
              106.83780247860159,
              -7.097773115936491
            ],
            [
              106.83780744735589,
              -7.097776746499619
            ],
            [
              106.83781294221359,
              -7.097780761972558
            ],
            [
              106.83781406906411,
              -7.097789404457387
            ],
            [
              106.8378145834763,
              -7.097793348883897
            ],
            [
              106.83781750987026,
              -7.097815787868285
            ],
            [
              106.83781974468553,
              -7.097836143123459
            ],
            [
              106.83782348136862,
              -7.097870188758179
            ],
            [
              106.83782650488934,
              -7.097898067741596
            ],
            [
              106.83783165081007,
              -7.0979457506957715
            ],
            [
              106.83783500438199,
              -7.097976831265726
            ],
            [
              106.83784061165494,
              -7.097992791534068
            ],
            [
              106.83785766370028,
              -7.098023631085653
            ],
            [
              106.83786399043089,
              -7.098035074958716
            ],
            [
              106.83787338654759,
              -7.098054579455209
            ],
            [
              106.83787498194494,
              -7.098070038801211
            ],
            [
              106.83787256996317,
              -7.098090252862846
            ],
            [
              106.83786981983638,
              -7.098113294392988
            ],
            [
              106.83786542934615,
              -7.098150082060613
            ],
            [
              106.83785679675384,
              -7.098195165074742
            ],
            [
              106.83784607323776,
              -7.098235271240753
            ],
            [
              106.83783824463933,
              -7.098268568639469
            ],
            [
              106.8378325393403,
              -7.0983261935988935
            ],
            [
              106.83783031981346,
              -7.098348605603633
            ],
            [
              106.83782788624802,
              -7.098366412180155
            ],
            [
              106.83782271784423,
              -7.098394844246627
            ],
            [
              106.83782666766666,
              -7.09840647068205
            ],
            [
              106.83783135583246,
              -7.098420272577471
            ],
            [
              106.83783543965387,
              -7.098432294714598
            ],
            [
              106.83784365496075,
              -7.098456476585056
            ],
            [
              106.83785059592833,
              -7.098467548138785
            ],
            [
              106.83785967908096,
              -7.098482422925429
            ],
            [
              106.83787627157272,
              -7.098495950527649
            ],
            [
              106.83788631879861,
              -7.098503644227776
            ],
            [
              106.83789674014253,
              -7.098516009905893
            ],
            [
              106.83791224625321,
              -7.098535902909532
            ],
            [
              106.83791867910384,
              -7.098543717118787
            ],
            [
              106.83793147645656,
              -7.098555599861015
            ],
            [
              106.83794241850785,
              -7.09856576130079
            ],
            [
              106.8379536303558,
              -7.098576713244654
            ],
            [
              106.83795967290064,
              -7.098584413240019
            ],
            [
              106.83796626942785,
              -7.098592819203191
            ],
            [
              106.83797161859536,
              -7.098599634265668
            ],
            [
              106.83797811529786,
              -7.098607913424416
            ],
            [
              106.83798042655548,
              -7.098610857804772
            ],
            [
              106.83798398157558,
              -7.098620388819825
            ],
            [
              106.83798398157558,
              -7.09863007002167
            ],
            [
              106.83798320276264,
              -7.098643816159154
            ],
            [
              106.83797974127208,
              -7.09865383550607
            ],
            [
              106.83797609272256,
              -7.098664398942788
            ],
            [
              106.83797035684654,
              -7.098674548691406
            ],
            [
              106.83796242482612,
              -7.098686339702795
            ],
            [
              106.83795823398538,
              -7.098692571105232
            ],
            [
              106.83794971740559,
              -7.098701523856221
            ],
            [
              106.83794876502355,
              -7.098701719009057
            ],
            [
              106.83794145533398,
              -7.0987032190782315
            ],
            [
              106.8379406360516,
              -7.098703387251476
            ],
            [
              106.83792207224587,
              -7.098704981749449
            ],
            [
              106.83791091795456,
              -7.098704552772858
            ],
            [
              106.83790158299172,
              -7.098706732729511
            ],
            [
              106.83787342341981,
              -7.098720460880543
            ],
            [
              106.83784851939373,
              -7.098746448589679
            ],
            [
              106.83783882110475,
              -7.098765653611963
            ],
            [
              106.83784236083636,
              -7.098773727725302
            ],
            [
              106.83784982520933,
              -7.098782473632184
            ],
            [
              106.83785027487033,
              -7.0987902365801006
            ],
            [
              106.83785081985951,
              -7.098799650683304
            ],
            [
              106.83784902841,
              -7.098809346274265
            ],
            [
              106.83784644645641,
              -7.098818900671688
            ],
            [
              106.83784136438754,
              -7.098837705495669
            ],
            [
              106.83783349082302,
              -7.098868423638805
            ],
            [
              106.83782609659715,
              -7.098899446652069
            ],
            [
              106.83782355511306,
              -7.098910107215602
            ],
            [
              106.83781759980246,
              -7.098922978312771
            ],
            [
              106.83780509832667,
              -7.098949625224975
            ],
            [
              106.83779926892117,
              -7.0989690352927255
            ],
            [
              106.83779682636253,
              -7.098986136800704
            ],
            [
              106.83779377046619,
              -7.0990047275860775
            ],
            [
              106.83778647066913,
              -7.099044490210986
            ],
            [
              106.83778215302402,
              -7.0990680092811544
            ],
            [
              106.83777329650047,
              -7.099094077929294
            ],
            [
              106.83776175100405,
              -7.099126187323634
            ],
            [
              106.83774803814151,
              -7.099148535476502
            ],
            [
              106.83773221007351,
              -7.099169540941489
            ],
            [
              106.83772823956667,
              -7.099180014446063
            ],
            [
              106.83772221770624,
              -7.099195897372738
            ],
            [
              106.83771562387699,
              -7.099213288462465
            ],
            [
              106.83770989339695,
              -7.099230322521294
            ],
            [
              106.8377016681975,
              -7.099255683403044
            ],
            [
              106.83769432793093,
              -7.099278315741628
            ],
            [
              106.83769319028858,
              -7.099281776332873
            ],
            [
              106.83769173158822,
              -7.099286210889886
            ],
            [
              106.83768572051963,
              -7.09930449050978
            ],
            [
              106.83767168300182,
              -7.099342942822489
            ],
            [
              106.83767741528055,
              -7.099343009372319
            ],
            [
              106.83769930028257,
              -7.0993432647798045
            ],
            [
              106.83771369573054,
              -7.099343608320794
            ],
            [
              106.83774314493024,
              -7.099344400623522
            ],
            [
              106.83775210757375,
              -7.099344642541155
            ],
            [
              106.83776878729975,
              -7.099345091302894
            ],
            [
              106.83779595851672,
              -7.099349821736837
            ],
            [
              106.83780655792634,
              -7.099352707661296
            ],
            [
              106.83781641449599,
              -7.099355418217954
            ],
            [
              106.83783740557186,
              -7.099365300867873
            ],
            [
              106.8378453582767,
              -7.099373842628665
            ],
            [
              106.83786080503216,
              -7.099390434221107
            ],
            [
              106.83786574051157,
              -7.099395734825237
            ],
            [
              106.83787472923541,
              -7.099408551963052
            ],
            [
              106.83787690289682,
              -7.099415979463856
            ],
            [
              106.83787897583414,
              -7.099423061624975
            ],
            [
              106.83788054784907,
              -7.099451224794166
            ],
            [
              106.83787915659786,
              -7.09946258592953
            ],
            [
              106.83787473193337,
              -7.099482113808449
            ],
            [
              106.8378694142421,
              -7.099498067781553
            ],
            [
              106.83786787550213,
              -7.0995026813036475
            ],
            [
              106.83785774463928,
              -7.0995223117053
            ],
            [
              106.83785048351308,
              -7.099534349130863
            ],
            [
              106.83784242468823,
              -7.099547710358479
            ],
            [
              106.83783683000576,
              -7.099556985966103
            ],
            [
              106.8378337849013,
              -7.099579828746073
            ],
            [
              106.83783476156503,
              -7.099594481400175
            ],
            [
              106.83783606828001,
              -7.099614092915999
            ],
            [
              106.83783404210743,
              -7.099638919600409
            ],
            [
              106.83783426873657,
              -7.099667288714329
            ],
            [
              106.837836677121,
              -7.099694087612022
            ],
            [
              106.83784039671701,
              -7.099717644453676
            ],
            [
              106.83785298902427,
              -7.099738819890604
            ],
            [
              106.83787337845371,
              -7.099773992375788
            ],
            [
              106.83787962964124,
              -7.099781805685723
            ],
            [
              106.83788812913389,
              -7.099792431175729
            ],
            [
              106.83789981402526,
              -7.099811136174935
            ],
            [
              106.83790410469072,
              -7.099824998324948
            ],
            [
              106.837912212079,
              -7.0998569881094795
            ],
            [
              106.83791655490512,
              -7.099869451813731
            ],
            [
              106.83792352644963,
              -7.09989056519737
            ],
            [
              106.83789814488352,
              -7.099899861489348
            ],
            [
              106.83787804593516,
              -7.099907222440322
            ],
            [
              106.83784624950488,
              -7.099918866862197
            ],
            [
              106.8378035739758,
              -7.099934496180026
            ],
            [
              106.83777713300833,
              -7.099943584728578
            ],
            [
              106.8377736751151,
              -7.099950035565655
            ],
            [
              106.83777316250149,
              -7.099955051084692
            ],
            [
              106.83777274791407,
              -7.099959110624411
            ],
            [
              106.83777105538996,
              -7.099975685129721
            ],
            [
              106.837770175853,
              -7.0999842925410235
            ],
            [
              106.83777194122217,
              -7.099991207428218
            ],
            [
              106.83777351233778,
              -7.099997362388308
            ],
            [
              106.837775886548,
              -7.100006659579606
            ],
            [
              106.83778813351563,
              -7.100029204684006
            ],
            [
              106.83779868076459,
              -7.100048619248355
            ],
            [
              106.83781123619963,
              -7.100072277713423
            ],
            [
              106.83782367652151,
              -7.100100069462599
            ],
            [
              106.83783593967695,
              -7.10012746730871
            ],
            [
              106.83785010669715,
              -7.100159117149474
            ],
            [
              106.83785691366569,
              -7.10018520918004
            ],
            [
              106.83786042371963,
              -7.100198665735775
            ],
            [
              106.83786225294068,
              -7.100205677749784
            ],
            [
              106.83786335101291,
              -7.100209885677657
            ],
            [
              106.83786726935904,
              -7.100224907953077
            ],
            [
              106.83786830897532,
              -7.10024375144792
            ],
            [
              106.83786756163875,
              -7.100258145996577
            ],
            [
              106.83786695099906,
              -7.100274627871727
            ],
            [
              106.83786903292958,
              -7.100284681392907
            ],
            [
              106.83787569420798,
              -7.100291344469952
            ],
            [
              106.83788045791687,
              -7.100291344469952
            ],
            [
              106.83788216572941,
              -7.100291344469952
            ],
            [
              106.83788825863627,
              -7.100291344469952
            ],
            [
              106.83790441675546,
              -7.100284300979638
            ],
            [
              106.83791053034673,
              -7.100281635389138
            ],
            [
              106.83791821325502,
              -7.100280311587085
            ],
            [
              106.83792084467132,
              -7.1002798574294275
            ],
            [
              106.83792709136225,
              -7.100278780940926
            ],
            [
              106.83794281510887,
              -7.100279923079938
            ],
            [
              106.83794623253266,
              -7.100279923079938
            ],
            [
              106.83794964905712,
              -7.100279923079938
            ],
            [
              106.83795221212495,
              -7.100279923079938
            ],
            [
              106.83795923223283,
              -7.100279020160599
            ],
            [
              106.83796447258243,
              -7.100275392295487
            ],
            [
              106.8379689593001,
              -7.100272286037125
            ],
            [
              106.83797803256022,
              -7.100263074281429
            ],
            [
              106.83798365332302,
              -7.100253698849087
            ],
            [
              106.83798537102808,
              -7.10024923281577
            ],
            [
              106.83798838735424,
              -7.1002413916268665
            ],
            [
              106.8379931834387,
              -7.100222429421535
            ],
            [
              106.83799658647337,
              -7.100216253777035
            ],
            [
              106.8380055347277,
              -7.100204754146034
            ],
            [
              106.83801751010009,
              -7.100202448284335
            ],
            [
              106.83802664721208,
              -7.100207016840329
            ],
            [
              106.83802856276805,
              -7.100210528692912
            ],
            [
              106.83803028496976,
              -7.100213686212612
            ],
            [
              106.83803578522338,
              -7.100233200601679
            ],
            [
              106.83803339662404,
              -7.100246167026967
            ],
            [
              106.8380290888714,
              -7.100253607118248
            ],
            [
              106.83802662742698,
              -7.100257859112844
            ],
            [
              106.83802535398695,
              -7.100260059753907
            ],
            [
              106.8380214392381,
              -7.1002672965984175
            ],
            [
              106.83801779788314,
              -7.100274028923252
            ],
            [
              106.83801601182955,
              -7.100278441896535
            ],
            [
              106.83801256292952,
              -7.100286962073596
            ],
            [
              106.83800935234979,
              -7.10029685551541
            ],
            [
              106.83800627666841,
              -7.100306332571165
            ],
            [
              106.8380070671725,
              -7.100320557147938
            ],
            [
              106.83800965632065,
              -7.1003335955189755
            ],
            [
              106.83801781856755,
              -7.1003464828039
            ],
            [
              106.83802789637036,
              -7.100359858420688
            ],
            [
              106.83803900749427,
              -7.100372557747278
            ],
            [
              106.83804872826624,
              -7.100383667072549
            ],
            [
              106.83805851738674,
              -7.100393079377056
            ],
            [
              106.8380721007469,
              -7.1004090117664305
            ],
            [
              106.838081469884,
              -7.1004255458022385
            ],
            [
              106.83808470384605,
              -7.100439196611603
            ],
            [
              106.83808940730034,
              -7.100459086017963
            ],
            [
              106.83809136962105,
              -7.100469605387957
            ],
            [
              106.83809136962105,
              -7.100475869165962
            ],
            [
              106.83808483244911,
              -7.100491478698757
            ],
            [
              106.83807611711916,
              -7.100502476508041
            ],
            [
              106.83806439715426,
              -7.100513541766475
            ],
            [
              106.83805482027378,
              -7.100520723752368
            ],
            [
              106.83804441511774,
              -7.100529905830456
            ],
            [
              106.83803701819392,
              -7.1005382992030945
            ],
            [
              106.83803293617115,
              -7.100543470304842
            ],
            [
              106.83803045494159,
              -7.100546612536107
            ],
            [
              106.83802339346488,
              -7.100561277780685
            ],
            [
              106.83802055610386,
              -7.100579514233175
            ],
            [
              106.83802326486182,
              -7.1005929770842044
            ]
          ]
        ]
      }
    },
    {
      "type": "Feature",
      "properties": {
        "id": "EKSISTING_03",
        "nama": "Blok Eksisting 3",
        "kategori": "Eksisting",
        "warna": "#2563eb",
        "luas_ha": 7.588,
        "luas_m2": 75882.4
      },
      "geometry": {
        "type": "Polygon",
        "coordinates": [
          [
            [
              106.835349145147,
              -7.094643779187038
            ],
            [
              106.83531981735575,
              -7.094619499290388
            ],
            [
              106.83530765672305,
              -7.094609431380093
            ],
            [
              106.83513394547526,
              -7.094565403270678
            ],
            [
              106.8349482255802,
              -7.094502162944423
            ],
            [
              106.83485536608237,
              -7.094505764729206
            ],
            [
              106.83469319133775,
              -7.094535390196029
            ],
            [
              106.83469337210153,
              -7.0945375926357315
            ],
            [
              106.8346932408005,
              -7.094539471319479
            ],
            [
              106.83468483573665,
              -7.094599510059311
            ],
            [
              106.83468476019357,
              -7.094599986699961
            ],
            [
              106.83468449579289,
              -7.094601173805074
            ],
            [
              106.83468151004371,
              -7.094612195896104
            ],
            [
              106.83468158109014,
              -7.0946124495048934
            ],
            [
              106.83468317019219,
              -7.094618120629718
            ],
            [
              106.83469236036422,
              -7.0946509216026925
            ],
            [
              106.8346762013457,
              -7.094660348296372
            ],
            [
              106.834672432287,
              -7.094646895337917
            ],
            [
              106.83467226950967,
              -7.0946463143758365
            ],
            [
              106.83466888536083,
              -7.094658810455712
            ],
            [
              106.83466853732318,
              -7.094659907628568
            ],
            [
              106.83466810025266,
              -7.094660966130618
            ],
            [
              106.83465620671865,
              -7.094686631882496
            ],
            [
              106.83464573051612,
              -7.094709239040128
            ],
            [
              106.83462946897487,
              -7.094766152635771
            ],
            [
              106.83462194254867,
              -7.094819915007008
            ],
            [
              106.83462125007071,
              -7.094824863076894
            ],
            [
              106.83462002609338,
              -7.094840001364901
            ],
            [
              106.83460424928671,
              -7.095002457597275
            ],
            [
              106.83459667609577,
              -7.095059676063158
            ],
            [
              106.8345953828707,
              -7.095093755872085
            ],
            [
              106.83459175950213,
              -7.095189280960483
            ],
            [
              106.83461011646375,
              -7.095278006274896
            ],
            [
              106.83465047533923,
              -7.095339686277441
            ],
            [
              106.8347421315442,
              -7.0954368274476
            ],
            [
              106.83483445774408,
              -7.09549509362364
            ],
            [
              106.8349661544645,
              -7.095559619980406
            ],
            [
              106.83512367251956,
              -7.095620406956186
            ],
            [
              106.83517536195347,
              -7.095631778883444
            ],
            [
              106.83524058258689,
              -7.095639359268944
            ],
            [
              106.83530096936431,
              -7.095640317946277
            ],
            [
              106.83530101073313,
              -7.095640098511694
            ],
            [
              106.83530552892705,
              -7.095640389892026
            ],
            [
              106.83537406356226,
              -7.095641478071684
            ],
            [
              106.83545699184674,
              -7.095638820575061
            ],
            [
              106.83545742711863,
              -7.0956388133805035
            ],
            [
              106.83545823381053,
              -7.095638836762873
            ],
            [
              106.83551213467734,
              -7.095642039248673
            ],
            [
              106.83551375615497,
              -7.095642234401566
            ],
            [
              106.83557092965475,
              -7.095652920146108
            ],
            [
              106.83557248638118,
              -7.095653307753878
            ],
            [
              106.83567506215445,
              -7.09568536318892
            ],
            [
              106.83574288002995,
              -7.095707834548875
            ],
            [
              106.83586108422173,
              -7.095748300443688
            ],
            [
              106.83596328138037,
              -7.095777424088794
            ],
            [
              106.83597962206198,
              -7.0957808568010705
            ],
            [
              106.8359841510478,
              -7.095781808283789
            ],
            [
              106.83606749751704,
              -7.095799316285365
            ],
            [
              106.83609174953466,
              -7.095799316285365
            ],
            [
              106.83612702454263,
              -7.095795397039922
            ],
            [
              106.8361277916643,
              -7.09579533408737
            ],
            [
              106.83615741083588,
              -7.095793732394782
            ],
            [
              106.83615814468271,
              -7.095793712609691
            ],
            [
              106.83616021132474,
              -7.095793870890361
            ],
            [
              106.83618102523417,
              -7.0957970724768415
            ],
            [
              106.83618131571524,
              -7.0957971210402775
            ],
            [
              106.83618336616945,
              -7.095797649841643
            ],
            [
              106.83623951983805,
              -7.0958169034273055
            ],
            [
              106.83624182480042,
              -7.095817968224594
            ],
            [
              106.83633472566714,
              -7.095872427570441
            ],
            [
              106.83633600630174,
              -7.095873279228385
            ],
            [
              106.8363488144463,
              -7.095882884887203
            ],
            [
              106.8363493900124,
              -7.095883341742763
            ],
            [
              106.83635106365074,
              -7.0958850135824605
            ],
            [
              106.83635242072768,
              -7.095886949822841
            ],
            [
              106.83635288028125,
              -7.095887814970638
            ],
            [
              106.83637920163892,
              -7.095942053982583
            ],
            [
              106.83644053989906,
              -7.0960587365214
            ],
            [
              106.83644127824243,
              -7.096060402965179
            ],
            [
              106.8364418475133,
              -7.096062456117409
            ],
            [
              106.8364474727727,
              -7.096091390005597
            ],
            [
              106.8364476976032,
              -7.096093584351365
            ],
            [
              106.83644785048796,
              -7.096101070308123
            ],
            [
              106.83644796739986,
              -7.0961010586169095
            ],
            [
              106.83644794401744,
              -7.096105650555273
            ],
            [
              106.83644848091274,
              -7.096131977308858
            ],
            [
              106.83646117034681,
              -7.096220010145316
            ],
            [
              106.83646128995662,
              -7.096221219733479
            ],
            [
              106.83646549248857,
              -7.0962998708423015
            ],
            [
              106.83646551137429,
              -7.09630059389724
            ],
            [
              106.83646529014106,
              -7.096303031959337
            ],
            [
              106.8364510547724,
              -7.096378169416937
            ],
            [
              106.83644870574324,
              -7.096440007700153
            ],
            [
              106.83644949894529,
              -7.096480443917301
            ],
            [
              106.83644950164324,
              -7.096480709217303
            ],
            [
              106.8364492947992,
              -7.096483064541758
            ],
            [
              106.83644907716325,
              -7.096484074480429
            ],
            [
              106.83644107139838,
              -7.096515295344545
            ],
            [
              106.83644090952043,
              -7.09651587360861
            ],
            [
              106.83641929611366,
              -7.09658691915098
            ],
            [
              106.83641906318928,
              -7.096587614326893
            ],
            [
              106.83641862881672,
              -7.096588666533705
            ],
            [
              106.83639630044894,
              -7.096636913362829
            ],
            [
              106.83639427697437,
              -7.096641284067971
            ],
            [
              106.8363886373258,
              -7.096653470781007
            ],
            [
              106.83638743133497,
              -7.0966528250677925
            ],
            [
              106.83638643218814,
              -7.096652758517962
            ],
            [
              106.8363659546252,
              -7.096697003363943
            ],
            [
              106.8363653889516,
              -7.096698093342297
            ],
            [
              106.83636510926243,
              -7.096698556493152
            ],
            [
              106.83634988913616,
              -7.0967226196531215
            ],
            [
              106.83633513485864,
              -7.096736741707218
            ],
            [
              106.83633725995662,
              -7.096742587300525
            ],
            [
              106.83630978297015,
              -7.096786030850581
            ],
            [
              106.83628105862402,
              -7.0968240901596005
            ],
            [
              106.83628061795622,
              -7.096824643242655
            ],
            [
              106.83627894431788,
              -7.096826315082353
            ],
            [
              106.83627816550501,
              -7.096826921225386
            ],
            [
              106.83622933411652,
              -7.096862144072645
            ],
            [
              106.83622817489044,
              -7.0968628941072325
            ],
            [
              106.83622655970805,
              -7.0968636873092805
            ],
            [
              106.83614496062148,
              -7.096897286880221
            ],
            [
              106.83608017885723,
              -7.096924604686706
            ],
            [
              106.83604798402729,
              -7.096949311761307
            ],
            [
              106.83603617862678,
              -7.096961739492656
            ],
            [
              106.83601877404726,
              -7.096980059582052
            ],
            [
              106.83599335560893,
              -7.097012954983825
            ],
            [
              106.8359925471184,
              -7.097015321999436
            ],
            [
              106.83598550992343,
              -7.097024429433816
            ],
            [
              106.83597524506155,
              -7.0970544910718445
            ],
            [
              106.83596011846475,
              -7.097118862745276
            ],
            [
              106.83596010317626,
              -7.097118925697828
            ],
            [
              106.83600222742092,
              -7.097173304104672
            ],
            [
              106.83606040816136,
              -7.097249454198902
            ],
            [
              106.83610147750124,
              -7.097305066475599
            ],
            [
              106.83610230937416,
              -7.097306336318297
            ],
            [
              106.83610277072637,
              -7.09730720596275
            ],
            [
              106.83612327167174,
              -7.097349489387398
            ],
            [
              106.83612381126494,
              -7.097350762827375
            ],
            [
              106.8361240702697,
              -7.097351549734185
            ],
            [
              106.83616081476987,
              -7.0974754547283965
            ],
            [
              106.83618489321833,
              -7.097558739144461
            ],
            [
              106.83618509826374,
              -7.09755869687632
            ],
            [
              106.83618533748341,
              -7.097558663601376
            ],
            [
              106.83619578670624,
              -7.097557806547513
            ],
            [
              106.83619983005815,
              -7.097571791904613
            ],
            [
              106.83622440763037,
              -7.09765315357015
            ],
            [
              106.83625131354734,
              -7.097720419261918
            ],
            [
              106.83627113550455,
              -7.097760062277018
            ],
            [
              106.83627174794287,
              -7.097761484105149
            ],
            [
              106.83627187115002,
              -7.097761838438032
            ],
            [
              106.8363024993609,
              -7.097853722171521
            ],
            [
              106.83635758733283,
              -7.0979918670309985
            ],
            [
              106.83638003531047,
              -7.098033436393905
            ],
            [
              106.83641654328892,
              -7.098090323009956
            ],
            [
              106.83642859870093,
              -7.098109728581051
            ],
            [
              106.83645161954666,
              -7.098146785145957
            ],
            [
              106.83645184077989,
              -7.098147154767332
            ],
            [
              106.83645251257343,
              -7.098148479468705
            ],
            [
              106.83646297078951,
              -7.098172247651064
            ],
            [
              106.83649301354183,
              -7.098248279034806
            ],
            [
              106.83653662256717,
              -7.098375357736529
            ],
            [
              106.83655162235954,
              -7.098417988299445
            ],
            [
              106.83655824496708,
              -7.098436812009197
            ],
            [
              106.83655860199792,
              -7.098437996416351
            ],
            [
              106.83657504340357,
              -7.098503196365357
            ],
            [
              106.83659341025776,
              -7.098564512142502
            ],
            [
              106.83659638701369,
              -7.098560631567864
            ],
            [
              106.83659663792457,
              -7.0985603204024414
            ],
            [
              106.83659775308388,
              -7.0985592052430775
            ],
            [
              106.83659831785815,
              -7.098558769071872
            ],
            [
              106.83666315627971,
              -7.098512599676667
            ],
            [
              106.83669103706177,
              -7.0985149550011215
            ],
            [
              106.83660993080372,
              -7.098572708563609
            ],
            [
              106.83659981433004,
              -7.098585893524103
            ],
            [
              106.83661300288782,
              -7.098629921633517
            ],
            [
              106.83663784306208,
              -7.098693528883189
            ],
            [
              106.83667198222628,
              -7.0987793017233685
            ],
            [
              106.83670943719085,
              -7.098862724635012
            ],
            [
              106.83672663942292,
              -7.098900667931446
            ],
            [
              106.83674338120215,
              -7.09893759409465
            ],
            [
              106.83674960630935,
              -7.098951324943641
            ],
            [
              106.8367684300191,
              -7.098994104794031
            ],
            [
              106.83676875827166,
              -7.098994923177088
            ],
            [
              106.83676906224247,
              -7.09899586117001
            ],
            [
              106.83677475585034,
              -7.099015913353696
            ],
            [
              106.83678657294206,
              -7.09906427439671
            ],
            [
              106.83679959962188,
              -7.099062180774979
            ],
            [
              106.83682436785034,
              -7.099058199476303
            ],
            [
              106.8368268625697,
              -7.099057788486107
            ],
            [
              106.83683545379324,
              -7.099056375651173
            ],
            [
              106.8368362856661,
              -7.099056238954233
            ],
            [
              106.83686414216646,
              -7.099051657807706
            ],
            [
              106.83687980655787,
              -7.09904908125003
            ],
            [
              106.83688936635122,
              -7.099047509235106
            ],
            [
              106.83690058899106,
              -7.099045663826303
            ],
            [
              106.83692702995853,
              -7.09904014558623
            ],
            [
              106.83695562300363,
              -7.099029090220313
            ],
            [
              106.83700092005648,
              -7.099011575923441
            ],
            [
              106.83701980042349,
              -7.09900427522706
            ],
            [
              106.83703121371957,
              -7.098999861354457
            ],
            [
              106.83703353486982,
              -7.098998963831093
            ],
            [
              106.83708652742138,
              -7.09897576761756
            ],
            [
              106.83713746232411,
              -7.098949805089376
            ],
            [
              106.83712717228121,
              -7.098934647915598
            ],
            [
              106.83712127632589,
              -7.098925963162628
            ],
            [
              106.83710903655287,
              -7.098899005084945
            ],
            [
              106.8370992285466,
              -7.098877402470123
            ],
            [
              106.83709377595704,
              -7.098865392024152
            ],
            [
              106.8370899466438,
              -7.098850423708029
            ],
            [
              106.83709097546819,
              -7.098834517398984
            ],
            [
              106.83709489921029,
              -7.098826159099929
            ],
            [
              106.83709961345647,
              -7.0988161154713225
            ],
            [
              106.8371051388911,
              -7.098804344245025
            ],
            [
              106.83711460425565,
              -7.0987915244092505
            ],
            [
              106.83712036081607,
              -7.0987860421420805
            ],
            [
              106.83713165270365,
              -7.098783407128508
            ],
            [
              106.83714437811062,
              -7.098781147132172
            ],
            [
              106.837164189276,
              -7.098786972041069
            ],
            [
              106.83717965851451,
              -7.098794086577811
            ],
            [
              106.8371924073038,
              -7.09879936829617
            ],
            [
              106.83720223959176,
              -7.098803442225005
            ],
            [
              106.83720915717691,
              -7.098806307465054
            ],
            [
              106.83722294288458,
              -7.09880983280749
            ],
            [
              106.83723552619864,
              -7.098812120682794
            ],
            [
              106.83727645344561,
              -7.098801387274136
            ],
            [
              106.83728538011627,
              -7.098796049797841
            ],
            [
              106.83729883307473,
              -7.09878800536211
            ],
            [
              106.8373147070082,
              -7.098777451817909
            ],
            [
              106.83733032913142,
              -7.098766704020136
            ],
            [
              106.8373433450194,
              -7.098756694565736
            ],
            [
              106.8373596200505,
              -7.098740800847224
            ],
            [
              106.83736916815263,
              -7.098726660806676
            ],
            [
              106.8373784500555,
              -7.098712915568569
            ],
            [
              106.8373891879607,
              -7.098697013756123
            ],
            [
              106.83740864389387,
              -7.098670540413082
            ],
            [
              106.83741117638476,
              -7.09866722820999
            ],
            [
              106.83741269623903,
              -7.0986652407082715
            ],
            [
              106.83741538161462,
              -7.098662889880416
            ],
            [
              106.83742031259743,
              -7.098659845675286
            ],
            [
              106.83743952571359,
              -7.0986479818188855
            ],
            [
              106.83744771404082,
              -7.09864292672961
            ],
            [
              106.83745839618808,
              -7.098636098177337
            ],
            [
              106.83746492436683,
              -7.09863135964946
            ],
            [
              106.83747341846356,
              -7.098625195696172
            ],
            [
              106.83748017237212,
              -7.098620293491706
            ],
            [
              106.83748917008921,
              -7.098612512557338
            ],
            [
              106.83749641682624,
              -7.0986048926016565
            ],
            [
              106.83750153666665,
              -7.098598537992075
            ],
            [
              106.83751316849799,
              -7.098582432932915
            ],
            [
              106.83751743308312,
              -7.098576527984335
            ],
            [
              106.83752133704013,
              -7.0985711221595125
            ],
            [
              106.83752423015915,
              -7.098567116579147
            ],
            [
              106.83752815569989,
              -7.09856168197598
            ],
            [
              106.83753462542268,
              -7.098543925761533
            ],
            [
              106.83753105421482,
              -7.0985420794533525
            ],
            [
              106.83752476255779,
              -7.098538313092604
            ],
            [
              106.83752184335845,
              -7.098535893916335
            ],
            [
              106.83751660300891,
              -7.098531550190842
            ],
            [
              106.8375130479888,
              -7.09852860221315
            ],
            [
              106.83750911795147,
              -7.098525344868733
            ],
            [
              106.83750661064164,
              -7.098523266535494
            ],
            [
              106.83750331282766,
              -7.09852084196325
            ],
            [
              106.83749657510691,
              -7.098516753645242
            ],
            [
              106.83748822130445,
              -7.098511685066171
            ],
            [
              106.83748198900264,
              -7.098507903416987
            ],
            [
              106.8374792901372,
              -7.098506265751496
            ],
            [
              106.83747313697575,
              -7.098504107378631
            ],
            [
              106.83746838765603,
              -7.098502440035531
            ],
            [
              106.83746118408646,
              -7.0984999588060305
            ],
            [
              106.8374538797928,
              -7.098497580998526
            ],
            [
              106.83744924288828,
              -7.098495474786262
            ],
            [
              106.83744397735774,
              -7.098491659862191
            ],
            [
              106.83744148173906,
              -7.098489851325553
            ],
            [
              106.8374381911197,
              -7.09848746722281
            ],
            [
              106.8374307681155,
              -7.098481988552862
            ],
            [
              106.83742879320431,
              -7.098479815790824
            ],
            [
              106.83742355375404,
              -7.09847405203584
            ],
            [
              106.8374189833994,
              -7.09846902392627
            ],
            [
              106.83741675757739,
              -7.098466575971656
            ],
            [
              106.83741340670343,
              -7.098460447091895
            ],
            [
              106.83740875630912,
              -7.098451939505367
            ],
            [
              106.83740029818529,
              -7.098432328888805
            ],
            [
              106.83739971182729,
              -7.098430746082045
            ],
            [
              106.83739882509576,
              -7.0984275373009496
            ],
            [
              106.8373979167805,
              -7.098423639639236
            ],
            [
              106.83739787091508,
              -7.098418706857785
            ],
            [
              106.83739865962053,
              -7.098415025033319
            ],
            [
              106.83739929274321,
              -7.09841206896175
            ],
            [
              106.83739967765308,
              -7.098410271217006
            ],
            [
              106.83740086026154,
              -7.098407318742716
            ],
            [
              106.83740276232766,
              -7.098403583858271
            ],
            [
              106.8374059486257,
              -7.098397324576808
            ],
            [
              106.83741149834202,
              -7.098387012950241
            ],
            [
              106.83741413155701,
              -7.098382273523043
            ],
            [
              106.83741808947332,
              -7.098375149993103
            ],
            [
              106.83742062016557,
              -7.0983651666190895
            ],
            [
              106.83742132613338,
              -7.098351335945324
            ],
            [
              106.8374213270327,
              -7.098335201208499
            ],
            [
              106.8374213270327,
              -7.098332923225769
            ],
            [
              106.83741896541301,
              -7.098320142060857
            ],
            [
              106.8374168816838,
              -7.098309852018019
            ],
            [
              106.83741555248582,
              -7.0983032833697735
            ],
            [
              106.83741400025599,
              -7.098295620246631
            ],
            [
              106.83741246421391,
              -7.098288030867877
            ],
            [
              106.83741000007149,
              -7.098273298174149
            ],
            [
              106.83740808721353,
              -7.098261271540423
            ],
            [
              106.83740671394872,
              -7.098252637149415
            ],
            [
              106.83740588387451,
              -7.098244080100187
            ],
            [
              106.83740584070705,
              -7.098237633759766
            ],
            [
              106.83740579933823,
              -7.098231567832556
            ],
            [
              106.83740562217179,
              -7.0982053112260814
            ],
            [
              106.83740652239317,
              -7.098201319135512
            ],
            [
              106.83740800807317,
              -7.098194734299511
            ],
            [
              106.83741051808101,
              -7.098183606088526
            ],
            [
              106.83741297323019,
              -7.098172721593755
            ],
            [
              106.8374180031384,
              -7.098160043850896
            ],
            [
              106.8374208396001,
              -7.098154623636901
            ],
            [
              106.83742422554764,
              -7.09814815301479
            ],
            [
              106.83742571752293,
              -7.098145301264594
            ],
            [
              106.83744384245944,
              -7.098118773062879
            ],
            [
              106.83744886427371,
              -7.0981106422922835
            ],
            [
              106.83745257757448,
              -7.0981034045484535
            ],
            [
              106.83745454798907,
              -7.098099565342636
            ],
            [
              106.8374586219179,
              -7.0980886556668565
            ],
            [
              106.83745967952063,
              -7.098079806337921
            ],
            [
              106.83745995920981,
              -7.098069681770369
            ],
            [
              106.83745827567896,
              -7.0980568034786415
            ],
            [
              106.83745724055927,
              -7.098048891243309
            ],
            [
              106.83745527733925,
              -7.098033954403434
            ],
            [
              106.83744868261067,
              -7.097985105927876
            ],
            [
              106.83744712138758,
              -7.097973543344324
            ],
            [
              106.83744524270384,
              -7.097964046503478
            ],
            [
              106.83744480473399,
              -7.0979618359698975
            ],
            [
              106.83744426693943,
              -7.0979596281342765
            ],
            [
              106.83744264456243,
              -7.097952973151166
            ],
            [
              106.83743665957422,
              -7.097930638488151
            ],
            [
              106.83743195342197,
              -7.097918244931009
            ],
            [
              106.83742611232526,
              -7.097906935056983
            ],
            [
              106.83742095920996,
              -7.097899368161279
            ],
            [
              106.83741731155976,
              -7.097894012698475
            ],
            [
              106.83741161795189,
              -7.0978856526007235
            ],
            [
              106.83739951127848,
              -7.097865897193344
            ],
            [
              106.8373922015889,
              -7.097853246430134
            ],
            [
              106.83738841454374,
              -7.097842906025221
            ],
            [
              106.83738655834304,
              -7.097837834748248
            ],
            [
              106.83738543688844,
              -7.097834772556666
            ],
            [
              106.83737992404434,
              -7.097829029486093
            ],
            [
              106.83737737266767,
              -7.097826957448092
            ],
            [
              106.83736813213363,
              -7.097823002229745
            ],
            [
              106.83736421108955,
              -7.097821671233078
            ],
            [
              106.83735250101716,
              -7.097816161086939
            ],
            [
              106.83734432438115,
              -7.097811630302431
            ],
            [
              106.83734297000211,
              -7.097810879368524
            ],
            [
              106.83732927692466,
              -7.0978005173799374
            ],
            [
              106.8373259413392,
              -7.097794623223251
            ],
            [
              106.83732367324899,
              -7.097782147827786
            ],
            [
              106.83732367324899,
              -7.0977750251972225
            ],
            [
              106.83732367324899,
              -7.097765343995377
            ],
            [
              106.83732367324899,
              -7.097755663692851
            ],
            [
              106.83732367324899,
              -7.097745314294798
            ],
            [
              106.83732760058837,
              -7.097721316785282
            ],
            [
              106.83732826518735,
              -7.097717252748964
            ],
            [
              106.83733141821045,
              -7.097697493744306
            ],
            [
              106.83733199197792,
              -7.097686019294315
            ],
            [
              106.83733281935417,
              -7.097669460077498
            ],
            [
              106.83733327531047,
              -7.097660342750544
            ],
            [
              106.83733344618167,
              -7.097656934320014
            ],
            [
              106.83733395339931,
              -7.097646805255806
            ],
            [
              106.83733451637488,
              -7.097635346094307
            ],
            [
              106.83733499121695,
              -7.097625688274832
            ],
            [
              106.83733563513152,
              -7.097612593246538
            ],
            [
              106.83733665766067,
              -7.0975870021383685
            ],
            [
              106.83733669813017,
              -7.097584725054958
            ],
            [
              106.83733680874678,
              -7.09757856200099
            ],
            [
              106.8373395175048,
              -7.09756924862188
            ],
            [
              106.83734163990482,
              -7.097561901160759
            ],
            [
              106.83734405098721,
              -7.097553139066065
            ],
            [
              106.83734679481881,
              -7.097543172779126
            ],
            [
              106.83734968344118,
              -7.097532676791559
            ],
            [
              106.8373512419663,
              -7.097518739997781
            ],
            [
              106.8373521835565,
              -7.097509324095995
            ],
            [
              106.83735240928632,
              -7.097507069495634
            ],
            [
              106.83735285984665,
              -7.097502558496217
            ],
            [
              106.83735382571854,
              -7.097496281228359
            ],
            [
              106.83735612348636,
              -7.097483756370195
            ],
            [
              106.83735818293388,
              -7.0974725346297305
            ],
            [
              106.83736206620642,
              -7.097463027896367
            ],
            [
              106.83736293495156,
              -7.097461387532974
            ],
            [
              106.83736556007261,
              -7.097456434966432
            ],
            [
              106.83736946043234,
              -7.097449075814154
            ],
            [
              106.83737200191644,
              -7.0974442797297
            ],
            [
              106.83737462613817,
              -7.097439327163158
            ],
            [
              106.83737860114161,
              -7.097431827716605
            ],
            [
              106.83738543958646,
              -7.097418922445286
            ],
            [
              106.83738901708955,
              -7.097412173932639
            ],
            [
              106.83739163141871,
              -7.097407240251869
            ],
            [
              106.83739424484855,
              -7.097403553031484
            ],
            [
              106.83739840241441,
              -7.097397687653142
            ],
            [
              106.83740138816358,
              -7.097393475228671
            ],
            [
              106.83740462752161,
              -7.097388905773357
            ],
            [
              106.83740700173183,
              -7.097385556698043
            ],
            [
              106.83740998748101,
              -7.097381344273572
            ],
            [
              106.83741788262927,
              -7.097362841621816
            ],
            [
              106.8374200841696,
              -7.097357997873246
            ],
            [
              106.83742253752013,
              -7.097352601041678
            ],
            [
              106.83742343054695,
              -7.097350636922329
            ],
            [
              106.83742578407276,
              -7.097344320983552
            ],
            [
              106.83742728863854,
              -7.097339844158455
            ],
            [
              106.8374289973504,
              -7.097334761190211
            ],
            [
              106.83743062961992,
              -7.097329904851165
            ],
            [
              106.83743144530501,
              -7.097327476681642
            ],
            [
              106.83743369091218,
              -7.097323446819587
            ],
            [
              106.83743614156475,
              -7.097319849531402
            ],
            [
              106.83743721175796,
              -7.097318279315118
            ],
            [
              106.83743943128479,
              -7.0973150201720046
            ],
            [
              106.83744088009263,
              -7.097312894174706
            ],
            [
              106.83744263466991,
              -7.097308048627497
            ],
            [
              106.8374445016625,
              -7.097302891015545
            ],
            [
              106.83744472829164,
              -7.09730086933962
            ],
            [
              106.83744447648144,
              -7.09729920289584
            ],
            [
              106.83744421118143,
              -7.0972974429225815
            ],
            [
              106.83744397825706,
              -7.097295903283282
            ],
            [
              106.83744371565501,
              -7.097294160397155
            ],
            [
              106.83744335412757,
              -7.097291764603199
            ],
            [
              106.8374420788889,
              -7.09728945784218
            ],
            [
              106.83744081534144,
              -7.097287171765515
            ],
            [
              106.83744003293123,
              -7.097285757131942
            ],
            [
              106.83743935574171,
              -7.097284531355967
            ],
            [
              106.83743886291325,
              -7.09728224168208
            ],
            [
              106.83743784398138,
              -7.097277510348761
            ],
            [
              106.83743705077933,
              -7.09727383032299
            ],
            [
              106.83743685562644,
              -7.097268627744938
            ],
            [
              106.83743707236306,
              -7.097263972854023
            ],
            [
              106.83743883773224,
              -7.097259306271894
            ],
            [
              106.83744247279196,
              -7.097254422053879
            ],
            [
              106.83745096149272,
              -7.097246641119568
            ],
            [
              106.83745577826164,
              -7.097242662518795
            ],
            [
              106.83745627019078,
              -7.097242303689313
            ],
            [
              106.83746006622914,
              -7.09723953557608
            ],
            [
              106.83746498012482,
              -7.097235950878371
            ],
            [
              106.83746938050757,
              -7.097232741198013
            ],
            [
              106.83747499497508,
              -7.097228645685391
            ],
            [
              106.83748615376305,
              -7.097220506820861
            ],
            [
              106.83749552559811,
              -7.09721367017471
            ],
            [
              106.83750329214325,
              -7.097207709468194
            ],
            [
              106.83751056136339,
              -7.097200760406736
            ],
            [
              106.83751938011534,
              -7.097192331960514
            ],
            [
              106.83753298865656,
              -7.097177998565712
            ],
            [
              106.83753734317389,
              -7.097172707854156
            ],
            [
              106.8375437346557,
              -7.0971649422082805
            ],
            [
              106.83754943815609,
              -7.097158013831233
            ],
            [
              106.83755300127007,
              -7.097148457635171
            ],
            [
              106.83755462634497,
              -7.097142433076783
            ],
            [
              106.83755574510161,
              -7.0971366198591
            ],
            [
              106.8375570365281,
              -7.097123876465673
            ],
            [
              106.83755756802742,
              -7.09711863161948
            ],
            [
              106.83755968323288,
              -7.09709777544191
            ],
            [
              106.83756048362949,
              -7.097081506706104
            ],
            [
              106.83755979744677,
              -7.097062738754346
            ],
            [
              106.83755879919926,
              -7.097045954706971
            ],
            [
              106.8375570904874,
              -7.097036478550592
            ],
            [
              106.83755510208636,
              -7.097025447466365
            ],
            [
              106.83755357413821,
              -7.097016970456764
            ],
            [
              106.83755263434665,
              -7.097011756187555
            ],
            [
              106.8375512610819,
              -7.097004137131194
            ],
            [
              106.83754928706998,
              -7.096993190583248
            ],
            [
              106.83754838145268,
              -7.096985424038053
            ],
            [
              106.83754762242489,
              -7.09697891294644
            ],
            [
              106.83754873578556,
              -7.096974679837558
            ],
            [
              106.8375434900401,
              -7.096971873952782
            ],
            [
              106.8375416985906,
              -7.096970915275449
            ],
            [
              106.83753902130883,
              -7.096969484454121
            ],
            [
              106.83753533858504,
              -7.096967514938797
            ],
            [
              106.83753467938203,
              -7.096965272029649
            ],
            [
              106.83753386909285,
              -7.096962518305531
            ],
            [
              106.83753295897895,
              -7.096959424637703
            ],
            [
              106.83753343472029,
              -7.096953713942696
            ],
            [
              106.83753462452336,
              -7.09695097730571
            ],
            [
              106.83753819393257,
              -7.09694276919339
            ],
            [
              106.83754723571644,
              -7.09692896729797
            ],
            [
              106.83755447975551,
              -7.096919040581213
            ],
            [
              106.83756008522982,
              -7.096911360370939
            ],
            [
              106.83756817553092,
              -7.096889943915755
            ],
            [
              106.83756882574079,
              -7.096872720099896
            ],
            [
              106.83756627166616,
              -7.096857583610529
            ],
            [
              106.83754844890183,
              -7.0968511003979415
            ],
            [
              106.83754690566525,
              -7.096850373745724
            ],
            [
              106.83754443252963,
              -7.096847063341272
            ],
            [
              106.83753977314205,
              -7.09684082474422
            ],
            [
              106.83753825868376,
              -7.096832890925157
            ],
            [
              106.83753840797124,
              -7.096826487752139
            ],
            [
              106.83753891518887,
              -7.096804687286465
            ],
            [
              106.83753914541529,
              -7.096794766864946
            ],
            [
              106.83753883514919,
              -7.096778005300678
            ],
            [
              106.8375386696739,
              -7.096769039059836
            ],
            [
              106.83753819393257,
              -7.09674336971068
            ],
            [
              106.83754175075126,
              -7.096724161091117
            ],
            [
              106.83754632200521,
              -7.096699477398943
            ],
            [
              106.83754778340352,
              -7.096691585847964
            ],
            [
              106.83755785491115,
              -7.096658975531227
            ],
            [
              106.83756591013872,
              -7.096638070790277
            ],
            [
              106.83757001194658,
              -7.0966274273138765
            ],
            [
              106.83757767956632,
              -7.096616162405951
            ],
            [
              106.83758921696887,
              -7.096599329795197
            ],
            [
              106.83759660040283,
              -7.096588556816414
            ],
            [
              106.83760157275447,
              -7.096582936053608
            ],
            [
              106.83761054798845,
              -7.096575791839257
            ],
            [
              106.83762265915846,
              -7.096566152905609
            ],
            [
              106.83763132412639,
              -7.096559256004809
            ],
            [
              106.8376457456547,
              -7.096547777957539
            ],
            [
              106.8376604729525,
              -7.096535785498077
            ],
            [
              106.83766792833228,
              -7.096529714174949
            ],
            [
              106.8376790583419,
              -7.096520651706669
            ],
            [
              106.83768731591698,
              -7.096504559237985
            ],
            [
              106.83769341242112,
              -7.0964926800930925
            ],
            [
              106.837695252434,
              -7.096487738318444
            ],
            [
              106.83769985336562,
              -7.096475382532844
            ],
            [
              106.83770428072802,
              -7.0964573592196984
            ],
            [
              106.83770367008839,
              -7.096442915208343
            ],
            [
              106.83770316556871,
              -7.096430977607497
            ],
            [
              106.83770346953958,
              -7.096412188071952
            ],
            [
              106.83770430321107,
              -7.0963968186582065
            ],
            [
              106.83770473758364,
              -7.096388807497419
            ],
            [
              106.8377057924884,
              -7.09636934886629
            ],
            [
              106.83770628801483,
              -7.096360201861785
            ],
            [
              106.83770678533995,
              -7.096351032374173
            ],
            [
              106.83770620707588,
              -7.096350834523321
            ],
            [
              106.83770297221446,
              -7.096349463956528
            ],
            [
              106.83769694046151,
              -7.096345233545662
            ],
            [
              106.83768905520577,
              -7.096339704513696
            ],
            [
              106.83768969372443,
              -7.096338114512321
            ],
            [
              106.83769375236483,
              -7.096328000736605
            ],
            [
              106.83769818422388,
              -7.0963169606591805
            ],
            [
              106.83770441112972,
              -7.096301284576555
            ],
            [
              106.83770665134097,
              -7.096295510929053
            ],
            [
              106.8377182966621,
              -7.096265491559166
            ],
            [
              106.83772585456461,
              -7.096248565418932
            ],
            [
              106.83773462924978,
              -7.096237864385898
            ],
            [
              106.83773977337188,
              -7.09623159071532
            ],
            [
              106.83774348487401,
              -7.09622706532673
            ],
            [
              106.83775246910125,
              -7.09622133035009
            ],
            [
              106.8377576608874,
              -7.096218016348303
            ],
            [
              106.83776585101327,
              -7.096212788589298
            ],
            [
              106.8377745897256,
              -7.0962031208773055
            ],
            [
              106.83777905935614,
              -7.096198175505322
            ],
            [
              106.83780102349851,
              -7.096180915716616
            ],
            [
              106.83782066738996,
              -7.096169983557843
            ],
            [
              106.83784868756692,
              -7.096156410090202
            ],
            [
              106.83786540596378,
              -7.096153476501684
            ],
            [
              106.83788178441688,
              -7.096155352487472
            ],
            [
              106.83789284248076,
              -7.096156619632268
            ],
            [
              106.83790957077014,
              -7.09615853698682
            ],
            [
              106.83792832703074,
              -7.096148395332136
            ],
            [
              106.83793149084568,
              -7.09614484750665
            ],
            [
              106.83793682562407,
              -7.096138866115723
            ],
            [
              106.8379415461655,
              -7.096127644375258
            ],
            [
              106.83794344103705,
              -7.096114733707964
            ],
            [
              106.83794610842625,
              -7.096096560208025
            ],
            [
              106.83794795023778,
              -7.096084016464147
            ],
            [
              106.83794755633471,
              -7.0960626557669
            ],
            [
              106.83794722178692,
              -7.0960506111467225
            ],
            [
              106.83794478732216,
              -7.096024357238264
            ],
            [
              106.83794406876382,
              -7.096021670063976
            ],
            [
              106.83794289874584,
              -7.0960172957615555
            ],
            [
              106.83793938509461,
              -7.096004157565744
            ],
            [
              106.83793574463897,
              -7.095990546326618
            ],
            [
              106.83792724694496,
              -7.095971051722586
            ],
            [
              106.83792132670794,
              -7.095957469261748
            ],
            [
              106.83791310510577,
              -7.0959462691050135
            ],
            [
              106.8379054051104,
              -7.0959377372367385
            ],
            [
              106.83789601349031,
              -7.095930943757992
            ],
            [
              106.83788951678781,
              -7.095927695406772
            ],
            [
              106.83788196877788,
              -7.095923921851465
            ],
            [
              106.83787577514698,
              -7.095924055850446
            ],
            [
              106.8378689438967,
              -7.0959242042385995
            ],
            [
              106.83786007837995,
              -7.095924397592853
            ],
            [
              106.83784563616723,
              -7.095930683853908
            ],
            [
              106.83783792178275,
              -7.095934041922476
            ],
            [
              106.83783370666032,
              -7.095935876539443
            ],
            [
              106.83781962687436,
              -7.095942005419147
            ],
            [
              106.83780049469715,
              -7.09594503883244
            ],
            [
              106.83779093220579,
              -7.0959465550894265
            ],
            [
              106.83778060439141,
              -7.095948192754861
            ],
            [
              106.83776251992441,
              -7.0959477161141535
            ],
            [
              106.83774739962286,
              -7.095941235599469
            ],
            [
              106.8377394595085,
              -7.095937832564857
            ],
            [
              106.83772587614834,
              -7.095932011253296
            ],
            [
              106.83771551685766,
              -7.095927932827806
            ],
            [
              106.83769953050898,
              -7.09592163667412
            ],
            [
              106.83768708299255,
              -7.0959207319561415
            ],
            [
              106.83767937400398,
              -7.095920170779209
            ],
            [
              106.83765765267862,
              -7.095918591569671
            ],
            [
              106.83764424648484,
              -7.095919534059192
            ],
            [
              106.8376237266537,
              -7.09592097747111
            ],
            [
              106.83760176161206,
              -7.095921415440898
            ],
            [
              106.83758811889663,
              -7.095920266107328
            ],
            [
              106.83757275308017,
              -7.095918972882259
            ],
            [
              106.83756476260379,
              -7.095915434949291
            ],
            [
              106.83756024261118,
              -7.095913433957776
            ],
            [
              106.83754469603093,
              -7.095906550546829
            ],
            [
              106.83753026101277,
              -7.095900159065025
            ],
            [
              106.83751834319702,
              -7.095892982475107
            ],
            [
              106.83749939807882,
              -7.095876660679323
            ],
            [
              106.8374902034102,
              -7.095868738551417
            ],
            [
              106.83748197551284,
              -7.095861650095003
            ],
            [
              106.83747338698726,
              -7.095854250473224
            ],
            [
              106.83747046778791,
              -7.095848494812117
            ],
            [
              106.83746701259264,
              -7.095841679749697
            ],
            [
              106.83746338292883,
              -7.095834522045493
            ],
            [
              106.83745924334949,
              -7.0958220799250284
            ],
            [
              106.83745815876705,
              -7.095809326639085
            ],
            [
              106.83745915791388,
              -7.095800472813551
            ],
            [
              106.83746039628033,
              -7.095789507379834
            ],
            [
              106.83746107346985,
              -7.095783508002455
            ],
            [
              106.8374626508807,
              -7.095769537034471
            ],
            [
              106.83746348814952,
              -7.09576211852692
            ],
            [
              106.83746417972816,
              -7.095746221211073
            ],
            [
              106.83746194491289,
              -7.095719576097508
            ],
            [
              106.83745815876705,
              -7.0956966352914606
            ],
            [
              106.83745601568262,
              -7.095687146544549
            ],
            [
              106.8374551990982,
              -7.0956835285719535
            ],
            [
              106.83745282848531,
              -7.09567303168501
            ],
            [
              106.837453173825,
              -7.09565645897834
            ],
            [
              106.83743956978037,
              -7.095605883804467
            ],
            [
              106.8374376857007,
              -7.09555047837182
            ],
            [
              106.8374148707997,
              -7.095482034568192
            ],
            [
              106.83739465583875,
              -7.095415948786979
            ],
            [
              106.83739515226455,
              -7.0953970971982585
            ],
            [
              106.83739510010383,
              -7.095394250843981
            ],
            [
              106.83739503715128,
              -7.095390814534426
            ],
            [
              106.83739485998484,
              -7.095381136929859
            ],
            [
              106.8373945793964,
              -7.095365795395082
            ],
            [
              106.83739464144958,
              -7.0953588526289195
            ],
            [
              106.83739470170417,
              -7.095352029472508
            ],
            [
              106.83739474307299,
              -7.095347484298941
            ],
            [
              106.8373947727506,
              -7.095344067774477
            ],
            [
              106.83739495980961,
              -7.095323155838912
            ],
            [
              106.83739549670486,
              -7.095316410923601
            ],
            [
              106.83739691403639,
              -7.095298584561988
            ],
            [
              106.83739762450085,
              -7.09528965249541
            ],
            [
              106.83739519723065,
              -7.0952781690522215
            ],
            [
              106.83739493732656,
              -7.095276942376927
            ],
            [
              106.83739223486378,
              -7.0952641585140555
            ],
            [
              106.83739031031462,
              -7.095255054677011
            ],
            [
              106.83738703408443,
              -7.095239559358106
            ],
            [
              106.83738328391149,
              -7.095217093394126
            ],
            [
              106.8373826238091,
              -7.095201745564054
            ],
            [
              106.83738280547215,
              -7.0951831008193835
            ],
            [
              106.83738901708955,
              -7.095142643917825
            ],
            [
              106.83739186164519,
              -7.095121416320239
            ],
            [
              106.83739438244487,
              -7.095109107299436
            ],
            [
              106.8374014583107,
              -7.095074793666754
            ],
            [
              106.8374042875779,
              -7.095059891900462
            ],
            [
              106.83741583577228,
              -7.095061541257053
            ],
            [
              106.83741668832954,
              -7.095052010242057
            ],
            [
              106.83741745904854,
              -7.095043383944983
            ],
            [
              106.83741801033295,
              -7.095037225387614
            ],
            [
              106.83741942136925,
              -7.095021439587697
            ],
            [
              106.83741700129366,
              -7.0950126064465735
            ],
            [
              106.83741541758752,
              -7.095006826503777
            ],
            [
              106.83741180680948,
              -7.094993647838521
            ],
            [
              106.8374076339552,
              -7.094977411478283
            ],
            [
              106.83740366254904,
              -7.094961958427575
            ],
            [
              106.83739959041884,
              -7.0949461159704015
            ],
            [
              106.83739557134862,
              -7.094930478558695
            ],
            [
              106.83738929228207,
              -7.094907158238698
            ],
            [
              106.83738532357387,
              -7.094894518267381
            ],
            [
              106.83738068397145,
              -7.094879741506816
            ],
            [
              106.8373722950954,
              -7.094853019051527
            ],
            [
              106.837370308493,
              -7.094846692320971
            ],
            [
              106.83736624985261,
              -7.09483062143596
            ],
            [
              106.83736428843122,
              -7.094822853092126
            ],
            [
              106.8373619663817,
              -7.094813659322881
            ],
            [
              106.83735939791796,
              -7.094803489789172
            ],
            [
              106.83735859842062,
              -7.094800318779619
            ],
            [
              106.83735695985587,
              -7.094798429304035
            ],
            [
              106.83735324835379,
              -7.094794146732454
            ],
            [
              106.83735084716392,
              -7.094794030719868
            ],
            [
              106.83734848284627,
              -7.094793916505978
            ],
            [
              106.83734693151575,
              -7.09479384186227
            ],
            [
              106.83732920318022,
              -7.094792983909031
            ],
            [
              106.8373239187639,
              -7.094792728501545
            ],
            [
              106.83731129048374,
              -7.094792741991398
            ],
            [
              106.83730280178293,
              -7.094793289678535
            ],
            [
              106.8372804077647,
              -7.094797672074833
            ],
            [
              106.83727820442567,
              -7.0947999914264415
            ],
            [
              106.83727240469779,
              -7.094806096923776
            ],
            [
              106.83726546462952,
              -7.094813107139146
            ],
            [
              106.83726483240616,
              -7.094813724074072
            ],
            [
              106.83726159934338,
              -7.094816876197854
            ],
            [
              106.8372544758135,
              -7.094823821661976
            ],
            [
              106.83724072517936,
              -7.094836467928587
            ],
            [
              106.8372331375993,
              -7.094842716418157
            ],
            [
              106.83722649160939,
              -7.094848189692129
            ],
            [
              106.83719682657232,
              -7.094861029312995
            ],
            [
              106.837163602918,
              -7.094872486675854
            ],
            [
              106.83715268514834,
              -7.094876251237963
            ],
            [
              106.83712448510698,
              -7.094888676271353
            ],
            [
              106.8371020371294,
              -7.0949043820315865
            ],
            [
              106.83709025601058,
              -7.094914152266256
            ],
            [
              106.83707810616971,
              -7.094922193104708
            ],
            [
              106.8370542705382,
              -7.094933162135703
            ],
            [
              106.8370342444349,
              -7.0949392712303165
            ],
            [
              106.83699693875775,
              -7.094950653050148
            ],
            [
              106.83694915238152,
              -7.094962071742145
            ],
            [
              106.83692239755067,
              -7.094968259977179
            ],
            [
              106.83689230353701,
              -7.094973339348087
            ],
            [
              106.83687951697618,
              -7.094974491379617
            ],
            [
              106.83685286736602,
              -7.094976891670171
            ],
            [
              106.83680987617493,
              -7.094973313267758
            ],
            [
              106.83680197653007,
              -7.09497669112136
            ],
            [
              106.83679179170787,
              -7.09498104653801
            ],
            [
              106.8367774259375,
              -7.094981677862108
            ],
            [
              106.83675954201931,
              -7.094981128376332
            ],
            [
              106.83673560296575,
              -7.094980913438349
            ],
            [
              106.83672609982972,
              -7.094979584240377
            ],
            [
              106.8367109768302,
              -7.094975046261311
            ],
            [
              106.83668488030304,
              -7.094967215864301
            ],
            [
              106.83666238825867,
              -7.094960466452335
            ],
            [
              106.83663786374649,
              -7.0949531073
            ],
            [
              106.83661567027701,
              -7.094946904675851
            ],
            [
              106.83660629394535,
              -7.0949421715439485
            ],
            [
              106.83659538337031,
              -7.094936662297073
            ],
            [
              106.83658516167594,
              -7.094931501087842
            ],
            [
              106.8365762916626,
              -7.094927023363368
            ],
            [
              106.83655617652636,
              -7.0949216714979
            ],
            [
              106.83653802550953,
              -7.0949186920439615
            ],
            [
              106.83652110026861,
              -7.094917193773426
            ],
            [
              106.83650401314975,
              -7.094916392477501
            ],
            [
              106.83648502036743,
              -7.09491475391269
            ],
            [
              106.83645836536135,
              -7.09491159459435
            ],
            [
              106.83640979927287,
              -7.094906075454958
            ],
            [
              106.83638754105226,
              -7.094904051980393
            ],
            [
              106.83635004561819,
              -7.094900327887785
            ],
            [
              106.83632516767238,
              -7.094897400594505
            ],
            [
              106.83628330782847,
              -7.094897324152157
            ],
            [
              106.83625069751173,
              -7.094898759470141
            ],
            [
              106.83623698105191,
              -7.094899363814534
            ],
            [
              106.83621352673293,
              -7.0948975867542
            ],
            [
              106.83620764696542,
              -7.094896003947383
            ],
            [
              106.83619078737502,
              -7.094885222874666
            ],
            [
              106.83618277621423,
              -7.094877816058329
            ],
            [
              106.83616855973133,
              -7.094864672466599
            ],
            [
              106.83615431177213,
              -7.094855801553933
            ],
            [
              106.83614758124594,
              -7.094852193473912
            ],
            [
              106.8361404936889,
              -7.0948483938382765
            ],
            [
              106.83612606226802,
              -7.094840656970689
            ],
            [
              106.83608902458889,
              -7.094816675649042
            ],
            [
              106.8360576139678,
              -7.094793654803254
            ],
            [
              106.83604383455537,
              -7.094783556316031
            ],
            [
              106.83603435030506,
              -7.094776605455934
            ],
            [
              106.83602599560328,
              -7.094770481972091
            ],
            [
              106.83601195718614,
              -7.0947641012821805
            ],
            [
              106.83596986351847,
              -7.094753550435939
            ],
            [
              106.83594816197814,
              -7.09474811043691
            ],
            [
              106.83592974476198,
              -7.094749298441343
            ],
            [
              106.8359073759247,
              -7.094758885214333
            ],
            [
              106.83590231184229,
              -7.094761055278411
            ],
            [
              106.83588517885795,
              -7.094771334529412
            ],
            [
              106.8358847022173,
              -7.0947710692294095
            ],
            [
              106.83588238376507,
              -7.094769777802981
            ],
            [
              106.83586418238616,
              -7.094759642443478
            ],
            [
              106.83585019433104,
              -7.094751853415232
            ],
            [
              106.8358388880543,
              -7.094745557261604
            ],
            [
              106.8358244602307,
              -7.094737523617766
            ],
            [
              106.83580177303344,
              -7.094724889941688
            ],
            [
              106.83579140654825,
              -7.094719118092769
            ],
            [
              106.83576443048412,
              -7.094704096716669
            ],
            [
              106.83575375733011,
              -7.094702662298005
            ],
            [
              106.83564824527036,
              -7.094885365866901
            ],
            [
              106.83564711392324,
              -7.094887323691012
            ],
            [
              106.83564503918728,
              -7.094886392892647
            ],
            [
              106.83549564111098,
              -7.094819372715847
            ],
            [
              106.8354938667486,
              -7.094819811585012
            ],
            [
              106.83549322553199,
              -7.094814895890693
            ],
            [
              106.83548938093026,
              -7.094820920449081
            ],
            [
              106.83547743433621,
              -7.094823872923371
            ],
            [
              106.83547337929309,
              -7.094821505008383
            ],
            [
              106.83547072449443,
              -7.09481995457719
            ],
            [
              106.83546971545508,
              -7.094819365521232
            ],
            [
              106.83546743207637,
              -7.094818032725982
            ],
            [
              106.83545833813184,
              -7.094812724027918
            ],
            [
              106.83545336398163,
              -7.094809819217744
            ],
            [
              106.83545951624376,
              -7.0948014123552525
            ],
            [
              106.83543929139023,
              -7.094789514324589
            ],
            [
              106.83543651518306,
              -7.094792687132781
            ],
            [
              106.8354436432096,
              -7.09480414449564
            ],
            [
              106.83543615905154,
              -7.094799775589138
            ],
            [
              106.83541980757809,
              -7.094790229285593
            ],
            [
              106.83541237018477,
              -7.094785887358796
            ],
            [
              106.83540019516295,
              -7.094775044232847
            ],
            [
              106.83539862314802,
              -7.094769632112786
            ],
            [
              106.83539688835577,
              -7.094763659715056
            ],
            [
              106.83539613562323,
              -7.094761067868944
            ],
            [
              106.83539686407408,
              -7.094750279601669
            ],
            [
              106.83539702775067,
              -7.094749458520653
            ],
            [
              106.83539827241242,
              -7.094743211829723
            ],
            [
              106.83540023833041,
              -7.094733352562116
            ],
            [
              106.83540190837141,
              -7.094724972679273
            ],
            [
              106.83540649401453,
              -7.094701971618633
            ],
            [
              106.83540832683286,
              -7.09469277425211
            ],
            [
              106.835349145147,
              -7.094643779187038
            ]
          ]
        ]
      }
    },
    {
      "type": "Feature",
      "properties": {
        "id": "EKSISTING_04",
        "nama": "Blok Eksisting 4",
        "kategori": "Eksisting",
        "warna": "#2563eb",
        "luas_ha": 5.196,
        "luas_m2": 51964.7
      },
      "geometry": {
        "type": "Polygon",
        "coordinates": [
          [
            [
              106.83581466031836,
              -7.100383787581677
            ],
            [
              106.83581532671599,
              -7.100383138271184
            ],
            [
              106.83587343551068,
              -7.100332019007396
            ],
            [
              106.83587413518325,
              -7.100331474018276
            ],
            [
              106.83587889979145,
              -7.1003281330368395
            ],
            [
              106.8358831967522,
              -7.100325119408694
            ],
            [
              106.8359054001142,
              -7.100309547647441
            ],
            [
              106.83590595139862,
              -7.100309190616599
            ],
            [
              106.83594560970221,
              -7.1002854727962585
            ],
            [
              106.83594565197035,
              -7.100285409843764
            ],
            [
              106.83594649553442,
              -7.100284144497607
            ],
            [
              106.8359473957558,
              -7.100282943902698
            ],
            [
              106.83594906939408,
              -7.100281272063
            ],
            [
              106.83594964496018,
              -7.100280816106704
            ],
            [
              106.83598497302813,
              -7.100254320280612
            ],
            [
              106.83600244415754,
              -7.1002373338857865
            ],
            [
              106.83600328952025,
              -7.100229306537244
            ],
            [
              106.83600010232294,
              -7.100215923725841
            ],
            [
              106.83598137304199,
              -7.100173002681856
            ],
            [
              106.83598106097725,
              -7.100172222070341
            ],
            [
              106.83598085503252,
              -7.1001716105313335
            ],
            [
              106.83595443744741,
              -7.100086755899042
            ],
            [
              106.83595412628199,
              -7.10008556699529
            ],
            [
              106.83593016294674,
              -7.099973741694782
            ],
            [
              106.83592349717173,
              -7.0999474464174455
            ],
            [
              106.83589030499365,
              -7.099891097596014
            ],
            [
              106.83583584654713,
              -7.099812172193936
            ],
            [
              106.83580073251784,
              -7.099773240542561
            ],
            [
              106.83575808936439,
              -7.099744553068604
            ],
            [
              106.83575694542674,
              -7.099743693316725
            ],
            [
              106.8357552717884,
              -7.099742021477084
            ],
            [
              106.83575410626707,
              -7.099740406294643
            ],
            [
              106.83568366057256,
              -7.099625932490767
            ],
            [
              106.83568341235963,
              -7.099625510708734
            ],
            [
              106.83560875514002,
              -7.099491090841127
            ],
            [
              106.83551645681911,
              -7.099341254795036
            ],
            [
              106.83551626166621,
              -7.099340928341121
            ],
            [
              106.83551594960147,
              -7.099340357271615
            ],
            [
              106.83547654940327,
              -7.099263944575341
            ],
            [
              106.83543811867429,
              -7.0992010585819685
            ],
            [
              106.83539402761232,
              -7.099159287770874
            ],
            [
              106.83532468358732,
              -7.099099508935126
            ],
            [
              106.83527961406298,
              -7.099061555746175
            ],
            [
              106.83524714493984,
              -7.099039162627207
            ],
            [
              106.83520576533385,
              -7.09902718455686
            ],
            [
              106.83518207089594,
              -7.099028172012481
            ],
            [
              106.83511838540522,
              -7.099060014308179
            ],
            [
              106.83501928820965,
              -7.09913084041591
            ],
            [
              106.83498316783897,
              -7.099156641066088
            ],
            [
              106.83497933492845,
              -7.099159378602394
            ],
            [
              106.83493102964337,
              -7.099193881991994
            ],
            [
              106.83492997653724,
              -7.099194563678111
            ],
            [
              106.83483778973226,
              -7.099248314358192
            ],
            [
              106.83483568352005,
              -7.099249304511773
            ],
            [
              106.83478371979288,
              -7.0992685086347365
            ],
            [
              106.83478252639253,
              -7.0992693441049255
            ],
            [
              106.83478038061014,
              -7.099270343251703
            ],
            [
              106.83477809453348,
              -7.099270954790711
            ],
            [
              106.83477573651112,
              -7.099271160735441
            ],
            [
              106.83477337938803,
              -7.099270954790711
            ],
            [
              106.83477109331136,
              -7.099270343251703
            ],
            [
              106.83476894752897,
              -7.0992693441049255
            ],
            [
              106.83476700948995,
              -7.099267987927249
            ],
            [
              106.83476533585161,
              -7.099266316087551
            ],
            [
              106.83476519285944,
              -7.099266111941461
            ],
            [
              106.83476511192043,
              -7.099266108344182
            ],
            [
              106.83475259335756,
              -7.099265468026886
            ],
            [
              106.83475148359418,
              -7.099265342121782
            ],
            [
              106.83475019036905,
              -7.099265014768548
            ],
            [
              106.83472081401442,
              -7.099255221151509
            ],
            [
              106.8347203886351,
              -7.099255061971462
            ],
            [
              106.83469465903136,
              -7.099244625339168
            ],
            [
              106.83469353847607,
              -7.099244078551351
            ],
            [
              106.83469285139404,
              -7.099243639682186
            ],
            [
              106.83467518960839,
              -7.099231211950837
            ],
            [
              106.8346286793701,
              -7.099198482024292
            ],
            [
              106.83462805793857,
              -7.099198003584945
            ],
            [
              106.83459614909304,
              -7.099171003239178
            ],
            [
              106.83457457345787,
              -7.099164411208562
            ],
            [
              106.83455507165928,
              -7.099158452300685
            ],
            [
              106.83453993966657,
              -7.099159038658684
            ],
            [
              106.83452598668498,
              -7.09916015471731
            ],
            [
              106.83451150490208,
              -7.099172117499165
            ],
            [
              106.83449241499301,
              -7.0991890409414395
            ],
            [
              106.83448887166418,
              -7.099192584270327
            ],
            [
              106.83447392852906,
              -7.09920752740544
            ],
            [
              106.83447334307039,
              -7.099208064300683
            ],
            [
              106.83447259933104,
              -7.099208624578296
            ],
            [
              106.83444318790288,
              -7.099228518481311
            ],
            [
              106.8344426384171,
              -7.099228862022301
            ],
            [
              106.83444190906692,
              -7.099229239737554
            ],
            [
              106.83443516684952,
              -7.099232351391834
            ],
            [
              106.83440321123925,
              -7.099247026528985
            ],
            [
              106.83440288658403,
              -7.099247167722581
            ],
            [
              106.83436750815406,
              -7.0992617682159675
            ],
            [
              106.83436714752588,
              -7.099261908510243
            ],
            [
              106.83436588937434,
              -7.0992622655410855
            ],
            [
              106.83432695322637,
              -7.099270328862531
            ],
            [
              106.83432668702704,
              -7.099270379224549
            ],
            [
              106.83432511501212,
              -7.099270516820866
            ],
            [
              106.83432475438394,
              -7.099270509626251
            ],
            [
              106.83429663977819,
              -7.099269389970345
            ],
            [
              106.83429574855,
              -7.099269309930662
            ],
            [
              106.83426339004347,
              -7.099264794434646
            ],
            [
              106.83426301772414,
              -7.09926473507943
            ],
            [
              106.8342253235399,
              -7.09925763493186
            ],
            [
              106.8341918813503,
              -7.099250782997217
            ],
            [
              106.83419159266793,
              -7.099250719145346
            ],
            [
              106.83415167985618,
              -7.09924117464044
            ],
            [
              106.83415090014398,
              -7.099240950709259
            ],
            [
              106.83413180663763,
              -7.099234530449166
            ],
            [
              106.83413074723626,
              -7.099234082586804
            ],
            [
              106.83411675558386,
              -7.099227086760607
            ],
            [
              106.83411136414821,
              -7.099224889716822
            ],
            [
              106.83411097204379,
              -7.099224719744996
            ],
            [
              106.83408478198714,
              -7.099212577998003
            ],
            [
              106.83408382061191,
              -7.099229113832507
            ],
            [
              106.83410013071654,
              -7.099263709852266
            ],
            [
              106.83414067485234,
              -7.099322156792027
            ],
            [
              106.83418001389657,
              -7.099373559342268
            ],
            [
              106.8342451697788,
              -7.099430150081332
            ],
            [
              106.83424580290153,
              -7.099430756224365
            ],
            [
              106.83430396115892,
              -7.099492115168914
            ],
            [
              106.83430418868744,
              -7.099492365180481
            ],
            [
              106.83436227140174,
              -7.099558421284087
            ],
            [
              106.83436242248786,
              -7.0995585975512085
            ],
            [
              106.83445849076679,
              -7.09967440864699
            ],
            [
              106.83450387145655,
              -7.0997125614854895
            ],
            [
              106.83455273701924,
              -7.099737381874604
            ],
            [
              106.834581334561,
              -7.099746613415448
            ],
            [
              106.83463223528946,
              -7.099763044029203
            ],
            [
              106.83473683094007,
              -7.099796663385234
            ],
            [
              106.83473718347432,
              -7.099796784793739
            ],
            [
              106.8348301661793,
              -7.099831321458282
            ],
            [
              106.83489949311718,
              -7.099849178396823
            ],
            [
              106.8349355100658,
              -7.099852832342265
            ],
            [
              106.83497167540258,
              -7.099855491637584
            ],
            [
              106.8349725819192,
              -7.099855604052834
            ],
            [
              106.83497335803412,
              -7.099855776722677
            ],
            [
              106.83499947434632,
              -7.099862780642752
            ],
            [
              106.83500022348159,
              -7.099863017164466
            ],
            [
              106.83500165340365,
              -7.099863682662772
            ],
            [
              106.83500271010706,
              -7.099864395825136
            ],
            [
              106.83505777109934,
              -7.099907486841005
            ],
            [
              106.8351675513415,
              -7.099985049770169
            ],
            [
              106.8353038858657,
              -7.1000556087792575
            ],
            [
              106.83530424829246,
              -7.10005580663011
            ],
            [
              106.83530554061826,
              -7.100056710448769
            ],
            [
              106.83530665577763,
              -7.100057824708813
            ],
            [
              106.83530756139493,
              -7.100059116135242
            ],
            [
              106.83530822779255,
              -7.100060545157987
            ],
            [
              106.83530863608473,
              -7.100062066810892
            ],
            [
              106.83530877368105,
              -7.100063637027176
            ],
            [
              106.83530863608473,
              -7.1000652072434605
            ],
            [
              106.83530841665015,
              -7.10006604181433
            ],
            [
              106.83530618902944,
              -7.1000699772475855
            ],
            [
              106.83530615035863,
              -7.100069954764535
            ],
            [
              106.83530554061826,
              -7.100070564504904
            ],
            [
              106.83530424829246,
              -7.100071468323563
            ],
            [
              106.83530281747113,
              -7.100072134721188
            ],
            [
              106.83530129401959,
              -7.1000725421141055
            ],
            [
              106.8352997220046,
              -7.100072679710365
            ],
            [
              106.83529814998968,
              -7.1000725421141055
            ],
            [
              106.83529662563882,
              -7.100072134721188
            ],
            [
              106.83529555724425,
              -7.100071666174415
            ],
            [
              106.83515866963694,
              -7.100000820281593
            ],
            [
              106.8351583081095,
              -7.100000622430741
            ],
            [
              106.83515760663829,
              -7.100000174568379
            ],
            [
              106.83504713571682,
              -7.099922124206614
            ],
            [
              106.83504678048462,
              -7.0999218598059315
            ],
            [
              106.83499299742897,
              -7.099879768836217
            ],
            [
              106.83496949094933,
              -7.099873464588654
            ],
            [
              106.83493393085627,
              -7.099870847561533
            ],
            [
              106.83489698221001,
              -7.099867100985875
            ],
            [
              106.83489632480558,
              -7.099867010154355
            ],
            [
              106.83489563682423,
              -7.099866860866882
            ],
            [
              106.83482519112971,
              -7.099848716145289
            ],
            [
              106.83482432598191,
              -7.0998484463486875
            ],
            [
              106.8347310923661,
              -7.099813817053985
            ],
            [
              106.8346266792779,
              -7.0997802552545295
            ],
            [
              106.8345836359261,
              -7.099766360728893
            ],
            [
              106.834581334561,
              -7.099746613415448
            ],
            [
              106.83455780020239,
              -7.099758021315608
            ],
            [
              106.83454648942899,
              -7.099754370068069
            ],
            [
              106.83454617646493,
              -7.099754263048737
            ],
            [
              106.83454516922421,
              -7.099753825978212
            ],
            [
              106.83449473704252,
              -7.09972820968909
            ],
            [
              106.83449431436117,
              -7.0997279803619335
            ],
            [
              106.83449301663944,
              -7.099727072046676
            ],
            [
              106.83444621052428,
              -7.099687721311227
            ],
            [
              106.83444508727104,
              -7.099686594460707
            ],
            [
              106.83440903794678,
              -7.099643136521479
            ],
            [
              106.83440742546236,
              -7.099644735516108
            ],
            [
              106.83439031765909,
              -7.099663118558055
            ],
            [
              106.83437819209996,
              -7.099679637305371
            ],
            [
              106.83436443337195,
              -7.09969838097544
            ],
            [
              106.83435672258474,
              -7.099692625314333
            ],
            [
              106.83434960535004,
              -7.0996873130190465
            ],
            [
              106.83433664611937,
              -7.099677638112439
            ],
            [
              106.83432692804536,
              -7.099669005520127
            ],
            [
              106.83432122994088,
              -7.09966263652143
            ],
            [
              106.83431410101502,
              -7.099654669427423
            ],
            [
              106.8343042003786,
              -7.099643604168932
            ],
            [
              106.83429409109948,
              -7.099632305086743
            ],
            [
              106.83428887862891,
              -7.099626478379207
            ],
            [
              106.83428690191903,
              -7.099624270543586
            ],
            [
              106.83427729266299,
              -7.099614571355346
            ],
            [
              106.83426169572073,
              -7.099600517649719
            ],
            [
              106.83425383654537,
              -7.0995934354886
            ],
            [
              106.83423879718282,
              -7.09957988360469
            ],
            [
              106.83423190747664,
              -7.0995898741733185
            ],
            [
              106.83422787851384,
              -7.099595716169347
            ],
            [
              106.83422554747108,
              -7.099599096720908
            ],
            [
              106.83422223346935,
              -7.09960390089924
            ],
            [
              106.83421643913744,
              -7.099616222510633
            ],
            [
              106.8342116034828,
              -7.099628939823674
            ],
            [
              106.83421025180172,
              -7.0996324921457585
            ],
            [
              106.83420871216242,
              -7.099636542692224
            ],
            [
              106.83420792885289,
              -7.099638602139748
            ],
            [
              106.83420297358845,
              -7.099643716584183
            ],
            [
              106.83419430862051,
              -7.099649090033438
            ],
            [
              106.83418958717976,
              -7.099652017326719
            ],
            [
              106.83418368762716,
              -7.099655674869439
            ],
            [
              106.8341736008311,
              -7.099661929654303
            ],
            [
              106.83418061284505,
              -7.099679189443009
            ],
            [
              106.83418614817225,
              -7.099692813272668
            ],
            [
              106.83419013126962,
              -7.09970261858092
            ],
            [
              106.83419121405336,
              -7.099705283272158
            ],
            [
              106.83421258464313,
              -7.099775842281247
            ],
            [
              106.83421827915032,
              -7.099791811542843
            ],
            [
              106.83422644229654,
              -7.099814706483471
            ],
            [
              106.83423495437972,
              -7.099838577188564
            ],
            [
              106.83423896445669,
              -7.099849823210718
            ],
            [
              106.83425154956944,
              -7.099884741187793
            ],
            [
              106.83425612801796,
              -7.099897444111718
            ],
            [
              106.8342618944709,
              -7.099913443050923
            ],
            [
              106.8342696115534,
              -7.099934855009508
            ],
            [
              106.83427282662973,
              -7.099943777183512
            ],
            [
              106.83427964978608,
              -7.099963175560049
            ],
            [
              106.8342832236919,
              -7.099973952136111
            ],
            [
              106.83428798560209,
              -7.099988313409881
            ],
            [
              106.8342924651252,
              -7.10000182212633
            ],
            [
              106.83429569638935,
              -7.100011564482088
            ],
            [
              106.83429966419823,
              -7.100023529961902
            ],
            [
              106.83430218769587,
              -7.100031141823706
            ],
            [
              106.83430468691182,
              -7.100034261571864
            ],
            [
              106.83430835524643,
              -7.100038842718391
            ],
            [
              106.83431319180045,
              -7.100044882565214
            ],
            [
              106.83431574857298,
              -7.100048076057817
            ],
            [
              106.83431975595204,
              -7.100053080785017
            ],
            [
              106.83432689836775,
              -7.100056690663678
            ],
            [
              106.8343339463546,
              -7.100060252878336
            ],
            [
              106.83434370939472,
              -7.10006518745837
            ],
            [
              106.83435263066946,
              -7.100069696659148
            ],
            [
              106.83436160680276,
              -7.100073823648017
            ],
            [
              106.83436879868117,
              -7.100077130455134
            ],
            [
              106.83437514070022,
              -7.1000800469565775
            ],
            [
              106.83438445228069,
              -7.1000797312945
            ],
            [
              106.83439465239138,
              -7.100079385055551
            ],
            [
              106.83442205293545,
              -7.100078456055883
            ],
            [
              106.83443919491299,
              -7.1000778750938025
            ],
            [
              106.8344649658855,
              -7.100077001852128
            ],
            [
              106.83447869493591,
              -7.100076536902634
            ],
            [
              106.83449046975943,
              -7.100075077302904
            ],
            [
              106.83450004304262,
              -7.100073740910375
            ],
            [
              106.83450466825587,
              -7.1000730951971605
            ],
            [
              106.83451238623769,
              -7.100069121992362
            ],
            [
              106.83451566246794,
              -7.100067176758728
            ],
            [
              106.8345189377988,
              -7.10006523152515
            ],
            [
              106.83452407202839,
              -7.100062182823422
            ],
            [
              106.83453329097864,
              -7.100061425594276
            ],
            [
              106.83454413140657,
              -7.100060534366094
            ],
            [
              106.83456175991734,
              -7.100059085558314
            ],
            [
              106.8345836269329,
              -7.100057288712833
            ],
            [
              106.83459876252294,
              -7.1000560440511435
            ],
            [
              106.83461301497874,
              -7.100056906500981
            ],
            [
              106.83462039031883,
              -7.100057352564704
            ],
            [
              106.83463290798238,
              -7.100058108894586
            ],
            [
              106.83464035257026,
              -7.100058559454908
            ],
            [
              106.8346461298151,
              -7.100058908391873
            ],
            [
              106.83465534606745,
              -7.100059465971526
            ],
            [
              106.83465816813998,
              -7.10005963684273
            ],
            [
              106.83466471610382,
              -7.100064545342434
            ],
            [
              106.83467446835209,
              -7.100071854132693
            ],
            [
              106.83467519680295,
              -7.10007240002119
            ],
            [
              106.8346899663689,
              -7.10008346977628
            ],
            [
              106.83470946636885,
              -7.100098085558159
            ],
            [
              106.8347169748086,
              -7.100104787306066
            ],
            [
              106.83472194176426,
              -7.100110005172553
            ],
            [
              106.83472779095484,
              -7.100116151139389
            ],
            [
              106.834733384738,
              -7.100122028209
            ],
            [
              106.83473894974281,
              -7.100127875600947
            ],
            [
              106.83474311989914,
              -7.1001322570979255
            ],
            [
              106.83474379439065,
              -7.100132965763692
            ],
            [
              106.83474450035845,
              -7.100133706805082
            ],
            [
              106.83474534841918,
              -7.100134598932527
            ],
            [
              106.83474368916995,
              -7.100136143967802
            ],
            [
              106.83473682914143,
              -7.100142532751647
            ],
            [
              106.83472500935176,
              -7.100153542252144
            ],
            [
              106.83471349353294,
              -7.100164267566868
            ],
            [
              106.83469953695413,
              -7.100177265468403
            ],
            [
              106.83469032519844,
              -7.100185948422734
            ],
            [
              106.83465412748603,
              -7.100220069600482
            ],
            [
              106.83463569947799,
              -7.100237440005799
            ],
            [
              106.83462299385616,
              -7.1002494162775065
            ],
            [
              106.83460794280239,
              -7.100266256982138
            ],
            [
              106.83459158233569,
              -7.100284563581681
            ],
            [
              106.83457403836127,
              -7.100304193084014
            ],
            [
              106.83457039880494,
              -7.10030826521421
            ],
            [
              106.8345667133832,
              -7.10031238950512
            ],
            [
              106.83455604832301,
              -7.100324322609367
            ],
            [
              106.83454575828017,
              -7.100339874585472
            ],
            [
              106.8345414064608,
              -7.100347563789001
            ],
            [
              106.83453378110914,
              -7.100361729010558
            ],
            [
              106.83452638508464,
              -7.100380704705685
            ],
            [
              106.83452298834527,
              -7.100392761017076
            ],
            [
              106.83451958351202,
              -7.100404844308059
            ],
            [
              106.83452040459304,
              -7.100418259495029
            ],
            [
              106.83452081288527,
              -7.100424934263231
            ],
            [
              106.83452827456028,
              -7.100447224859465
            ],
            [
              106.83453470651153,
              -7.1004664370763635
            ],
            [
              106.83453702136649,
              -7.100473353762197
            ],
            [
              106.83454000711572,
              -7.100482271439603
            ],
            [
              106.83454847333343,
              -7.100492948190947
            ],
            [
              106.83456227612822,
              -7.100509923793879
            ],
            [
              106.83456892121882,
              -7.100526938966993
            ],
            [
              106.8345686550195,
              -7.100537762307852
            ],
            [
              106.8345666531286,
              -7.100555463663682
            ],
            [
              106.83456481581368,
              -7.10056388041869
            ],
            [
              106.83456195596955,
              -7.10057344290999
            ],
            [
              106.83455679655896,
              -7.100591825951938
            ],
            [
              106.83455468585015,
              -7.1005998119317155
            ],
            [
              106.834555598662,
              -7.1006127693637495
            ],
            [
              106.83455938390853,
              -7.100623717710334
            ],
            [
              106.83456600201941,
              -7.100638143735296
            ],
            [
              106.83456841849778,
              -7.100642380441457
            ],
            [
              106.83458727997908,
              -7.100686053318668
            ],
            [
              106.83460806960682,
              -7.100735012410837
            ],
            [
              106.8346168155137,
              -7.100755608684324
            ],
            [
              106.83463603852243,
              -7.100793052857057
            ],
            [
              106.83465571568877,
              -7.100831137347086
            ],
            [
              106.83466702826081,
              -7.100853033140936
            ],
            [
              106.83467370842499,
              -7.100868809048279
            ],
            [
              106.83468372237593,
              -7.100897578360502
            ],
            [
              106.83469264814727,
              -7.10092322073001
            ],
            [
              106.83469837413071,
              -7.1009396693302165
            ],
            [
              106.83470632773492,
              -7.100962518405481
            ],
            [
              106.83472312617141,
              -7.100973285088969
            ],
            [
              106.83473273452813,
              -7.100980919433823
            ],
            [
              106.8347404345235,
              -7.100984379125748
            ],
            [
              106.83475065082195,
              -7.100988969265472
            ],
            [
              106.83477134422219,
              -7.100989461194615
            ],
            [
              106.83478095617625,
              -7.100987928749873
            ],
            [
              106.83480650771423,
              -7.1009846219427
            ],
            [
              106.83482074937814,
              -7.100983524769788
            ],
            [
              106.83483145400845,
              -7.100986486237275
            ],
            [
              106.83483916119837,
              -7.100988618529868
            ],
            [
              106.83485473385895,
              -7.101002336788383
            ],
            [
              106.83486974804049,
              -7.101020075016379
            ],
            [
              106.83488189878068,
              -7.101033777986402
            ],
            [
              106.83489297573033,
              -7.101043303605536
            ],
            [
              106.83490005249547,
              -7.101048047529332
            ],
            [
              106.83491105749937,
              -7.101055426466701
            ],
            [
              106.83491622590316,
              -7.101058891554544
            ],
            [
              106.83491743818928,
              -7.101055457943005
            ],
            [
              106.83493329413625,
              -7.1010354660139114
            ],
            [
              106.83495075986974,
              -7.101015875182441
            ],
            [
              106.83496393223976,
              -7.1010011002205715
            ],
            [
              106.83497553529276,
              -7.100994104394374
            ],
            [
              106.83498821483431,
              -7.100986459257626
            ],
            [
              106.83500628131492,
              -7.100975566669035
            ],
            [
              106.83501443366924,
              -7.100970650974716
            ],
            [
              106.83502408609274,
              -7.100964830562418
            ],
            [
              106.83502672110637,
              -7.100963242359683
            ],
            [
              106.83503112598572,
              -7.100961183811535
            ],
            [
              106.8350386308282,
              -7.1009581674853735
            ],
            [
              106.83504039709669,
              -7.100957457020968
            ],
            [
              106.8350579086956,
              -7.10095041712799
            ],
            [
              106.83507106038121,
              -7.100945130013713
            ],
            [
              106.8350804178271,
              -7.100941368149563
            ],
            [
              106.8350900810425,
              -7.100940011971943
            ],
            [
              106.83510013546294,
              -7.100938937282081
            ],
            [
              106.83510655662235,
              -7.100938251998684
            ],
            [
              106.83511072587936,
              -7.100937806834281
            ],
            [
              106.83511534389805,
              -7.100937313106442
            ],
            [
              106.83512034053138,
              -7.100931089797882
            ],
            [
              106.83512443064802,
              -7.1009239410869895
            ],
            [
              106.8351284164433,
              -7.10091278050038
            ],
            [
              106.835129719561,
              -7.100904094848033
            ],
            [
              106.83513033559655,
              -7.100899073033759
            ],
            [
              106.83513057301758,
              -7.100893356043514
            ],
            [
              106.83513071061384,
              -7.100887409726113
            ],
            [
              106.83513067823827,
              -7.100879280754157
            ],
            [
              106.83513186084679,
              -7.100872512456419
            ],
            [
              106.8351325155532,
              -7.100868764082122
            ],
            [
              106.83513472159018,
              -7.1008633033986825
            ],
            [
              106.83513716235024,
              -7.100859614379658
            ],
            [
              106.83514244676655,
              -7.100855180721965
            ],
            [
              106.83514331820965,
              -7.100854697786019
            ],
            [
              106.83514829146054,
              -7.1008519395653025
            ],
            [
              106.83515694473726,
              -7.1008480571920245
            ],
            [
              106.83516265183499,
              -7.100845551680834
            ],
            [
              106.83516616728485,
              -7.100844109168236
            ],
            [
              106.83517850148672,
              -7.100839287902772
            ],
            [
              106.83518792278448,
              -7.100836559359664
            ],
            [
              106.83520018863783,
              -7.10083473733323
            ],
            [
              106.83522094319204,
              -7.100834210330504
            ],
            [
              106.83522394602835,
              -7.100834775104715
            ],
            [
              106.83523024847727,
              -7.100835960411189
            ],
            [
              106.8352395312794,
              -7.100837705095955
            ],
            [
              106.83524672675509,
              -7.100839715080724
            ],
            [
              106.8352523816921,
              -7.10084245441567
            ],
            [
              106.83526371944515,
              -7.100847945676094
            ],
            [
              106.83526802449978,
              -7.100850031203947
            ],
            [
              106.8352694121537,
              -7.100851222805659
            ],
            [
              106.83527103632935,
              -7.100852617654141
            ],
            [
              106.83527512914395,
              -7.100856132204683
            ],
            [
              106.83528187675728,
              -7.100861927435972
            ],
            [
              106.8352833138739,
              -7.100863161305824
            ],
            [
              106.83528578071429,
              -7.1008652801085645
            ],
            [
              106.83528965139635,
              -7.100868604002812
            ],
            [
              106.83529201751264,
              -7.100875359710017
            ],
            [
              106.835296480848,
              -7.100888103103443
            ],
            [
              106.83529762928225,
              -7.100891380232952
            ],
            [
              106.83529816078158,
              -7.100892897389258
            ],
            [
              106.83529885595749,
              -7.100894883092337
            ],
            [
              106.83529865091208,
              -7.1008966835350975
            ],
            [
              106.83529816258022,
              -7.100900976898515
            ],
            [
              106.83529758791343,
              -7.100906031088414
            ],
            [
              106.83529648624392,
              -7.100915715887538
            ],
            [
              106.835296078851,
              -7.100919293390632
            ],
            [
              106.8352855208102,
              -7.100935661951212
            ],
            [
              106.83528370238105,
              -7.100938480426464
            ],
            [
              106.83528213126539,
              -7.100939768255671
            ],
            [
              106.83527957089552,
              -7.10094186727332
            ],
            [
              106.83527440878697,
              -7.1009460976841865
            ],
            [
              106.83526327428075,
              -7.10095675465044
            ],
            [
              106.8352601887068,
              -7.100961101973212
            ],
            [
              106.83525413806808,
              -7.100969629344888
            ],
            [
              106.83525038070059,
              -7.1009749245531
            ],
            [
              106.83524764676156,
              -7.100978778148033
            ],
            [
              106.83524565206523,
              -7.100981588529464
            ],
            [
              106.83523440244579,
              -7.100997442677794
            ],
            [
              106.83522892287652,
              -7.101005165156209
            ],
            [
              106.83522140454426,
              -7.101016692666178
            ],
            [
              106.83521898806589,
              -7.101022252275072
            ],
            [
              106.8352171678381,
              -7.101026436820575
            ],
            [
              106.83521329265938,
              -7.101035350001382
            ],
            [
              106.8352085001722,
              -7.10105213494802
            ],
            [
              106.83520653785149,
              -7.101059705441003
            ],
            [
              106.83520634809457,
              -7.101068186947202
            ],
            [
              106.83520609268709,
              -7.101079596646002
            ],
            [
              106.83520710532372,
              -7.101087842529864
            ],
            [
              106.83520853974238,
              -7.101096430156076
            ],
            [
              106.83521023226649,
              -7.10110722381927
            ],
            [
              106.83521040763429,
              -7.101110162803707
            ],
            [
              106.83521013513968,
              -7.101135978742377
            ],
            [
              106.83520842462917,
              -7.1011506286985195
            ],
            [
              106.83520786165354,
              -7.101171175509307
            ],
            [
              106.83520933294443,
              -7.101184854197641
            ],
            [
              106.83521266223465,
              -7.101198649797823
            ],
            [
              106.8352161165306,
              -7.101211158468118
            ],
            [
              106.8352221527802,
              -7.10122901180938
            ],
            [
              106.83522423111344,
              -7.101243944152657
            ],
            [
              106.83522341902562,
              -7.10126621766176
            ],
            [
              106.83522295047885,
              -7.101279044692092
            ],
            [
              106.83522267078968,
              -7.1012867222044065
            ],
            [
              106.8352223524297,
              -7.10129546541333
            ],
            [
              106.83522216447136,
              -7.10130060413951
            ],
            [
              106.8352232130809,
              -7.101305620557923
            ],
            [
              106.83522445594394,
              -7.101308772681648
            ],
            [
              106.83522538674225,
              -7.101311132502701
            ],
            [
              106.8352276359467,
              -7.1013168378017895
            ],
            [
              106.83522810179551,
              -7.101318017712288
            ],
            [
              106.8352290316945,
              -7.101320378432661
            ],
            [
              106.83523021610165,
              -7.101323381268969
            ],
            [
              106.83523050478402,
              -7.101327112556135
            ],
            [
              106.83523101290098,
              -7.10133368120438
            ],
            [
              106.83525922823088,
              -7.101353477081261
            ],
            [
              106.8352807966715,
              -7.101366305010913
            ],
            [
              106.83528705685228,
              -7.101369728729935
            ],
            [
              106.83531994146222,
              -7.101387712472899
            ],
            [
              106.8353320247532,
              -7.10139431979195
            ],
            [
              106.83534404778965,
              -7.101400654616498
            ],
            [
              106.83536150632852,
              -7.101409372644412
            ],
            [
              106.835374721866,
              -7.101415971869585
            ],
            [
              106.83538429245118,
              -7.101420750866907
            ],
            [
              106.8353890777438,
              -7.1014231403655685
            ],
            [
              106.83539955844293,
              -7.101428373520548
            ],
            [
              106.83540593823352,
              -7.101431558919273
            ],
            [
              106.83541163453935,
              -7.1014344034749115
            ],
            [
              106.83541664825975,
              -7.101436907187463
            ],
            [
              106.83542712895888,
              -7.101442140342442
            ],
            [
              106.83543422281122,
              -7.101444033415362
            ],
            [
              106.83544053605198,
              -7.101444477680445
            ],
            [
              106.83545696846437,
              -7.10144563510795
            ],
            [
              106.83549057253197,
              -7.1014433031658655
            ],
            [
              106.83549907652122,
              -7.101442387655993
            ],
            [
              106.83551766640721,
              -7.101439675300753
            ],
            [
              106.83554189594179,
              -7.1014303556263485
            ],
            [
              106.83555392077687,
              -7.101425743902894
            ],
            [
              106.83557293334428,
              -7.101418462991603
            ],
            [
              106.83558849611228,
              -7.101409640642373
            ],
            [
              106.83559712510731,
              -7.101402244617873
            ],
            [
              106.83560908429189,
              -7.10139199414516
            ],
            [
              106.83562355168561,
              -7.101376783911405
            ],
            [
              106.83563321490101,
              -7.10136518715359
            ],
            [
              106.8356483325046,
              -7.1013459749367485
            ],
            [
              106.83565757393797,
              -7.101331701796539
            ],
            [
              106.8356679494164,
              -7.10131012166471
            ],
            [
              106.835672603408,
              -7.101300441362241
            ],
            [
              106.83567366191005,
              -7.101288218676302
            ],
            [
              106.83567265377002,
              -7.101267224003152
            ],
            [
              106.83567222569275,
              -7.10125074842324
            ],
            [
              106.83567203773441,
              -7.101235936589148
            ],
            [
              106.83567231382631,
              -7.101229692596178
            ],
            [
              106.8356803501681,
              -7.101200469126297
            ],
            [
              106.83568475774541,
              -7.101182840615536
            ],
            [
              106.83568832895327,
              -7.10116855578417
            ],
            [
              106.83567928087416,
              -7.1011487356256
            ],
            [
              106.83566950794147,
              -7.101135862729848
            ],
            [
              106.83566174679225,
              -7.101119781053001
            ],
            [
              106.83565986091389,
              -7.101102684041564
            ],
            [
              106.83566364346245,
              -7.101086297494589
            ],
            [
              106.8356705898259,
              -7.101070594432315
            ],
            [
              106.83568224414029,
              -7.101056577598911
            ],
            [
              106.8356875348519,
              -7.101052314812421
            ],
            [
              106.83569568540764,
              -7.101051467651075
            ],
            [
              106.83570285480295,
              -7.101050723012406
            ],
            [
              106.83570891083764,
              -7.10105130397443
            ],
            [
              106.83571818824385,
              -7.101052193403973
            ],
            [
              106.83572376314123,
              -7.101050163634113
            ],
            [
              106.83572833439518,
              -7.101048498988973
            ],
            [
              106.83573427891389,
              -7.101046334320813
            ],
            [
              106.8357373177231,
              -7.1010452272553835
            ],
            [
              106.83573958221598,
              -7.1010406586993895
            ],
            [
              106.83574340073744,
              -7.101032956006065
            ],
            [
              106.83574183411844,
              -7.101024541049696
            ],
            [
              106.83574181073601,
              -7.1010187107448814
            ],
            [
              106.83574177026657,
              -7.101008453976931
            ],
            [
              106.83574173429366,
              -7.100999444568686
            ],
            [
              106.83574205625098,
              -7.10099102781362
            ],
            [
              106.83574405994045,
              -7.100978720591456
            ],
            [
              106.83574689010698,
              -7.100971623141845
            ],
            [
              106.83575391920806,
              -7.10096150756749
            ],
            [
              106.83576606814961,
              -7.100951722044272
            ],
            [
              106.83578038445722,
              -7.100943885351967
            ],
            [
              106.8359014916606,
              -7.100922567822181
            ],
            [
              106.83590825006576,
              -7.10089553330215
            ],
            [
              106.83591144895428,
              -7.100895264404869
            ],
            [
              106.83593955366752,
              -7.100895153788258
            ],
            [
              106.83596637145092,
              -7.100894551242504
            ],
            [
              106.83597581703037,
              -7.100894244573681
            ],
            [
              106.83598812065532,
              -7.100889126531911
            ],
            [
              106.83600182992058,
              -7.100883424830158
            ],
            [
              106.83601323872006,
              -7.100880170183643
            ],
            [
              106.83602632475515,
              -7.100876437997158
            ],
            [
              106.83603466236985,
              -7.100876959603966
            ],
            [
              106.83604112399871,
              -7.100877364298867
            ],
            [
              106.83605537375655,
              -7.100881122565681
            ],
            [
              106.83606088300343,
              -7.100884075039971
            ],
            [
              106.83606775112588,
              -7.100887756864438
            ],
            [
              106.83607192667813,
              -7.1008970414652595
            ],
            [
              106.83607702943141,
              -7.100908388211508
            ],
            [
              106.83607786580092,
              -7.10092599244058
            ],
            [
              106.83607336199611,
              -7.100949739938528
            ],
            [
              106.83607366596698,
              -7.100959772775241
            ],
            [
              106.83607424333172,
              -7.100978826711412
            ],
            [
              106.83608045045247,
              -7.10098843057159
            ],
            [
              106.83608658023155,
              -7.100997914821846
            ],
            [
              106.83609064426787,
              -7.101002948327334
            ],
            [
              106.83609461477471,
              -7.101007865820293
            ],
            [
              106.83609813562055,
              -7.101012226632918
            ],
            [
              106.8361004801531,
              -7.101015130543772
            ],
            [
              106.8361025656809,
              -7.10102173516492
            ],
            [
              106.83610264931787,
              -7.101021999565603
            ],
            [
              106.83610322488397,
              -7.1010263163113905
            ],
            [
              106.83610384271822,
              -7.101030953215854
            ],
            [
              106.83610515482911,
              -7.101043930432979
            ],
            [
              106.83610519080196,
              -7.101053042363958
            ],
            [
              106.83610523846602,
              -7.101065001548534
            ],
            [
              106.83610526364708,
              -7.1010712653265955
            ],
            [
              106.83610529512333,
              -7.101079237816521
            ],
            [
              106.83610534008943,
              -7.10109062683091
            ],
            [
              106.83610540573994,
              -7.101107146477602
            ],
            [
              106.83610542462571,
              -7.101111901193235
            ],
            [
              106.83610202518838,
              -7.101123095954051
            ],
            [
              106.83610035964392,
              -7.1011285800199175
            ],
            [
              106.83609974091036,
              -7.101130617883655
            ],
            [
              106.83609687117371,
              -7.101135292559661
            ],
            [
              106.83609334403263,
              -7.1011401785763155
            ],
            [
              106.8360907467906,
              -7.1011437758645
            ],
            [
              106.83608471773562,
              -7.10114986427476
            ],
            [
              106.83608237859897,
              -7.101150953353795
            ],
            [
              106.83607405177611,
              -7.101154832129737
            ],
            [
              106.8360682826252,
              -7.101157520203344
            ],
            [
              106.83605123957312,
              -7.101165082602449
            ],
            [
              106.83604702085341,
              -7.101166787717034
            ],
            [
              106.83603771826614,
              -7.101171770860503
            ],
            [
              106.83602925654503,
              -7.101177583178867
            ],
            [
              106.83602029030419,
              -7.101184725594578
            ],
            [
              106.83601423786683,
              -7.10119008915126
            ],
            [
              106.8360061394718,
              -7.101197264841858
            ],
            [
              106.83600115722766,
              -7.101200134578505
            ],
            [
              106.83599178629197,
              -7.10120553320877
            ],
            [
              106.83599008297602,
              -7.101206514369096
            ],
            [
              106.83598699470411,
              -7.101207556683335
            ],
            [
              106.83597523067243,
              -7.101211525391534
            ],
            [
              106.83596960811099,
              -7.101213422961052
            ],
            [
              106.8359662311567,
              -7.101214208968543
            ],
            [
              106.83595765162437,
              -7.101213707146826
            ],
            [
              106.83595007483615,
              -7.101213263781062
            ],
            [
              106.83593862376853,
              -7.101212594685421
            ],
            [
              106.83593033111993,
              -7.101212109950893
            ],
            [
              106.8359249810531,
              -7.101210796041357
            ],
            [
              106.83591640511804,
              -7.10120869072847
            ],
            [
              106.83590957296849,
              -7.1012070134928535
            ],
            [
              106.83590474810569,
              -7.10120582818638
            ],
            [
              106.83589608853373,
              -7.101201935021265
            ],
            [
              106.8358915433601,
              -7.1011996066764596
            ],
            [
              106.83588451246032,
              -7.101196004891676
            ],
            [
              106.83586729044316,
              -7.101187183441709
            ],
            [
              106.83586344044551,
              -7.1012176920427805
            ],
            [
              106.83586126318681,
              -7.101234935643731
            ],
            [
              106.83585864705896,
              -7.1012464352747315
            ],
            [
              106.83585561364572,
              -7.101257514922338
            ],
            [
              106.83585194621043,
              -7.101270906726938
            ],
            [
              106.83585034631648,
              -7.101276751420869
            ],
            [
              106.83584123798283,
              -7.101306581933159
            ],
            [
              106.83582662040226,
              -7.10133557607594
            ],
            [
              106.83581406316853,
              -7.101360482799976
            ],
            [
              106.83580126311784,
              -7.101388297931578
            ],
            [
              106.83579062503736,
              -7.101411651526462
            ],
            [
              106.83578171545389,
              -7.101431209082989
            ],
            [
              106.83577332837649,
              -7.1014462520428765
            ],
            [
              106.83575777370237,
              -7.101473213717782
            ],
            [
              106.83574303831062,
              -7.101488745009533
            ],
            [
              106.83573734560207,
              -7.10149456722047
            ],
            [
              106.8357284944745,
              -7.101503619796176
            ],
            [
              106.8357226605724,
              -7.101509586797931
            ],
            [
              106.8357162448089,
              -7.101518408247898
            ],
            [
              106.83570571824436,
              -7.101532881936919
            ],
            [
              106.83568398342913,
              -7.101561887770856
            ],
            [
              106.83568009655926,
              -7.101566980631617
            ],
            [
              106.83567123374053,
              -7.101578593577187
            ],
            [
              106.83565506932604,
              -7.101599775309353
            ],
            [
              106.83564595379778,
              -7.101610855856279
            ],
            [
              106.83563511696713,
              -7.10162355068627
            ],
            [
              106.83563331112845,
              -7.101625665891731
            ],
            [
              106.83562969945115,
              -7.101629897201974
            ],
            [
              106.83562475587786,
              -7.101635687936607
            ],
            [
              106.83561590025363,
              -7.101637205992233
            ],
            [
              106.83561341093025,
              -7.101637633170185
            ],
            [
              106.83559734184394,
              -7.101640387793623
            ],
            [
              106.83558601218476,
              -7.101636732948805
            ],
            [
              106.83557306194729,
              -7.1016325555979165
            ],
            [
              106.8355452944798,
              -7.101661297031171
            ],
            [
              106.83553648292241,
              -7.101670417955404
            ],
            [
              106.83552421796833,
              -7.101683112785395
            ],
            [
              106.83551315990445,
              -7.1016945593563605
            ],
            [
              106.83550609303182,
              -7.101701873542595
            ],
            [
              106.83550289234466,
              -7.101705186645006
            ],
            [
              106.83548377275798,
              -7.1017249771259685
            ],
            [
              106.83546910481539,
              -7.101746951160806
            ],
            [
              106.8354637007892,
              -7.101761500392854
            ],
            [
              106.83546368460145,
              -7.101761545359011
            ],
            [
              106.8354599632068,
              -7.101771564705928
            ],
            [
              106.83545150418365,
              -7.101794342734706
            ],
            [
              106.83544388063063,
              -7.101814867961764
            ],
            [
              106.83543610239428,
              -7.101835810474199
            ],
            [
              106.83543261752135,
              -7.101847049301853
            ],
            [
              106.83542649493683,
              -7.101866798413994
            ],
            [
              106.83542427630937,
              -7.101874584744223
            ],
            [
              106.8354110005173,
              -7.101921183116076
            ],
            [
              106.83540772248847,
              -7.101932688142995
            ],
            [
              106.83540424930675,
              -7.10194487755399
            ],
            [
              106.83540438510437,
              -7.101962292925407
            ],
            [
              106.83540507848164,
              -7.101971107180816
            ],
            [
              106.83540618105047,
              -7.101985115021023
            ],
            [
              106.8354123126282,
              -7.102015940183435
            ],
            [
              106.8354156302272,
              -7.102026525203939
            ],
            [
              106.8354259094782,
              -7.102050660309658
            ],
            [
              106.8354336445471,
              -7.102068820319744
            ],
            [
              106.8354418229818,
              -7.102079725498868
            ],
            [
              106.83545714203353,
              -7.102100150001888
            ],
            [
              106.8354715482734,
              -7.102111983281361
            ],
            [
              106.83547838132228,
              -7.102117596849553
            ],
            [
              106.83548332669426,
              -7.102121659087231
            ],
            [
              106.83548953111705,
              -7.102126755545271
            ],
            [
              106.83549308253981,
              -7.102129672945978
            ],
            [
              106.83550793754137,
              -7.102141110523803
            ],
            [
              106.8355199129137,
              -7.1021294427195585
            ],
            [
              106.83553998758043,
              -7.102119028570257
            ],
            [
              106.83555103665105,
              -7.102115584166825
            ],
            [
              106.83556237530343,
              -7.102112050730511
            ],
            [
              106.83557967825959,
              -7.10211054076882
            ],
            [
              106.83558995391331,
              -7.102109645044038
            ],
            [
              106.83561181913024,
              -7.102115873748517
            ],
            [
              106.83562190322829,
              -7.102122113244889
            ],
            [
              106.83563534809292,
              -7.1021327324396
            ],
            [
              106.83564468665304,
              -7.102142727504827
            ],
            [
              106.83565196846365,
              -7.102155154336856
            ],
            [
              106.83567401264565,
              -7.10219336832921
            ],
            [
              106.83568770662242,
              -7.102217385623817
            ],
            [
              106.83569620971235,
              -7.102235996194224
            ],
            [
              106.83570400503584,
              -7.102252794630715
            ],
            [
              106.83571382113598,
              -7.102273348636061
            ],
            [
              106.83571815317032,
              -7.102289943825781
            ],
            [
              106.83571844994657,
              -7.102295051975034
            ],
            [
              106.83571971259471,
              -7.102316775099041
            ],
            [
              106.83571767293233,
              -7.102326938337512
            ],
            [
              106.83571125806816,
              -7.102358911034855
            ],
            [
              106.83570086010667,
              -7.102373996262884
            ],
            [
              106.83568023505484,
              -7.102396832747559
            ],
            [
              106.83567399735716,
              -7.102399755544241
            ],
            [
              106.8356662164228,
              -7.102403401395804
            ],
            [
              106.83564349505133,
              -7.102414481043411
            ],
            [
              106.83562706173956,
              -7.1024225947269315
            ],
            [
              106.83561336866211,
              -7.102431482726672
            ],
            [
              106.8356050193562,
              -7.102443097470939
            ],
            [
              106.83559573385611,
              -7.102456013534152
            ],
            [
              106.83559223189604,
              -7.102466947491564
            ],
            [
              106.83559111493804,
              -7.1024704350624575
            ],
            [
              106.83558838999227,
              -7.102478942649043
            ],
            [
              106.83558541143765,
              -7.10248824163898
            ],
            [
              106.83558403097828,
              -7.102498498406931
            ],
            [
              106.83558313075696,
              -7.1025166458264835
            ],
            [
              106.83558281059828,
              -7.10252309936152
            ],
            [
              106.83558202638949,
              -7.102538915738307
            ],
            [
              106.83559053577466,
              -7.102559167571485
            ],
            [
              106.8356015677582,
              -7.102569341601793
            ],
            [
              106.83560866700645,
              -7.102575887766932
            ],
            [
              106.83561822500116,
              -7.102584702022341
            ],
            [
              106.83563607384582,
              -7.10259719810216
            ],
            [
              106.83565831318066,
              -7.1026127671654535
            ],
            [
              106.83568502484405,
              -7.102631466768742
            ],
            [
              106.83569820890528,
              -7.102640697410209
            ],
            [
              106.83573101887146,
              -7.1026622712468
            ],
            [
              106.83574962764328,
              -7.102672845475411
            ],
            [
              106.83576233776176,
              -7.102680068830068
            ],
            [
              106.83578481811492,
              -7.102692842800423
            ],
            [
              106.83579956339918,
              -7.102701221783889
            ],
            [
              106.83582889208975,
              -7.102717888919415
            ],
            [
              106.83584727603102,
              -7.102729542334487
            ],
            [
              106.83585179602363,
              -7.102733179192796
            ],
            [
              106.8358553879159,
              -7.102736068714535
            ],
            [
              106.83585912369966,
              -7.102739076047499
            ],
            [
              106.83589530342556,
              -7.102768188900768
            ],
            [
              106.83590559796505,
              -7.1027764725561156
            ],
            [
              106.83591477284853,
              -7.102785320985731
            ],
            [
              106.83592473373955,
              -7.102794927543812
            ],
            [
              106.83593695102951,
              -7.1028067086626265
            ],
            [
              106.83594694159814,
              -7.102816343999052
            ],
            [
              106.83595260013243,
              -7.102821801085213
            ],
            [
              106.83596627972008,
              -7.102834993240322
            ],
            [
              106.83597714083243,
              -7.102845467644158
            ],
            [
              106.8359853624346,
              -7.1028587461341886
            ],
            [
              106.83599031410176,
              -7.102866742905803
            ],
            [
              106.8359979430507,
              -7.10287906451714
            ],
            [
              106.83600448112196,
              -7.102889623457315
            ],
            [
              106.83600877898203,
              -7.1028965653241585
            ],
            [
              106.83601398605668,
              -7.102904974884609
            ],
            [
              106.83601373694444,
              -7.102911884375942
            ],
            [
              106.83601358316042,
              -7.102916149860391
            ],
            [
              106.83601268024108,
              -7.102924454200149
            ],
            [
              106.83600966571356,
              -7.102930146009385
            ],
            [
              106.83600342531787,
              -7.102937961117959
            ],
            [
              106.83600254398226,
              -7.102939587991557
            ],
            [
              106.8360194908069,
              -7.102961156432173
            ],
            [
              106.83612270330019,
              -7.103057740022621
            ],
            [
              106.83620090384869,
              -7.103110714587785
            ],
            [
              106.83628732240209,
              -7.103161549665742
            ],
            [
              106.83633662413598,
              -7.103186832306392
            ],
            [
              106.83642187177202,
              -7.103225003131342
            ],
            [
              106.83648233499184,
              -7.10324893678893
            ],
            [
              106.8365596524061,
              -7.103269216501076
            ],
            [
              106.83659967673373,
              -7.1032793815381865
            ],
            [
              106.83661232569835,
              -7.103274091725893
            ],
            [
              106.83662973747249,
              -7.103266952907518
            ],
            [
              106.8366357224607,
              -7.103263618221376
            ],
            [
              106.8366407766506,
              -7.103260198099633
            ],
            [
              106.83664841099545,
              -7.103254401069705
            ],
            [
              106.83666174164614,
              -7.103248691274018
            ],
            [
              106.83666432899565,
              -7.103248387303211
            ],
            [
              106.83666622476653,
              -7.103248379209276
            ],
            [
              106.83666888046452,
              -7.103248369316759
            ],
            [
              106.83667905269618,
              -7.103250129289961
            ],
            [
              106.83668262300472,
              -7.103251058289686
            ],
            [
              106.83668951630818,
              -7.10325278858528
            ],
            [
              106.83669697168796,
              -7.1032542472856335
            ],
            [
              106.83670288652905,
              -7.103255404713138
            ],
            [
              106.83670895155694,
              -7.1032565918181945
            ],
            [
              106.83671250208039,
              -7.103257286094845
            ],
            [
              106.83671876765709,
              -7.103255655623968
            ],
            [
              106.83673366762474,
              -7.103252209421896
            ],
            [
              106.83673979560513,
              -7.103251675224612
            ],
            [
              106.83674968994632,
              -7.103250811875398
            ],
            [
              106.83675393384704,
              -7.10325044135476
            ],
            [
              106.83675989005695,
              -7.103249921546592
            ],
            [
              106.83676290728238,
              -7.103251354166616
            ],
            [
              106.83676567989227,
              -7.1032526698747915
            ],
            [
              106.83677884776569,
              -7.103258919263681
            ],
            [
              106.83678083796536,
              -7.103259863551841
            ],
            [
              106.83678836259293,
              -7.103265624608866
            ],
            [
              106.836793191053,
              -7.103270277701085
            ],
            [
              106.83679707702356,
              -7.103274021578784
            ],
            [
              106.83680095040359,
              -7.103277752865949
            ],
            [
              106.83680265371953,
              -7.103278565853088
            ],
            [
              106.83680861712406,
              -7.103280927472781
            ],
            [
              106.83681274950885,
              -7.103282367287363
            ],
            [
              106.83681579281466,
              -7.103282342106354
            ],
            [
              106.83681769757874,
              -7.103282326817862
            ],
            [
              106.8368273841765,
              -7.103282244979596
            ],
            [
              106.83685360211211,
              -7.103282026444333
            ],
            [
              106.83688370781692,
              -7.10327993911784
            ],
            [
              106.83690817836981,
              -7.103278242097133
            ],
            [
              106.83692413234292,
              -7.103277135931023
            ],
            [
              106.8369463150205,
              -7.103276300460834
            ],
            [
              106.83695922478847,
              -7.103276249199496
            ],
            [
              106.83697033591233,
              -7.103275121449656
            ],
            [
              106.83698460815322,
              -7.103272320960798
            ],
            [
              106.83699091599806,
              -7.103269300138038
            ],
            [
              106.83699932465919,
              -7.1032652729739425
            ],
            [
              106.83700717214333,
              -7.103261513807752
            ],
            [
              106.83701248893527,
              -7.1032569749294225
            ],
            [
              106.83701806383266,
              -7.103252215717134
            ],
            [
              106.83702473860086,
              -7.103246517612661
            ],
            [
              106.83702835297618,
              -7.103241290752919
            ],
            [
              106.83703408525491,
              -7.1032330017015965
            ],
            [
              106.83703986699635,
              -7.1032248727296405
            ],
            [
              106.83702285182324,
              -7.103231175178564
            ],
            [
              106.83702207660758,
              -7.103231383821253
            ],
            [
              106.83702123124488,
              -7.103231451270403
            ],
            [
              106.83699075232141,
              -7.103230649974478
            ],
            [
              106.83699008502447,
              -7.103230583424647
            ],
            [
              106.83698952834413,
              -7.103230448526347
            ],
            [
              106.8369662107221,
              -7.103223208983877
            ],
            [
              106.83696539323836,
              -7.103222841161141
            ],
            [
              106.83696474662582,
              -7.1032223897015
            ],
            [
              106.8369643185485,
              -7.103221979610623
            ],
            [
              106.83694670712487,
              -7.103202766494405
            ],
            [
              106.83694655424017,
              -7.10320259112666
            ],
            [
              106.83690501815215,
              -7.103151470963553
            ],
            [
              106.83687107234215,
              -7.103115932454273
            ],
            [
              106.83685387011008,
              -7.103097923530299
            ],
            [
              106.83678417175219,
              -7.103021016206867
            ],
            [
              106.83672106632423,
              -7.102950122649986
            ],
            [
              106.83668048441689,
              -7.10291272344341
            ],
            [
              106.83659731241607,
              -7.102843146493967
            ],
            [
              106.8365970345256,
              -7.102842893784498
            ],
            [
              106.83658933902683,
              -7.102835278325415
            ],
            [
              106.8365201245042,
              -7.102766782361073
            ],
            [
              106.83645044233413,
              -7.102692262737662
            ],
            [
              106.83639973585917,
              -7.10263803631625
            ],
            [
              106.83639957038395,
              -7.102637850156611
            ],
            [
              106.83634553012217,
              -7.1025730009432095
            ],
            [
              106.83634508855505,
              -7.102572369619111
            ],
            [
              106.83634479267812,
              -7.102571754482824
            ],
            [
              106.83632316038563,
              -7.102516469559362
            ],
            [
              106.83632297782322,
              -7.10251586071837
            ],
            [
              106.83630238874429,
              -7.102423944609313
            ],
            [
              106.83630135812126,
              -7.1024193436776955
            ],
            [
              106.83628935576922,
              -7.102365763868875
            ],
            [
              106.8362893144004,
              -7.102365553427489
            ],
            [
              106.83627904144464,
              -7.102306028200587
            ],
            [
              106.83626746716993,
              -7.10223896395695
            ],
            [
              106.8362606700939,
              -7.102199575450015
            ],
            [
              106.83625866010914,
              -7.102187930128821
            ],
            [
              106.83623562487423,
              -7.10208271664402
            ],
            [
              106.83622906072264,
              -7.1020527323476585
            ],
            [
              106.83621736503943,
              -7.101998284693025
            ],
            [
              106.83620848873085,
              -7.101956961744349
            ],
            [
              106.83618573498376,
              -7.101883909814546
            ],
            [
              106.8361856018841,
              -7.101883366624008
            ],
            [
              106.83618491390274,
              -7.1018795651897335
            ],
            [
              106.83618410721084,
              -7.101875066780849
            ],
            [
              106.83617479293241,
              -7.101823320689675
            ],
            [
              106.83617472368462,
              -7.101822471729633
            ],
            [
              106.83617592517885,
              -7.1017743840805
            ],
            [
              106.836175992628,
              -7.101773712286956
            ],
            [
              106.83617620576734,
              -7.101772927178786
            ],
            [
              106.83620743382608,
              -7.101690051054959
            ],
            [
              106.83620762088503,
              -7.101689623877007
            ],
            [
              106.83623764025498,
              -7.101629585137175
            ],
            [
              106.8362377697573,
              -7.101629344118862
            ],
            [
              106.83623824909597,
              -7.10162866782872
            ],
            [
              106.83631152315832,
              -7.10154458301605
            ],
            [
              106.83631202767799,
              -7.101544087489572
            ],
            [
              106.8363125942509,
              -7.10154368279467
            ],
            [
              106.83633758281326,
              -7.101528583177526
            ],
            [
              106.83633833824376,
              -7.101528226146684
            ],
            [
              106.83633898575567,
              -7.101528043584324
            ],
            [
              106.83635214643448,
              -7.101525375295807
            ],
            [
              106.8363581476105,
              -7.101511148021018
            ],
            [
              106.8363719800829,
              -7.101478352443962
            ],
            [
              106.83639849299612,
              -7.101443728545178
            ],
            [
              106.8364038250765,
              -7.101436919777996
            ],
            [
              106.83641426080953,
              -7.101420989187261
            ],
            [
              106.83643757843157,
              -7.1013933593160345
            ],
            [
              106.83644151836143,
              -7.101378153578878
            ],
            [
              106.83645563861688,
              -7.101344727577043
            ],
            [
              106.83645668362908,
              -7.10134177510281
            ],
            [
              106.83645936091085,
              -7.101334210005746
            ],
            [
              106.83650078188566,
              -7.101217160543456
            ],
            [
              106.83650603032908,
              -7.101188728476984
            ],
            [
              106.836494938091,
              -7.101158368264009
            ],
            [
              106.83649478430692,
              -7.101157923099606
            ],
            [
              106.83647445243412,
              -7.101095541625909
            ],
            [
              106.83647403784664,
              -7.1010939480272555
            ],
            [
              106.83646601229668,
              -7.101052983008685
            ],
            [
              106.83645633739013,
              -7.101004871077919
            ],
            [
              106.83644033575297,
              -7.10095894270097
            ],
            [
              106.83640548522504,
              -7.100915117838383
            ],
            [
              106.83635156367376,
              -7.100862054240338
            ],
            [
              106.8363509899063,
              -7.100861454392543
            ],
            [
              106.83633077224738,
              -7.100838968643416
            ],
            [
              106.83632726399208,
              -7.100836103403424
            ],
            [
              106.83632752749344,
              -7.100835810224396
            ],
            [
              106.83632774872666,
              -7.100835598883748
            ],
            [
              106.8363102820939,
              -7.100816167232267
            ],
            [
              106.83622533573072,
              -7.100718624964543
            ],
            [
              106.83615169834229,
              -7.100634066209125
            ],
            [
              106.83607070629813,
              -7.100539894600388
            ],
            [
              106.83602047016865,
              -7.100482710308768
            ],
            [
              106.83597832883686,
              -7.100436128124784
            ],
            [
              106.83596388302686,
              -7.100410456976988
            ],
            [
              106.83596255292952,
              -7.100404472888044
            ],
            [
              106.83596243691699,
              -7.100403888328742
            ],
            [
              106.83596223097226,
              -7.100401533004288
            ],
            [
              106.83596223097226,
              -7.100385418951873
            ],
            [
              106.83595599777112,
              -7.100363604996346
            ],
            [
              106.83593519825087,
              -7.100327204936491
            ],
            [
              106.83593423058034,
              -7.100325120308014
            ],
            [
              106.83593361814201,
              -7.100322836029989
            ],
            [
              106.83593341219728,
              -7.100320480705591
            ],
            [
              106.83593341219728,
              -7.1003138455075145
            ],
            [
              106.8359333321576,
              -7.100313893171574
            ],
            [
              106.835915533675,
              -7.100324537547351
            ],
            [
              106.83581466031836,
              -7.100383787581677
            ],
            [
              106.83572113532222,
              -7.100504456815202
            ],
            [
              106.83572110564455,
              -7.100504488291449
            ],
            [
              106.83567597316767,
              -7.1005517377724345
            ],
            [
              106.83563345142272,
              -7.10059840539202
            ],
            [
              106.83562414883545,
              -7.100608615395231
            ],
            [
              106.83562361014157,
              -7.100609158585769
            ],
            [
              106.83557162932732,
              -7.100657316382012
            ],
            [
              106.83552094353678,
              -7.100710475308119
            ],
            [
              106.83552063686795,
              -7.100710781976943
            ],
            [
              106.83547804587516,
              -7.100751362085646
            ],
            [
              106.83547761689857,
              -7.100751745196817
            ],
            [
              106.83547732641756,
              -7.100751979020572
            ],
            [
              106.83540811729085,
              -7.100805293529447
            ],
            [
              106.83536897699673,
              -7.100835223866454
            ],
            [
              106.83534404239373,
              -7.100853572734138
            ],
            [
              106.83534319972892,
              -7.100854123119234
            ],
            [
              106.83534176980692,
              -7.100854789516859
            ],
            [
              106.835340245456,
              -7.100855196909777
            ],
            [
              106.83533867344107,
              -7.100855334506036
            ],
            [
              106.83533710232547,
              -7.100855196909777
            ],
            [
              106.8353355779746,
              -7.100854789516859
            ],
            [
              106.83533414805254,
              -7.100854123119234
            ],
            [
              106.83533285482747,
              -7.100853219300575
            ],
            [
              106.8353317396681,
              -7.100852104141268
            ],
            [
              106.83533101121725,
              -7.100851066323628
            ],
            [
              106.83533083405081,
              -7.100850813614102
            ],
            [
              106.83533016765318,
              -7.100849384591356
            ],
            [
              106.83532975936095,
              -7.1008478620391315
            ],
            [
              106.83532962176469,
              -7.100846291822847
            ],
            [
              106.83532975936095,
              -7.100844721606563
            ],
            [
              106.83533016765318,
              -7.100843199953658
            ],
            [
              106.83533083405081,
              -7.100841770930913
            ],
            [
              106.8353317396681,
              -7.100840479504484
            ],
            [
              106.83533285482747,
              -7.10083936524444
            ],
            [
              106.83533330538779,
              -7.100839011810876
            ],
            [
              106.83535810509255,
              -7.100820762767967
            ],
            [
              106.83539708710595,
              -7.100790952940088
            ],
            [
              106.83545639289827,
              -7.100745266480828
            ],
            [
              106.83546589423571,
              -7.100737947797995
            ],
            [
              106.83550798340679,
              -7.10069784522932
            ],
            [
              106.83555871326405,
              -7.100644641337055
            ],
            [
              106.83555911256303,
              -7.100644247434047
            ],
            [
              106.83561101783425,
              -7.100596158885594
            ],
            [
              106.83566272795258,
              -7.1005394080671635
            ],
            [
              106.83570086550259,
              -7.10049948176561
            ],
            [
              106.83571944909335,
              -7.100480025832496
            ],
            [
              106.83572002286081,
              -7.10047947634672
            ],
            [
              106.83575263137891,
              -7.100450851825315
            ],
            [
              106.83581466031836,
              -7.100383787581677
            ]
          ]
        ]
      }
    },
    {
      "type": "Feature",
      "properties": {
        "id": "EKSISTING_05",
        "nama": "Blok Eksisting 5",
        "kategori": "Eksisting",
        "warna": "#2563eb",
        "luas_ha": 4.347,
        "luas_m2": 43475.0
      },
      "geometry": {
        "type": "Polygon",
        "coordinates": [
          [
            [
              106.83446550817672,
              -7.10479487498344
            ],
            [
              106.83450599025929,
              -7.104730993440569
            ],
            [
              106.83452516200668,
              -7.104711471856888
            ],
            [
              106.8345747002623,
              -7.104665110906069
            ],
            [
              106.83462256398019,
              -7.104639585448467
            ],
            [
              106.83465631103996,
              -7.104631555401909
            ],
            [
              106.83468746265635,
              -7.104624142290277
            ],
            [
              106.83468781608991,
              -7.104624073941807
            ],
            [
              106.8347732525836,
              -7.1046125446331985
            ],
            [
              106.8348307165644,
              -7.104603858081532
            ],
            [
              106.83485620065318,
              -7.104603397628637
            ],
            [
              106.83490110740024,
              -7.104605891448671
            ],
            [
              106.83490786670473,
              -7.1046064481290045
            ],
            [
              106.83491284625092,
              -7.104606858219881
            ],
            [
              106.83495630778742,
              -7.104610437521615
            ],
            [
              106.83496958447881,
              -7.10461172984742
            ],
            [
              106.83499139573638,
              -7.104613854046079
            ],
            [
              106.83502707543926,
              -7.104608101082931
            ],
            [
              106.83506289363771,
              -7.104594623842786
            ],
            [
              106.83506378486584,
              -7.10459439451563
            ],
            [
              106.83510139811108,
              -7.104589580444724
            ],
            [
              106.83510174165212,
              -7.1045895498677964
            ],
            [
              106.83513103257116,
              -7.1045880506979415
            ],
            [
              106.83513687816446,
              -7.104587751223676
            ],
            [
              106.83516606476212,
              -7.104581110629681
            ],
            [
              106.83520272652464,
              -7.104569768380088
            ],
            [
              106.8352286431874,
              -7.104559308365367
            ],
            [
              106.8352294786576,
              -7.104559075440932
            ],
            [
              106.83523026466503,
              -7.104559007092462
            ],
            [
              106.83523071882269,
              -7.104559029575512
            ],
            [
              106.83526688505879,
              -7.104562898458937
            ],
            [
              106.83532942301451,
              -7.104595073503788
            ],
            [
              106.83534892211514,
              -7.104606410357519
            ],
            [
              106.83538213317894,
              -7.104620386721422
            ],
            [
              106.83541111383192,
              -7.104625284429289
            ],
            [
              106.8354314780803,
              -7.104628726134763
            ],
            [
              106.83547046369102,
              -7.10463385316973
            ],
            [
              106.83550284557992,
              -7.1046351652806266
            ],
            [
              106.83554087071468,
              -7.104636706718566
            ],
            [
              106.8355677091825,
              -7.104637453155874
            ],
            [
              106.83560413712127,
              -7.104638052104349
            ],
            [
              106.8356332481759,
              -7.104639079130152
            ],
            [
              106.83563328235016,
              -7.104639081828111
            ],
            [
              106.83568646645733,
              -7.104642674619697
            ],
            [
              106.83574281797672,
              -7.1046501291001505
            ],
            [
              106.83574610859608,
              -7.104650971764897
            ],
            [
              106.83569059884212,
              -7.104652076132368
            ],
            [
              106.83567605320735,
              -7.104650912409625
            ],
            [
              106.83562153450629,
              -7.104647378973311
            ],
            [
              106.835567509533,
              -7.104646493141104
            ],
            [
              106.8355405613479,
              -7.104645744005836
            ],
            [
              106.83550247865651,
              -7.104644200769201
            ],
            [
              106.83548119260303,
              -7.104643337420043
            ],
            [
              106.83540960297086,
              -7.104634200308055
            ],
            [
              106.83538008991928,
              -7.104629211768668
            ],
            [
              106.83537920768435,
              -7.104628964455117
            ],
            [
              106.83534513956658,
              -7.104614631060315
            ],
            [
              106.83534462695303,
              -7.104614375652886
            ],
            [
              106.8353274067345,
              -7.104604363500528
            ],
            [
              106.83533242405218,
              -7.104615127486113
            ],
            [
              106.83533601324649,
              -7.10462127165431
            ],
            [
              106.83534301626725,
              -7.104633050974485
            ],
            [
              106.83534545342997,
              -7.104637392002019
            ],
            [
              106.83535496915658,
              -7.104654342423942
            ],
            [
              106.83536313500076,
              -7.104669310740064
            ],
            [
              106.83537664731449,
              -7.1047068394490225
            ],
            [
              106.83537857725958,
              -7.104717207732904
            ],
            [
              106.83538317459391,
              -7.104746593080733
            ],
            [
              106.83538681954616,
              -7.104761046085343
            ],
            [
              106.83539297180829,
              -7.104785254036187
            ],
            [
              106.83539425514084,
              -7.10479923129941
            ],
            [
              106.83539696479812,
              -7.104827271261513
            ],
            [
              106.83540180854669,
              -7.104852633042526
            ],
            [
              106.83540544630438,
              -7.104867174180697
            ],
            [
              106.83540886732544,
              -7.104883926751768
            ],
            [
              106.83540939342885,
              -7.104895435376022
            ],
            [
              106.8354099195322,
              -7.1049069431009
            ],
            [
              106.83541004813526,
              -7.104930871362569
            ],
            [
              106.83541256623698,
              -7.104953638599511
            ],
            [
              106.83541320385632,
              -7.104971733858406
            ],
            [
              106.83540932957698,
              -7.104985984515508
            ],
            [
              106.8354084833149,
              -7.104989096169788
            ],
            [
              106.83540852648235,
              -7.104999861054694
            ],
            [
              106.83540726923013,
              -7.105025581665188
            ],
            [
              106.83540744729589,
              -7.105029767110011
            ],
            [
              106.83540783490372,
              -7.105037604701636
            ],
            [
              106.83540607043386,
              -7.1050484882970295
            ],
            [
              106.83540079680938,
              -7.105059651581598
            ],
            [
              106.8353984855517,
              -7.105064185963386
            ],
            [
              106.83541638475839,
              -7.105063349593877
            ],
            [
              106.83543301502169,
              -7.105063381070124
            ],
            [
              106.83543899191602,
              -7.105063489888096
            ],
            [
              106.83544069972857,
              -7.1050635213644
            ],
            [
              106.83545265531586,
              -7.105063739000286
            ],
            [
              106.8354569405854,
              -7.10506381724133
            ],
            [
              106.83546985844725,
              -7.1050640528637246
            ],
            [
              106.83548723424855,
              -7.105069292313942
            ],
            [
              106.83549617980492,
              -7.1050724066661815
            ],
            [
              106.83551978610933,
              -7.1050834971056815
            ],
            [
              106.83553885623331,
              -7.105093822222045
            ],
            [
              106.83556598068554,
              -7.10510850905041
            ],
            [
              106.83558820203393,
              -7.1051266519733645
            ],
            [
              106.83561123906748,
              -7.105145461293944
            ],
            [
              106.835624926749,
              -7.1051566371690456
            ],
            [
              106.83564274141946,
              -7.105171182803815
            ],
            [
              106.83568339976915,
              -7.105204380377813
            ],
            [
              106.83569503879505,
              -7.105213883513841
            ],
            [
              106.83571428788412,
              -7.10522926192084
            ],
            [
              106.83573321051932,
              -7.105239118490488
            ],
            [
              106.83574861140937,
              -7.105247140443112
            ],
            [
              106.83576868967333,
              -7.105257599558513
            ],
            [
              106.83577559286937,
              -7.105264207776941
            ],
            [
              106.8357909281089,
              -7.105281458572392
            ],
            [
              106.83579460543677,
              -7.105285595453836
            ],
            [
              106.83579725753748,
              -7.105288579404373
            ],
            [
              106.83579868745954,
              -7.105290995882683
            ],
            [
              106.83580742167521,
              -7.105305753757477
            ],
            [
              106.83581933679301,
              -7.105325350884186
            ],
            [
              106.8358326674437,
              -7.105344061279368
            ],
            [
              106.8358391038916,
              -7.10535154184015
            ],
            [
              106.83585559925655,
              -7.1053619362043605
            ],
            [
              106.83587119529949,
              -7.105364379662319
            ],
            [
              106.83587909134707,
              -7.105365617129507
            ],
            [
              106.83588534343392,
              -7.105366596491194
            ],
            [
              106.83589985129714,
              -7.105365057751158
            ],
            [
              106.83590853515085,
              -7.105363484836914
            ],
            [
              106.83591327188003,
              -7.105362626883675
            ],
            [
              106.83593478636135,
              -7.105357828101262
            ],
            [
              106.83593799244443,
              -7.1053569026988725
            ],
            [
              106.83598411687353,
              -7.105341749122374
            ],
            [
              106.83598846599494,
              -7.105338602394511
            ],
            [
              106.83599449504999,
              -7.105334237984664
            ],
            [
              106.83601510571265,
              -7.105319322728519
            ],
            [
              106.83603128271756,
              -7.105307615354093
            ],
            [
              106.83604479233338,
              -7.105297838824129
            ],
            [
              106.83605857084643,
              -7.105287868040648
            ],
            [
              106.83609519573673,
              -7.105263319246717
            ],
            [
              106.83610110338327,
              -7.105259359531772
            ],
            [
              106.83612619986428,
              -7.105242538612231
            ],
            [
              106.83614249018382,
              -7.105231619943254
            ],
            [
              106.83614800033001,
              -7.1052279273269505
            ],
            [
              106.83615927692915,
              -7.105220368525124
            ],
            [
              106.83618088314131,
              -7.105205886742226
            ],
            [
              106.83619365261501,
              -7.1051964978200886
            ],
            [
              106.8362036260965,
              -7.105188917434532
            ],
            [
              106.83620778636032,
              -7.105185121396175
            ],
            [
              106.83623272995658,
              -7.105162360454528
            ],
            [
              106.83623926712852,
              -7.105156395251413
            ],
            [
              106.83627188553913,
              -7.105126631288954
            ],
            [
              106.83626707596483,
              -7.10512132079225
            ],
            [
              106.83626426558345,
              -7.105118218131224
            ],
            [
              106.8362606404163,
              -7.105117354782067
            ],
            [
              106.83625588480129,
              -7.105116222535571
            ],
            [
              106.83625177310091,
              -7.105115244073204
            ],
            [
              106.83624897980661,
              -7.1051154760983195
            ],
            [
              106.83624747164356,
              -7.105115602003366
            ],
            [
              106.83624463518186,
              -7.10511583762576
            ],
            [
              106.83623647563292,
              -7.105116291783418
            ],
            [
              106.83623392785353,
              -7.105116433876276
            ],
            [
              106.83622885477791,
              -7.10511678371256
            ],
            [
              106.83622467203105,
              -7.105117071495613
            ],
            [
              106.83622134993539,
              -7.105117300822712
            ],
            [
              106.83621667615876,
              -7.105117622780028
            ],
            [
              106.8362084257783,
              -7.105117279238982
            ],
            [
              106.83620240032059,
              -7.105117028328152
            ],
            [
              106.83619799364254,
              -7.105115618191178
            ],
            [
              106.83619112012417,
              -7.105113419348754
            ],
            [
              106.8361875282319,
              -7.105112269115864
            ],
            [
              106.83618117811892,
              -7.105109642196169
            ],
            [
              106.83617375691341,
              -7.10510657101139
            ],
            [
              106.83617027653708,
              -7.105105131196808
            ],
            [
              106.83616458742586,
              -7.105100073409631
            ],
            [
              106.83616086243393,
              -7.105096762105859
            ],
            [
              106.83615765635079,
              -7.105091265449516
            ],
            [
              106.83615503033047,
              -7.105085297548385
            ],
            [
              106.83615406805586,
              -7.105083108598535
            ],
            [
              106.83615104813242,
              -7.105072430947871
            ],
            [
              106.83615063264563,
              -7.105070686263105
            ],
            [
              106.83614747602525,
              -7.105060092249403
            ],
            [
              106.83614546154388,
              -7.1050550173750935
            ],
            [
              106.83614342547878,
              -7.105051171874038
            ],
            [
              106.83614112861028,
              -7.105046833544463
            ],
            [
              106.83613568771187,
              -7.1050421705596705
            ],
            [
              106.8361291694257,
              -7.105037360985364
            ],
            [
              106.83612368715848,
              -7.10503360091991
            ],
            [
              106.8361189891001,
              -7.105029162765618
            ],
            [
              106.83611522543737,
              -7.105025607745574
            ],
            [
              106.83611160116953,
              -7.105020233396999
            ],
            [
              106.83611000127559,
              -7.105017280922709
            ],
            [
              106.83610603166807,
              -7.105009952347359
            ],
            [
              106.8361052735396,
              -7.105007072718195
            ],
            [
              106.836104152085,
              -7.105002811730344
            ],
            [
              106.83610323657518,
              -7.104995968788899
            ],
            [
              106.83610507478943,
              -7.104980123633766
            ],
            [
              106.8361055883023,
              -7.104976656747283
            ],
            [
              106.83610962985557,
              -7.104966470126442
            ],
            [
              106.83611671381533,
              -7.1049556827584865
            ],
            [
              106.83612007098452,
              -7.104951366012699
            ],
            [
              106.83612393896868,
              -7.104945614848191
            ],
            [
              106.83612564768055,
              -7.104943052679687
            ],
            [
              106.83612863702706,
              -7.104938568659975
            ],
            [
              106.83612884027383,
              -7.104933473101255
            ],
            [
              106.8361290435206,
              -7.104928390133068
            ],
            [
              106.8361292143918,
              -7.104924125547882
            ],
            [
              106.83612923147894,
              -7.1049236974706105
            ],
            [
              106.83612904082264,
              -7.104923392600426
            ],
            [
              106.8361266414314,
              -7.104919552495289
            ],
            [
              106.83612501006121,
              -7.104916941763406
            ],
            [
              106.83611965100113,
              -7.104909094279208
            ],
            [
              106.83611733434753,
              -7.104905851323906
            ],
            [
              106.83611614454452,
              -7.1048975227024584
            ],
            [
              106.83611727769028,
              -7.1048905772382795
            ],
            [
              106.83611773004924,
              -7.1048878100243655
            ],
            [
              106.83611824715945,
              -7.1048846399141325
            ],
            [
              106.83611861138485,
              -7.104882411394101
            ],
            [
              106.83611987493236,
              -7.104880362738527
            ],
            [
              106.83612181297133,
              -7.104877220507262
            ],
            [
              106.8361239488612,
              -7.10487508461739
            ],
            [
              106.83612522949579,
              -7.104873803083478
            ],
            [
              106.83612854799418,
              -7.104870524155331
            ],
            [
              106.83613129182572,
              -7.104868172428155
            ],
            [
              106.83613945587126,
              -7.1048607314375545
            ],
            [
              106.83614687977473,
              -7.1048521312208095
            ],
            [
              106.83615713384472,
              -7.1048411864715035
            ],
            [
              106.83615919778879,
              -7.104838899495576
            ],
            [
              106.83616124734374,
              -7.104834799486355
            ],
            [
              106.83616313592006,
              -7.104831022333769
            ],
            [
              106.83616468545193,
              -7.104827923270022
            ],
            [
              106.8361671918625,
              -7.104821404983795
            ],
            [
              106.8361672413252,
              -7.104821278179372
            ],
            [
              106.83617213543579,
              -7.10481670332814
            ],
            [
              106.83617243850728,
              -7.104816551342708
            ],
            [
              106.83617820945688,
              -7.104814034140304
            ],
            [
              106.83617937317956,
              -7.104813760746424
            ],
            [
              106.83618214578945,
              -7.104813107838595
            ],
            [
              106.83618250551825,
              -7.104813023302313
            ],
            [
              106.83618527722882,
              -7.1048123712938605
            ],
            [
              106.83618813437494,
              -7.10481169860094
            ],
            [
              106.83618895635533,
              -7.104811505246744
            ],
            [
              106.83619700618692,
              -7.104807717302265
            ],
            [
              106.83619931025004,
              -7.104806633619205
            ],
            [
              106.83619993168156,
              -7.104806340440234
            ],
            [
              106.83621352313565,
              -7.1048015110808365
            ],
            [
              106.83621466257665,
              -7.1048015110808365
            ],
            [
              106.83621883812896,
              -7.1048015110808365
            ],
            [
              106.8362273960775,
              -7.10480414339645
            ],
            [
              106.836230069762,
              -7.104806780208719
            ],
            [
              106.83623135399387,
              -7.1048119162368835
            ],
            [
              106.83623249973016,
              -7.104816501880009
            ],
            [
              106.83623249973016,
              -7.104821260192978
            ],
            [
              106.83623249973016,
              -7.104826495146597
            ],
            [
              106.83623303392744,
              -7.104831035823622
            ],
            [
              106.83623392785353,
              -7.104838631497614
            ],
            [
              106.8362403517109,
              -7.1048436281308796
            ],
            [
              106.83624740059713,
              -7.104843256710865
            ],
            [
              106.83625080812834,
              -7.104843077745784
            ],
            [
              106.83626021773495,
              -7.104842126263065
            ],
            [
              106.83627087110386,
              -7.104840795266455
            ],
            [
              106.8362718702507,
              -7.104840252975237
            ],
            [
              106.83627523371513,
              -7.104838128776578
            ],
            [
              106.83628043989046,
              -7.104834840855176
            ],
            [
              106.83628474134781,
              -7.104832060151409
            ],
            [
              106.83628635563088,
              -7.104830266903264
            ],
            [
              106.83629372017913,
              -7.104822084871273
            ],
            [
              106.83629983556904,
              -7.104811694104342
            ],
            [
              106.83630317025518,
              -7.104802939204262
            ],
            [
              106.83630317025518,
              -7.1047973427231454
            ],
            [
              106.83630316935586,
              -7.104788662466774
            ],
            [
              106.83629983017306,
              -7.104783891563272
            ],
            [
              106.83629667265336,
              -7.104779380563912
            ],
            [
              106.8362923523103,
              -7.104773046638741
            ],
            [
              106.83629035761396,
              -7.1047698054820785
            ],
            [
              106.83628635473156,
              -7.104761773636881
            ],
            [
              106.83628490232644,
              -7.104757417320911
            ],
            [
              106.83628318192336,
              -7.104752257011
            ],
            [
              106.83628195165079,
              -7.104747640790947
            ],
            [
              106.83628032747521,
              -7.104741549682728
            ],
            [
              106.83627934811346,
              -7.104737044978606
            ],
            [
              106.83627675806599,
              -7.104719395783434
            ],
            [
              106.83627675806599,
              -7.10471597835965
            ],
            [
              106.83627675806599,
              -7.104710139960957
            ],
            [
              106.836282468761,
              -7.10469800450926
            ],
            [
              106.83629825905746,
              -7.104684823146044
            ],
            [
              106.83630124210868,
              -7.104683182782594
            ],
            [
              106.83631123177798,
              -7.104679122343555
            ],
            [
              106.83631784539233,
              -7.104677596194051
            ],
            [
              106.8363252989734,
              -7.104675876690294
            ],
            [
              106.83633386501594,
              -7.104671593219393
            ],
            [
              106.83633539836,
              -7.1046681847888635
            ],
            [
              106.83633824471428,
              -7.104661861655529
            ],
            [
              106.83633888413226,
              -7.104660440726718
            ],
            [
              106.83633880768986,
              -7.104630634496118
            ],
            [
              106.83633844346446,
              -7.104628813369004
            ],
            [
              106.83633389469355,
              -7.104602267180837
            ],
            [
              106.83633161221417,
              -7.104586748479619
            ],
            [
              106.8363288674833,
              -7.104568085748497
            ],
            [
              106.83632963910162,
              -7.104555486246625
            ],
            [
              106.83632979558365,
              -7.104552933071375
            ],
            [
              106.83633012023893,
              -7.104547639661803
            ],
            [
              106.83633257808606,
              -7.104529775528647
            ],
            [
              106.83634533496928,
              -7.10450349374122
            ],
            [
              106.83635048988327,
              -7.1044934051464566
            ],
            [
              106.83635872857252,
              -7.1044818362676665
            ],
            [
              106.83636656256687,
              -7.104470835760424
            ],
            [
              106.83636813997776,
              -7.104468620730188
            ],
            [
              106.83637865844838,
              -7.104453849365598
            ],
            [
              106.83638870027835,
              -7.1044355733429825
            ],
            [
              106.8363943390276,
              -7.104418001489535
            ],
            [
              106.83639521047064,
              -7.104415285536959
            ],
            [
              106.83639739672253,
              -7.104391054203745
            ],
            [
              106.83639916029307,
              -7.1043679578149295
            ],
            [
              106.83640569836433,
              -7.104349993857056
            ],
            [
              106.83642871921006,
              -7.104310841871836
            ],
            [
              106.83645018692664,
              -7.104276287220841
            ],
            [
              106.83645937440065,
              -7.104261514956875
            ],
            [
              106.83646449783839,
              -7.104253283462242
            ],
            [
              106.83646409224411,
              -7.104249125896388
            ],
            [
              106.8364634870004,
              -7.104242920574279
            ],
            [
              106.83646272167732,
              -7.104235077586736
            ],
            [
              106.8364621002458,
              -7.104228707688662
            ],
            [
              106.83646199142783,
              -7.104227597025954
            ],
            [
              106.8364619203814,
              -7.104226864977818
            ],
            [
              106.83646117034681,
              -7.104219177572929
            ],
            [
              106.83646081241665,
              -7.104215513734914
            ],
            [
              106.83646066222985,
              -7.104213975894197
            ],
            [
              106.83646022426001,
              -7.104209481082648
            ],
            [
              106.83646003180507,
              -7.104207506171406
            ],
            [
              106.83645932223999,
              -7.10420023155541
            ],
            [
              106.83645886988103,
              -7.104194479491582
            ],
            [
              106.83645886358573,
              -7.104194382364824
            ],
            [
              106.83645877095557,
              -7.104193115220028
            ],
            [
              106.83645807308164,
              -7.104182613836485
            ],
            [
              106.83646147251898,
              -7.10417678622963
            ],
            [
              106.8364649924655,
              -7.1041731934381005
            ],
            [
              106.83646949447166,
              -7.104171192446529
            ],
            [
              106.83647042167269,
              -7.104171338136723
            ],
            [
              106.83647581850425,
              -7.1041721888953475
            ],
            [
              106.83647693006634,
              -7.10417236426315
            ],
            [
              106.83647915229113,
              -7.104172714099434
            ],
            [
              106.83647970807215,
              -7.104172801333675
            ],
            [
              106.83648137541519,
              -7.104173063935718
            ],
            [
              106.83648663914715,
              -7.104173893110612
            ],
            [
              106.83651050355695,
              -7.104177652276803
            ],
            [
              106.83653398395626,
              -7.104181350289025
            ],
            [
              106.83654161200587,
              -7.10418255178331
            ],
            [
              106.83655266737173,
              -7.104184292870798
            ],
            [
              106.83656391968918,
              -7.104186065434533
            ],
            [
              106.83657931698195,
              -7.104188490906097
            ],
            [
              106.83663888987292,
              -7.104197873532996
            ],
            [
              106.83666437216311,
              -7.104201887207296
            ],
            [
              106.83666488297803,
              -7.104182716359219
            ],
            [
              106.83666506464107,
              -7.104175910289996
            ],
            [
              106.8366652481028,
              -7.104169035872246
            ],
            [
              106.83666538479974,
              -7.104163891750147
            ],
            [
              106.8366656366099,
              -7.10415445606327
            ],
            [
              106.83666579938722,
              -7.104148349666559
            ],
            [
              106.8366632453126,
              -7.10414032141864
            ],
            [
              106.83666250696916,
              -7.104138000268449
            ],
            [
              106.83666158786207,
              -7.1041351116460305
            ],
            [
              106.83666080365322,
              -7.104132645704965
            ],
            [
              106.83665678098572,
              -7.1041272821482835
            ],
            [
              106.83665261622531,
              -7.104121728834684
            ],
            [
              106.83664795413983,
              -7.104115512720682
            ],
            [
              106.83663439146403,
              -7.104101950044935
            ],
            [
              106.83662297007407,
              -7.104092670840032
            ],
            [
              106.83661743294823,
              -7.1040742329394675
            ],
            [
              106.8366181173323,
              -7.104055082775801
            ],
            [
              106.83661829989467,
              -7.104049964734031
            ],
            [
              106.8366163303794,
              -7.104026025680469
            ],
            [
              106.836614768257,
              -7.1040173364309
            ],
            [
              106.83661142098038,
              -7.103998716867238
            ],
            [
              106.83660941279425,
              -7.103987545488792
            ],
            [
              106.83660878236947,
              -7.103984039032127
            ],
            [
              106.83660726521316,
              -7.1039756006933885
            ],
            [
              106.83659981522936,
              -7.103960700725736
            ],
            [
              106.83659084718988,
              -7.103942763747511
            ],
            [
              106.8365756603385,
              -7.1039263466235525
            ],
            [
              106.83656946311032,
              -7.103919647573605
            ],
            [
              106.8365628593885,
              -7.103916320981398
            ],
            [
              106.83655158548731,
              -7.1039106417626385
            ],
            [
              106.83653579159358,
              -7.103908666851453
            ],
            [
              106.83652844413245,
              -7.103907748643621
            ],
            [
              106.8365212792337,
              -7.103905684699555
            ],
            [
              106.83651902193537,
              -7.1039038977466475
            ],
            [
              106.83650757536435,
              -7.103894835278368
            ],
            [
              106.83650123964054,
              -7.103881678196842
            ],
            [
              106.83649957949206,
              -7.103877463973731
            ],
            [
              106.83649662072253,
              -7.103869952836021
            ],
            [
              106.83649625829577,
              -7.103860187997213
            ],
            [
              106.83649590576152,
              -7.103850679465211
            ],
            [
              106.83650019013174,
              -7.10383854401357
            ],
            [
              106.83650495294131,
              -7.103835852342684
            ],
            [
              106.83651660815502,
              -7.103829263909347
            ],
            [
              106.83652159579509,
              -7.103828137958146
            ],
            [
              106.83652888390094,
              -7.103826492198834
            ],
            [
              106.83654609602559,
              -7.103824726829657
            ],
            [
              106.836554533465,
              -7.103825254731646
            ],
            [
              106.83655846889826,
              -7.103825500246614
            ],
            [
              106.83656410584888,
              -7.103825852780858
            ],
            [
              106.83656750978281,
              -7.103826065020826
            ],
            [
              106.83657140924322,
              -7.103826309636418
            ],
            [
              106.8365743392344,
              -7.103825802418783
            ],
            [
              106.83657950763825,
              -7.103824906694058
            ],
            [
              106.83658457531794,
              -7.103823501953002
            ],
            [
              106.83659209275095,
              -7.1038209964418115
            ],
            [
              106.83659670627304,
              -7.1038194586010945
            ],
            [
              106.83660232703585,
              -7.103814582476957
            ],
            [
              106.83660826436,
              -7.103804726806629
            ],
            [
              106.83660853505592,
              -7.103803879645284
            ],
            [
              106.83660930217764,
              -7.103801482952008
            ],
            [
              106.83661023477458,
              -7.1037985700479
            ],
            [
              106.83661317645698,
              -7.1037821736083515
            ],
            [
              106.83661347233397,
              -7.103770649695662
            ],
            [
              106.83661370076175,
              -7.103761630394899
            ],
            [
              106.83661394627666,
              -7.1037501037841935
            ],
            [
              106.83661419269089,
              -7.103738549294576
            ],
            [
              106.8366144040316,
              -7.103728612685302
            ],
            [
              106.8366158807184,
              -7.103723955096427
            ],
            [
              106.8366177261272,
              -7.10371813198617
            ],
            [
              106.83661809574858,
              -7.103716967364107
            ],
            [
              106.83661883409201,
              -7.103714639019302
            ],
            [
              106.8366176406916,
              -7.10369975793742
            ],
            [
              106.83661399394072,
              -7.1036913645647815
            ],
            [
              106.83661161163661,
              -7.103683211311079
            ],
            [
              106.83660840465421,
              -7.103672241380764
            ],
            [
              106.83660509784704,
              -7.10366092611082
            ],
            [
              106.83660292598432,
              -7.103653497710695
            ],
            [
              106.83660016506565,
              -7.103644053030564
            ],
            [
              106.83659823871778,
              -7.103637461000005
            ],
            [
              106.83659527635098,
              -7.103627326539822
            ],
            [
              106.83659229419908,
              -7.103617124630546
            ],
            [
              106.83658983994923,
              -7.103604396525611
            ],
            [
              106.8365869801051,
              -7.103589571201724
            ],
            [
              106.8365850744417,
              -7.103579686753108
            ],
            [
              106.83658442692985,
              -7.103564955857962
            ],
            [
              106.83658436757457,
              -7.103560400791821
            ],
            [
              106.83658541528473,
              -7.103550063984244
            ],
            [
              106.83658686768985,
              -7.1035434224909295
            ],
            [
              106.83658746214172,
              -7.1035407047396575
            ],
            [
              106.83658590001932,
              -7.103529908378505
            ],
            [
              106.83658555018303,
              -7.103528889446636
            ],
            [
              106.83658379650507,
              -7.103523779498801
            ],
            [
              106.836582157041,
              -7.10351900499802
            ],
            [
              106.83657873961721,
              -7.103513608166452
            ],
            [
              106.8365658172587,
              -7.103495668490268
            ],
            [
              106.83654953593242,
              -7.103473906695399
            ],
            [
              106.836544069853,
              -7.103465188667485
            ],
            [
              106.8365389410194,
              -7.103457008434134
            ],
            [
              106.83653082104064,
              -7.103444058196658
            ],
            [
              106.83651578707395,
              -7.103436005667106
            ],
            [
              106.8365120719746,
              -7.103434016366691
            ],
            [
              106.83650664456604,
              -7.103429930746643
            ],
            [
              106.83649959927715,
              -7.103438459017639
            ],
            [
              106.83649897874494,
              -7.103439072355286
            ],
            [
              106.83649433014926,
              -7.103442744287179
            ],
            [
              106.83649368263741,
              -7.103445016873991
            ],
            [
              106.83648941535432,
              -7.103460379992498
            ],
            [
              106.83648371455183,
              -7.103480807193478
            ],
            [
              106.83648228103249,
              -7.103485944120962
            ],
            [
              106.83647878266976,
              -7.103502576182905
            ],
            [
              106.8364747707941,
              -7.103521649004847
            ],
            [
              106.83647235791307,
              -7.103535061493858
            ],
            [
              106.83647200537882,
              -7.1035370202172885
            ],
            [
              106.83647097205778,
              -7.103543446772619
            ],
            [
              106.83646709058382,
              -7.103567598965469
            ],
            [
              106.83646408055296,
              -7.1035863300450615
            ],
            [
              106.83645976650507,
              -7.1036131748081175
            ],
            [
              106.83645663686434,
              -7.103632646029723
            ],
            [
              106.83645441014295,
              -7.103646674554341
            ],
            [
              106.83644859512663,
              -7.103683301243336
            ],
            [
              106.83644466329065,
              -7.103708065874514
            ],
            [
              106.83644164066925,
              -7.103727103622873
            ],
            [
              106.8364314648403,
              -7.103788858269127
            ],
            [
              106.83641779784318,
              -7.10388729446305
            ],
            [
              106.83640925338437,
              -7.103979121539169
            ],
            [
              106.83640551670129,
              -7.104006172247011
            ],
            [
              106.83639544249576,
              -7.104079109962925
            ],
            [
              106.83639533547642,
              -7.104079609086625
            ],
            [
              106.83637625995647,
              -7.104148785837765
            ],
            [
              106.83637002765471,
              -7.1041713858007824
            ],
            [
              106.83634192204215,
              -7.104266793078011
            ],
            [
              106.83632129788964,
              -7.104328714098813
            ],
            [
              106.83631713672656,
              -7.104341206581353
            ],
            [
              106.83629694334934,
              -7.104399161591971
            ],
            [
              106.8362916715235,
              -7.104412340257227
            ],
            [
              106.83626405963872,
              -7.104482638462969
            ],
            [
              106.8362245955887,
              -7.104582138554804
            ],
            [
              106.83620896267354,
              -7.1046380305206185
            ],
            [
              106.83620268900296,
              -7.10468138503785
            ],
            [
              106.83620244618601,
              -7.104682287957189
            ],
            [
              106.8361897999194,
              -7.1047135960555465
            ],
            [
              106.83617715725006,
              -7.1047448951607635
            ],
            [
              106.83616767120111,
              -7.104768380056669
            ],
            [
              106.83616739331063,
              -7.104768948428159
            ],
            [
              106.83616694095161,
              -7.10476959414143
            ],
            [
              106.8361666100011,
              -7.104769947574994
            ],
            [
              106.83611448709394,
              -7.1048199930481815
            ],
            [
              106.83611425956548,
              -7.104820196294952
            ],
            [
              106.83611384138072,
              -7.104820507460431
            ],
            [
              106.83610009884057,
              -7.104829558237498
            ],
            [
              106.83609987041274,
              -7.1048296985317165
            ],
            [
              106.83609944503343,
              -7.10482991526834
            ],
            [
              106.83608502980036,
              -7.1048363220385795
            ],
            [
              106.83608075532266,
              -7.104838210614901
            ],
            [
              106.83607059298356,
              -7.104842720714942
            ],
            [
              106.83605719308503,
              -7.104848450295719
            ],
            [
              106.8360570186166,
              -7.104848473678089
            ],
            [
              106.83598442354236,
              -7.1048546574164675
            ],
            [
              106.83597568213207,
              -7.104853944254103
            ],
            [
              106.83593918404614,
              -7.104830032180189
            ],
            [
              106.83593875776751,
              -7.1048297147195285
            ],
            [
              106.83593819928853,
              -7.104829158039138
            ],
            [
              106.83593798255191,
              -7.10482887835002
            ],
            [
              106.83588701527361,
              -7.10475755761513
            ],
            [
              106.8358713400903,
              -7.104736827342663
            ],
            [
              106.83584814207813,
              -7.104715285881696
            ],
            [
              106.8358334093844,
              -7.104701605394723
            ],
            [
              106.83581982422555,
              -7.104688990604359
            ],
            [
              106.83580531636233,
              -7.104680927282914
            ],
            [
              106.83580525161113,
              -7.104680894008027
            ],
            [
              106.83579654617375,
              -7.104676058353391
            ],
            [
              106.835786033099,
              -7.104670218156002
            ],
            [
              106.83577489679413,
              -7.104664030820345
            ],
            [
              106.83577279417915,
              -7.104663719654866
            ],
            [
              106.83575033630905,
              -7.104652053649318
            ],
            [
              106.83579043258248,
              -7.1046623158131865
            ],
            [
              106.83579222403199,
              -7.104663310463366
            ],
            [
              106.83579098476622,
              -7.104661570275198
            ],
            [
              106.83579664599847,
              -7.104653921541171
            ],
            [
              106.83581060887258,
              -7.104673524963175
            ],
            [
              106.83582473542327,
              -7.104681372447317
            ],
            [
              106.83582549894766,
              -7.104681918335814
            ],
            [
              106.83585430513216,
              -7.1047086632741525
            ],
            [
              106.83587779452466,
              -7.104730474531721
            ],
            [
              106.8358782522796,
              -7.104730970058199
            ],
            [
              106.83589431057402,
              -7.104752204850342
            ],
            [
              106.83594485786898,
              -7.104822935629954
            ],
            [
              106.83597999887792,
              -7.104845959173645
            ],
            [
              106.83601482872143,
              -7.104842992310182
            ],
            [
              106.83605549156772,
              -7.1048395281216585
            ],
            [
              106.83607612471343,
              -7.10483037032526
            ],
            [
              106.83608026878943,
              -7.1048285312116946
            ],
            [
              106.83609542776185,
              -7.104821803383459
            ],
            [
              106.83610851289762,
              -7.104813186079639
            ],
            [
              106.83612837442502,
              -7.1047941168549755
            ],
            [
              106.83615963935591,
              -7.104764098384408
            ],
            [
              106.83619381898961,
              -7.104679482971733
            ],
            [
              106.83620005668735,
              -7.104636378466068
            ],
            [
              106.83620016550532,
              -7.104635878442991
            ],
            [
              106.83620550298161,
              -7.104616794829155
            ],
            [
              106.83621607001567,
              -7.104579087155116
            ],
            [
              106.83622746172801,
              -7.104550365506896
            ],
            [
              106.83624595358793,
              -7.104503740155451
            ],
            [
              106.83625563838706,
              -7.104479321763222
            ],
            [
              106.83626654266686,
              -7.10445156149035
            ],
            [
              106.83628162789489,
              -7.104413155942325
            ],
            [
              106.83628325566775,
              -7.104409010967061
            ],
            [
              106.83629376424591,
              -7.104382739971413
            ],
            [
              106.83629615464389,
              -7.104375564280815
            ],
            [
              106.8363084798525,
              -7.104338560775886
            ],
            [
              106.83631608901635,
              -7.104315716197277
            ],
            [
              106.83633328405386,
              -7.104264088816592
            ],
            [
              106.83634773525984,
              -7.104215032597608
            ],
            [
              106.8363556259115,
              -7.104188247189825
            ],
            [
              106.83635604499557,
              -7.104186823562998
            ],
            [
              106.83636132221733,
              -7.10416890906788
            ],
            [
              106.83637065987813,
              -7.10413504419688
            ],
            [
              106.8363791737599,
              -7.104104168672393
            ],
            [
              106.8363806459501,
              -7.1040988311960405
            ],
            [
              106.83638322070914,
              -7.1040894926359215
            ],
            [
              106.83638498697763,
              -7.104083087664321
            ],
            [
              106.83638652931495,
              -7.10407749567986
            ],
            [
              106.83639065810246,
              -7.104047601315699
            ],
            [
              106.83639383450793,
              -7.104024611946215
            ],
            [
              106.83639387497743,
              -7.104024316968605
            ],
            [
              106.83639635890489,
              -7.104006334124961
            ],
            [
              106.83639882844324,
              -7.103988456502009
            ],
            [
              106.83640026106326,
              -7.103978084620849
            ],
            [
              106.83640178991072,
              -7.103961651309135
            ],
            [
              106.83640568937113,
              -7.103919741103141
            ],
            [
              106.83641416638073,
              -7.103847634360818
            ],
            [
              106.83641516372887,
              -7.103840455072884
            ],
            [
              106.83642251478727,
              -7.103787502990826
            ],
            [
              106.83643270410607,
              -7.103725662009651
            ],
            [
              106.8364476976032,
              -7.103631221503633
            ],
            [
              106.83646308230544,
              -7.103535494967048
            ],
            [
              106.83646588549226,
              -7.103519918709253
            ],
            [
              106.83647345238796,
              -7.103483941330808
            ],
            [
              106.83647352163575,
              -7.103483656245714
            ],
            [
              106.83648069372907,
              -7.103457957218893
            ],
            [
              106.83648227473725,
              -7.103452266308977
            ],
            [
              106.83647078769678,
              -7.103461339569094
            ],
            [
              106.83647046484015,
              -7.103461572493529
            ],
            [
              106.83644080070246,
              -7.1034810284267
            ],
            [
              106.83636828836586,
              -7.103526701396106
            ],
            [
              106.83635770604337,
              -7.103532977764644
            ],
            [
              106.83633733909699,
              -7.103545056559085
            ],
            [
              106.83633630667526,
              -7.103545668997356
            ],
            [
              106.8363236127446,
              -7.103553198121574
            ],
            [
              106.8362911301316,
              -7.103572461599754
            ],
            [
              106.83628807243667,
              -7.103574275532367
            ],
            [
              106.8362399317275,
              -7.103597713663532
            ],
            [
              106.83618632403966,
              -7.103619597766169
            ],
            [
              106.83613388007456,
              -7.103639138235621
            ],
            [
              106.83613360668068,
              -7.1036392290671415
            ],
            [
              106.83607025573775,
              -7.103658077957903
            ],
            [
              106.83605370551413,
              -7.103663001746099
            ],
            [
              106.8359698338408,
              -7.103692724339737
            ],
            [
              106.83596246929261,
              -7.103694928578022
            ],
            [
              106.83595776224098,
              -7.103696337815677
            ],
            [
              106.83582068937335,
              -7.103726492083922
            ],
            [
              106.83580129009749,
              -7.103726778967655
            ],
            [
              106.83577890777042,
              -7.103727028979165
            ],
            [
              106.83574889019917,
              -7.10372972424733
            ],
            [
              106.83571266820513,
              -7.103734159703663
            ],
            [
              106.83564950971714,
              -7.103743789644113
            ],
            [
              106.83559562683678,
              -7.103756273133456
            ],
            [
              106.83559550542827,
              -7.1037567272910564
            ],
            [
              106.83559483813133,
              -7.103758155414482
            ],
            [
              106.83559393341335,
              -7.103759446840968
            ],
            [
              106.83559281735472,
              -7.103760561100955
            ],
            [
              106.83559152502892,
              -7.103761464919614
            ],
            [
              106.8355900141679,
              -7.1037621600955845
            ],
            [
              106.83555087387379,
              -7.103775560893382
            ],
            [
              106.83559281735472,
              -7.10374670704482
            ],
            [
              106.83559357908047,
              -7.103747467871301
            ],
            [
              106.83560293023112,
              -7.103745300505182
            ],
            [
              106.83580117228632,
              -7.103717737183786
            ],
            [
              106.83584543242085,
              -7.103717083376637
            ],
            [
              106.83590060492901,
              -7.103704003636835
            ],
            [
              106.83596702076147,
              -7.10368413041823
            ],
            [
              106.83600205385176,
              -7.1036717152774145
            ],
            [
              106.83606971884251,
              -7.103648804148918
            ],
            [
              106.83613087633893,
              -7.1036306063673464
            ],
            [
              106.83618302982302,
              -7.103611175615242
            ],
            [
              106.83623788217261,
              -7.1035887815969545
            ],
            [
              106.83627878873517,
              -7.103569265409249
            ],
            [
              106.83628208654909,
              -7.103567309383777
            ],
            [
              106.8362701939144,
              -7.103552434597134
            ],
            [
              106.836256280503,
              -7.103535030017554
            ],
            [
              106.83623671485259,
              -7.103519104822794
            ],
            [
              106.83622056572659,
              -7.103505960331745
            ],
            [
              106.8362031557511,
              -7.103500157006579
            ],
            [
              106.8361786600172,
              -7.10349199206172
            ],
            [
              106.83615505101483,
              -7.103484122094528
            ],
            [
              106.83608860370617,
              -7.103472031608931
            ],
            [
              106.83601176023461,
              -7.1034442803291995
            ],
            [
              106.83593038687792,
              -7.103412191619327
            ],
            [
              106.83587130681542,
              -7.103384281159606
            ],
            [
              106.83584699274456,
              -7.103371722127235
            ],
            [
              106.83579510456048,
              -7.103347512377752
            ],
            [
              106.83573963887329,
              -7.10333166542398
            ],
            [
              106.83566305350718,
              -7.103318102748176
            ],
            [
              106.8357979392236,
              -7.1033389175569255
            ],
            [
              106.83587014309268,
              -7.103373502784905
            ],
            [
              106.83588599634174,
              -7.1033816911121335
            ],
            [
              106.83592232085846,
              -7.103398494944543
            ],
            [
              106.83593950600346,
              -7.103406444951418
            ],
            [
              106.8359641249445,
              -7.1034160892810405
            ],
            [
              106.8360028965165,
              -7.103431225770407
            ],
            [
              106.83602799659485,
              -7.103440787362388
            ],
            [
              106.83604079484684,
              -7.103445663486525
            ],
            [
              106.83608281297148,
              -7.103461670519607
            ],
            [
              106.83611804571132,
              -7.103468630372959
            ],
            [
              106.83614008989332,
              -7.103472394035691
            ],
            [
              106.83615692879931,
              -7.103475269168314
            ],
            [
              106.836157587103,
              -7.103475434643542
            ],
            [
              106.83618152525725,
              -7.103483414328082
            ],
            [
              106.83620602099114,
              -7.103491579272941
            ],
            [
              106.83622427363139,
              -7.103497664985184
            ],
            [
              106.83622504704834,
              -7.103498017519428
            ],
            [
              106.83622564239954,
              -7.103498428509624
            ],
            [
              106.83624243274215,
              -7.103512094607424
            ],
            [
              106.83626239949018,
              -7.103528346256155
            ],
            [
              106.83626301642511,
              -7.10352896678836
            ],
            [
              106.83627726798159,
              -7.103546792250597
            ],
            [
              106.83628994482518,
              -7.1035626490969435
            ],
            [
              106.83631899112862,
              -7.1035454225831245
            ],
            [
              106.83636356332784,
              -7.103518988810265
            ],
            [
              106.83643590209527,
              -7.103473424658773
            ],
            [
              106.83646532971125,
              -7.103454123408994
            ],
            [
              106.83648746652341,
              -7.103436639689107
            ],
            [
              106.8364929362001,
              -7.103432319346041
            ],
            [
              106.83651830697437,
              -7.103401607498142
            ],
            [
              106.83651870447471,
              -7.1034011875147485
            ],
            [
              106.83654387559943,
              -7.103377814134774
            ],
            [
              106.83653818109224,
              -7.103373842728615
            ],
            [
              106.83652484324699,
              -7.103373294142159
            ],
            [
              106.83652258954595,
              -7.103373526167275
            ],
            [
              106.83651920809501,
              -7.103373872406223
            ],
            [
              106.83651849493265,
              -7.103373946150668
            ],
            [
              106.83651207017596,
              -7.103374605353736
            ],
            [
              106.83650703127455,
              -7.103375121564568
            ],
            [
              106.83648446458642,
              -7.103379216177814
            ],
            [
              106.83647307737067,
              -7.103381689313437
            ],
            [
              106.83645341279481,
              -7.103386720120966
            ],
            [
              106.83643621416002,
              -7.103387728260998
            ],
            [
              106.83642482514563,
              -7.103387728260998
            ],
            [
              106.83642140772184,
              -7.103387728260998
            ],
            [
              106.83640902765455,
              -7.10338564543116
            ],
            [
              106.83639296486348,
              -7.103381550817858
            ],
            [
              106.83637997685452,
              -7.1033781630717385
            ],
            [
              106.83636629277026,
              -7.103374431784573
            ],
            [
              106.83634898261954,
              -7.103370234648537
            ],
            [
              106.83632376473003,
              -7.1033652739881745
            ],
            [
              106.83630759132234,
              -7.103363591356583
            ],
            [
              106.83629526881168,
              -7.103363239721716
            ],
            [
              106.8362876020912,
              -7.103362044522669
            ],
            [
              106.83627903425008,
              -7.1033604752057045
            ],
            [
              106.83626750943807,
              -7.103358365396218
            ],
            [
              106.83626169622039,
              -7.103357300598873
            ],
            [
              106.83624401734761,
              -7.10335337685683
            ],
            [
              106.83623194844574,
              -7.103349130258096
            ],
            [
              106.83621728859703,
              -7.103343972646201
            ],
            [
              106.83618826567596,
              -7.103330061932752
            ],
            [
              106.8361864427502,
              -7.103329150919535
            ],
            [
              106.83618225190946,
              -7.1033270554991645
            ],
            [
              106.83616682044249,
              -7.103319760198701
            ],
            [
              106.83616040377967,
              -7.103316726785465
            ],
            [
              106.83614494533305,
              -7.103309514222644
            ],
            [
              106.83613860421326,
              -7.103306848632087
            ],
            [
              106.83611267945668,
              -7.103295953345537
            ],
            [
              106.83610254409717,
              -7.103291693257006
            ],
            [
              106.83609780826731,
              -7.103288444006466
            ],
            [
              106.83609137002077,
              -7.103283899732162
            ],
            [
              106.83608569080207,
              -7.103279890554461
            ],
            [
              106.83606699569538,
              -7.103266693902754
            ],
            [
              106.83602475903547,
              -7.103230236286322
            ],
            [
              106.8360146272733,
              -7.103221250260447
            ],
            [
              106.83600765662811,
              -7.1032150692200275
            ],
            [
              106.83600220673651,
              -7.103210237162671
            ],
            [
              106.83599346712487,
              -7.103202486805287
            ],
            [
              106.83598400985426,
              -7.103192467458371
            ],
            [
              106.83597430886732,
              -7.103181443568701
            ],
            [
              106.835961587957,
              -7.1031671092746365
            ],
            [
              106.83594721589134,
              -7.1031538721534275
            ],
            [
              106.83593985224246,
              -7.103147090365894
            ],
            [
              106.83593222059557,
              -7.103140323866796
            ],
            [
              106.83592172550726,
              -7.103131167869037
            ],
            [
              106.83591389421093,
              -7.103124336618805
            ],
            [
              106.83590993809321,
              -7.103120885020758
            ],
            [
              106.83590221921213,
              -7.103116975667831
            ],
            [
              106.83587960485994,
              -7.103109856634546
            ],
            [
              106.83587597879347,
              -7.103108714495534
            ],
            [
              106.83586138369594,
              -7.10310527279006
            ],
            [
              106.83584803775682,
              -7.103102463308005
            ],
            [
              106.8358386227543,
              -7.103100481202205
            ],
            [
              106.83583004681924,
              -7.103096497205513
            ],
            [
              106.8358205832534,
              -7.10309081888613
            ],
            [
              106.83581346332073,
              -7.103086547106443
            ],
            [
              106.83579088404213,
              -7.103070441147906
            ],
            [
              106.83578132604742,
              -7.103062748347099
            ],
            [
              106.83577605691954,
              -7.10305850714434
            ],
            [
              106.83577302890222,
              -7.1030560690822995
            ],
            [
              106.83576490262823,
              -7.103053747032732
            ],
            [
              106.83576119922003,
              -7.103053498819861
            ],
            [
              106.83575269523078,
              -7.103052930448314
            ],
            [
              106.83574559328457,
              -7.103052454706983
            ],
            [
              106.83573889693258,
              -7.103052827925637
            ],
            [
              106.83573438683254,
              -7.103053078836467
            ],
            [
              106.83571546239875,
              -7.103054131942599
            ],
            [
              106.83569437689403,
              -7.103054896366302
            ],
            [
              106.83568196984709,
              -7.103054579804962
            ],
            [
              106.8356578904993,
              -7.103051612042236
            ],
            [
              106.83564095806383,
              -7.103049525615063
            ],
            [
              106.83561647132314,
              -7.103047422100815
            ],
            [
              106.83561301972514,
              -7.103047244934373
            ],
            [
              106.83560705542135,
              -7.103046940064189
            ],
            [
              106.83559091169127,
              -7.103046114486574
            ],
            [
              106.83557983564094,
              -7.103045548812986
            ],
            [
              106.83556253448342,
              -7.103044663880098
            ],
            [
              106.83555303134739,
              -7.1030441782461935
            ],
            [
              106.83554311002655,
              -7.103045285311623
            ],
            [
              106.835533940539,
              -7.10304781510456
            ],
            [
              106.83551604043299,
              -7.103052752382553
            ],
            [
              106.83550109549924,
              -7.103056874874824
            ],
            [
              106.83549148804178,
              -7.103059526076208
            ],
            [
              106.83548729989906,
              -7.103060680805754
            ],
            [
              106.83548231855423,
              -7.103062054969826
            ],
            [
              106.83547813041145,
              -7.103063210598634
            ],
            [
              106.83547098709641,
              -7.103065181013221
            ],
            [
              106.83545784979998,
              -7.1030688052811115
            ],
            [
              106.83544846087784,
              -7.103071395328584
            ],
            [
              106.83543637938544,
              -7.103077237324612
            ],
            [
              106.83541789651878,
              -7.103088019296592
            ],
            [
              106.83540892038542,
              -7.103093255149531
            ],
            [
              106.8353962786154,
              -7.103100629590358
            ],
            [
              106.83538655694412,
              -7.103106300715183
            ],
            [
              106.83537315794496,
              -7.103114116723077
            ],
            [
              106.83536641033163,
              -7.1031188399624625
            ],
            [
              106.83534936278295,
              -7.103130773066653
            ],
            [
              106.83534293892558,
              -7.103138910132543
            ],
            [
              106.83533151753556,
              -7.103153378425645
            ],
            [
              106.83532000711267,
              -7.103177587275809
            ],
            [
              106.83530638058505,
              -7.103199553216768
            ],
            [
              106.83528174185898,
              -7.103225757662528
            ],
            [
              106.83526921070558,
              -7.103236634962684
            ],
            [
              106.83525008302496,
              -7.10324967603168
            ],
            [
              106.83522892377584,
              -7.103263810676253
            ],
            [
              106.83521555355503,
              -7.10327276882316
            ],
            [
              106.83518280114544,
              -7.103294955997399
            ],
            [
              106.83517511374055,
              -7.103304885412058
            ],
            [
              106.83516863052796,
              -7.103313258100343
            ],
            [
              106.83516263744582,
              -7.103321000363849
            ],
            [
              106.83515424677114,
              -7.103331837194503
            ],
            [
              106.83516144224683,
              -7.103339834865437
            ],
            [
              106.83516868898386,
              -7.103347890093005
            ],
            [
              106.8351758484867,
              -7.103355848193814
            ],
            [
              106.83518445409936,
              -7.103365414282393
            ],
            [
              106.8351960904273,
              -7.103378349231377
            ],
            [
              106.83521689534348,
              -7.103401475297801
            ],
            [
              106.83521810403232,
              -7.103402817985625
            ],
            [
              106.83522157811342,
              -7.103406679674492
            ],
            [
              106.83522214378695,
              -7.103406306455838
            ],
            [
              106.83522245045577,
              -7.103406122094839
            ],
            [
              106.83524587329845,
              -7.10339378519501
            ],
            [
              106.83536686448929,
              -7.103348516920448
            ],
            [
              106.8354331948861,
              -7.103330246293808
            ],
            [
              106.835491684094,
              -7.103323514868293
            ],
            [
              106.83529675244324,
              -7.103377208891004
            ],
            [
              106.83522775645588,
              -7.103413547796947
            ],
            [
              106.83523349323121,
              -7.103419923990259
            ],
            [
              106.83524184703367,
              -7.1034292094904
            ],
            [
              106.83525147337684,
              -7.103439909624058
            ],
            [
              106.8352596985763,
              -7.103446337978085
            ],
            [
              106.83526398474515,
              -7.103452742949685
            ],
            [
              106.83526714945947,
              -7.1034573348880485
            ],
            [
              106.83527743590503,
              -7.103468767969218
            ],
            [
              106.83528641923294,
              -7.103478754041191
            ],
            [
              106.8352910309564,
              -7.103483880176896
            ],
            [
              106.83525084475076,
              -7.103587917348477
            ],
            [
              106.83523163703046,
              -7.103609970523678
            ],
            [
              106.83521599332352,
              -7.103626415526605
            ],
            [
              106.83517744658195,
              -7.10366496136885
            ],
            [
              106.83519327914655,
              -7.103692307953622
            ],
            [
              106.8352036213501,
              -7.103710172086721
            ],
            [
              106.83517184560424,
              -7.103724888592694
            ],
            [
              106.83513651843566,
              -7.103741250857979
            ],
            [
              106.83511256499293,
              -7.103752344894758
            ],
            [
              106.83508495760475,
              -7.103765131455589
            ],
            [
              106.83503408385593,
              -7.103788693693218
            ],
            [
              106.83503994114045,
              -7.103812300896948
            ],
            [
              106.8350491555941,
              -7.103849435702841
            ],
            [
              106.83505045241651,
              -7.103854662562583
            ],
            [
              106.8350537151569,
              -7.103867811550231
            ],
            [
              106.83505246959584,
              -7.103874263286571
            ],
            [
              106.8350500854931,
              -7.103886618172851
            ],
            [
              106.83504757908258,
              -7.1038996061818125
            ],
            [
              106.8350408179794,
              -7.103914737275261
            ],
            [
              106.83503545532204,
              -7.103925726091347
            ],
            [
              106.83502808987453,
              -7.103940820312573
            ],
            [
              106.835023564486,
              -7.103950093222181
            ],
            [
              106.83501837449842,
              -7.103960728604704
            ],
            [
              106.83501301184106,
              -7.103971717420791
            ],
            [
              106.83500096452298,
              -7.103992496256637
            ],
            [
              106.83498892080212,
              -7.104012431528417
            ],
            [
              106.83498361300337,
              -7.104021215206842
            ],
            [
              106.83497638245416,
              -7.104033183384672
            ],
            [
              106.83498572011496,
              -7.104047310834687
            ],
            [
              106.83499251269438,
              -7.1040575882870485
            ],
            [
              106.83500045730534,
              -7.10406960862548
            ],
            [
              106.83498697197126,
              -7.104075903879789
            ],
            [
              106.83496766622488,
              -7.10408491598605
            ],
            [
              106.83496324965432,
              -7.104086977232157
            ],
            [
              106.83494587745037,
              -7.104095087318399
            ],
            [
              106.83493965773908,
              -7.104097990329933
            ],
            [
              106.83492664724702,
              -7.10410406435102
            ],
            [
              106.83492060020558,
              -7.104106366615497
            ],
            [
              106.8349102274251,
              -7.104110316437925
            ],
            [
              106.83490470558775,
              -7.104112418153534
            ],
            [
              106.83490010195823,
              -7.104110396477552
            ],
            [
              106.83488527393632,
              -7.1041038835873
            ],
            [
              106.83488177467422,
              -7.104092892073254
            ],
            [
              106.83487678073891,
              -7.104077203400152
            ],
            [
              106.83487268432697,
              -7.104064334101679
            ],
            [
              106.83487048098795,
              -7.104057413818566
            ],
            [
              106.8348661012896,
              -7.104055911950752
            ],
            [
              106.83485869896987,
              -7.104053372265298
            ],
            [
              106.83484290327743,
              -7.104047953849943
            ],
            [
              106.8348316266783,
              -7.1040423780532365
            ],
            [
              106.83481890756661,
              -7.104036088194846
            ],
            [
              106.83481808918356,
              -7.104029244354081
            ],
            [
              106.83481711251977,
              -7.104021071315344
            ],
            [
              106.8348151924672,
              -7.10400500402767
            ],
            [
              106.83481664667096,
              -7.103997892188943
            ],
            [
              106.83481793809744,
              -7.1039915726528875
            ],
            [
              106.83481894353946,
              -7.10398665246197
            ],
            [
              106.83482106504016,
              -7.103976274285571
            ],
            [
              106.83483634092448,
              -7.103966479769156
            ],
            [
              106.83483873851702,
              -7.103964942827815
            ],
            [
              106.83484722272124,
              -7.103956281457158
            ],
            [
              106.83485238482973,
              -7.10394549408926
            ],
            [
              106.83485878350609,
              -7.10393212296907
            ],
            [
              106.83486717957675,
              -7.10391457989391
            ],
            [
              106.83487533642767,
              -7.103897535043188
            ],
            [
              106.83488802136515,
              -7.1038710284251465
            ],
            [
              106.83489234080895,
              -7.103856533152452
            ],
            [
              106.83490099408567,
              -7.103827487748333
            ],
            [
              106.83490409674675,
              -7.103817073599032
            ],
            [
              106.83490712656271,
              -7.103806904964642
            ],
            [
              106.83491672772487,
              -7.103774679557773
            ],
            [
              106.83492076028494,
              -7.103758901851791
            ],
            [
              106.83492009478658,
              -7.103742271588544
            ],
            [
              106.83491921435035,
              -7.1037202705740015
            ],
            [
              106.83491872781707,
              -7.103708127927689
            ],
            [
              106.83491857043572,
              -7.103704187997835
            ],
            [
              106.83491182012443,
              -7.103677255101218
            ],
            [
              106.83490670208272,
              -7.103659686845049
            ],
            [
              106.83490330444403,
              -7.103648025336042
            ],
            [
              106.83489848677578,
              -7.103631489501595
            ],
            [
              106.83488948905875,
              -7.103609737599243
            ],
            [
              106.83488011092845,
              -7.103587067489116
            ],
            [
              106.83487326888633,
              -7.103570785263457
            ],
            [
              106.83486176116139,
              -7.10354155010242
            ],
            [
              106.83485059068227,
              -7.1035106341084315
            ],
            [
              106.83486016306614,
              -7.103499323335029
            ],
            [
              106.8348637729448,
              -7.103498290913365
            ],
            [
              106.83486565432656,
              -7.103497753118745
            ],
            [
              106.83487447757511,
              -7.103495229621103
            ],
            [
              106.83487691473789,
              -7.103496661341808
            ],
            [
              106.834883039121,
              -7.103500261327952
            ],
            [
              106.83488984069368,
              -7.103504258814439
            ],
            [
              106.83490024854768,
              -7.103509803134841
            ],
            [
              106.8349064853461,
              -7.103504581671075
            ],
            [
              106.83490735588981,
              -7.103498546320793
            ],
            [
              106.8349084027007,
              -7.103491294187847
            ],
            [
              106.83490982542816,
              -7.1034798647039565
            ],
            [
              106.83491162317296,
              -7.103462220005383
            ],
            [
              106.83491369611022,
              -7.103441871944767
            ],
            [
              106.83491504599266,
              -7.103428621333762
            ],
            [
              106.8349168887035,
              -7.1034105260748674
            ],
            [
              106.83491354412484,
              -7.103408172549052
            ],
            [
              106.83490478292947,
              -7.103402005897806
            ],
            [
              106.83489313580964,
              -7.10339486797875
            ],
            [
              106.83487516105987,
              -7.103384107590443
            ],
            [
              106.8348597952434,
              -7.103379436511716
            ],
            [
              106.83485474824812,
              -7.103378252104619
            ],
            [
              106.83483915490314,
              -7.103374592763203
            ],
            [
              106.83481547665298,
              -7.103371715831997
            ],
            [
              106.8347803491339,
              -7.1033674494481716
            ],
            [
              106.83473817542654,
              -7.10336296542846
            ],
            [
              106.83473217065324,
              -7.103362365580665
            ],
            [
              106.83468980988687,
              -7.10335911003483
            ],
            [
              106.83464828009409,
              -7.103356761005671
            ],
            [
              106.83462954721591,
              -7.1033557016043005
            ],
            [
              106.83462013311271,
              -7.103355169205656
            ],
            [
              106.83461743694522,
              -7.103355016320904
            ],
            [
              106.83460621610408,
              -7.103350990955448
            ],
            [
              106.83459302844557,
              -7.1033469547980985
            ],
            [
              106.83456408286617,
              -7.103338916657606
            ],
            [
              106.83451870937103,
              -7.103325005944214
            ],
            [
              106.83451426941804,
              -7.103323449217783
            ],
            [
              106.83450625376065,
              -7.103320637937031
            ],
            [
              106.83449689451612,
              -7.103317355411548
            ],
            [
              106.83448822055499,
              -7.103314313005114
            ],
            [
              106.83448267893255,
              -7.103312369570176
            ],
            [
              106.83446822772657,
              -7.103310544845726
            ],
            [
              106.83445512550372,
              -7.10330889099248
            ],
            [
              106.83445156688634,
              -7.1033077218738185
            ],
            [
              106.8344459263385,
              -7.103305868371081
            ],
            [
              106.83443806176717,
              -7.103303284618846
            ],
            [
              106.83443174492913,
              -7.1033012089835665
            ],
            [
              106.83442504318128,
              -7.103301503061857
            ],
            [
              106.83441677931097,
              -7.103301865488675
            ],
            [
              106.83440232001112,
              -7.103301570511007
            ],
            [
              106.8343922305171,
              -7.103301365465597
            ],
            [
              106.83438933559944,
              -7.10329955513032
            ],
            [
              106.83438718621971,
              -7.103298210643857
            ],
            [
              106.83438007348167,
              -7.103293761697671
            ],
            [
              106.83437429084091,
              -7.103290145523772
            ],
            [
              106.83436610251368,
              -7.103285024784043
            ],
            [
              106.83435801940715,
              -7.103279970594144
            ],
            [
              106.83434182261709,
              -7.103271661757731
            ],
            [
              106.8343324696678,
              -7.103276892214751
            ],
            [
              106.83431004507258,
              -7.103290327186812
            ],
            [
              106.83430832736747,
              -7.103300473338152
            ],
            [
              106.83430739027392,
              -7.103306009564619
            ],
            [
              106.8343064369925,
              -7.10331163932068
            ],
            [
              106.83430557724068,
              -7.103316715993628
            ],
            [
              106.8343047309786,
              -7.103321715324853
            ],
            [
              106.83430219578975,
              -7.1033257029188235
            ],
            [
              106.83429753100631,
              -7.103333037789412
            ],
            [
              106.83429345258082,
              -7.103339451754266
            ],
            [
              106.8342877319933,
              -7.103348448571978
            ],
            [
              106.83427843300336,
              -7.103363073347111
            ],
            [
              106.83427377541449,
              -7.103370397425863
            ],
            [
              106.83426769240015,
              -7.103379962615122
            ],
            [
              106.83426321917227,
              -7.103390202295941
            ],
            [
              106.83425879270919,
              -7.1034003322594685
            ],
            [
              106.83425896897631,
              -7.103406849646319
            ],
            [
              106.83425917402172,
              -7.103414437226434
            ],
            [
              106.83425931791328,
              -7.103419758514974
            ],
            [
              106.83425951486475,
              -7.103427057412716
            ],
            [
              106.83422095643203,
              -7.103459091264028
            ],
            [
              106.83421259543502,
              -7.103459123639595
            ],
            [
              106.83420234316367,
              -7.103459164109097
            ],
            [
              106.83419892933716,
              -7.103459177598893
            ],
            [
              106.83419513779546,
              -7.103459192887385
            ],
            [
              106.83419062769536,
              -7.103461103047437
            ],
            [
              106.83418832902822,
              -7.103463351352559
            ],
            [
              106.83418434952819,
              -7.103467243618354
            ],
            [
              106.83417465303785,
              -7.103476727868667
            ],
            [
              106.83417169606696,
              -7.103479620088365
            ],
            [
              106.8341669539418,
              -7.103493210643137
            ],
            [
              106.83416604112995,
              -7.103504281297489
            ],
            [
              106.83416953049948,
              -7.103514639688797
            ],
            [
              106.83417175182495,
              -7.1035252076221695
            ],
            [
              106.83417623944194,
              -7.103555134361898
            ],
            [
              106.83414103188318,
              -7.103632444581592
            ],
            [
              106.83407952814775,
              -7.103687968724728
            ],
            [
              106.83405988155835,
              -7.10369565612956
            ],
            [
              106.83405561067798,
              -7.103703344433768
            ],
            [
              106.8340521932542,
              -7.103721283210632
            ],
            [
              106.8340521419928,
              -7.103722200519087
            ],
            [
              106.83402485836058,
              -7.103756305509023
            ],
            [
              106.83401204571942,
              -7.103754597696479
            ],
            [
              106.8339980576643,
              -7.103765808645107
            ],
            [
              106.83398908782618,
              -7.103793997894627
            ],
            [
              106.83397082349478,
              -7.103889464527128
            ],
            [
              106.83398822717498,
              -7.103908632677189
            ],
            [
              106.83398619380785,
              -7.103910978109127
            ],
            [
              106.83397746139082,
              -7.1039162931023725
            ],
            [
              106.83396796994589,
              -7.103925405033351
            ],
            [
              106.83396113689702,
              -7.103936035019956
            ],
            [
              106.83395945426548,
              -7.103947375470966
            ],
            [
              106.83397424091856,
              -7.103948361127891
            ],
            [
              106.83397466989516,
              -7.103948399798753
            ],
            [
              106.83403010230745,
              -7.103954749911736
            ],
            [
              106.83412268841141,
              -7.103971254269936
            ],
            [
              106.83409030112654,
              -7.103980088310379
            ],
            [
              106.83408850158315,
              -7.103979642246657
            ],
            [
              106.8339923874388,
              -7.1039686327461595
            ],
            [
              106.83397875461588,
              -7.104056027063962
            ],
            [
              106.83400983698442,
              -7.1040716644756685
            ],
            [
              106.83401554498147,
              -7.104082367307342
            ],
            [
              106.834028358522,
              -7.104088773178319
            ],
            [
              106.83403989052857,
              -7.104092617780054
            ],
            [
              106.83406167300785,
              -7.104097743016382
            ],
            [
              106.8341739110972,
              -7.104145468238698
            ],
            [
              106.83419216103948,
              -7.104168362280063
            ],
            [
              106.83420806824779,
              -7.10418580193317
            ],
            [
              106.83421921354591,
              -7.104207346991416
            ],
            [
              106.8342165317676,
              -7.1042294127571495
            ],
            [
              106.83421346238146,
              -7.1042438819495715
            ],
            [
              106.83420984350954,
              -7.104260943887425
            ],
            [
              106.83421065020138,
              -7.104283187718863
            ],
            [
              106.83422148613272,
              -7.1042982153902585
            ],
            [
              106.83423448043698,
              -7.104313953526059
            ],
            [
              106.83423815776484,
              -7.104335468007378
            ],
            [
              106.83423667568212,
              -7.104354123543942
            ],
            [
              106.83423576556817,
              -7.104365583604761
            ],
            [
              106.83423478081056,
              -7.104389861702714
            ],
            [
              106.83423487973596,
              -7.104414839473236
            ],
            [
              106.83423503262071,
              -7.104453255813041
            ],
            [
              106.83423536357122,
              -7.104499270524855
            ],
            [
              106.83423554073767,
              -7.104522318350291
            ],
            [
              106.83423576287021,
              -7.104551147017787
            ],
            [
              106.83423596971431,
              -7.104578097001536
            ],
            [
              106.8342357376892,
              -7.104589620014906
            ],
            [
              106.83422990558574,
              -7.104636408143676
            ],
            [
              106.83421618552859,
              -7.104695825451927
            ],
            [
              106.83421307657227,
              -7.104713962978963
            ],
            [
              106.83421167183127,
              -7.1047221540041505
            ],
            [
              106.83421212419023,
              -7.104732793883272
            ],
            [
              106.83421162596585,
              -7.104755044909325
            ],
            [
              106.83420622733559,
              -7.1047943093098525
            ],
            [
              106.83418291241156,
              -7.104837394030483
            ],
            [
              106.83419656142223,
              -7.10484175574237
            ],
            [
              106.83419650476492,
              -7.104844473493586
            ],
            [
              106.83419729077241,
              -7.104844542741432
            ],
            [
              106.83419772694361,
              -7.10484464166683
            ],
            [
              106.83426123167055,
              -7.104862423062343
            ],
            [
              106.83430995064379,
              -7.104863263029131
            ],
            [
              106.83433546351091,
              -7.104860957167375
            ],
            [
              106.83435835845154,
              -7.10485888782739
            ],
            [
              106.83440594967487,
              -7.104835636755183
            ],
            [
              106.83446550817672,
              -7.10479487498344
            ]
          ]
        ]
      }
    },
    {
      "type": "Feature",
      "properties": {
        "id": "EKSISTING_06",
        "nama": "Blok Eksisting 6",
        "kategori": "Eksisting",
        "warna": "#2563eb",
        "luas_ha": 4.221,
        "luas_m2": 42213.4
      },
      "geometry": {
        "type": "Polygon",
        "coordinates": [
          [
            [
              106.83904012470208,
              -7.096819984754461
            ],
            [
              106.8390650152383,
              -7.0966855226187135
            ],
            [
              106.83906387849527,
              -7.096647142251754
            ],
            [
              106.83906266261187,
              -7.096606082804442
            ],
            [
              106.83906162479423,
              -7.096599770463001
            ],
            [
              106.83905726578024,
              -7.096508129546521
            ],
            [
              106.8390645745705,
              -7.0964654621113255
            ],
            [
              106.83906925284379,
              -7.096442372917124
            ],
            [
              106.83907244813503,
              -7.096409509890918
            ],
            [
              106.83906484256852,
              -7.096352045910123
            ],
            [
              106.83905401563038,
              -7.0963150388079725
            ],
            [
              106.83905390231581,
              -7.096314555872027
            ],
            [
              106.83905385824903,
              -7.096314243807285
            ],
            [
              106.83904947045676,
              -7.096272594404638
            ],
            [
              106.83904849199439,
              -7.0962675438120755
            ],
            [
              106.83904159329495,
              -7.096231944148883
            ],
            [
              106.83903798521493,
              -7.096219480444631
            ],
            [
              106.83903309290298,
              -7.09620487275663
            ],
            [
              106.83899379252955,
              -7.096160605427542
            ],
            [
              106.83896032695759,
              -7.0961207663602295
            ],
            [
              106.8388967529828,
              -7.096061959691667
            ],
            [
              106.83884342408481,
              -7.096026142392532
            ],
            [
              106.83879886447608,
              -7.095996701286708
            ],
            [
              106.83875434263888,
              -7.095975235368769
            ],
            [
              106.83871114640232,
              -7.095955237144437
            ],
            [
              106.83871075339863,
              -7.095955030300388
            ],
            [
              106.83866268823255,
              -7.095926192639638
            ],
            [
              106.83866210996848,
              -7.095925779850802
            ],
            [
              106.83866182398407,
              -7.095925519047398
            ],
            [
              106.83865163106799,
              -7.095915373795435
            ],
            [
              106.83866656880718,
              -7.095988480583856
            ],
            [
              106.83869300887534,
              -7.096101854516917
            ],
            [
              106.83869310780074,
              -7.096102335654223
            ],
            [
              106.83869316445805,
              -7.096102700778943
            ],
            [
              106.83870546358634,
              -7.096194022436123
            ],
            [
              106.83871624106172,
              -7.09625599202036
            ],
            [
              106.83871632739664,
              -7.096256617948541
            ],
            [
              106.83872713454969,
              -7.096361985217413
            ],
            [
              106.83872718131443,
              -7.096362907022467
            ],
            [
              106.83872718131443,
              -7.096454766474267
            ],
            [
              106.8387271552341,
              -7.096455458952221
            ],
            [
              106.83872175120791,
              -7.096525704097928
            ],
            [
              106.83872171343637,
              -7.096526088108419
            ],
            [
              106.8387136087461,
              -7.0965936307914035
            ],
            [
              106.8387135592834,
              -7.096593982426327
            ],
            [
              106.8387027404392,
              -7.096661597055004
            ],
            [
              106.83870231955649,
              -7.096663190653658
            ],
            [
              106.83870191216357,
              -7.096664138539097
            ],
            [
              106.83868037340056,
              -7.0967072169644325
            ],
            [
              106.83864572522009,
              -7.0967834587895595
            ],
            [
              106.83864532142451,
              -7.096784242099034
            ],
            [
              106.83864459027569,
              -7.096785320386175
            ],
            [
              106.83861091156439,
              -7.096827980626756
            ],
            [
              106.83860809668636,
              -7.096831776665113
            ],
            [
              106.83860797797587,
              -7.0968316957261095
            ],
            [
              106.83858920103086,
              -7.096855480096281
            ],
            [
              106.838528983326,
              -7.096951828963711
            ],
            [
              106.83845865364401,
              -7.097105127399686
            ],
            [
              106.83840745793788,
              -7.097216720675078
            ],
            [
              106.83836327244711,
              -7.097347706931089
            ],
            [
              106.83836255119087,
              -7.097349270852135
            ],
            [
              106.83833770562069,
              -7.097391446358131
            ],
            [
              106.83833743582409,
              -7.097391875334722
            ],
            [
              106.83831174668984,
              -7.097430367217612
            ],
            [
              106.83831114954,
              -7.097431163117619
            ],
            [
              106.83831073675117,
              -7.097431622671195
            ],
            [
              106.83829182580718,
              -7.097451244978913
            ],
            [
              106.83829192832991,
              -7.097451230589797
            ],
            [
              106.83828674643627,
              -7.097456515006115
            ],
            [
              106.8382812983433,
              -7.097462168144489
            ],
            [
              106.83828059597278,
              -7.097462823750277
            ],
            [
              106.83827930364703,
              -7.097463727568936
            ],
            [
              106.8382785500151,
              -7.097464116076026
            ],
            [
              106.8382591552359,
              -7.097472998679905
            ],
            [
              106.83821038769929,
              -7.0974955554754615
            ],
            [
              106.83818962145392,
              -7.097512881813998
            ],
            [
              106.83814618599774,
              -7.097556121217963
            ],
            [
              106.8381242209561,
              -7.097583288837654
            ],
            [
              106.83810777865114,
              -7.09761732727776
            ],
            [
              106.8381128760085,
              -7.097655697752202
            ],
            [
              106.83812579117239,
              -7.0977150278262116
            ],
            [
              106.8381443118106,
              -7.097785777491595
            ],
            [
              106.83816997576383,
              -7.097882231579661
            ],
            [
              106.8381897257753,
              -7.097959434780023
            ],
            [
              106.83820710787177,
              -7.0980108139478375
            ],
            [
              106.83820744691621,
              -7.09801213864921
            ],
            [
              106.83820755573419,
              -7.09801299390449
            ],
            [
              106.8382137457678,
              -7.09809090217334
            ],
            [
              106.83823282848232,
              -7.098175437546331
            ],
            [
              106.83824114631193,
              -7.098207227681371
            ],
            [
              106.83824247910718,
              -7.098211744976027
            ],
            [
              106.8382423496048,
              -7.098211827713612
            ],
            [
              106.83824579580687,
              -7.0982249991843105
            ],
            [
              106.8382459522889,
              -7.098225715044691
            ],
            [
              106.83824608988522,
              -7.098227285260975
            ],
            [
              106.83824606560353,
              -7.0982279516586
            ],
            [
              106.83824021731226,
              -7.098307041636588
            ],
            [
              106.83824015076243,
              -7.098307649578317
            ],
            [
              106.83822531914325,
              -7.098411709232948
            ],
            [
              106.83822015163872,
              -7.098470482626624
            ],
            [
              106.83821354342035,
              -7.098646318073065
            ],
            [
              106.83821350924609,
              -7.0986468405791925
            ],
            [
              106.83820464013212,
              -7.098739375421815
            ],
            [
              106.83820164988629,
              -7.098770569306282
            ],
            [
              106.8382016103161,
              -7.098770911948009
            ],
            [
              106.83818367423726,
              -7.09890422205217
            ],
            [
              106.83816581190274,
              -7.099014162373635
            ],
            [
              106.83815448853886,
              -7.099078756179608
            ],
            [
              106.83821450659428,
              -7.099005446144361
            ],
            [
              106.83821491938306,
              -7.099004982094186
            ],
            [
              106.83826882204858,
              -7.098948384160565
            ],
            [
              106.83829321076314,
              -7.098920511472386
            ],
            [
              106.83830169226934,
              -7.098938293767219
            ],
            [
              106.83828232806707,
              -7.098960428780742
            ],
            [
              106.83828207086094,
              -7.09896071116782
            ],
            [
              106.83822826981884,
              -7.099017201182846
            ],
            [
              106.83814742616283,
              -7.099115949441455
            ],
            [
              106.83812795134395,
              -7.099161392184442
            ],
            [
              106.83812228741368,
              -7.099261534392269
            ],
            [
              106.83812256620354,
              -7.099266049888229
            ],
            [
              106.83812202211368,
              -7.099266237846564
            ],
            [
              106.8381214429503,
              -7.099276481124662
            ],
            [
              106.83813159809483,
              -7.099443353028278
            ],
            [
              106.83814759703404,
              -7.099587605183785
            ],
            [
              106.83816334146508,
              -7.099776505980913
            ],
            [
              106.83816867894143,
              -7.099834684922712
            ],
            [
              106.83816909442822,
              -7.0998392184051795
            ],
            [
              106.83818472554469,
              -7.100009588671526
            ],
            [
              106.83819340220379,
              -7.100083282717264
            ],
            [
              106.83820348989917,
              -7.100156889528762
            ],
            [
              106.83821585287939,
              -7.1002367844000105
            ],
            [
              106.8382297285192,
              -7.100346651876464
            ],
            [
              106.8382418801587,
              -7.100459335130154
            ],
            [
              106.8382540156104,
              -7.100602086317167
            ],
            [
              106.83826235142647,
              -7.100703844606699
            ],
            [
              106.83831505799361,
              -7.100714710215641
            ],
            [
              106.83838120133146,
              -7.1007315446250345
            ],
            [
              106.83838174092466,
              -7.100731719992837
            ],
            [
              106.83841306880817,
              -7.1007449706038415
            ],
            [
              106.83841356703255,
              -7.100745218816769
            ],
            [
              106.83841424961798,
              -7.1007457017527145
            ],
            [
              106.83843349870705,
              -7.100762544255986
            ],
            [
              106.83843406078336,
              -7.100763136909222
            ],
            [
              106.83844494527807,
              -7.10077764387313
            ],
            [
              106.83844524295364,
              -7.100778093534132
            ],
            [
              106.83844542911334,
              -7.100778452363613
            ],
            [
              106.8384610395454,
              -7.100812073518341
            ],
            [
              106.83846118613491,
              -7.100812429649864
            ],
            [
              106.83846130664404,
              -7.100812811861715
            ],
            [
              106.83847574256151,
              -7.100866955545541
            ],
            [
              106.83849377037126,
              -7.100951072733778
            ],
            [
              106.83851734160208,
              -7.101050950540866
            ],
            [
              106.83855171459004,
              -7.101163660774262
            ],
            [
              106.83858202444094,
              -7.101259377418273
            ],
            [
              106.8386055075382,
              -7.101307233941668
            ],
            [
              106.83861067953927,
              -7.101231954391153
            ],
            [
              106.8386218949845,
              -7.101087213004405
            ],
            [
              106.83862203258082,
              -7.101086069966129
            ],
            [
              106.83865450709987,
              -7.100887809025096
            ],
            [
              106.83865500262635,
              -7.1008858206240575
            ],
            [
              106.83870504540158,
              -7.1007347668959255
            ],
            [
              106.83870516860873,
              -7.100734410764403
            ],
            [
              106.83877565477269,
              -7.100539937767849
            ],
            [
              106.83880422353616,
              -7.1003723311181375
            ],
            [
              106.83881956237298,
              -7.100244512274401
            ],
            [
              106.83886246992711,
              -7.0998952686516645
            ],
            [
              106.83887316826218,
              -7.099788700787883
            ],
            [
              106.8388736233191,
              -7.099784168204735
            ],
            [
              106.83888466519522,
              -7.099674176621932
            ],
            [
              106.83888470206739,
              -7.0996738483693775
            ],
            [
              106.83890923197555,
              -7.099477765586357
            ],
            [
              106.83891433652747,
              -7.099421615515098
            ],
            [
              106.83891449390882,
              -7.099420452691675
            ],
            [
              106.83892133325298,
              -7.099382833151196
            ],
            [
              106.8389219340001,
              -7.099380618120961
            ],
            [
              106.83892233869506,
              -7.099379628866757
            ],
            [
              106.83894027747186,
              -7.099340335687884
            ],
            [
              106.83894087282306,
              -7.099339181857715
            ],
            [
              106.83894128021598,
              -7.099338519956689
            ],
            [
              106.8389609277047,
              -7.0993086228945685
            ],
            [
              106.83896187738878,
              -7.099307346756575
            ],
            [
              106.83896218135965,
              -7.099306997819667
            ],
            [
              106.83897755706869,
              -7.0992899133987635
            ],
            [
              106.83897890245447,
              -7.099288611180441
            ],
            [
              106.83901137427557,
              -7.099261266394308
            ],
            [
              106.83901323767083,
              -7.099259951585452
            ],
            [
              106.83904250970414,
              -7.099242774534389
            ],
            [
              106.8390504633083,
              -7.09923810795226
            ],
            [
              106.83911668039053,
              -7.09919925364261
            ],
            [
              106.83923887217628,
              -7.099129792705696
            ],
            [
              106.83928275279686,
              -7.099092534692659
            ],
            [
              106.83931683350511,
              -7.099058454883732
            ],
            [
              106.83935520937547,
              -7.099010067760389
            ],
            [
              106.83938612626878,
              -7.098961604194642
            ],
            [
              106.8394051622185,
              -7.098925187047712
            ],
            [
              106.83943788495048,
              -7.0988417020828365
            ],
            [
              106.83945967462432,
              -7.098753704319961
            ],
            [
              106.83946546356037,
              -7.0987040869240445
            ],
            [
              106.83946546356037,
              -7.098626437659902
            ],
            [
              106.83946293826403,
              -7.098512997177011
            ],
            [
              106.83945476882258,
              -7.0984803203105
            ],
            [
              106.8392829209701,
              -7.098600413977863
            ],
            [
              106.8392821637409,
              -7.098600888819931
            ],
            [
              106.83905524950023,
              -7.098724661613801
            ],
            [
              106.83905400663718,
              -7.098725221891414
            ],
            [
              106.83905248228626,
              -7.098725630183651
            ],
            [
              106.83905168728558,
              -7.098725734505024
            ],
            [
              106.8388308335762,
              -7.098744731783881
            ],
            [
              106.8388329352918,
              -7.098726400003329
            ],
            [
              106.8390482410835,
              -7.098707879365122
            ],
            [
              106.83927295378385,
              -7.0985853089648
            ],
            [
              106.83945007166352,
              -7.098461531674275
            ],
            [
              106.83944375842276,
              -7.098436280509873
            ],
            [
              106.83941862686822,
              -7.098356696804046
            ],
            [
              106.8393890940315,
              -7.098300911857564
            ],
            [
              106.83935923204297,
              -7.098264652991304
            ],
            [
              106.83931504835084,
              -7.098218792063562
            ],
            [
              106.83927517421,
              -7.09818445594783
            ],
            [
              106.8392340482128,
              -7.098157224476267
            ],
            [
              106.83918685179185,
              -7.09812946150538
            ],
            [
              106.83913515066672,
              -7.098108892211542
            ],
            [
              106.83907109735333,
              -7.098086785077044
            ],
            [
              106.83907086442889,
              -7.098086702339401
            ],
            [
              106.83899339323057,
              -7.098058220810174
            ],
            [
              106.83899268996072,
              -7.098057939322416
            ],
            [
              106.83893802017354,
              -7.0980343060383575
            ],
            [
              106.83893662442574,
              -7.098033604567149
            ],
            [
              106.83893517831586,
              -7.098032643191857
            ],
            [
              106.83889930166151,
              -7.098005308298298
            ],
            [
              106.83889880793367,
              -7.098004913495913
            ],
            [
              106.8388971342954,
              -7.098003241656215
            ],
            [
              106.83889659560145,
              -7.098002556372819
            ],
            [
              106.83888193305484,
              -7.097982630993556
            ],
            [
              106.83888185301515,
              -7.097982667865779
            ],
            [
              106.83887913256598,
              -7.0979788250626825
            ],
            [
              106.83887438594422,
              -7.097972374225662
            ],
            [
              106.83887356756117,
              -7.097971123268678
            ],
            [
              106.83887273478894,
              -7.097969415456134
            ],
            [
              106.83886077560436,
              -7.097939802579788
            ],
            [
              106.83886060833049,
              -7.097939367307902
            ],
            [
              106.83885999589216,
              -7.097937083929253
            ],
            [
              106.83885987987964,
              -7.097936290727205
            ],
            [
              106.83885247666052,
              -7.097872509009051
            ],
            [
              106.83885238852696,
              -7.097871178911703
            ],
            [
              106.8388507499622,
              -7.097775319275513
            ],
            [
              106.83885083719645,
              -7.0977736627243075
            ],
            [
              106.8388636498376,
              -7.097661760082133
            ],
            [
              106.83886376854815,
              -7.097660946195674
            ],
            [
              106.83886384139322,
              -7.097660563084446
            ],
            [
              106.83888605105045,
              -7.097552932222015
            ],
            [
              106.83888659064371,
              -7.097551031055218
            ],
            [
              106.8388867408305,
              -7.097550638051473
            ],
            [
              106.83890681549718,
              -7.0975004522840095
            ],
            [
              106.838906912624,
              -7.097500250835878
            ],
            [
              106.83890674355143,
              -7.097500225654869
            ],
            [
              106.83890945141013,
              -7.0974960626930965
            ],
            [
              106.83892623455813,
              -7.0974720858680485
            ],
            [
              106.83892696121035,
              -7.097471140680568
            ],
            [
              106.83892863484868,
              -7.09746946884087
            ],
            [
              106.8389305728877,
              -7.09746811266325
            ],
            [
              106.83893100366294,
              -7.097467874342897
            ],
            [
              106.83893852918982,
              -7.097463890346205
            ],
            [
              106.83893853638443,
              -7.097463853474039
            ],
            [
              106.83893960657764,
              -7.097458557366508
            ],
            [
              106.83894375155296,
              -7.097438036636049
            ],
            [
              106.83895676114565,
              -7.097373630788411
            ],
            [
              106.83896664649359,
              -7.097324294880252
            ],
            [
              106.83898756832167,
              -7.097217488696117
            ],
            [
              106.83899496974215,
              -7.097176027251805
            ],
            [
              106.83900273448864,
              -7.097127495337588
            ],
            [
              106.83900400702936,
              -7.0970880600658575
            ],
            [
              106.83900403310969,
              -7.097087695840457
            ],
            [
              106.83901044617522,
              -7.09703123100644
            ],
            [
              106.83902039807299,
              -7.096949256003313
            ],
            [
              106.83902906483951,
              -7.0968981466321
            ],
            [
              106.83903074657178,
              -7.096886261191969
            ],
            [
              106.83903053702971,
              -7.0968862045346555
            ],
            [
              106.83903138419106,
              -7.096881752890511
            ],
            [
              106.83904012470208,
              -7.096819984754461
            ]
          ]
        ]
      }
    },
    {
      "type": "Feature",
      "properties": {
        "id": "EKSISTING_07",
        "nama": "Blok Eksisting 7",
        "kategori": "Eksisting",
        "warna": "#2563eb",
        "luas_ha": 1.838,
        "luas_m2": 18378.0
      },
      "geometry": {
        "type": "Polygon",
        "coordinates": [
          [
            [
              106.83416680375507,
              -7.097808378353932
            ],
            [
              106.83413586707667,
              -7.097785736122773
            ],
            [
              106.8341291041749,
              -7.097780842911504
            ],
            [
              106.83412581895146,
              -7.097778466003376
            ],
            [
              106.83412499067583,
              -7.097777866155525
            ],
            [
              106.83411665575909,
              -7.09777183170462
            ],
            [
              106.83410249773215,
              -7.0977558705369574
            ],
            [
              106.83409586703073,
              -7.097747226253432
            ],
            [
              106.83409523570663,
              -7.097732875771555
            ],
            [
              106.83410147340436,
              -7.097711608603788
            ],
            [
              106.83411857131506,
              -7.097690271288968
            ],
            [
              106.83411970805815,
              -7.0976888530580595
            ],
            [
              106.83411992389546,
              -7.0976885832614585
            ],
            [
              106.83411999853917,
              -7.097688490631299
            ],
            [
              106.83412001742494,
              -7.097688467248929
            ],
            [
              106.83412003900867,
              -7.09768844026928
            ],
            [
              106.8341200560958,
              -7.09768841778623
            ],
            [
              106.83412003361275,
              -7.097688400699099
            ],
            [
              106.83411983666122,
              -7.097688338645867
            ],
            [
              106.8341188294205,
              -7.097688021185206
            ],
            [
              106.83411593360353,
              -7.0976871101719325
            ],
            [
              106.83411275539942,
              -7.097686110125835
            ],
            [
              106.83410956460477,
              -7.097685105583082
            ],
            [
              106.8340923111113,
              -7.09767967547657
            ],
            [
              106.83408034653081,
              -7.0976737174680125
            ],
            [
              106.83406429093435,
              -7.0976656370594355
            ],
            [
              106.83405287044366,
              -7.097658134015603
            ],
            [
              106.83402932799117,
              -7.097641447095043
            ],
            [
              106.83400507687287,
              -7.097623729551458
            ],
            [
              106.83396873886625,
              -7.097598021531439
            ],
            [
              106.83394929912095,
              -7.097571639019861
            ],
            [
              106.83388751119975,
              -7.097530193763362
            ],
            [
              106.83385770317051,
              -7.097511638051628
            ],
            [
              106.83384145062251,
              -7.097502818400301
            ],
            [
              106.83380303698061,
              -7.097477884696559
            ],
            [
              106.83377562294669,
              -7.0974630854530005
            ],
            [
              106.83376510987199,
              -7.097457627467463
            ],
            [
              106.83375260569824,
              -7.097455390853554
            ],
            [
              106.8337380618621,
              -7.097455603992898
            ],
            [
              106.83372559995655,
              -7.097458453045135
            ],
            [
              106.83370146305214,
              -7.097471194639866
            ],
            [
              106.8337025782115,
              -7.09747230889991
            ],
            [
              106.8337034838288,
              -7.097473600326339
            ],
            [
              106.83370610085592,
              -7.097487310490919
            ],
            [
              106.83370828890645,
              -7.097502625945367
            ],
            [
              106.833709653178,
              -7.097505922860023
            ],
            [
              106.83372500280672,
              -7.0975863447339975
            ],
            [
              106.8337263976552,
              -7.097608917717309
            ],
            [
              106.83372210519104,
              -7.09762429342635
            ],
            [
              106.83372811086366,
              -7.097626109157545
            ],
            [
              106.83373873545435,
              -7.097695590778869
            ],
            [
              106.83374418084935,
              -7.097724798060938
            ],
            [
              106.83375151122334,
              -7.097764114622123
            ],
            [
              106.83377487650938,
              -7.09783226524678
            ],
            [
              106.8338059148112,
              -7.097919397861858
            ],
            [
              106.83383212195491,
              -7.0979854386770285
            ],
            [
              106.83386336170486,
              -7.098063107726205
            ],
            [
              106.83386347501943,
              -7.098063406301094
            ],
            [
              106.83387555831041,
              -7.098097063428668
            ],
            [
              106.8338756833162,
              -7.098097438445961
            ],
            [
              106.83390906794921,
              -7.098205022543709
            ],
            [
              106.83390917586786,
              -7.098205400258962
            ],
            [
              106.83394049565743,
              -7.09832439225687
            ],
            [
              106.83395472922746,
              -7.098387289042137
            ],
            [
              106.83396693032961,
              -7.098447764852438
            ],
            [
              106.8339825596475,
              -7.098512219263455
            ],
            [
              106.83400398959253,
              -7.098577679116545
            ],
            [
              106.83405338125857,
              -7.098760215411573
            ],
            [
              106.83405670695151,
              -7.098885702313282
            ],
            [
              106.83405646503388,
              -7.098914857434693
            ],
            [
              106.83405803435085,
              -7.09893579365189
            ],
            [
              106.83405959557393,
              -7.09895662824573
            ],
            [
              106.8340596387414,
              -7.098956589574925
            ],
            [
              106.83405995890007,
              -7.09896145041057
            ],
            [
              106.8340630120984,
              -7.099002212182313
            ],
            [
              106.83406817960287,
              -7.099044963254414
            ],
            [
              106.83406818409946,
              -7.099045004623235
            ],
            [
              106.83408498523391,
              -7.099192734457063
            ],
            [
              106.83411839954454,
              -7.0992082252793125
            ],
            [
              106.83412391508665,
              -7.099210472685115
            ],
            [
              106.83412454820939,
              -7.099210759568848
            ],
            [
              106.83413828535367,
              -7.099217627691303
            ],
            [
              106.83415628978099,
              -7.099223681028036
            ],
            [
              106.83419566389881,
              -7.099233096929822
            ],
            [
              106.83422882010404,
              -7.099239891307889
            ],
            [
              106.83426610779469,
              -7.099246914113735
            ],
            [
              106.83429780979617,
              -7.0992513369795915
            ],
            [
              106.83432436587685,
              -7.099252395481642
            ],
            [
              106.83436138107294,
              -7.099244729660484
            ],
            [
              106.83439580981883,
              -7.0992305212714655
            ],
            [
              106.83442758826266,
              -7.099215927073317
            ],
            [
              106.83443364699525,
              -7.099213131081115
            ],
            [
              106.83446173192345,
              -7.09919413470152
            ],
            [
              106.83447606351956,
              -7.099179804004677
            ],
            [
              106.83447979840406,
              -7.099176068220913
            ],
            [
              106.83448019500503,
              -7.099175695002259
            ],
            [
              106.8344996059721,
              -7.099158487374268
            ],
            [
              106.83449982091008,
              -7.099158303013212
            ],
            [
              106.83451664902418,
              -7.099144400393698
            ],
            [
              106.83451789188729,
              -7.09914353794386
            ],
            [
              106.8345193218093,
              -7.0991428724455545
            ],
            [
              106.83452084616016,
              -7.099142464153374
            ],
            [
              106.8345216951202,
              -7.0991423553354025
            ],
            [
              106.83453868061565,
              -7.0991409964597665
            ],
            [
              106.83453905203567,
              -7.099140974876036
            ],
            [
              106.83455590173355,
              -7.099140321068887
            ],
            [
              106.83455625336848,
              -7.099140314773649
            ],
            [
              106.83455782448408,
              -7.099140452369909
            ],
            [
              106.83455890097258,
              -7.099140710475353
            ],
            [
              106.83457986866608,
              -7.099147117245593
            ],
            [
              106.83460322585825,
              -7.099154254265386
            ],
            [
              106.83460367461993,
              -7.099154403552859
            ],
            [
              106.83460510454199,
              -7.099155069950484
            ],
            [
              106.83460641305555,
              -7.099155987258939
            ],
            [
              106.83463943616113,
              -7.099183930094227
            ],
            [
              106.83468561634817,
              -7.099216427096394
            ],
            [
              106.83470243007315,
              -7.099228259476547
            ],
            [
              106.8347269330016,
              -7.099238196985141
            ],
            [
              106.83475475083117,
              -7.099247469894749
            ],
            [
              106.83476559035978,
              -7.0992480247765
            ],
            [
              106.83476700948995,
              -7.0992466065455915
            ],
            [
              106.83476894752897,
              -7.0992452503679715
            ],
            [
              106.83477102586221,
              -7.099244276402203
            ],
            [
              106.83482515066021,
              -7.099224273681216
            ],
            [
              106.83491574476585,
              -7.09917145110154
            ],
            [
              106.83498216149763,
              -7.09912401096426
            ],
            [
              106.83500348891994,
              -7.099108776448816
            ],
            [
              106.83510345216263,
              -7.099037332506839
            ],
            [
              106.83510456372471,
              -7.099036616646515
            ],
            [
              106.83510527508844,
              -7.099036233535287
            ],
            [
              106.83515945564443,
              -7.0990091432573195
            ],
            [
              106.83517251829716,
              -7.099002612380616
            ],
            [
              106.8351739518165,
              -7.09900199544569
            ],
            [
              106.83517623789311,
              -7.099001383906682
            ],
            [
              106.83517803024193,
              -7.099001189653109
            ],
            [
              106.83520684901691,
              -7.0989999890582
            ],
            [
              106.8352074146905,
              -7.098999977367043
            ],
            [
              106.83520977271291,
              -7.099000183311773
            ],
            [
              106.83521119364173,
              -7.099000513362967
            ],
            [
              106.83525682344373,
              -7.0990137217058304
            ],
            [
              106.8352576876922,
              -7.099014003193645
            ],
            [
              106.83525983257528,
              -7.099015002340423
            ],
            [
              106.83526075797766,
              -7.099015586899782
            ],
            [
              106.83529558062662,
              -7.099039602395692
            ],
            [
              106.83529660585373,
              -7.099040383906527
            ],
            [
              106.83534230670216,
              -7.099078869494178
            ],
            [
              106.83541201135529,
              -7.099138959495349
            ],
            [
              106.83541248439872,
              -7.099139386673301
            ],
            [
              106.83545811330134,
              -7.099182614386109
            ],
            [
              106.83545917090407,
              -7.099183736740031
            ],
            [
              106.8354603589085,
              -7.099185388794638
            ],
            [
              106.83546401555196,
              -7.099191371984205
            ],
            [
              106.83546159997292,
              -7.099139099789568
            ],
            [
              106.83544772433305,
              -7.09911721928421
            ],
            [
              106.83541389903229,
              -7.099090794504491
            ],
            [
              106.83540718559323,
              -7.099070629905611
            ],
            [
              106.8353907450869,
              -7.099021249930672
            ],
            [
              106.83537891180737,
              -7.098985709622752
            ],
            [
              106.83536884839367,
              -7.098955484308135
            ],
            [
              106.83536006111797,
              -7.09893948626825
            ],
            [
              106.83533606720579,
              -7.0989052859501385
            ],
            [
              106.83531679293571,
              -7.098881414345726
            ],
            [
              106.8352868509075,
              -7.098850616162963
            ],
            [
              106.83526008258679,
              -7.098819314359844
            ],
            [
              106.83521898716657,
              -7.098742514955063
            ],
            [
              106.83520909912068,
              -7.098724035685677
            ],
            [
              106.83519368923743,
              -7.098697812354089
            ],
            [
              106.8351826041939,
              -7.098678949074213
            ],
            [
              106.83517740341449,
              -7.098670097946638
            ],
            [
              106.83515755088035,
              -7.098648542995818
            ],
            [
              106.83516409075025,
              -7.098620303384223
            ],
            [
              106.835128867903,
              -7.098564267526854
            ],
            [
              106.83507710112735,
              -7.098508764967505
            ],
            [
              106.83506057698412,
              -7.0984973768524355
            ],
            [
              106.83505872168274,
              -7.098496098016483
            ],
            [
              106.83505754177219,
              -7.098494134796454
            ],
            [
              106.83503359642339,
              -7.0984542939305015
            ],
            [
              106.8350015364918,
              -7.098403922902662
            ],
            [
              106.83495528975487,
              -7.098345645035465
            ],
            [
              106.83487717014532,
              -7.098266966047618
            ],
            [
              106.83487888425316,
              -7.0982655882862105
            ],
            [
              106.83485858835326,
              -7.098234479837345
            ],
            [
              106.8348518686189,
              -7.0982242608409365
            ],
            [
              106.83483980511295,
              -7.098210437361729
            ],
            [
              106.83483168963085,
              -7.09820209165315
            ],
            [
              106.83481499641499,
              -7.098186906600404
            ],
            [
              106.83476905814558,
              -7.098152690094537
            ],
            [
              106.83471432000994,
              -7.098110201624479
            ],
            [
              106.83466079505968,
              -7.0980644998767275
            ],
            [
              106.83464800849885,
              -7.0980442300570985
            ],
            [
              106.83462362787816,
              -7.098002310857908
            ],
            [
              106.83459755203546,
              -7.097980332326415
            ],
            [
              106.83455125583583,
              -7.097945948546624
            ],
            [
              106.83450119327551,
              -7.097911050354639
            ],
            [
              106.83444083797434,
              -7.097877233147756
            ],
            [
              106.83442671951758,
              -7.097860932036326
            ],
            [
              106.83442248371074,
              -7.0978230993565035
            ],
            [
              106.83442224089379,
              -7.097813103391957
            ],
            [
              106.8344222256053,
              -7.097812473866554
            ],
            [
              106.83442220671952,
              -7.097811692355663
            ],
            [
              106.83442178223953,
              -7.097810884764499
            ],
            [
              106.8344217201863,
              -7.097810736376346
            ],
            [
              106.83442163295206,
              -7.097810601478045
            ],
            [
              106.83442160237513,
              -7.097810639249531
            ],
            [
              106.8344215538117,
              -7.097810700403443
            ],
            [
              106.83442107717104,
              -7.097811303848573
            ],
            [
              106.83442067607342,
              -7.097811811066208
            ],
            [
              106.83441975696627,
              -7.097812974788894
            ],
            [
              106.83441826229301,
              -7.097814865163855
            ],
            [
              106.83441346530924,
              -7.097820934688343
            ],
            [
              106.83440598564778,
              -7.097830397354926
            ],
            [
              106.8343899183601,
              -7.097836776246197
            ],
            [
              106.83437612006196,
              -7.0978356826705635
            ],
            [
              106.83434043586249,
              -7.097823192885983
            ],
            [
              106.83430576609828,
              -7.097808436809885
            ],
            [
              106.83428461134582,
              -7.097804467202366
            ],
            [
              106.83425458118404,
              -7.097793764370692
            ],
            [
              106.83423395972954,
              -7.097804868299988
            ],
            [
              106.83420461305252,
              -7.0978064547040844
            ],
            [
              106.83417447317345,
              -7.0977810731379805
            ],
            [
              106.83418161109256,
              -7.097805661502036
            ],
            [
              106.83417813341418,
              -7.097814162793327
            ],
            [
              106.83416680375507,
              -7.097808378353932
            ]
          ]
        ]
      }
    },
    {
      "type": "Feature",
      "properties": {
        "id": "EKSISTING_08",
        "nama": "Blok Eksisting 8",
        "kategori": "Eksisting",
        "warna": "#2563eb",
        "luas_ha": 1.693,
        "luas_m2": 16930.8
      },
      "geometry": {
        "type": "Polygon",
        "coordinates": [
          [
            [
              106.8398845179562,
              -7.096910086031585
            ],
            [
              106.83988202773344,
              -7.096888996030316
            ],
            [
              106.83987390235876,
              -7.096826292599303
            ],
            [
              106.83982381911403,
              -7.096676686779631
            ],
            [
              106.83976750626545,
              -7.096589276274017
            ],
            [
              106.83976716542242,
              -7.0965887177950435
            ],
            [
              106.83976647024645,
              -7.096587338234997
            ],
            [
              106.83971595982376,
              -7.096471129638871
            ],
            [
              106.83971565495358,
              -7.096470367013808
            ],
            [
              106.83971527993629,
              -7.096469167318162
            ],
            [
              106.83971112147111,
              -7.09645331946507
            ],
            [
              106.8397099568491,
              -7.096448878612819
            ],
            [
              106.83970222088084,
              -7.096419397936813
            ],
            [
              106.8397019834598,
              -7.096418314253754
            ],
            [
              106.83970187014523,
              -7.096417541736116
            ],
            [
              106.8396905287949,
              -7.096321137110749
            ],
            [
              106.83968707989487,
              -7.096291823708668
            ],
            [
              106.83968700884844,
              -7.096291014318808
            ],
            [
              106.83968206797311,
              -7.096204620047104
            ],
            [
              106.8396765884039,
              -7.096127533758647
            ],
            [
              106.83967060521434,
              -7.096089196559149
            ],
            [
              106.83964658612109,
              -7.096028779204744
            ],
            [
              106.8395699818692,
              -7.09593924809775
            ],
            [
              106.83956064061113,
              -7.095930270165809
            ],
            [
              106.83950982801622,
              -7.095901969400302
            ],
            [
              106.83942980364259,
              -7.095868963381918
            ],
            [
              106.83938641045455,
              -7.095854769382072
            ],
            [
              106.83933870591659,
              -7.095839977333014
            ],
            [
              106.83933820499425,
              -7.095839811857786
            ],
            [
              106.83927650430729,
              -7.095818019485989
            ],
            [
              106.83927490621204,
              -7.095817327907298
            ],
            [
              106.83920097924187,
              -7.0957795527841085
            ],
            [
              106.83920037309878,
              -7.095779223632235
            ],
            [
              106.83919897645166,
              -7.095778299129165
            ],
            [
              106.83915912929046,
              -7.0957482213033245
            ],
            [
              106.83915858699925,
              -7.095747790528037
            ],
            [
              106.83915688458262,
              -7.095746083614813
            ],
            [
              106.83908671587932,
              -7.095661397155709
            ],
            [
              106.83905387983276,
              -7.0956275925393015
            ],
            [
              106.83900006799882,
              -7.0955905215852795
            ],
            [
              106.83899974604151,
              -7.095590293157443
            ],
            [
              106.8389223449903,
              -7.09553358460721
            ],
            [
              106.83885491921922,
              -7.09548253279263
            ],
            [
              106.83885448574597,
              -7.0954821901509035
            ],
            [
              106.83882785052492,
              -7.09546026108211
            ],
            [
              106.83882728844867,
              -7.095459767354328
            ],
            [
              106.83881720255192,
              -7.09545040271388
            ],
            [
              106.83877153947503,
              -7.095425692941319
            ],
            [
              106.83872083030212,
              -7.0954077658556685
            ],
            [
              106.83867493340153,
              -7.095400115323002
            ],
            [
              106.83867156274249,
              -7.095414527858111
            ],
            [
              106.83866750320277,
              -7.095431884773632
            ],
            [
              106.83866410106748,
              -7.095450837985766
            ],
            [
              106.83865381012532,
              -7.095508168866843
            ],
            [
              106.83864355065941,
              -7.09555841219094
            ],
            [
              106.83862837100259,
              -7.0956340694567075
            ],
            [
              106.83862178976386,
              -7.09568676523196
            ],
            [
              106.83862258926115,
              -7.095707151963438
            ],
            [
              106.8386264455541,
              -7.095760993475039
            ],
            [
              106.83863963501119,
              -7.095850781788101
            ],
            [
              106.8386487145666,
              -7.095899705806744
            ],
            [
              106.83866782246207,
              -7.095918724669389
            ],
            [
              106.83871517266715,
              -7.09594713425281
            ],
            [
              106.83875821242162,
              -7.095967061430713
            ],
            [
              106.83880307420259,
              -7.095988690125921
            ],
            [
              106.8388033691802,
              -7.095988846607952
            ],
            [
              106.83880360300395,
              -7.09598899049945
            ],
            [
              106.83884844679847,
              -7.096018619563608
            ],
            [
              106.83890209495576,
              -7.096054651800671
            ],
            [
              106.83890256170395,
              -7.096055013328169
            ],
            [
              106.83896668606377,
              -7.096114324516407
            ],
            [
              106.8389670781682,
              -7.096114735506603
            ],
            [
              106.83900065975268,
              -7.096154713968815
            ],
            [
              106.83904051860509,
              -7.096199610823362
            ],
            [
              106.83904101143361,
              -7.096200302401996
            ],
            [
              106.83904136486717,
              -7.096201073120994
            ],
            [
              106.83904662769976,
              -7.096216788773745
            ],
            [
              106.83905034639645,
              -7.09622962929393
            ],
            [
              106.83905044172457,
              -7.096230025894954
            ],
            [
              106.83905840162402,
              -7.096271105127357
            ],
            [
              106.83905845198603,
              -7.096271454064322
            ],
            [
              106.83906281819458,
              -7.096312893025527
            ],
            [
              106.8390736289449,
              -7.096349841671781
            ],
            [
              106.83907375664859,
              -7.096350420835222
            ],
            [
              106.8390814899189,
              -7.096408838996695
            ],
            [
              106.83908152948908,
              -7.096409430750555
            ],
            [
              106.83908150790535,
              -7.09640986782108
            ],
            [
              106.83907823976904,
              -7.096443479083234
            ],
            [
              106.8390781822124,
              -7.096443882878873
            ],
            [
              106.83907704456999,
              -7.096449496447065
            ],
            [
              106.83907614255003,
              -7.096453944493874
            ],
            [
              106.83907347516083,
              -7.0964671069713745
            ],
            [
              106.83906307540065,
              -7.096527825598628
            ],
            [
              106.83906381914,
              -7.096557312569871
            ],
            [
              106.83907164414114,
              -7.0966049145851
            ],
            [
              106.83907170259704,
              -7.096605513533575
            ],
            [
              106.8390740786059,
              -7.096685803207208
            ],
            [
              106.83907400755947,
              -7.0966866737509235
            ],
            [
              106.83904905496996,
              -7.096821458743307
            ],
            [
              106.83903800949662,
              -7.096899535185344
            ],
            [
              106.83903776937763,
              -7.096900951617556
            ],
            [
              106.83903700405455,
              -7.096905459019695
            ],
            [
              106.8390293562199,
              -7.0969505555236765
            ],
            [
              106.83901943579838,
              -7.097032285011892
            ],
            [
              106.83901304791391,
              -7.097088534008606
            ],
            [
              106.83901177267524,
              -7.097128072702333
            ],
            [
              106.83901171781656,
              -7.09712864017456
            ],
            [
              106.83900389281547,
              -7.0971775453074315
            ],
            [
              106.83899646621398,
              -7.097219150643241
            ],
            [
              106.83897552639951,
              -7.097326050356912
            ],
            [
              106.83896563655492,
              -7.097375412345343
            ],
            [
              106.83895262516359,
              -7.097439825387596
            ],
            [
              106.83894886959473,
              -7.097458416172913
            ],
            [
              106.83896004726842,
              -7.0974524986338565
            ],
            [
              106.83896071096808,
              -7.0974521703813025
            ],
            [
              106.83898292062537,
              -7.097441919908647
            ],
            [
              106.83898397103349,
              -7.0974414864354
            ],
            [
              106.83898625711015,
              -7.097440874896392
            ],
            [
              106.83898679490471,
              -7.097440791259487
            ],
            [
              106.8390184006787,
              -7.097436520379063
            ],
            [
              106.83902022090655,
              -7.097436398071295
            ],
            [
              106.83902135045503,
              -7.097436444836035
            ],
            [
              106.83906235234576,
              -7.097439861360442
            ],
            [
              106.83906358171896,
              -7.097440020540489
            ],
            [
              106.8390638892871,
              -7.097440078996385
            ],
            [
              106.83911514254987,
              -7.097450329469098
            ],
            [
              106.83911638181564,
              -7.0974506388358805
            ],
            [
              106.83917617683915,
              -7.097468576713425
            ],
            [
              106.8391767613985,
              -7.097468766470342
            ],
            [
              106.8392447924133,
              -7.097492577820162
            ],
            [
              106.83927510316352,
              -7.097501589027047
            ],
            [
              106.83930415576225,
              -7.097505624285077
            ],
            [
              106.83932504251675,
              -7.097506397702034
            ],
            [
              106.83936413334811,
              -7.097499217514837
            ],
            [
              106.83938957426949,
              -7.0974891954699615
            ],
            [
              106.83946071154264,
              -7.09743898092421
            ],
            [
              106.83949389113025,
              -7.097414308923192
            ],
            [
              106.83949525450248,
              -7.097413416795689
            ],
            [
              106.83954655183197,
              -7.0973843480092
            ],
            [
              106.83954840893199,
              -7.0973834747675255
            ],
            [
              106.83964332607871,
              -7.097347275256482
            ],
            [
              106.83964449339874,
              -7.097346899339868
            ],
            [
              106.83971966413128,
              -7.0973263983945
            ],
            [
              106.83972079457908,
              -7.097326141188432
            ],
            [
              106.83976658086306,
              -7.097317765802188
            ],
            [
              106.83979654537433,
              -7.097307941608165
            ],
            [
              106.83979695366656,
              -7.097307803112585
            ],
            [
              106.83979805713471,
              -7.097307440685768
            ],
            [
              106.839804221088,
              -7.097305419009842
            ],
            [
              106.83980663666699,
              -7.09730398009458
            ],
            [
              106.83982280377944,
              -7.097292432799463
            ],
            [
              106.83983047949312,
              -7.097286949632974
            ],
            [
              106.8398325308467,
              -7.097282935958674
            ],
            [
              106.83984508628174,
              -7.097258371876308
            ],
            [
              106.839850644092,
              -7.097244106830033
            ],
            [
              106.83985805360635,
              -7.097219819738825
            ],
            [
              106.83986771592242,
              -7.097188146515691
            ],
            [
              106.83987300663404,
              -7.097170805787982
            ],
            [
              106.83987855724968,
              -7.0971485547619295
            ],
            [
              106.83988169858156,
              -7.097112433491986
            ],
            [
              106.83988517985722,
              -7.0970581099437595
            ],
            [
              106.83988602072333,
              -7.097021321376815
            ],
            [
              106.83988790840033,
              -7.096938786995395
            ],
            [
              106.83988505125416,
              -7.096914597031002
            ],
            [
              106.83988481653114,
              -7.096914609621479
            ],
            [
              106.8398845179562,
              -7.096910086031585
            ]
          ]
        ]
      }
    },
    {
      "type": "Feature",
      "properties": {
        "id": "EKSISTING_09",
        "nama": "Blok Eksisting 9",
        "kategori": "Eksisting",
        "warna": "#2563eb",
        "luas_ha": 1.613,
        "luas_m2": 16133.2
      },
      "geometry": {
        "type": "Polygon",
        "coordinates": [
          [
            [
              106.83516810712251,
              -7.102109332979296
            ],
            [
              106.83517330790193,
              -7.102105214983624
            ],
            [
              106.83517291309954,
              -7.102104940690424
            ],
            [
              106.8351673157191,
              -7.102101459414769
            ],
            [
              106.83515625225931,
              -7.102094578701781
            ],
            [
              106.83513512358712,
              -7.102085512636279
            ],
            [
              106.83512161666931,
              -7.1020838237094495
            ],
            [
              106.8351144113011,
              -7.102082923488069
            ],
            [
              106.83507588884123,
              -7.102094412327233
            ],
            [
              106.83499178334421,
              -7.102114709126454
            ],
            [
              106.83499175546518,
              -7.102114715421749
            ],
            [
              106.8349500817809,
              -7.10212450184423
            ],
            [
              106.83490121981549,
              -7.102138251578992
            ],
            [
              106.83484118557232,
              -7.102155144444339
            ],
            [
              106.83478908784616,
              -7.102169085734658
            ],
            [
              106.8347795631264,
              -7.1021716344133665
            ],
            [
              106.83475347829045,
              -7.102178614051752
            ],
            [
              106.83474100739164,
              -7.102181951435853
            ],
            [
              106.83473202406373,
              -7.102184355323686
            ],
            [
              106.8346678592344,
              -7.102212159663395
            ],
            [
              106.83466735291609,
              -7.102212361111526
            ],
            [
              106.83466664694828,
              -7.102212585942027
            ],
            [
              106.83459045548517,
              -7.1022334205358675
            ],
            [
              106.83450401175082,
              -7.102254902641619
            ],
            [
              106.8344080990546,
              -7.10228347230435
            ],
            [
              106.83440734722137,
              -7.102283661162005
            ],
            [
              106.8343673480747,
              -7.1022919313275
            ],
            [
              106.83436708547265,
              -7.102291981689575
            ],
            [
              106.83436682107197,
              -7.102292023957716
            ],
            [
              106.83434020653539,
              -7.1022959054316175
            ],
            [
              106.83428983640687,
              -7.102310291886397
            ],
            [
              106.83424608528867,
              -7.102324335699507
            ],
            [
              106.83421652547236,
              -7.102335605104031
            ],
            [
              106.8341739362782,
              -7.1023589685914885
            ],
            [
              106.83417306753307,
              -7.102359386776243
            ],
            [
              106.83413704069193,
              -7.102374418944237
            ],
            [
              106.83413664768818,
              -7.1023745727283085
            ],
            [
              106.834135812218,
              -7.102374830833753
            ],
            [
              106.83410045986841,
              -7.1023839373687565
            ],
            [
              106.83405704509664,
              -7.102395139324187
            ],
            [
              106.83401311771127,
              -7.102405344830743
            ],
            [
              106.83401263927192,
              -7.102405441957558
            ],
            [
              106.834011067257,
              -7.1024055795538175
            ],
            [
              106.83401065266952,
              -7.102405569661244
            ],
            [
              106.83396239055196,
              -7.102403356429704
            ],
            [
              106.83389489733173,
              -7.102400166534437
            ],
            [
              106.83385616173251,
              -7.102399307681878
            ],
            [
              106.83380752100038,
              -7.102402445416487
            ],
            [
              106.8338065308468,
              -7.102405413179213
            ],
            [
              106.83380804890237,
              -7.10241249983693
            ],
            [
              106.83381493770929,
              -7.102424003964586
            ],
            [
              106.8338176644537,
              -7.102428273046314
            ],
            [
              106.8338174351266,
              -7.10243335871246
            ],
            [
              106.83381601149978,
              -7.102433364108435
            ],
            [
              106.83381563108657,
              -7.102433365907075
            ],
            [
              106.83381448894755,
              -7.1024333704036735
            ],
            [
              106.833813124676,
              -7.102433375799592
            ],
            [
              106.8338082323641,
              -7.102432240855194
            ],
            [
              106.83379994151414,
              -7.102430318104666
            ],
            [
              106.83379190966895,
              -7.102432734582976
            ],
            [
              106.83378463235493,
              -7.102434923532826
            ],
            [
              106.83377890996877,
              -7.10244140584615
            ],
            [
              106.83377558607452,
              -7.102446951965192
            ],
            [
              106.83377201037007,
              -7.1024529153697245
            ],
            [
              106.83377081696966,
              -7.102457666488078
            ],
            [
              106.83376918200219,
              -7.102464169485813
            ],
            [
              106.83376802547406,
              -7.1024747005469635
            ],
            [
              106.83377404103925,
              -7.102481613635518
            ],
            [
              106.83378099639594,
              -7.102484217172844
            ],
            [
              106.8337849408224,
              -7.102482419428043
            ],
            [
              106.8337884760574,
              -7.102480807842937
            ],
            [
              106.83378918292453,
              -7.1024804849863585
            ],
            [
              106.83379581722323,
              -7.102477461465639
            ],
            [
              106.83381205897939,
              -7.102466630930223
            ],
            [
              106.83381689643267,
              -7.102469120253659
            ],
            [
              106.83382405773415,
              -7.102472803876765
            ],
            [
              106.83383086200473,
              -7.102478642275457
            ],
            [
              106.83383908990214,
              -7.102485701953526
            ],
            [
              106.83384376188019,
              -7.102489710231907
            ],
            [
              106.8338516885047,
              -7.1024956601465306
            ],
            [
              106.83385898290578,
              -7.1024978320093055
            ],
            [
              106.83386313957232,
              -7.102499069476437
            ],
            [
              106.83386776478557,
              -7.1025004463384676
            ],
            [
              106.83387474352463,
              -7.102502522873067
            ],
            [
              106.83388218991121,
              -7.102504739701942
            ],
            [
              106.83388791589465,
              -7.102506444816527
            ],
            [
              106.83389292691709,
              -7.102507935892504
            ],
            [
              106.83390008372197,
              -7.102510593389127
            ],
            [
              106.83391715015642,
              -7.102516930911577
            ],
            [
              106.83392411000972,
              -7.102522822370304
            ],
            [
              106.83393561773465,
              -7.102535587347404
            ],
            [
              106.83394570543004,
              -7.1025485267930435
            ],
            [
              106.83395155192267,
              -7.102556027138917
            ],
            [
              106.83395613396846,
              -7.10256414262102
            ],
            [
              106.83396142468007,
              -7.102569623089607
            ],
            [
              106.83396932702288,
              -7.102569592512623
            ],
            [
              106.83397410512089,
              -7.1025667029908846
            ],
            [
              106.83398231233389,
              -7.10256280802713
            ],
            [
              106.83398612815733,
              -7.102560996792533
            ],
            [
              106.8339913873927,
              -7.10255850027454
            ],
            [
              106.83399879960496,
              -7.102553976684646
            ],
            [
              106.83400256776434,
              -7.102551676218809
            ],
            [
              106.83400782160373,
              -7.10254846923641
            ],
            [
              106.83401245311228,
              -7.1025456426672235
            ],
            [
              106.83401683011266,
              -7.102542970781428
            ],
            [
              106.83402212172359,
              -7.102540875361058
            ],
            [
              106.83402389158937,
              -7.1025401738898495
            ],
            [
              106.83403052319017,
              -7.102537547869474
            ],
            [
              106.83403332367902,
              -7.102536438106085
            ],
            [
              106.83404337090491,
              -7.102532459505369
            ],
            [
              106.83404963378365,
              -7.102533241915523
            ],
            [
              106.83405525634504,
              -7.102635373423709
            ],
            [
              106.83405353684134,
              -7.102664929642742
            ],
            [
              106.83405307818708,
              -7.102687509820669
            ],
            [
              106.83405363037082,
              -7.102694392332296
            ],
            [
              106.83405399279758,
              -7.102698909626952
            ],
            [
              106.83405496316607,
              -7.102711003709828
            ],
            [
              106.834055605282,
              -7.102719004078722
            ],
            [
              106.83406158127701,
              -7.102724373031322
            ],
            [
              106.83406512370658,
              -7.102727555732088
            ],
            [
              106.83407353146839,
              -7.102735109137939
            ],
            [
              106.83407795613283,
              -7.102739085040696
            ],
            [
              106.83408911671944,
              -7.102739952886452
            ],
            [
              106.83409590929881,
              -7.102740480788498
            ],
            [
              106.83410100395821,
              -7.102740876490202
            ],
            [
              106.83411682483165,
              -7.102741404392248
            ],
            [
              106.83412239073579,
              -7.102741405291567
            ],
            [
              106.83414682981243,
              -7.102744658139443
            ],
            [
              106.83414864104702,
              -7.102743441356665
            ],
            [
              106.83419132197201,
              -7.102760996123038
            ],
            [
              106.83419066366827,
              -7.102771056838776
            ],
            [
              106.83418975715165,
              -7.102784924384707
            ],
            [
              106.83418827057227,
              -7.102807647554869
            ],
            [
              106.8341835185546,
              -7.102848470480467
            ],
            [
              106.83417016811882,
              -7.102890099198646
            ],
            [
              106.83417090736157,
              -7.102907501979587
            ],
            [
              106.83416927509205,
              -7.102964825666106
            ],
            [
              106.83416945045985,
              -7.102964810377671
            ],
            [
              106.83417018880323,
              -7.102964870632206
            ],
            [
              106.83419584825987,
              -7.102969108237687
            ],
            [
              106.83436362847874,
              -7.102996819947236
            ],
            [
              106.83442825286164,
              -7.103000312914048
            ],
            [
              106.83466290307058,
              -7.103012996952202
            ],
            [
              106.83485872325156,
              -7.102991504953934
            ],
            [
              106.83487315377312,
              -7.1029848175952
            ],
            [
              106.83500524349728,
              -7.102923605240164
            ],
            [
              106.83509617125134,
              -7.102850506545622
            ],
            [
              106.83514704050356,
              -7.1027779618334534
            ],
            [
              106.83516562139636,
              -7.102685057369456
            ],
            [
              106.83516318783091,
              -7.102666055593943
            ],
            [
              106.83514860712256,
              -7.102552228402544
            ],
            [
              106.83513226194441,
              -7.10243396485555
            ],
            [
              106.83513164051288,
              -7.102429470943264
            ],
            [
              106.83512913050504,
              -7.102396788680778
            ],
            [
              106.83513061348708,
              -7.102386414101659
            ],
            [
              106.83513193638981,
              -7.102383248488081
            ],
            [
              106.83513718303465,
              -7.102372462019446
            ],
            [
              106.83514649461512,
              -7.102348406054034
            ],
            [
              106.83514883734904,
              -7.102323413894396
            ],
            [
              106.83514888861038,
              -7.102323038877103
            ],
            [
              106.83515364332607,
              -7.102296886592001
            ],
            [
              106.83515487269926,
              -7.102274829819521
            ],
            [
              106.83515529358198,
              -7.102267280910212
            ],
            [
              106.83515146516805,
              -7.102250433011022
            ],
            [
              106.83514574637917,
              -7.102231198311131
            ],
            [
              106.83514410961305,
              -7.102217248926877
            ],
            [
              106.83515325931552,
              -7.102224706105233
            ],
            [
              106.83516018409529,
              -7.1022480003449004
            ],
            [
              106.83516025963831,
              -7.1022482863293135
            ],
            [
              106.83516428410451,
              -7.102266005671595
            ],
            [
              106.83516437043943,
              -7.102267024603464
            ],
            [
              106.83516266622411,
              -7.102297669901475
            ],
            [
              106.83516260237224,
              -7.102298214890652
            ],
            [
              106.83515783236811,
              -7.102324451712036
            ],
            [
              106.83515544916469,
              -7.102349873747642
            ],
            [
              106.83515539970199,
              -7.102350237073722
            ],
            [
              106.8351551802674,
              -7.102351040168344
            ],
            [
              106.83514555752151,
              -7.102375898329001
            ],
            [
              106.83514540733472,
              -7.102376243668687
            ],
            [
              106.83513946281602,
              -7.102388465455249
            ],
            [
              106.83513725138312,
              -7.1024039472843015
            ],
            [
              106.83514048174789,
              -7.102427320664276
            ],
            [
              106.83514078931603,
              -7.102427287389332
            ],
            [
              106.83514118231977,
              -7.1024273224629155
            ],
            [
              106.8351415636323,
              -7.102427424086329
            ],
            [
              106.83514192156247,
              -7.102427590460877
            ],
            [
              106.8351422444191,
              -7.102427816190698
            ],
            [
              106.83514252320896,
              -7.102428094980553
            ],
            [
              106.8351427498381,
              -7.102428417837189
            ],
            [
              106.83514291621265,
              -7.102428774868031
            ],
            [
              106.83514301783606,
              -7.102429155281243
            ],
            [
              106.83514305290964,
              -7.102429548284988
            ],
            [
              106.83514301783606,
              -7.102429940389413
            ],
            [
              106.83514291621265,
              -7.102430321701945
            ],
            [
              106.8351427498381,
              -7.102430678732787
            ],
            [
              106.83514252320896,
              -7.102431001589423
            ],
            [
              106.8351422444191,
              -7.102431280379221
            ],
            [
              106.83514192156247,
              -7.102431506109099
            ],
            [
              106.83514144672046,
              -7.10243170755723
            ],
            [
              106.83514109958213,
              -7.102431792992832
            ],
            [
              106.83515255964295,
              -7.102514706888144
            ],
            [
              106.83515505975828,
              -7.1025327958518005
            ],
            [
              106.83515758055796,
              -7.102551035901513
            ],
            [
              106.83516767274995,
              -7.102629826405291
            ],
            [
              106.83517469465647,
              -7.1026846436813
            ],
            [
              106.83517473062938,
              -7.1026852183480855
            ],
            [
              106.83517465238833,
              -7.102686052918955
            ],
            [
              106.83515937560475,
              -7.102762444031498
            ],
            [
              106.83515573155182,
              -7.102780664296176
            ],
            [
              106.8351555462915,
              -7.102781325297883
            ],
            [
              106.83515521264303,
              -7.1027820393595675
            ],
            [
              106.83515499950369,
              -7.10278237300804
            ],
            [
              106.83510321654029,
              -7.102856219938531
            ],
            [
              106.8351029764213,
              -7.1028565320033294
            ],
            [
              106.83510238286874,
              -7.102857119260591
            ],
            [
              106.83505602911254,
              -7.102894383568923
            ],
            [
              106.83502011288795,
              -7.102923258101839
            ],
            [
              106.83501048834341,
              -7.1029309958686895
            ],
            [
              106.83500991367663,
              -7.102931388872435
            ],
            [
              106.83500955484715,
              -7.10293157503213
            ],
            [
              106.83486559946789,
              -7.102998285842148
            ],
            [
              106.83482783243858,
              -7.103003992040556
            ],
            [
              106.83476462268925,
              -7.1030109294108
            ],
            [
              106.83466352270347,
              -7.103022026145538
            ],
            [
              106.83466290666786,
              -7.103022049527908
            ],
            [
              106.83436289103463,
              -7.10300583565072
            ],
            [
              106.83436239730685,
              -7.103005781691422
            ],
            [
              106.83416911231473,
              -7.102973858456778
            ],
            [
              106.83417161332937,
              -7.103015836111922
            ],
            [
              106.83417513237652,
              -7.103121509150299
            ],
            [
              106.83417409905547,
              -7.103137986528793
            ],
            [
              106.83417333103444,
              -7.103150222704585
            ],
            [
              106.83417450195174,
              -7.103170077037362
            ],
            [
              106.83417494441824,
              -7.103177588175129
            ],
            [
              106.83417538418666,
              -7.103185044454165
            ],
            [
              106.83417824313148,
              -7.103192660812624
            ],
            [
              106.83418313004745,
              -7.103205682995849
            ],
            [
              106.8341861814472,
              -7.103208033823648
            ],
            [
              106.83419350732458,
              -7.103213678868144
            ],
            [
              106.83421380322449,
              -7.1032147310749565
            ],
            [
              106.83424142949843,
              -7.103216161896285
            ],
            [
              106.83428296828441,
              -7.103219464206859
            ],
            [
              106.83433813899399,
              -7.10322759767547
            ],
            [
              106.83437042105817,
              -7.1032335574826675
            ],
            [
              106.83438563309056,
              -7.103236365166083
            ],
            [
              106.83441446715398,
              -7.103241689152583
            ],
            [
              106.83442395680021,
              -7.103247587805868
            ],
            [
              106.83444947866059,
              -7.103263452746091
            ],
            [
              106.83445771824915,
              -7.103267853128898
            ],
            [
              106.83447460751717,
              -7.10327687242966
            ],
            [
              106.83447924711965,
              -7.103279350061882
            ],
            [
              106.83451455899979,
              -7.10329425452619
            ],
            [
              106.83455606630946,
              -7.103308734510449
            ],
            [
              106.83461973561236,
              -7.103320523723141
            ],
            [
              106.83463660329664,
              -7.103323212696068
            ],
            [
              106.8346551823908,
              -7.103319796171604
            ],
            [
              106.83468280236951,
              -7.103313436166104
            ],
            [
              106.83470241028806,
              -7.1033097021809795
            ],
            [
              106.83471724640384,
              -7.103306877410432
            ],
            [
              106.83473733815771,
              -7.103302065138166
            ],
            [
              106.83476444642213,
              -7.1032951646400875
            ],
            [
              106.83479740747441,
              -7.1032885672135535
            ],
            [
              106.83481080737295,
              -7.103285885435241
            ],
            [
              106.83484113251234,
              -7.103284547244016
            ],
            [
              106.83489865944563,
              -7.103301331291334
            ],
            [
              106.83492361563242,
              -7.103311242719656
            ],
            [
              106.83492626863244,
              -7.103312296725051
            ],
            [
              106.83494033492855,
              -7.10331833926989
            ],
            [
              106.8349518030833,
              -7.103323603001854
            ],
            [
              106.83496654656892,
              -7.103330369500895
            ],
            [
              106.83498099147965,
              -7.103349449517452
            ],
            [
              106.83499784297612,
              -7.1033715107865305
            ],
            [
              106.83500847835865,
              -7.103392275233261
            ],
            [
              106.83501762626253,
              -7.10340427218938
            ],
            [
              106.83501820092931,
              -7.103404192149696
            ],
            [
              106.83503111969048,
              -7.103402385411698
            ],
            [
              106.83503757952076,
              -7.103401481593039
            ],
            [
              106.83504009312588,
              -7.103401129958115
            ],
            [
              106.83505318815418,
              -7.103399298938427
            ],
            [
              106.83505964798445,
              -7.103398395119768
            ],
            [
              106.83506476152957,
              -7.103397680158764
            ],
            [
              106.83506786329133,
              -7.103393398486503
            ],
            [
              106.83507371967647,
              -7.103385313581327
            ],
            [
              106.8350786965247,
              -7.103378443660176
            ],
            [
              106.83508925816278,
              -7.1033638638512
            ],
            [
              106.83509635741103,
              -7.103354064838186
            ],
            [
              106.83510387394466,
              -7.103336056813532
            ],
            [
              106.83510808906709,
              -7.1033259601248915
            ],
            [
              106.83511682148418,
              -7.103305040994826
            ],
            [
              106.83512857292538,
              -7.1032768877181525
            ],
            [
              106.83513206229492,
              -7.103268527620401
            ],
            [
              106.83513910308722,
              -7.103260842014208
            ],
            [
              106.83515691595898,
              -7.103241397772251
            ],
            [
              106.83516740744994,
              -7.1032279322232625
            ],
            [
              106.83517757068842,
              -7.103214756255966
            ],
            [
              106.83518982305196,
              -7.103201673818148
            ],
            [
              106.83519679639511,
              -7.103195486482491
            ],
            [
              106.83520782658002,
              -7.103188753258337
            ],
            [
              106.83521796014082,
              -7.10318340678873
            ],
            [
              106.83523369018269,
              -7.103175106945571
            ],
            [
              106.8352392866638,
              -7.103172153571961
            ],
            [
              106.83526253413868,
              -7.103159557667425
            ],
            [
              106.83526756674485,
              -7.1031568246277175
            ],
            [
              106.83529316324893,
              -7.1031409704793305
            ],
            [
              106.83531201303902,
              -7.103124234096072
            ],
            [
              106.83533118298777,
              -7.103098917281159
            ],
            [
              106.83535396191587,
              -7.1030844714711066
            ],
            [
              106.8353619344058,
              -7.1030794154825685
            ],
            [
              106.83538322045933,
              -7.10307266427202
            ],
            [
              106.83538820090479,
              -7.103067474284444
            ],
            [
              106.83539615990492,
              -7.103059181635899
            ],
            [
              106.83539385943914,
              -7.103048128068622
            ],
            [
              106.83538425018304,
              -7.103040392100354
            ],
            [
              106.83536137592682,
              -7.102999552087624
            ],
            [
              106.8353473536975,
              -7.102954446590388
            ],
            [
              106.83534874674734,
              -7.102944914676016
            ],
            [
              106.83534992665784,
              -7.1029368387640375
            ],
            [
              106.83535478929213,
              -7.102918688646525
            ],
            [
              106.83536254864276,
              -7.102902422608679
            ],
            [
              106.83537140426694,
              -7.102888210622382
            ],
            [
              106.83537786409721,
              -7.102877842338501
            ],
            [
              106.83539108862789,
              -7.102861364960006
            ],
            [
              106.83539873106662,
              -7.102853619099221
            ],
            [
              106.83540551825013,
              -7.102846740184873
            ],
            [
              106.83541357527633,
              -7.102838574340694
            ],
            [
              106.8354224866585,
              -7.102829542449399
            ],
            [
              106.83542926754671,
              -7.102822669830289
            ],
            [
              106.8354423823601,
              -7.102809377850463
            ],
            [
              106.83545255728973,
              -7.102799066223895
            ],
            [
              106.83546571616995,
              -7.102784654588106
            ],
            [
              106.83549090618044,
              -7.102756767510755
            ],
            [
              106.83548589156072,
              -7.10274888495303
            ],
            [
              106.83548342561966,
              -7.10274500887499
            ],
            [
              106.83547793705719,
              -7.102736380779277
            ],
            [
              106.83547309240936,
              -7.1027287662195135
            ],
            [
              106.83546242914787,
              -7.102712004655245
            ],
            [
              106.8354594281102,
              -7.102707286811778
            ],
            [
              106.83545154105582,
              -7.102695075817053
            ],
            [
              106.83544274298828,
              -7.102682488006394
            ],
            [
              106.83542617567753,
              -7.102658784575226
            ],
            [
              106.83542031839306,
              -7.1026594302884405
            ],
            [
              106.83541287380513,
              -7.102660251369457
            ],
            [
              106.8354090453912,
              -7.102659206357259
            ],
            [
              106.83539861685273,
              -7.102656359103662
            ],
            [
              106.8353958442429,
              -7.102655366252122
            ],
            [
              106.8353907585767,
              -7.102653546024271
            ],
            [
              106.83538821619328,
              -7.102652635910374
            ],
            [
              106.83537983181384,
              -7.102649633973385
            ],
            [
              106.83537141326019,
              -7.102646620345183
            ],
            [
              106.83536694542823,
              -7.102645167940125
            ],
            [
              106.83536207649871,
              -7.102643586032627
            ],
            [
              106.83535158680633,
              -7.102640177602041
            ],
            [
              106.83534938436668,
              -7.102633996561622
            ],
            [
              106.8353479382568,
              -7.102629936122582
            ],
            [
              106.83534462965099,
              -7.102620647924539
            ],
            [
              106.8353412185225,
              -7.102616404023763
            ],
            [
              106.83533190694203,
              -7.102604817158522
            ],
            [
              106.83532509098023,
              -7.102596336551642
            ],
            [
              106.835318572694,
              -7.102588225566137
            ],
            [
              106.8353121380448,
              -7.102580218002629
            ],
            [
              106.83530804163286,
              -7.102575121544589
            ],
            [
              106.8353011887989,
              -7.102566595072233
            ],
            [
              106.83529400141708,
              -7.102557651314498
            ],
            [
              106.8352867411902,
              -7.102548618523883
            ],
            [
              106.83527950794297,
              -7.102534550429084
            ],
            [
              106.83527598170127,
              -7.102527693098523
            ],
            [
              106.83527464800665,
              -7.102520422079749
            ],
            [
              106.8352729536839,
              -7.102511179747125
            ],
            [
              106.83527153905032,
              -7.102503468959867
            ],
            [
              106.83527435212972,
              -7.102491415346492
            ],
            [
              106.83527833612635,
              -7.102474342616745
            ],
            [
              106.83528312141897,
              -7.102462990474578
            ],
            [
              106.83528993738076,
              -7.102449729970999
            ],
            [
              106.83530315291824,
              -7.102423244037425
            ],
            [
              106.83530865586982,
              -7.10241146201929
            ],
            [
              106.83531448797328,
              -7.102398977630685
            ],
            [
              106.83531933621845,
              -7.10238859765559
            ],
            [
              106.83532370422563,
              -7.1023791574721145
            ],
            [
              106.83533191593523,
              -7.102360866161007
            ],
            [
              106.83533763562343,
              -7.102348126364916
            ],
            [
              106.8353373397465,
              -7.102333774084343
            ],
            [
              106.83533619940613,
              -7.102324146841852
            ],
            [
              106.83533535674138,
              -7.1023170368017645
            ],
            [
              106.83532947787319,
              -7.102298216689292
            ],
            [
              106.83532565485513,
              -7.102285976916278
            ],
            [
              106.83531621557097,
              -7.102267434694284
            ],
            [
              106.83531224416481,
              -7.102259633075562
            ],
            [
              106.83530845352237,
              -7.102254001520919
            ],
            [
              106.83529927324292,
              -7.102240363302087
            ],
            [
              106.83528474829257,
              -7.102222363371311
            ],
            [
              106.83527608602259,
              -7.102212437553931
            ],
            [
              106.83526861715302,
              -7.102203879605327
            ],
            [
              106.83524735268327,
              -7.102180910020934
            ],
            [
              106.8352303240203,
              -7.102163533320379
            ],
            [
              106.83520225977651,
              -7.102133385347429
            ],
            [
              106.83519829196769,
              -7.102125370589363
            ],
            [
              106.83519830905476,
              -7.102122884863206
            ],
            [
              106.83519646904188,
              -7.102121338029292
            ],
            [
              106.83518106185659,
              -7.102110612714569
            ],
            [
              106.83516918091306,
              -7.1021200196231575
            ],
            [
              106.83516810712251,
              -7.102109332979296
            ]
          ]
        ]
      }
    },
    {
      "type": "Feature",
      "properties": {
        "id": "EKSISTING_10",
        "nama": "Blok Eksisting 10",
        "kategori": "Eksisting",
        "warna": "#2563eb",
        "luas_ha": 1.47,
        "luas_m2": 14696.1
      },
      "geometry": {
        "type": "Polygon",
        "coordinates": [
          [
            [
              106.8386454671147,
              -7.102669886705883
            ],
            [
              106.83864615509606,
              -7.102669710438761
            ],
            [
              106.83868494915112,
              -7.102656424754173
            ],
            [
              106.83871541458478,
              -7.102648545793727
            ],
            [
              106.83873458903014,
              -7.1026464728564065
            ],
            [
              106.8387519567375,
              -7.1026464728564065
            ],
            [
              106.83875274274493,
              -7.102646403608617
            ],
            [
              106.83875357821512,
              -7.102646171583501
            ],
            [
              106.83878407152775,
              -7.102633868857936
            ],
            [
              106.83878457065146,
              -7.102633630537582
            ],
            [
              106.83891949144146,
              -7.102558896875564
            ],
            [
              106.83891985386822,
              -7.102558669347047
            ],
            [
              106.83904155102681,
              -7.102473801224903
            ],
            [
              106.8391050107877,
              -7.102428559030727
            ],
            [
              106.83910529137614,
              -7.102428342294104
            ],
            [
              106.8391056690914,
              -7.102427986162581
            ],
            [
              106.83913448786637,
              -7.102397566594391
            ],
            [
              106.83913466773078,
              -7.10239736514626
            ],
            [
              106.8391351200898,
              -7.1023967194329884
            ],
            [
              106.8391353745979,
              -7.102396205920115
            ],
            [
              106.83914582112283,
              -7.102371289303505
            ],
            [
              106.83914600278587,
              -7.1023707200326385
            ],
            [
              106.83915721013722,
              -7.102325091130012
            ],
            [
              106.83915727578773,
              -7.102324772769975
            ],
            [
              106.83916539936376,
              -7.102275418875422
            ],
            [
              106.83915655453143,
              -7.102273418783227
            ],
            [
              106.83915659410161,
              -7.102273180462873
            ],
            [
              106.83913028353584,
              -7.102266521882427
            ],
            [
              106.8391289741229,
              -7.102266118986165
            ],
            [
              106.83912820430322,
              -7.102265812317341
            ],
            [
              106.83907182580418,
              -7.102241324677323
            ],
            [
              106.83907056495468,
              -7.10224069695056
            ],
            [
              106.8389725775225,
              -7.102185437208107
            ],
            [
              106.83888197352434,
              -7.102133582298961
            ],
            [
              106.83888136108601,
              -7.102133208180987
            ],
            [
              106.83877586521407,
              -7.102064942443064
            ],
            [
              106.83877462684762,
              -7.1020640377251425
            ],
            [
              106.83869826361405,
              -7.102001350481885
            ],
            [
              106.83869646946653,
              -7.10199955363646
            ],
            [
              106.83863660789319,
              -7.101926009777458
            ],
            [
              106.83863538391591,
              -7.101924235415083
            ],
            [
              106.83863510782402,
              -7.101923734492686
            ],
            [
              106.83860279068631,
              -7.101861946571546
            ],
            [
              106.83860204694696,
              -7.101860253148118
            ],
            [
              106.8385791304226,
              -7.101795747475705
            ],
            [
              106.83857799817616,
              -7.101790829982747
            ],
            [
              106.8385647115922,
              -7.101713599802736
            ],
            [
              106.83856451554004,
              -7.101711302934234
            ],
            [
              106.83856454072105,
              -7.101710483651857
            ],
            [
              106.83856966595738,
              -7.1016259159032415
            ],
            [
              106.83856973430585,
              -7.101625145184244
            ],
            [
              106.83860301012089,
              -7.101343584538768
            ],
            [
              106.83860426917175,
              -7.101325255456118
            ],
            [
              106.8386040218582,
              -7.101324750936442
            ],
            [
              106.83857374708083,
              -7.101263052947502
            ],
            [
              106.83857352674693,
              -7.101262518750218
            ],
            [
              106.8385430694072,
              -7.101166342552631
            ],
            [
              106.83850863976198,
              -7.10105344615954
            ],
            [
              106.8385085642189,
              -7.101053166470422
            ],
            [
              106.83848493902877,
              -7.100953056638218
            ],
            [
              106.83846693999732,
              -7.100869066254347
            ],
            [
              106.83845266146119,
              -7.100815520619733
            ],
            [
              106.83843741705323,
              -7.100782686371815
            ],
            [
              106.83842717827173,
              -7.1007690346631875
            ],
            [
              106.83840886897417,
              -7.100753014140253
            ],
            [
              106.8383786346663,
              -7.100740222183447
            ],
            [
              106.83831302462647,
              -7.100723521773091
            ],
            [
              106.83826312124609,
              -7.100713236226795
            ],
            [
              106.83826544149701,
              -7.10074156846855
            ],
            [
              106.83826613577361,
              -7.100750034686314
            ],
            [
              106.83827237706862,
              -7.10081275070786
            ],
            [
              106.83828089634636,
              -7.100877955153464
            ],
            [
              106.83828907478102,
              -7.100932139306735
            ],
            [
              106.83829523873436,
              -7.100974518958822
            ],
            [
              106.83830092244966,
              -7.10101997968826
            ],
            [
              106.83830099259677,
              -7.101021134417749
            ],
            [
              106.83830063376729,
              -7.101067475583477
            ],
            [
              106.83830058700255,
              -7.101068322744879
            ],
            [
              106.83829653465739,
              -7.101108035007769
            ],
            [
              106.83829644382587,
              -7.101108687915541
            ],
            [
              106.83829616323743,
              -7.101109833651833
            ],
            [
              106.83828672934914,
              -7.101139761290881
            ],
            [
              106.8382866016454,
              -7.101140138106814
            ],
            [
              106.83828645505594,
              -7.101140514023484
            ],
            [
              106.83827076188624,
              -7.101178254073147
            ],
            [
              106.83825268191578,
              -7.101224150074415
            ],
            [
              106.8382394888614,
              -7.101257341353175
            ],
            [
              106.83823930539967,
              -7.101257770329767
            ],
            [
              106.83819467114722,
              -7.101355105753498
            ],
            [
              106.83817609565034,
              -7.101419383897394
            ],
            [
              106.83817588610833,
              -7.1014200188187715
            ],
            [
              106.83816608439736,
              -7.101445965159144
            ],
            [
              106.8381655313143,
              -7.101447158559495
            ],
            [
              106.83813538154266,
              -7.101501458725295
            ],
            [
              106.83813521157083,
              -7.101501747407667
            ],
            [
              106.83809970813508,
              -7.10155933279691
            ],
            [
              106.83809942125134,
              -7.101559768068796
            ],
            [
              106.8380605966193,
              -7.101615294909891
            ],
            [
              106.83806034121181,
              -7.101615642947536
            ],
            [
              106.8380200030208,
              -7.101667844995006
            ],
            [
              106.83798664896472,
              -7.10173162761248
            ],
            [
              106.8379654267631,
              -7.101816515519715
            ],
            [
              106.83794869937304,
              -7.1019491412398565
            ],
            [
              106.83794060817257,
              -7.102031667527399
            ],
            [
              106.83794016480681,
              -7.1020361884193335
            ],
            [
              106.83793074530769,
              -7.102132270188065
            ],
            [
              106.83793142879244,
              -7.102258718465066
            ],
            [
              106.83794807344492,
              -7.102382207972482
            ],
            [
              106.83794815348455,
              -7.102383484110476
            ],
            [
              106.83794695828556,
              -7.10246122780336
            ],
            [
              106.83796014684339,
              -7.102655475969414
            ],
            [
              106.83796369107154,
              -7.10273224299857
            ],
            [
              106.83796504814853,
              -7.102735964393219
            ],
            [
              106.83796513808073,
              -7.102735676610166
            ],
            [
              106.83797015719705,
              -7.10274996773677
            ],
            [
              106.83797533729205,
              -7.102733369849091
            ],
            [
              106.83798445282031,
              -7.102718683920102
            ],
            [
              106.8379936304018,
              -7.102708056631457
            ],
            [
              106.83800711753452,
              -7.102702758725286
            ],
            [
              106.83802704920902,
              -7.102699181222192
            ],
            [
              106.83805386339515,
              -7.102699706426279
            ],
            [
              106.83805469346942,
              -7.102699638077809
            ],
            [
              106.83805548487277,
              -7.102699423139825
            ],
            [
              106.8380708893601,
              -7.102693580244477
            ],
            [
              106.83809326539193,
              -7.102686294836587
            ],
            [
              106.83811978729841,
              -7.102683694896541
            ],
            [
              106.838193229534,
              -7.102683162497897
            ],
            [
              106.83819363332958,
              -7.102683141813486
            ],
            [
              106.83824287390956,
              -7.10267837630596
            ],
            [
              106.83827673338459,
              -7.1026809816419245
            ],
            [
              106.83830100248935,
              -7.102687694181668
            ],
            [
              106.83832838954362,
              -7.102700860256448
            ],
            [
              106.83832880413104,
              -7.10270103562425
            ],
            [
              106.83832916026262,
              -7.1027011480395
            ],
            [
              106.83834677168625,
              -7.102705951318569
            ],
            [
              106.83834717728047,
              -7.102706042150089
            ],
            [
              106.83834798307299,
              -7.102706111397879
            ],
            [
              106.83840884199452,
              -7.102705577200595
            ],
            [
              106.83840939777554,
              -7.102705538529733
            ],
            [
              106.83845378831177,
              -7.102699653366244
            ],
            [
              106.8384542100938,
              -7.102699567930642
            ],
            [
              106.83849389627636,
              -7.102689514409519
            ],
            [
              106.83857733447644,
              -7.102681675918575
            ],
            [
              106.83857768431272,
              -7.102681629153835
            ],
            [
              106.8386454671147,
              -7.102669886705883
            ]
          ]
        ]
      }
    },
    {
      "type": "Feature",
      "properties": {
        "id": "EKSISTING_11",
        "nama": "Blok Eksisting 11",
        "kategori": "Eksisting",
        "warna": "#2563eb",
        "luas_ha": 0.964,
        "luas_m2": 9635.5
      },
      "geometry": {
        "type": "Polygon",
        "coordinates": [
          [
            [
              106.83448382197088,
              -7.093466036928021
            ],
            [
              106.834445034211,
              -7.093464053922901
            ],
            [
              106.83441985499235,
              -7.093457061693982
            ],
            [
              106.83438557823189,
              -7.093447543269463
            ],
            [
              106.83436965573509,
              -7.093444058396528
            ],
            [
              106.83429511362863,
              -7.093440212895473
            ],
            [
              106.8342717285575,
              -7.093442192303257
            ],
            [
              106.83424934623042,
              -7.093445671780273
            ],
            [
              106.8342010031738,
              -7.093459094161801
            ],
            [
              106.83412398073716,
              -7.093506034276004
            ],
            [
              106.83408802134517,
              -7.093531378969942
            ],
            [
              106.83406267934924,
              -7.093547378808466
            ],
            [
              106.8340273422881,
              -7.09355869497773
            ],
            [
              106.83398985674654,
              -7.0935684490246445
            ],
            [
              106.83389050144552,
              -7.093588535382537
            ],
            [
              106.8338778003203,
              -7.093591624553767
            ],
            [
              106.83382079499376,
              -7.0936160285568235
            ],
            [
              106.83379344211374,
              -7.093629886210238
            ],
            [
              106.83375253195385,
              -7.093653942175649
            ],
            [
              106.83373178459425,
              -7.093666142378538
            ],
            [
              106.83370423026605,
              -7.0936823436651935
            ],
            [
              106.83367814992675,
              -7.093690050855116
            ],
            [
              106.83361881535609,
              -7.093701418285775
            ],
            [
              106.83351360546857,
              -7.093726465304087
            ],
            [
              106.8335527196823,
              -7.093751845970871
            ],
            [
              106.8335643452184,
              -7.093759389484205
            ],
            [
              106.83358583901531,
              -7.09377333706982
            ],
            [
              106.83363373241087,
              -7.093801335663045
            ],
            [
              106.83367476577786,
              -7.0938221630623275
            ],
            [
              106.83371807353035,
              -7.0938274303915705
            ],
            [
              106.83374519798258,
              -7.093830729104809
            ],
            [
              106.83379219655268,
              -7.093837663777094
            ],
            [
              106.83384005487471,
              -7.093844724354483
            ],
            [
              106.83386157924855,
              -7.093847900759954
            ],
            [
              106.83390742218984,
              -7.093859205238061
            ],
            [
              106.83398933064313,
              -7.093893071008381
            ],
            [
              106.83401722491504,
              -7.093909241718109
            ],
            [
              106.83406569747405,
              -7.093937341934748
            ],
            [
              106.83408783968213,
              -7.093950177958277
            ],
            [
              106.83411786624657,
              -7.093970794016911
            ],
            [
              106.83411972424597,
              -7.093972069255528
            ],
            [
              106.83412062716525,
              -7.093974179065071
            ],
            [
              106.83412608425147,
              -7.093986923357761
            ],
            [
              106.83413323745901,
              -7.094003629164092
            ],
            [
              106.8341417477435,
              -7.094023502382697
            ],
            [
              106.83414367319205,
              -7.094027999892262
            ],
            [
              106.83415678980407,
              -7.094058633499117
            ],
            [
              106.83417739776877,
              -7.094106762517015
            ],
            [
              106.83419634198765,
              -7.094150778935273
            ],
            [
              106.83421998876156,
              -7.094202245337328
            ],
            [
              106.83426603315098,
              -7.094284308474016
            ],
            [
              106.83430470489827,
              -7.0943355581394485
            ],
            [
              106.83436181184823,
              -7.094404905761735
            ],
            [
              106.83440559534199,
              -7.094447525532814
            ],
            [
              106.83442884821284,
              -7.094468465347347
            ],
            [
              106.83445237357824,
              -7.094502213306441
            ],
            [
              106.83446436963499,
              -7.094535608731292
            ],
            [
              106.83447157590257,
              -7.0945586007987345
            ],
            [
              106.83448131825827,
              -7.094603641544779
            ],
            [
              106.83448731583701,
              -7.094631365844805
            ],
            [
              106.8344990106209,
              -7.094685431287587
            ],
            [
              106.83450729247761,
              -7.094727532149818
            ],
            [
              106.83452164116085,
              -7.094800469865731
            ],
            [
              106.8345350059858,
              -7.09486895413886
            ],
            [
              106.83453532254714,
              -7.094870667347379
            ],
            [
              106.83453712388922,
              -7.094880392616005
            ],
            [
              106.83453778938753,
              -7.094888001779793
            ],
            [
              106.83453721382142,
              -7.094894323114488
            ],
            [
              106.8345357272421,
              -7.094898822422692
            ],
            [
              106.83453327479089,
              -7.094904341562085
            ],
            [
              106.83452956328875,
              -7.0949055268685015
            ],
            [
              106.83452080029474,
              -7.09490832555872
            ],
            [
              106.83451461925432,
              -7.094910299570643
            ],
            [
              106.8345096136278,
              -7.094911898565215
            ],
            [
              106.83451271089297,
              -7.09491756969004
            ],
            [
              106.8345151642435,
              -7.094922248862645
            ],
            [
              106.83451714904726,
              -7.094927080020682
            ],
            [
              106.83452146309509,
              -7.094941925129717
            ],
            [
              106.83452614856299,
              -7.09495876313639
            ],
            [
              106.83453175313798,
              -7.094978908849498
            ],
            [
              106.83457867436641,
              -7.094967938919183
            ],
            [
              106.83458142269455,
              -7.094967958704274
            ],
            [
              106.83458403522513,
              -7.094948222182666
            ],
            [
              106.83459421375204,
              -7.094822285619955
            ],
            [
              106.83459430008696,
              -7.094821497813825
            ],
            [
              106.83460270605008,
              -7.09476145997337
            ],
            [
              106.83460278159316,
              -7.094760983332662
            ],
            [
              106.83460309635586,
              -7.094759615463829
            ],
            [
              106.83461990738289,
              -7.094700778218282
            ],
            [
              106.83462020505846,
              -7.094699861809147
            ],
            [
              106.83462064212898,
              -7.094698802407777
            ],
            [
              106.8346429722954,
              -7.094650614933869
            ],
            [
              106.83465805932207,
              -7.094594910926332
            ],
            [
              106.83466606059028,
              -7.094537759010336
            ],
            [
              106.83464903642397,
              -7.094434437699078
            ],
            [
              106.8346370934272,
              -7.09437830831223
            ],
            [
              106.834637003495,
              -7.0943778442620555
            ],
            [
              106.8346367966509,
              -7.094375488937601
            ],
            [
              106.8346367966509,
              -7.094309446323848
            ],
            [
              106.83463700079699,
              -7.094307104489246
            ],
            [
              106.83464900944426,
              -7.094238653491004
            ],
            [
              106.83464942852834,
              -7.094236939383222
            ],
            [
              106.83467584521412,
              -7.09415288514748
            ],
            [
              106.83467604036701,
              -7.094152309581375
            ],
            [
              106.83467704131249,
              -7.094150166496945
            ],
            [
              106.83467719779452,
              -7.094149901196943
            ],
            [
              106.83471041965021,
              -7.094095323140607
            ],
            [
              106.83474360013707,
              -7.094023633683719
            ],
            [
              106.83474550130393,
              -7.09401952737926
            ],
            [
              106.83479235688185,
              -7.093918289797216
            ],
            [
              106.83485000162631,
              -7.093794594345013
            ],
            [
              106.83485055291072,
              -7.093793536742282
            ],
            [
              106.83485073547314,
              -7.093793230073459
            ],
            [
              106.83485878620411,
              -7.093780109864156
            ],
            [
              106.83491557659266,
              -7.0936875624310005
            ],
            [
              106.83491650109573,
              -7.093686239528267
            ],
            [
              106.83500925897016,
              -7.0935690245907494
            ],
            [
              106.83502878415112,
              -7.093535441207621
            ],
            [
              106.8350301250403,
              -7.093533534644848
            ],
            [
              106.83503142815795,
              -7.093532183863147
            ],
            [
              106.83503999599907,
              -7.0935244586867725
            ],
            [
              106.83501560908314,
              -7.093525630503393
            ],
            [
              106.834986672497,
              -7.093526729474945
            ],
            [
              106.83496196812041,
              -7.093527667467811
            ],
            [
              106.83494610318019,
              -7.093529017350249
            ],
            [
              106.83491670973842,
              -7.093534268491624
            ],
            [
              106.8349036875552,
              -7.093536438555759
            ],
            [
              106.83489446770557,
              -7.0935379754970995
            ],
            [
              106.83488332060881,
              -7.0935384566344055
            ],
            [
              106.83486953130387,
              -7.093539051086282
            ],
            [
              106.83486348875908,
              -7.093539310990366
            ],
            [
              106.83485030469785,
              -7.093539879361913
            ],
            [
              106.83483331560507,
              -7.093536314449295
            ],
            [
              106.83481812335776,
              -7.093532901522167
            ],
            [
              106.83480474684166,
              -7.093527859023425
            ],
            [
              106.83476294545363,
              -7.0935121029011725
            ],
            [
              106.83474779187713,
              -7.09350434894651
            ],
            [
              106.83471376063159,
              -7.093489853673759
            ],
            [
              106.8347077873346,
              -7.093487493852706
            ],
            [
              106.8346958407405,
              -7.093482775109919
            ],
            [
              106.83464717123002,
              -7.093468996596869
            ],
            [
              106.83462807322707,
              -7.093468355380253
            ],
            [
              106.83458346235699,
              -7.093466857109718
            ],
            [
              106.83456452982927,
              -7.093466931753426
            ],
            [
              106.83454723226902,
              -7.093467000101953
            ],
            [
              106.83450587334744,
              -7.093467163778541
            ],
            [
              106.83448382197088,
              -7.093466036928021
            ]
          ]
        ]
      }
    },
    {
      "type": "Feature",
      "properties": {
        "id": "EKSISTING_12",
        "nama": "Blok Eksisting 12",
        "kategori": "Eksisting",
        "warna": "#2563eb",
        "luas_ha": 0.958,
        "luas_m2": 9583.3
      },
      "geometry": {
        "type": "Polygon",
        "coordinates": [
          [
            [
              106.83881182820335,
              -7.095415253611009
            ],
            [
              106.83881228775692,
              -7.095392355972422
            ],
            [
              106.83881242355454,
              -7.095390967419178
            ],
            [
              106.83881260251962,
              -7.095390167921892
            ],
            [
              106.8388350118264,
              -7.095307733365132
            ],
            [
              106.83883907226544,
              -7.095292538419869
            ],
            [
              106.8388630248088,
              -7.095202885005108
            ],
            [
              106.8388632649278,
              -7.095202124178627
            ],
            [
              106.83886357429458,
              -7.095201379540015
            ],
            [
              106.83889399386277,
              -7.0951365384204905
            ],
            [
              106.83889425916277,
              -7.095136016813683
            ],
            [
              106.83891171590301,
              -7.095104314812204
            ],
            [
              106.83891266738573,
              -7.095102942446772
            ],
            [
              106.83891312783862,
              -7.095102434329817
            ],
            [
              106.83898597472302,
              -7.095027986652212
            ],
            [
              106.83898672655624,
              -7.095027300469496
            ],
            [
              106.8390165759543,
              -7.095003655494281
            ],
            [
              106.83901767402648,
              -7.095002909956293
            ],
            [
              106.83901897444616,
              -7.095002292122047
            ],
            [
              106.8390848632759,
              -7.094977191144437
            ],
            [
              106.83915727308977,
              -7.0949471690765336
            ],
            [
              106.83918256292498,
              -7.094929806765151
            ],
            [
              106.83921448436104,
              -7.094904185979374
            ],
            [
              106.83923645569791,
              -7.094880646224794
            ],
            [
              106.83923725789322,
              -7.09487988539837
            ],
            [
              106.83923831909323,
              -7.094879119175971
            ],
            [
              106.83926340208438,
              -7.094863642742894
            ],
            [
              106.83926366738439,
              -7.094863485361486
            ],
            [
              106.83928754078744,
              -7.094849991034209
            ],
            [
              106.83928920813054,
              -7.094848604279605
            ],
            [
              106.83919900433062,
              -7.094770387543292
            ],
            [
              106.83914707118043,
              -7.094739751238478
            ],
            [
              106.83912829873208,
              -7.094732464931269
            ],
            [
              106.83912747225509,
              -7.0947320962092135
            ],
            [
              106.83900317335781,
              -7.09466893951992
            ],
            [
              106.83894004814476,
              -7.094648056362644
            ],
            [
              106.83889021221358,
              -7.094631569091575
            ],
            [
              106.83888996130275,
              -7.094631481857334
            ],
            [
              106.83888944868914,
              -7.094631277711244
            ],
            [
              106.8387363921708,
              -7.0945648142147775
            ],
            [
              106.83873201966702,
              -7.09456291484662
            ],
            [
              106.83872749697645,
              -7.09456095162659
            ],
            [
              106.83872654459441,
              -7.094560468690645
            ],
            [
              106.8386390603444,
              -7.094508956423169
            ],
            [
              106.83863810616373,
              -7.094508308911259
            ],
            [
              106.83853547283388,
              -7.094428712614956
            ],
            [
              106.83853520573524,
              -7.0944284967776525
            ],
            [
              106.83853409057588,
              -7.094427382517665
            ],
            [
              106.838533842363,
              -7.094427074050202
            ],
            [
              106.83846275635119,
              -7.094334512227931
            ],
            [
              106.83846209894676,
              -7.0943335292689085
            ],
            [
              106.83846162320543,
              -7.094332581383469
            ],
            [
              106.83843339618437,
              -7.094267040591376
            ],
            [
              106.83843320552808,
              -7.0942665603534465
            ],
            [
              106.83843283230942,
              -7.094265222162221
            ],
            [
              106.83841580004918,
              -7.094179236182754
            ],
            [
              106.83841464082309,
              -7.094173383394889
            ],
            [
              106.8384145158173,
              -7.094172459791139
            ],
            [
              106.83839939101915,
              -7.093988039416445
            ],
            [
              106.83839936314018,
              -7.093987177865927
            ],
            [
              106.83840057182897,
              -7.09394297618735
            ],
            [
              106.83840057722495,
              -7.093942784631736
            ],
            [
              106.83837256514181,
              -7.0939886842303395
            ],
            [
              106.83837166851777,
              -7.093989977455465
            ],
            [
              106.83833924705868,
              -7.094031403826193
            ],
            [
              106.83833898625528,
              -7.094031728481411
            ],
            [
              106.83828574728949,
              -7.094095613621619
            ],
            [
              106.83822417610492,
              -7.094205222992628
            ],
            [
              106.83822358255236,
              -7.09420617087801
            ],
            [
              106.83814845858456,
              -7.094315875577138
            ],
            [
              106.83810018657442,
              -7.094412420496781
            ],
            [
              106.8380730828066,
              -7.094505024587193
            ],
            [
              106.83807203149911,
              -7.094508616479402
            ],
            [
              106.83807122480727,
              -7.094515551151744
            ],
            [
              106.83805685633894,
              -7.094596943394151
            ],
            [
              106.83806112631999,
              -7.094597248264336
            ],
            [
              106.83804470110215,
              -7.094677185403725
            ],
            [
              106.83804693142082,
              -7.0947251282619845
            ],
            [
              106.83807475104896,
              -7.094803951141387
            ],
            [
              106.83811661718818,
              -7.094883031226857
            ],
            [
              106.83817692032869,
              -7.0949456537189235
            ],
            [
              106.83826423280817,
              -7.095009603610265
            ],
            [
              106.83826493158136,
              -7.095010152196721
            ],
            [
              106.83826546757734,
              -7.095010626139413
            ],
            [
              106.83831269817256,
              -7.095054654248827
            ],
            [
              106.83831312355187,
              -7.095055068836302
            ],
            [
              106.83833503013761,
              -7.095077359432537
            ],
            [
              106.8383384367695,
              -7.095080515153597
            ],
            [
              106.83833832435425,
              -7.09508071120581
            ],
            [
              106.83835875335387,
              -7.095101498135591
            ],
            [
              106.8383594647176,
              -7.095102281445065
            ],
            [
              106.8383608514722,
              -7.095104268946784
            ],
            [
              106.83838814589626,
              -7.095152435736281
            ],
            [
              106.83843574251557,
              -7.0952393651045895
            ],
            [
              106.83847108587196,
              -7.095285977865558
            ],
            [
              106.83850693374808,
              -7.095316776048321
            ],
            [
              106.83854454429536,
              -7.09533863137267
            ],
            [
              106.83859041241766,
              -7.095357487458045
            ],
            [
              106.83864654180451,
              -7.095367881822256
            ],
            [
              106.83872653470189,
              -7.095381214271583
            ],
            [
              106.83872876861784,
              -7.095381796132926
            ],
            [
              106.83875993642198,
              -7.095392815525997
            ],
            [
              106.8388026344341,
              -7.095411668014037
            ],
            [
              106.8388118012237,
              -7.0954166286744
            ],
            [
              106.83881182820335,
              -7.095415253611009
            ]
          ]
        ]
      }
    },
    {
      "type": "Feature",
      "properties": {
        "id": "EKSISTING_13",
        "nama": "Blok Eksisting 13",
        "kategori": "Eksisting",
        "warna": "#2563eb",
        "luas_ha": 0.846,
        "luas_m2": 8461.2
      },
      "geometry": {
        "type": "Polygon",
        "coordinates": [
          [
            [
              106.83594715114015,
              -7.0928179809649805
            ],
            [
              106.83596757474385,
              -7.092756711053312
            ],
            [
              106.83596833916761,
              -7.092743627716175
            ],
            [
              106.83596859817231,
              -7.092739184165964
            ],
            [
              106.83597266760461,
              -7.0926695478613055
            ],
            [
              106.83596315817329,
              -7.092554243983102
            ],
            [
              106.83595236990601,
              -7.092460743268646
            ],
            [
              106.83594653600392,
              -7.092405908905505
            ],
            [
              106.8359379978404,
              -7.0923826227597715
            ],
            [
              106.83593389783118,
              -7.092371442388128
            ],
            [
              106.83593243463423,
              -7.092360020098795
            ],
            [
              106.8359320425298,
              -7.092355507300795
            ],
            [
              106.83593137343422,
              -7.092355328335714
            ],
            [
              106.83591131225734,
              -7.092359991320507
            ],
            [
              106.83590272013447,
              -7.092362107425288
            ],
            [
              106.8358886754221,
              -7.0923655653185165
            ],
            [
              106.83588370486916,
              -7.092366836060592
            ],
            [
              106.83585388874604,
              -7.092374460512872
            ],
            [
              106.83584680748424,
              -7.092369437799277
            ],
            [
              106.83584014530652,
              -7.092370865023383
            ],
            [
              106.8358349103529,
              -7.092376258257673
            ],
            [
              106.83584058867228,
              -7.092377861748901
            ],
            [
              106.83581867938858,
              -7.092383464525199
            ],
            [
              106.83579897704124,
              -7.092388910819523
            ],
            [
              106.83570674527016,
              -7.092416199847719
            ],
            [
              106.8356605084258,
              -7.092432547723831
            ],
            [
              106.83565551089316,
              -7.092434314891648
            ],
            [
              106.83561761526079,
              -7.092447712991486
            ],
            [
              106.83559703157783,
              -7.092455364423472
            ],
            [
              106.83557066885135,
              -7.092465164335806
            ],
            [
              106.83553323277255,
              -7.092479080445173
            ],
            [
              106.83553315543082,
              -7.092479109223461
            ],
            [
              106.83549823295715,
              -7.092491796858894
            ],
            [
              106.83548908505327,
              -7.092501587778031
            ],
            [
              106.83538564862886,
              -7.092551984886143
            ],
            [
              106.83535554652133,
              -7.0925643802419245
            ],
            [
              106.83529504013404,
              -7.092587136686973
            ],
            [
              106.83526639762619,
              -7.092597908766436
            ],
            [
              106.83522718808433,
              -7.0926126558493365
            ],
            [
              106.83519744300764,
              -7.092614173904963
            ],
            [
              106.83511653999636,
              -7.092619399865384
            ],
            [
              106.8350928320686,
              -7.0926222965816805
            ],
            [
              106.83508316075932,
              -7.092623478290818
            ],
            [
              106.83505006840602,
              -7.0926275216427825
            ],
            [
              106.83501857954388,
              -7.092631368942477
            ],
            [
              106.83500286928705,
              -7.092633288095726
            ],
            [
              106.83497859028978,
              -7.092636654258115
            ],
            [
              106.83496403026584,
              -7.092643445938222
            ],
            [
              106.834950045808,
              -7.092650637816632
            ],
            [
              106.83494248790555,
              -7.092657921425882
            ],
            [
              106.83493872334344,
              -7.092661547492355
            ],
            [
              106.83492976069994,
              -7.092670183682003
            ],
            [
              106.8349222531595,
              -7.092677417828497
            ],
            [
              106.83490765986068,
              -7.092691480527378
            ],
            [
              106.83489380040862,
              -7.0927083131380755
            ],
            [
              106.83489602533137,
              -7.092716054502262
            ],
            [
              106.83489603432457,
              -7.092716086877886
            ],
            [
              106.83489828892493,
              -7.092723932563388
            ],
            [
              106.83490342944975,
              -7.092741824575512
            ],
            [
              106.83491338944145,
              -7.092774021204093
            ],
            [
              106.83491413767734,
              -7.092776344152924
            ],
            [
              106.83492023418154,
              -7.092795268586713
            ],
            [
              106.83493162409525,
              -7.092827673858039
            ],
            [
              106.83493800118788,
              -7.092845816780994
            ],
            [
              106.83495471688673,
              -7.092892297341621
            ],
            [
              106.83496792522965,
              -7.092926577699359
            ],
            [
              106.8349722401768,
              -7.092937774258814
            ],
            [
              106.83497388503685,
              -7.092942043340599
            ],
            [
              106.83498175140676,
              -7.092962460649005
            ],
            [
              106.8349904415557,
              -7.092984347449601
            ],
            [
              106.8350063748444,
              -7.0930230614650895
            ],
            [
              106.83501908226492,
              -7.093052619482762
            ],
            [
              106.8350250861389,
              -7.0930650391202335
            ],
            [
              106.83503757952076,
              -7.093090880239856
            ],
            [
              106.83504859441717,
              -7.093111177039134
            ],
            [
              106.83506493419941,
              -7.093136447089307
            ],
            [
              106.83508311849118,
              -7.093166557290715
            ],
            [
              106.83509266209671,
              -7.093182360177707
            ],
            [
              106.8351011993609,
              -7.093198485022015
            ],
            [
              106.83511190489054,
              -7.0932221632721735
            ],
            [
              106.83512149975746,
              -7.093243383675144
            ],
            [
              106.83513088328368,
              -7.093265581641219
            ],
            [
              106.83513711738414,
              -7.0932816309424425
            ],
            [
              106.83514213200385,
              -7.093295981424376
            ],
            [
              106.83514574907713,
              -7.093317613716863
            ],
            [
              106.8351478489941,
              -7.093330170950594
            ],
            [
              106.83514857114972,
              -7.0933400832781786
            ],
            [
              106.83514878698696,
              -7.093353046106131
            ],
            [
              106.83514617445644,
              -7.093365729244965
            ],
            [
              106.83514407453947,
              -7.093375927556963
            ],
            [
              106.83514351246316,
              -7.093382644593305
            ],
            [
              106.83514540014016,
              -7.093389015390699
            ],
            [
              106.83514745149375,
              -7.093392953521914
            ],
            [
              106.83515327999993,
              -7.09340154744342
            ],
            [
              106.83515827843189,
              -7.093406234709903
            ],
            [
              106.83517481876294,
              -7.093416407840891
            ],
            [
              106.83522113294896,
              -7.093381295610243
            ],
            [
              106.83522180384324,
              -7.093380818070273
            ],
            [
              106.83528664586208,
              -7.093337590357464
            ],
            [
              106.83528739409803,
              -7.09333712630729
            ],
            [
              106.83528786624208,
              -7.093336865503886
            ],
            [
              106.83539591528933,
              -7.093280139866522
            ],
            [
              106.83548775315734,
              -7.093231519818744
            ],
            [
              106.83548836469635,
              -7.093231215847879
            ],
            [
              106.83556941699504,
              -7.093193391261934
            ],
            [
              106.83557057981847,
              -7.093192912822644
            ],
            [
              106.83561657024859,
              -7.093176680959004
            ],
            [
              106.83561873491675,
              -7.093176112587457
            ],
            [
              106.83561945797169,
              -7.0931760046688055
            ],
            [
              106.83570315067993,
              -7.093165860316162
            ],
            [
              106.83570599343693,
              -7.093165515875796
            ],
            [
              106.83570861496065,
              -7.093165198415136
            ],
            [
              106.83571299196109,
              -7.093164960094782
            ],
            [
              106.83571990055304,
              -7.093164646231401
            ],
            [
              106.83572946304434,
              -7.093164211858834
            ],
            [
              106.83576597462007,
              -7.0931625526096695
            ],
            [
              106.83579764604457,
              -7.0931454987656934
            ],
            [
              106.83584091332756,
              -7.0931149568896785
            ],
            [
              106.83589836651646,
              -7.093031098706206
            ],
            [
              106.83592930409418,
              -7.092965785442573
            ],
            [
              106.8359362855312,
              -7.092891314382598
            ],
            [
              106.83593631970547,
              -7.092890996022618
            ],
            [
              106.83594352417435,
              -7.092829756687877
            ],
            [
              106.83594363748892,
              -7.092828984170239
            ],
            [
              106.83594412672011,
              -7.092827054225154
            ],
            [
              106.83594715114015,
              -7.0928179809649805
            ]
          ]
        ]
      }
    },
    {
      "type": "Feature",
      "properties": {
        "id": "EKSISTING_14",
        "nama": "Blok Eksisting 14",
        "kategori": "Eksisting",
        "warna": "#2563eb",
        "luas_ha": 0.569,
        "luas_m2": 5695.0
      },
      "geometry": {
        "type": "Polygon",
        "coordinates": [
          [
            [
              106.83636521718108,
              -7.1016922831722695
            ],
            [
              106.83635376521414,
              -7.101662681987136
            ],
            [
              106.83635061848634,
              -7.101654546719885
            ],
            [
              106.8363505249568,
              -7.101654296708375
            ],
            [
              106.83635013375175,
              -7.101653034959554
            ],
            [
              106.83634258754046,
              -7.101623716161498
            ],
            [
              106.83634236630724,
              -7.10162269453167
            ],
            [
              106.83634218104686,
              -7.101621091040499
            ],
            [
              106.83634009192178,
              -7.101583482291801
            ],
            [
              106.83634007123737,
              -7.101582730458574
            ],
            [
              106.836340287974,
              -7.101580316678223
            ],
            [
              106.83634864537373,
              -7.1015353119050815
            ],
            [
              106.83634155601806,
              -7.1015367490217045
            ],
            [
              106.83631788496245,
              -7.101551053638161
            ],
            [
              106.83624548144388,
              -7.101634140203373
            ],
            [
              106.83621582360144,
              -7.10169345498889
            ],
            [
              106.8361849552715,
              -7.10177537423408
            ],
            [
              106.83618378525352,
              -7.101822180349302
            ],
            [
              106.83619446110555,
              -7.10188149063822
            ],
            [
              106.83621719236959,
              -7.101954470622275
            ],
            [
              106.83621729669096,
              -7.101954865424659
            ],
            [
              106.83623790735362,
              -7.102050817691008
            ],
            [
              106.83626752472657,
              -7.102186096411174
            ],
            [
              106.83626756159873,
              -7.102186286168148
            ],
            [
              106.83628458486578,
              -7.1022849247094655
            ],
            [
              106.83629821409136,
              -7.102363898674923
            ],
            [
              106.83633173632063,
              -7.102513548561376
            ],
            [
              106.83635295672366,
              -7.1025677794793864
            ],
            [
              106.83640643940572,
              -7.102631958697884
            ],
            [
              106.83649548577813,
              -7.102727188808672
            ],
            [
              106.83650193841379,
              -7.10273408930675
            ],
            [
              106.8365057821162,
              -7.102738200107808
            ],
            [
              106.83652139164894,
              -7.102754893323606
            ],
            [
              106.83652661850869,
              -7.102760482610165
            ],
            [
              106.83656947929808,
              -7.102802897335778
            ],
            [
              106.83658933902683,
              -7.102835278325415
            ],
            [
              106.83661996004321,
              -7.102850297902876
            ],
            [
              106.83664890202527,
              -7.102874509450999
            ],
            [
              106.83669817138355,
              -7.102916720929898
            ],
            [
              106.83672401969778,
              -7.102940541272915
            ],
            [
              106.8367273687731,
              -7.1029436277461855
            ],
            [
              106.83672768263648,
              -7.102943947005485
            ],
            [
              106.83679090947294,
              -7.103014977259363
            ],
            [
              106.83685878760303,
              -7.103089877295929
            ],
            [
              106.8368605008115,
              -7.10309176767089
            ],
            [
              106.836877567246,
              -7.103109634502005
            ],
            [
              106.83688666119053,
              -7.103119154725164
            ],
            [
              106.83691169292035,
              -7.103145359170924
            ],
            [
              106.83691190875766,
              -7.103145602887196
            ],
            [
              106.83695347452328,
              -7.103196759922469
            ],
            [
              106.83697016773908,
              -7.103214971193893
            ],
            [
              106.83699161656989,
              -7.10322162707638
            ],
            [
              106.83702053696828,
              -7.10322238880218
            ],
            [
              106.83704117820787,
              -7.103214743665433
            ],
            [
              106.83705864124335,
              -7.103206805349714
            ],
            [
              106.83705896769726,
              -7.103206672250053
            ],
            [
              106.83705928335928,
              -7.103206570626696
            ],
            [
              106.83708255151862,
              -7.103199990287294
            ],
            [
              106.83705776080706,
              -7.103149354858772
            ],
            [
              106.83705719963012,
              -7.1031480355533745
            ],
            [
              106.8370565871918,
              -7.103145751275349
            ],
            [
              106.83705645049486,
              -7.103144767417064
            ],
            [
              106.83705303846699,
              -7.103111216409445
            ],
            [
              106.83704677918558,
              -7.103053747032732
            ],
            [
              106.8370467144344,
              -7.103052914260559
            ],
            [
              106.83704333388283,
              -7.102980802122261
            ],
            [
              106.8370362463258,
              -7.102937457497603
            ],
            [
              106.83701848021877,
              -7.102886380502014
            ],
            [
              106.83701718069841,
              -7.102883001749092
            ],
            [
              106.83700624853958,
              -7.102854576877178
            ],
            [
              106.83700510460193,
              -7.1028516028191575
            ],
            [
              106.83698126087654,
              -7.10282246028828
            ],
            [
              106.8369618625,
              -7.102802830785947
            ],
            [
              106.83694625116863,
              -7.10278703419425
            ],
            [
              106.83689459141232,
              -7.1027432354119355
            ],
            [
              106.83688189928029,
              -7.102733586585714
            ],
            [
              106.83675877130031,
              -7.102636661252859
            ],
            [
              106.83672829057821,
              -7.102606862216874
            ],
            [
              106.83667616407376,
              -7.102531364131096
            ],
            [
              106.83667558221242,
              -7.102530445023945
            ],
            [
              106.83667504891446,
              -7.102529423394117
            ],
            [
              106.83662664290529,
              -7.102426348497147
            ],
            [
              106.83660052389513,
              -7.102315727388884
            ],
            [
              106.8365903624553,
              -7.102263418322025
            ],
            [
              106.83658638565322,
              -7.102200929828996
            ],
            [
              106.83658130538299,
              -7.102142222985151
            ],
            [
              106.83658014705622,
              -7.102134026564045
            ],
            [
              106.83657405235067,
              -7.1020908959779945
            ],
            [
              106.83656819146893,
              -7.102067447954312
            ],
            [
              106.83656216691054,
              -7.102043350620079
            ],
            [
              106.83655479246977,
              -7.102023620393709
            ],
            [
              106.83653761451933,
              -7.101975173015774
            ],
            [
              106.83653128329217,
              -7.10195384829143
            ],
            [
              106.83652936054159,
              -7.1019529525666485
            ],
            [
              106.83650897470949,
              -7.101925107757495
            ],
            [
              106.83649611980013,
              -7.101905982774838
            ],
            [
              106.83643948499429,
              -7.101823710995404
            ],
            [
              106.83643905961497,
              -7.101823052691657
            ],
            [
              106.83640152910732,
              -7.1017611604491435
            ],
            [
              106.8364013843165,
              -7.101760914934232
            ],
            [
              106.83640113430499,
              -7.101760463474591
            ],
            [
              106.83636587458551,
              -7.101693724785548
            ],
            [
              106.83636521718108,
              -7.1016922831722695
            ]
          ]
        ]
      }
    },
    {
      "type": "Feature",
      "properties": {
        "id": "EKSISTING_15",
        "nama": "Blok Eksisting 15",
        "kategori": "Eksisting",
        "warna": "#2563eb",
        "luas_ha": 0.461,
        "luas_m2": 4613.9
      },
      "geometry": {
        "type": "Polygon",
        "coordinates": [
          [
            [
              106.83817746351917,
              -7.101349443621871
            ],
            [
              106.83817765507479,
              -7.101348859062568
            ],
            [
              106.83817793116663,
              -7.101348185470329
            ],
            [
              106.83822274888081,
              -7.101250450747671
            ],
            [
              106.83823584480842,
              -7.101217502285863
            ],
            [
              106.83825397783886,
              -7.101171474084197
            ],
            [
              106.83826958107636,
              -7.101133947173878
            ],
            [
              106.83827861746431,
              -7.101105282182971
            ],
            [
              106.83828253311248,
              -7.101066910809266
            ],
            [
              106.83828288384808,
              -7.1010216272462685
            ],
            [
              106.83827729815886,
              -7.100976939034467
            ],
            [
              106.83827116568182,
              -7.100934787810161
            ],
            [
              106.83826296836133,
              -7.100880474154508
            ],
            [
              106.83825440681551,
              -7.100814954046825
            ],
            [
              106.8382543753392,
              -7.100814677954986
            ],
            [
              106.8382481052659,
              -7.10075166695583
            ],
            [
              106.83824739839878,
              -7.100743043356715
            ],
            [
              106.83824450797772,
              -7.100707758456224
            ],
            [
              106.83819571346146,
              -7.10068724402106
            ],
            [
              106.83817310090797,
              -7.100680226611132
            ],
            [
              106.83810706638809,
              -7.100672270308962
            ],
            [
              106.83810678939687,
              -7.100672228040821
            ],
            [
              106.83806936051263,
              -7.100665061343477
            ],
            [
              106.83803874129495,
              -7.100662398450879
            ],
            [
              106.83803827544614,
              -7.100664603588541
            ],
            [
              106.83803737882204,
              -7.100689744136332
            ],
            [
              106.83803731317153,
              -7.100690808933621
            ],
            [
              106.83803785096609,
              -7.100696383831007
            ],
            [
              106.8380395686712,
              -7.100711841378313
            ],
            [
              106.8380430427523,
              -7.100716836212996
            ],
            [
              106.8380474656181,
              -7.100723192621217
            ],
            [
              106.83805694447244,
              -7.100732816266429
            ],
            [
              106.83806640534038,
              -7.100739123211895
            ],
            [
              106.83807034706894,
              -7.1007417510309665
            ],
            [
              106.83807350099136,
              -7.100743853645895
            ],
            [
              106.83808452128369,
              -7.100749045432053
            ],
            [
              106.83809665673539,
              -7.100753712913502
            ],
            [
              106.83810934706878,
              -7.100760300447462
            ],
            [
              106.8381187845543,
              -7.100769737933035
            ],
            [
              106.83812327127202,
              -7.100774224650706
            ],
            [
              106.83814032241798,
              -7.100803704427392
            ],
            [
              106.83814812763404,
              -7.100836567453598
            ],
            [
              106.83815578626059,
              -7.100878475860952
            ],
            [
              106.83815987188063,
              -7.10091072914679
            ],
            [
              106.83816215885662,
              -7.10094331518178
            ],
            [
              106.83815454429686,
              -7.100990524193264
            ],
            [
              106.8381515684402,
              -7.101009042133569
            ],
            [
              106.83814619409162,
              -7.101053961471109
            ],
            [
              106.83814588202688,
              -7.10105829080743
            ],
            [
              106.83815215120086,
              -7.101085342414592
            ],
            [
              106.83815803996163,
              -7.1010985264757664
            ],
            [
              106.83816139803014,
              -7.101106551126406
            ],
            [
              106.83815493010599,
              -7.101127970279549
            ],
            [
              106.83813001618734,
              -7.1011424655523
            ],
            [
              106.83811895722414,
              -7.101146938780175
            ],
            [
              106.83810539814567,
              -7.1011571838569125
            ],
            [
              106.83809242452583,
              -7.101170637714688
            ],
            [
              106.83808539542474,
              -7.101195377164856
            ],
            [
              106.83808287912166,
              -7.101225977496824
            ],
            [
              106.83807885105819,
              -7.101253206270428
            ],
            [
              106.83807354685678,
              -7.101270634232321
            ],
            [
              106.83805588776909,
              -7.101296437580459
            ],
            [
              106.8380352852003,
              -7.1013203172787485
            ],
            [
              106.83800806901723,
              -7.101347775379509
            ],
            [
              106.83799816568285,
              -7.101354010379225
            ],
            [
              106.83798946744002,
              -7.101358980932162
            ],
            [
              106.83797817825041,
              -7.1013654317692385
            ],
            [
              106.8379513379839,
              -7.101366573908194
            ],
            [
              106.8379426271506,
              -7.101364219483116
            ],
            [
              106.83793901187596,
              -7.101363242819332
            ],
            [
              106.83793619250133,
              -7.101362480194268
            ],
            [
              106.83791665832717,
              -7.101348877048963
            ],
            [
              106.83791123181794,
              -7.101340740882449
            ],
            [
              106.83790793670198,
              -7.101335165085743
            ],
            [
              106.83789879959,
              -7.101324885834742
            ],
            [
              106.83789088825392,
              -7.101335357540677
            ],
            [
              106.8378854284698,
              -7.101342582693974
            ],
            [
              106.83787512943371,
              -7.1013562137182475
            ],
            [
              106.83786678552377,
              -7.101367257392951
            ],
            [
              106.83785813314637,
              -7.101379782251115
            ],
            [
              106.83785368509956,
              -7.101388274549208
            ],
            [
              106.83785482723857,
              -7.10140198021719
            ],
            [
              106.83785711061722,
              -7.101411117329178
            ],
            [
              106.83786580886004,
              -7.101420605176713
            ],
            [
              106.83787709894904,
              -7.10143053369211
            ],
            [
              106.83787871503074,
              -7.101442654754692
            ],
            [
              106.83787893086804,
              -7.1014524106002455
            ],
            [
              106.83787425978932,
              -7.101462591825111
            ],
            [
              106.83787000419738,
              -7.101465727761081
            ],
            [
              106.83786739076754,
              -7.1014676541088875
            ],
            [
              106.83784854547406,
              -7.101468225178394
            ],
            [
              106.83783520403148,
              -7.101465145899738
            ],
            [
              106.8378262737636,
              -7.101463084653574
            ],
            [
              106.8378221054059,
              -7.101461298599986
            ],
            [
              106.83781028381759,
              -7.101456231819611
            ],
            [
              106.83780288239717,
              -7.101454886433828
            ],
            [
              106.8377977193893,
              -7.101453947541586
            ],
            [
              106.83778408386843,
              -7.101457785848083
            ],
            [
              106.83778115117923,
              -7.101461576490522
            ],
            [
              106.83777404473642,
              -7.101470762165889
            ],
            [
              106.83776231308036,
              -7.101485927433544
            ],
            [
              106.8377297621189,
              -7.101503630588013
            ],
            [
              106.83771377217289,
              -7.101515052877346
            ],
            [
              106.83770634916874,
              -7.101532184962309
            ],
            [
              106.8377056863684,
              -7.101548738783208
            ],
            [
              106.83770501277615,
              -7.1015655740919215
            ],
            [
              106.8377037339402,
              -7.101585113661997
            ],
            [
              106.8376953918289,
              -7.10162007570591
            ],
            [
              106.83768429779218,
              -7.101642793480096
            ],
            [
              106.83767086911536,
              -7.101667923235993
            ],
            [
              106.83765837933078,
              -7.101689229074623
            ],
            [
              106.83764533826184,
              -7.101698417447949
            ],
            [
              106.83762107635164,
              -7.101718412075002
            ],
            [
              106.83761020894406,
              -7.101738000208513
            ],
            [
              106.83760709639046,
              -7.101763968132559
            ],
            [
              106.83760604418364,
              -7.101781995042984
            ],
            [
              106.83760461156362,
              -7.101806554628752
            ],
            [
              106.837607237584,
              -7.1018236354523765
            ],
            [
              106.83761576495567,
              -7.1018476842231735
            ],
            [
              106.83762905333822,
              -7.101885157174195
            ],
            [
              106.83763633335019,
              -7.101911742932543
            ],
            [
              106.8376458158018,
              -7.101954205322272
            ],
            [
              106.8376458158018,
              -7.101984472005711
            ],
            [
              106.83763544302133,
              -7.102013613637325
            ],
            [
              106.83761765533058,
              -7.102061754346437
            ],
            [
              106.83760524108908,
              -7.102097038347608
            ],
            [
              106.83760295051582,
              -7.102113928514939
            ],
            [
              106.83759650507471,
              -7.102133057094875
            ],
            [
              106.83759099223056,
              -7.102144372364819
            ],
            [
              106.83758813688308,
              -7.102169885231945
            ],
            [
              106.83758829426444,
              -7.102194908867887
            ],
            [
              106.83758944449733,
              -7.102217915324502
            ],
            [
              106.83759070354819,
              -7.102243093643835
            ],
            [
              106.83760944182234,
              -7.102242941658403
            ],
            [
              106.8376416870143,
              -7.102242813055341
            ],
            [
              106.83765312009547,
              -7.102242768089241
            ],
            [
              106.83767191592625,
              -7.102242693445476
            ],
            [
              106.83769279998279,
              -7.102243422795652
            ],
            [
              106.83771521828277,
              -7.1022454282838225
            ],
            [
              106.83772362874254,
              -7.102241030599032
            ],
            [
              106.83774665228623,
              -7.1022289949721085
            ],
            [
              106.83775750980129,
              -7.102223318451365
            ],
            [
              106.83777943167547,
              -7.102216782178687
            ],
            [
              106.83779146370517,
              -7.1022165024895685
            ],
            [
              106.83780324392461,
              -7.102216239887525
            ],
            [
              106.83784124207972,
              -7.102215827998009
            ],
            [
              106.83786478543158,
              -7.1022155734899
            ],
            [
              106.83791311499834,
              -7.102219948691641
            ],
            [
              106.83791263835764,
              -7.10213187718432
            ],
            [
              106.8379126815251,
              -7.102130971567021
            ],
            [
              106.8379307075362,
              -7.101947129456391
            ],
            [
              106.83794753205302,
              -7.101813718628193
            ],
            [
              106.83794759860285,
              -7.101813278859709
            ],
            [
              106.8379477308032,
              -7.101812658327447
            ],
            [
              106.83795161227715,
              -7.10179713243167
            ],
            [
              106.83797624470799,
              -7.101712463959018
            ],
            [
              106.83800432603886,
              -7.101658764540332
            ],
            [
              106.83800450950059,
              -7.101658429992483
            ],
            [
              106.83800518309278,
              -7.101657426349107
            ],
            [
              106.83804587741537,
              -7.101604762949421
            ],
            [
              106.83808442955285,
              -7.101549626414055
            ],
            [
              106.83811968837296,
              -7.101492439424476
            ],
            [
              106.83814937949035,
              -7.101438963936971
            ],
            [
              106.83815880168743,
              -7.101414021240032
            ],
            [
              106.83817746351917,
              -7.101349443621871
            ]
          ]
        ]
      }
    },
    {
      "type": "Feature",
      "properties": {
        "id": "EKSISTING_16",
        "nama": "Blok Eksisting 16",
        "kategori": "Eksisting",
        "warna": "#2563eb",
        "luas_ha": 0.452,
        "luas_m2": 4522.1
      },
      "geometry": {
        "type": "Polygon",
        "coordinates": [
          [
            [
              106.83446550817672,
              -7.10479487498344
            ],
            [
              106.8344374493289,
              -7.104824605670956
            ],
            [
              106.83443706531835,
              -7.104824968097773
            ],
            [
              106.83443674426042,
              -7.104825213612685
            ],
            [
              106.8344108410875,
              -7.104843254012906
            ],
            [
              106.83441051553291,
              -7.104843459957692
            ],
            [
              106.83441024034039,
              -7.104843606547149
            ],
            [
              106.83436158611835,
              -7.104867376528148
            ],
            [
              106.83436114545054,
              -7.104867563587163
            ],
            [
              106.8343603837248,
              -7.1048677677332535
            ],
            [
              106.83436000511023,
              -7.104867818095272
            ],
            [
              106.83431052351193,
              -7.1048722904238275
            ],
            [
              106.83431007654883,
              -7.104872308410279
            ],
            [
              106.83426049332718,
              -7.104871454054319
            ],
            [
              106.83421099554107,
              -7.104857747487017
            ],
            [
              106.8342108462536,
              -7.104857706118196
            ],
            [
              106.8341952834856,
              -7.104853348003587
            ],
            [
              106.83419495703168,
              -7.104853243682214
            ],
            [
              106.83419424207068,
              -7.104852910033742
            ],
            [
              106.83419359545815,
              -7.104852458574044
            ],
            [
              106.83419273660559,
              -7.104859652251093
            ],
            [
              106.8341951081178,
              -7.1048654654688335
            ],
            [
              106.8341960793856,
              -7.104870284935657
            ],
            [
              106.83419729257105,
              -7.1048736753797925
            ],
            [
              106.83419838974396,
              -7.104876741168596
            ],
            [
              106.83419814692701,
              -7.104883298125685
            ],
            [
              106.83419698410358,
              -7.104887104056559
            ],
            [
              106.83419609197614,
              -7.104890025953864
            ],
            [
              106.83419515038594,
              -7.104893107930536
            ],
            [
              106.83419469173168,
              -7.104894669153623
            ],
            [
              106.83419366110866,
              -7.104899699961152
            ],
            [
              106.83419254055337,
              -7.10490516514119
            ],
            [
              106.83419153241334,
              -7.104910084432788
            ],
            [
              106.83419088310285,
              -7.104913251845062
            ],
            [
              106.83418987496282,
              -7.10491817113666
            ],
            [
              106.8341889144869,
              -7.104922854805864
            ],
            [
              106.83418656995428,
              -7.104926488966271
            ],
            [
              106.83417970812707,
              -7.104937127046753
            ],
            [
              106.83417493992158,
              -7.104944518574598
            ],
            [
              106.83417034978186,
              -7.10495163490998
            ],
            [
              106.83416901338933,
              -7.104959492286696
            ],
            [
              106.83416754119912,
              -7.104968151858657
            ],
            [
              106.83417549480328,
              -7.104981039143581
            ],
            [
              106.83418498984548,
              -7.1049958132061874
            ],
            [
              106.83419067625874,
              -7.105004660736483
            ],
            [
              106.83419076709026,
              -7.105027625824221
            ],
            [
              106.83418697195128,
              -7.1050400472603314
            ],
            [
              106.83418154724069,
              -7.105057804374098
            ],
            [
              106.8341752618789,
              -7.1050757233658715
            ],
            [
              106.83417066724257,
              -7.105087399263994
            ],
            [
              106.83416590353369,
              -7.1050987729899475
            ],
            [
              106.83416595119775,
              -7.105110792429059
            ],
            [
              106.83416597727808,
              -7.105117432123734
            ],
            [
              106.83417230221005,
              -7.105120937681079
            ],
            [
              106.83417593097448,
              -7.1051229485651675
            ],
            [
              106.83418086555457,
              -7.105125683403514
            ],
            [
              106.83418474433057,
              -7.105127582771672
            ],
            [
              106.83418878138718,
              -7.105128500979504
            ],
            [
              106.83420593505593,
              -7.105132402238553
            ],
            [
              106.83420847024479,
              -7.105132979603297
            ],
            [
              106.83422491165044,
              -7.10513671898434
            ],
            [
              106.83424578491508,
              -7.105141180521002
            ],
            [
              106.83426142772277,
              -7.105144371315646
            ],
            [
              106.83426810968558,
              -7.105145733788561
            ],
            [
              106.83427548142839,
              -7.105144855150911
            ],
            [
              106.83427604260532,
              -7.105144787701761
            ],
            [
              106.8342788502888,
              -7.105144453153969
            ],
            [
              106.8342822865983,
              -7.105144043063092
            ],
            [
              106.8342954041097,
              -7.105140336057616
            ],
            [
              106.83430256271316,
              -7.1051377037420025
            ],
            [
              106.83430289995891,
              -7.105138038289795
            ],
            [
              106.83430576070236,
              -7.105140872053539
            ],
            [
              106.83431205505735,
              -7.1051471106505915
            ],
            [
              106.83431548327297,
              -7.1051505082892845
            ],
            [
              106.8343246941294,
              -7.105161088813134
            ],
            [
              106.83433304343527,
              -7.105171878879048
            ],
            [
              106.8343379285526,
              -7.105183400093779
            ],
            [
              106.83433941333334,
              -7.105190664817258
            ],
            [
              106.83434726441476,
              -7.105201035799098
            ],
            [
              106.83435159195244,
              -7.105206751890023
            ],
            [
              106.83435766327563,
              -7.105216537413241
            ],
            [
              106.8343646564038,
              -7.105233313366682
            ],
            [
              106.8343713734402,
              -7.105249113555715
            ],
            [
              106.8343957792419,
              -7.105251619066905
            ],
            [
              106.83441037254073,
              -7.1052531173374405
            ],
            [
              106.83441561828624,
              -7.10525365513206
            ],
            [
              106.83443658508043,
              -7.105255808109007
            ],
            [
              106.83445739359388,
              -7.105257943998879
            ],
            [
              106.83450960193665,
              -7.105262575507425
            ],
            [
              106.83452099185035,
              -7.10526259079586
            ],
            [
              106.83455288540739,
              -7.105262632164681
            ],
            [
              106.83455972025496,
              -7.105262641157935
            ],
            [
              106.83456541566147,
              -7.105262648352493
            ],
            [
              106.83459343044251,
              -7.105262684325396
            ],
            [
              106.83459881108632,
              -7.105261295772152
            ],
            [
              106.83462166106085,
              -7.10525539711881
            ],
            [
              106.83462954541727,
              -7.105248383306218
            ],
            [
              106.83463377223086,
              -7.1052446241400276
            ],
            [
              106.83463257972983,
              -7.105238283919618
            ],
            [
              106.83463055085929,
              -7.105227489357105
            ],
            [
              106.83462819463551,
              -7.1052149573043835
            ],
            [
              106.8346270794762,
              -7.105209027174794
            ],
            [
              106.83462559649416,
              -7.105201136523192
            ],
            [
              106.8346242924772,
              -7.105194201850907
            ],
            [
              106.83461639463098,
              -7.10518269952189
            ],
            [
              106.83460795449355,
              -7.105172412177012
            ],
            [
              106.83459915462737,
              -7.105162489057591
            ],
            [
              106.83459702863001,
              -7.10515861567751
            ],
            [
              106.83460598048168,
              -7.10511385551996
            ],
            [
              106.83463822927092,
              -7.105029379502241
            ],
            [
              106.83464531682796,
              -7.105020201920752
            ],
            [
              106.8346496875331,
              -7.105014541587764
            ],
            [
              106.834651979905,
              -7.105011574724358
            ],
            [
              106.83466242193327,
              -7.1049968375339745
            ],
            [
              106.83466796805237,
              -7.104988593448809
            ],
            [
              106.8346809344776,
              -7.10498000672186
            ],
            [
              106.83468374395966,
              -7.104979683865281
            ],
            [
              106.83468599226478,
              -7.104979424860517
            ],
            [
              106.83470648781423,
              -7.104977446351995
            ],
            [
              106.834711524917,
              -7.104977006583567
            ],
            [
              106.83472161531034,
              -7.104976126147278
            ],
            [
              106.8347352499319,
              -7.10498051933547
            ],
            [
              106.83474416850862,
              -7.104983393568716
            ],
            [
              106.83475278761114,
              -7.104986169775884
            ],
            [
              106.83475744879729,
              -7.104990078229491
            ],
            [
              106.8347628087567,
              -7.10499457214172
            ],
            [
              106.8347743740382,
              -7.105004269531378
            ],
            [
              106.83477481560533,
              -7.105004639152753
            ],
            [
              106.83478910223533,
              -7.105016879825087
            ],
            [
              106.83479423826356,
              -7.10502129099973
            ],
            [
              106.83480300845213,
              -7.105024172427591
            ],
            [
              106.83481932215403,
              -7.105030906551065
            ],
            [
              106.83482068013035,
              -7.105031704249711
            ],
            [
              106.8348344091807,
              -7.105055479626628
            ],
            [
              106.83487065635575,
              -7.105080784750385
            ],
            [
              106.83487315557176,
              -7.105090256410165
            ],
            [
              106.83487507832228,
              -7.105105106015799
            ],
            [
              106.83487399463922,
              -7.105119501463776
            ],
            [
              106.83487071571102,
              -7.105132824020586
            ],
            [
              106.8348665257696,
              -7.105144936089857
            ],
            [
              106.83486242036446,
              -7.105156802644274
            ],
            [
              106.8348701284537,
              -7.10515723881548
            ],
            [
              106.83487638323857,
              -7.105157416881241
            ],
            [
              106.83488673083804,
              -7.10515534484324
            ],
            [
              106.83489045493059,
              -7.105154598405932
            ],
            [
              106.83489100261772,
              -7.10515448868864
            ],
            [
              106.83490264883824,
              -7.105153897834043
            ],
            [
              106.83490446456943,
              -7.105154108275428
            ],
            [
              106.83491371679463,
              -7.105155180267332
            ],
            [
              106.83492866712436,
              -7.105160420616869
            ],
            [
              106.83493242539117,
              -7.105161922484683
            ],
            [
              106.83493423122985,
              -7.105161825357925
            ],
            [
              106.83494104539301,
              -7.105161458434509
            ],
            [
              106.83494558786867,
              -7.105161213818917
            ],
            [
              106.83495042891923,
              -7.1051610240619425
            ],
            [
              106.83496413278857,
              -7.105160651742665
            ],
            [
              106.83498160121997,
              -7.10516030370502
            ],
            [
              106.83499159358723,
              -7.105161437750098
            ],
            [
              106.83499334366792,
              -7.10516163650027
            ],
            [
              106.83500419938434,
              -7.105164230145078
            ],
            [
              106.83501367104412,
              -7.105168571172555
            ],
            [
              106.83503196595251,
              -7.105176957350636
            ],
            [
              106.83503887004787,
              -7.105180121165631
            ],
            [
              106.83504208602352,
              -7.10518159515442
            ],
            [
              106.83507364593208,
              -7.10518932482745
            ],
            [
              106.83508327227526,
              -7.1051885999738715
            ],
            [
              106.83509577285167,
              -7.10518765838367
            ],
            [
              106.83510073890801,
              -7.105187284265696
            ],
            [
              106.83511463433297,
              -7.105179500633426
            ],
            [
              106.83511461634652,
              -7.105174886211955
            ],
            [
              106.83511460465536,
              -7.105172038958358
            ],
            [
              106.8351145956621,
              -7.105169765472226
            ],
            [
              106.83511458217231,
              -7.105166350746458
            ],
            [
              106.83511456058858,
              -7.10516080372804
            ],
            [
              106.83511686555096,
              -7.105157367418542
            ],
            [
              106.83511871095982,
              -7.105154616392383
            ],
            [
              106.83512055816726,
              -7.105151861768945
            ],
            [
              106.8351246905521,
              -7.105145699614297
            ],
            [
              106.83512680126091,
              -7.1051425519871145
            ],
            [
              106.8351289128691,
              -7.1051394043599885
            ],
            [
              106.83513181588069,
              -7.105135075023668
            ],
            [
              106.83513591499053,
              -7.105130886880886
            ],
            [
              106.83513795825024,
              -7.105128964130358
            ],
            [
              106.83514266530182,
              -7.105124534069944
            ],
            [
              106.83514678599545,
              -7.105120655293945
            ],
            [
              106.83515534574269,
              -7.105112599167057
            ],
            [
              106.83516087207664,
              -7.105107397488382
            ],
            [
              106.83517586737241,
              -7.105091002847473
            ],
            [
              106.8351782487772,
              -7.1050882446267565
            ],
            [
              106.83518178491153,
              -7.105078206394069
            ],
            [
              106.83518403141795,
              -7.10506936785697
            ],
            [
              106.83518530485799,
              -7.105064357733852
            ],
            [
              106.8351836986688,
              -7.1050609385114285
            ],
            [
              106.83518108164168,
              -7.105055366312058
            ],
            [
              106.83517935584268,
              -7.10505169078283
            ],
            [
              106.83517752662164,
              -7.105047796718395
            ],
            [
              106.83517588535886,
              -7.105044301053624
            ],
            [
              106.83517409750664,
              -7.105034451678534
            ],
            [
              106.83517324225141,
              -7.105029741029682
            ],
            [
              106.83517031226017,
              -7.105021567091626
            ],
            [
              106.83516678601842,
              -7.105014159375912
            ],
            [
              106.83516418877633,
              -7.105008703189071
            ],
            [
              106.83515760933625,
              -7.105004600481891
            ],
            [
              106.8351479838924,
              -7.104998600205192
            ],
            [
              106.83513874155972,
              -7.10499459462477
            ],
            [
              106.83511987917916,
              -7.104988875835886
            ],
            [
              106.83510561413283,
              -7.104987012440631
            ],
            [
              106.83509913721548,
              -7.104985337003654
            ],
            [
              106.83509044886517,
              -7.1049827712378715
            ],
            [
              106.83508258519322,
              -7.104977411278469
            ],
            [
              106.83507723152906,
              -7.10497226715637
            ],
            [
              106.83507631062332,
              -7.104965686816968
            ],
            [
              106.83507518467212,
              -7.1049576468778355
            ],
            [
              106.83507263149681,
              -7.104951483823868
            ],
            [
              106.83507084634255,
              -7.104947174272638
            ],
            [
              106.83506696306995,
              -7.10494451138004
            ],
            [
              106.83506304112649,
              -7.1049418215077935
            ],
            [
              106.83505226005383,
              -7.104934534301265
            ],
            [
              106.83504659612356,
              -7.1049325548934235
            ],
            [
              106.83503714694683,
              -7.1049301321198755
            ],
            [
              106.83502925809387,
              -7.104928310992705
            ],
            [
              106.83502170378864,
              -7.104926775850004
            ],
            [
              106.83501717660147,
              -7.104925856742852
            ],
            [
              106.83501201269428,
              -7.104926392738776
            ],
            [
              106.8350075052922,
              -7.1049268612855485
            ],
            [
              106.8350022154799,
              -7.1049274107713245
            ],
            [
              106.83499594810456,
              -7.104927337926256
            ],
            [
              106.83498910246516,
              -7.1049272578865725
            ],
            [
              106.83498305632304,
              -7.104927187739463
            ],
            [
              106.83498176219865,
              -7.104922415936699
            ],
            [
              106.83498062545556,
              -7.104918225995277
            ],
            [
              106.8349839448532,
              -7.104912089920958
            ],
            [
              106.83498631186887,
              -7.104907713819898
            ],
            [
              106.83498778855568,
              -7.104904950203263
            ],
            [
              106.83498997121029,
              -7.104898550627581
            ],
            [
              106.83499199918145,
              -7.104878132419856
            ],
            [
              106.83499228066927,
              -7.104862719838593
            ],
            [
              106.83499244434591,
              -7.104853789570711
            ],
            [
              106.83499241826553,
              -7.1048472829756975
            ],
            [
              106.83499239578248,
              -7.104841582173208
            ],
            [
              106.83498929761805,
              -7.104828364837147
            ],
            [
              106.83498659335663,
              -7.104820744881408
            ],
            [
              106.83498521019936,
              -7.104816845421055
            ],
            [
              106.83498390078643,
              -7.104813156401974
            ],
            [
              106.8349820140088,
              -7.104809988090437
            ],
            [
              106.83497631230705,
              -7.104800418404523
            ],
            [
              106.83497191192424,
              -7.104793030473957
            ],
            [
              106.83496363726209,
              -7.10478316940771
            ],
            [
              106.83494959704632,
              -7.104768437613245
            ],
            [
              106.83494733615072,
              -7.104761529920609
            ],
            [
              106.83494520565677,
              -7.104755019728316
            ],
            [
              106.83494284943299,
              -7.104745114595289
            ],
            [
              106.83494192492998,
              -7.104738656563711
            ],
            [
              106.83494128641132,
              -7.10473419232909
            ],
            [
              106.83494348705233,
              -7.104713374822325
            ],
            [
              106.83494518137508,
              -7.104703047907265
            ],
            [
              106.83494576053846,
              -7.104698566585512
            ],
            [
              106.83494688289238,
              -7.104689875537304
            ],
            [
              106.83494747194834,
              -7.104685316873827
            ],
            [
              106.83495139748908,
              -7.104676306566262
            ],
            [
              106.83495399832844,
              -7.10467033956445
            ],
            [
              106.83496140514478,
              -7.1046626152873955
            ],
            [
              106.83497250367816,
              -7.104651006838424
            ],
            [
              106.83498334950201,
              -7.104639491019668
            ],
            [
              106.83498484417527,
              -7.104637903716252
            ],
            [
              106.83499784567408,
              -7.104628842147292
            ],
            [
              106.8350055141932,
              -7.104620736557706
            ],
            [
              106.83499225998486,
              -7.104622873346898
            ],
            [
              106.83499153872862,
              -7.104622931802794
            ],
            [
              106.83499109985945,
              -7.104622910219064
            ],
            [
              106.83496870584116,
              -7.104620729363148
            ],
            [
              106.83495549659892,
              -7.104619443332581
            ],
            [
              106.83487357555515,
              -7.104612696618631
            ],
            [
              106.83483636610549,
              -7.104612148931494
            ],
            [
              106.83480123858635,
              -7.104617458528821
            ],
            [
              106.83478427377526,
              -7.104620023395341
            ],
            [
              106.83474901945175,
              -7.104624938190284
            ],
            [
              106.8347030730884,
              -7.104631138116474
            ],
            [
              106.8346893413401,
              -7.104632990719892
            ],
            [
              106.83468188236304,
              -7.104634765981643
            ],
            [
              106.83466363511872,
              -7.10463910790844
            ],
            [
              106.83462523586599,
              -7.104648245020428
            ],
            [
              106.83457950983654,
              -7.104672792915039
            ],
            [
              106.83455163085313,
              -7.104697466714697
            ],
            [
              106.83451294381734,
              -7.10473679136976
            ],
            [
              106.83448107184404,
              -7.104778359833404
            ],
            [
              106.83448083532232,
              -7.104778634126603
            ],
            [
              106.83446550817672,
              -7.10479487498344
            ]
          ]
        ]
      }
    },
    {
      "type": "Feature",
      "properties": {
        "id": "EKSISTING_17",
        "nama": "Blok Eksisting 17",
        "kategori": "Eksisting",
        "warna": "#2563eb",
        "luas_ha": 0.431,
        "luas_m2": 4312.7
      },
      "geometry": {
        "type": "Polygon",
        "coordinates": [
          [
            [
              106.8366092491176,
              -7.102001206590387
            ],
            [
              106.8366083479969,
              -7.102000780311698
            ],
            [
              106.83660359507991,
              -7.101998502328968
            ],
            [
              106.83660122176906,
              -7.101996129018119
            ],
            [
              106.83659805795406,
              -7.101992965203124
            ],
            [
              106.83659660554895,
              -7.101991512798008
            ],
            [
              106.83659117544244,
              -7.101989423672933
            ],
            [
              106.83658624356036,
              -7.101987527002734
            ],
            [
              106.83658340170268,
              -7.101986607895583
            ],
            [
              106.8365773168897,
              -7.101985540400335
            ],
            [
              106.83657614867036,
              -7.101985335354868
            ],
            [
              106.83657602096667,
              -7.101985312871818
            ],
            [
              106.83657130132457,
              -7.101984129364041
            ],
            [
              106.83656949908317,
              -7.101985410897953
            ],
            [
              106.83657897613892,
              -7.102010769081687
            ],
            [
              106.83659732500661,
              -7.102072022805544
            ],
            [
              106.83661000814544,
              -7.102158928791482
            ],
            [
              106.83661001264204,
              -7.102158972858263
            ],
            [
              106.836615726035,
              -7.102234377414561
            ],
            [
              106.83661740776722,
              -7.10226081388538
            ],
            [
              106.83662298536257,
              -7.102289193791194
            ],
            [
              106.83662999737652,
              -7.102324878889988
            ],
            [
              106.83663423767996,
              -7.102342600030909
            ],
            [
              106.83664792985815,
              -7.1023998274899895
            ],
            [
              106.83665181942598,
              -7.102416084534639
            ],
            [
              106.83666443871294,
              -7.102442955378024
            ],
            [
              106.83668686150952,
              -7.102490703982767
            ],
            [
              106.83669915704053,
              -7.102516886844796
            ],
            [
              106.83671506065161,
              -7.10253992028106
            ],
            [
              106.83673585567527,
              -7.102570038576346
            ],
            [
              106.83675602656945,
              -7.102599253053029
            ],
            [
              106.83680042430018,
              -7.102635796105062
            ],
            [
              106.8368283905179,
              -7.102658815152154
            ],
            [
              106.83684217442686,
              -7.102669294052646
            ],
            [
              106.83688740852716,
              -7.102703684127675
            ],
            [
              106.83691132599694,
              -7.102721868419451
            ],
            [
              106.83691185929496,
              -7.1027222955974025
            ],
            [
              106.83696428077701,
              -7.102766739193612
            ],
            [
              106.83696515671664,
              -7.102767551281431
            ],
            [
              106.83700103427037,
              -7.102803856013111
            ],
            [
              106.83700182837174,
              -7.102804733751441
            ],
            [
              106.83702751121075,
              -7.102836122788801
            ],
            [
              106.83702875677176,
              -7.102837924130824
            ],
            [
              106.83702967228163,
              -7.102839841485434
            ],
            [
              106.83704390944894,
              -7.1028768575808385
            ],
            [
              106.8370440272601,
              -7.1028771759408755
            ],
            [
              106.83706228349763,
              -7.10292966217412
            ],
            [
              106.8370628437753,
              -7.102931843030092
            ],
            [
              106.83707026138353,
              -7.102977200337477
            ],
            [
              106.8370704241608,
              -7.10297875256731
            ],
            [
              106.83707382179949,
              -7.103051228031688
            ],
            [
              106.83708004600737,
              -7.103108378149102
            ],
            [
              106.83708322241284,
              -7.1031396143017105
            ],
            [
              106.83709415726958,
              -7.1031619489647255
            ],
            [
              106.83709512943676,
              -7.103161294258257
            ],
            [
              106.83710074390427,
              -7.10316647075598
            ],
            [
              106.83710530346707,
              -7.103168283789216
            ],
            [
              106.83710769296573,
              -7.103169043716321
            ],
            [
              106.83711082800238,
              -7.103169661550567
            ],
            [
              106.83711587769568,
              -7.1031689043214215
            ],
            [
              106.83711901183301,
              -7.103167536452588
            ],
            [
              106.8371222835666,
              -7.103164919425467
            ],
            [
              106.83712506337105,
              -7.10316149031047
            ],
            [
              106.8371269330616,
              -7.103158685325013
            ],
            [
              106.83712973714773,
              -7.103152598713393
            ],
            [
              106.83713390460605,
              -7.103141400355298
            ],
            [
              106.8371367563563,
              -7.103133738131476
            ],
            [
              106.83713844438375,
              -7.103129201951049
            ],
            [
              106.83713867820751,
              -7.10312205234078
            ],
            [
              106.83713869439526,
              -7.103119349878057
            ],
            [
              106.83713874116006,
              -7.103111134571179
            ],
            [
              106.83714279350517,
              -7.103100280653393
            ],
            [
              106.8371473188937,
              -7.103088160490188
            ],
            [
              106.83715133436664,
              -7.1030785143619255
            ],
            [
              106.8371579893498,
              -7.103064511018317
            ],
            [
              106.83716330164509,
              -7.103053334243953
            ],
            [
              106.83716631887057,
              -7.103046985030289
            ],
            [
              106.83716838461334,
              -7.103040365120705
            ],
            [
              106.83716940174656,
              -7.103034956597924
            ],
            [
              106.83717229306694,
              -7.103019584486162
            ],
            [
              106.83717354132591,
              -7.103012952885422
            ],
            [
              106.8371741429724,
              -7.102991424014988
            ],
            [
              106.83717276970759,
              -7.102965870678361
            ],
            [
              106.83717047553705,
              -7.102931149652761
            ],
            [
              106.83716921288891,
              -7.102923671789995
            ],
            [
              106.83716710937466,
              -7.1029112098843825
            ],
            [
              106.83716647715124,
              -7.102901233704927
            ],
            [
              106.83716784861736,
              -7.102882943293139
            ],
            [
              106.837168358533,
              -7.102876147116433
            ],
            [
              106.83717057626114,
              -7.102843517014662
            ],
            [
              106.83717081368218,
              -7.102821557368941
            ],
            [
              106.83716979564963,
              -7.102810778994183
            ],
            [
              106.83716786030857,
              -7.102790299632602
            ],
            [
              106.83716780634927,
              -7.102770932732312
            ],
            [
              106.83716897546793,
              -7.102753136048364
            ],
            [
              106.83716757252552,
              -7.102733262829759
            ],
            [
              106.83716650862755,
              -7.102722782130627
            ],
            [
              106.83716142296134,
              -7.10270815915419
            ],
            [
              106.83715154570734,
              -7.102679793637492
            ],
            [
              106.83714592494454,
              -7.1026648918712
            ],
            [
              106.83713924388104,
              -7.102647180622853
            ],
            [
              106.83713492173933,
              -7.102633139507759
            ],
            [
              106.83713354937385,
              -7.102620512126862
            ],
            [
              106.83713210865994,
              -7.102607261515857
            ],
            [
              106.83713165540166,
              -7.1025976738435475
            ],
            [
              106.83713233798704,
              -7.102578824053467
            ],
            [
              106.83713308082707,
              -7.1025582880345155
            ],
            [
              106.83713380388201,
              -7.1025383203871115
            ],
            [
              106.83713441182368,
              -7.1025046569643
            ],
            [
              106.83713427422742,
              -7.102492111421782
            ],
            [
              106.83713422656336,
              -7.102487824353545
            ],
            [
              106.83713394597487,
              -7.102462228748834
            ],
            [
              106.83713403680639,
              -7.102457422771806
            ],
            [
              106.83713430660305,
              -7.102443113658694
            ],
            [
              106.83713721860784,
              -7.1024136662576325
            ],
            [
              106.83713344415321,
              -7.10238857517254
            ],
            [
              106.83712961394059,
              -7.102353484525622
            ],
            [
              106.83712932525822,
              -7.102349120115775
            ],
            [
              106.83712870022941,
              -7.102339652053274
            ],
            [
              106.8371297695233,
              -7.102313694021689
            ],
            [
              106.83713105915115,
              -7.102301010882911
            ],
            [
              106.8371333722074,
              -7.102277154566991
            ],
            [
              106.83713501257085,
              -7.102258506225041
            ],
            [
              106.83713493792709,
              -7.102243048677735
            ],
            [
              106.83713301337792,
              -7.102223591845245
            ],
            [
              106.83713164011317,
              -7.102205539753811
            ],
            [
              106.83713172464945,
              -7.102186301456584
            ],
            [
              106.83713476795526,
              -7.102173020268651
            ],
            [
              106.83714530890893,
              -7.102145693468913
            ],
            [
              106.8371488450432,
              -7.102136627403411
            ],
            [
              106.83714978303612,
              -7.102134222616257
            ],
            [
              106.83715375444228,
              -7.102116436724145
            ],
            [
              106.8371386467312,
              -7.102114767582407
            ],
            [
              106.8370826045786,
              -7.102115195659678
            ],
            [
              106.83707487310699,
              -7.102110364501698
            ],
            [
              106.83706327365121,
              -7.102104202346993
            ],
            [
              106.83704822709404,
              -7.102098112138094
            ],
            [
              106.83703443149386,
              -7.102095812571633
            ],
            [
              106.83702643921885,
              -7.102093360120421
            ],
            [
              106.83702124743269,
              -7.102091244914959
            ],
            [
              106.83701361398715,
              -7.1020864704142355
            ],
            [
              106.83701016958372,
              -7.102083830004688
            ],
            [
              106.83700474127585,
              -7.1020796679422915
            ],
            [
              106.83700266204329,
              -7.102078553682247
            ],
            [
              106.83699657633099,
              -7.102076119217486
            ],
            [
              106.83699445123301,
              -7.102075269358124
            ],
            [
              106.8369868483644,
              -7.102074977078473
            ],
            [
              106.83696627457397,
              -7.102078411589389
            ],
            [
              106.8369525203426,
              -7.102083565604005
            ],
            [
              106.83690619176741,
              -7.1020888635101755
            ],
            [
              106.83686606401773,
              -7.102080026771773
            ],
            [
              106.83685888832707,
              -7.102077317114436
            ],
            [
              106.83684735452186,
              -7.102074785522859
            ],
            [
              106.83683335837287,
              -7.1020726739147335
            ],
            [
              106.83682410614762,
              -7.102071597426232
            ],
            [
              106.83680040991106,
              -7.102066654752264
            ],
            [
              106.83677619746362,
              -7.10205689980603
            ],
            [
              106.8367603909793,
              -7.102049210602559
            ],
            [
              106.83674841470764,
              -7.102043384794342
            ],
            [
              106.83673759586344,
              -7.1020390563573415
            ],
            [
              106.83672905859925,
              -7.102033878960299
            ],
            [
              106.83672346571541,
              -7.102030331134813
            ],
            [
              106.83671836655941,
              -7.102027111561881
            ],
            [
              106.83671360285058,
              -7.102024240925914
            ],
            [
              106.83671032212374,
              -7.102022302886894
            ],
            [
              106.83670391895078,
              -7.102018998777737
            ],
            [
              106.83669657418761,
              -7.102016006733265
            ],
            [
              106.83668644422409,
              -7.102014124452239
            ],
            [
              106.83668182080942,
              -7.102013672992541
            ],
            [
              106.83667417657205,
              -7.102012927454609
            ],
            [
              106.8366522852748,
              -7.102011975072571
            ],
            [
              106.83664943892052,
              -7.102010803255894
            ],
            [
              106.83663360365796,
              -7.102007216759603
            ],
            [
              106.83663326911017,
              -7.102007216759603
            ],
            [
              106.8366092491176,
              -7.102001206590387
            ]
          ]
        ]
      }
    },
    {
      "type": "Feature",
      "properties": {
        "id": "EKSISTING_18",
        "nama": "Blok Eksisting 18",
        "kategori": "Eksisting",
        "warna": "#2563eb",
        "luas_ha": 0.127,
        "luas_m2": 1272.3
      },
      "geometry": {
        "type": "Polygon",
        "coordinates": [
          [
            [
              106.84127647602861,
              -7.094442445262587
            ],
            [
              106.84123867662368,
              -7.094417484579196
            ],
            [
              106.84121207647621,
              -7.094400014349162
            ],
            [
              106.84117022202821,
              -7.094374389066729
            ],
            [
              106.84114750695193,
              -7.094361339903855
            ],
            [
              106.8411175757156,
              -7.09434414576566
            ],
            [
              106.84108918052135,
              -7.09433458417368
            ],
            [
              106.84104113334172,
              -7.0943213488511105
            ],
            [
              106.84098778375926,
              -7.094315639055424
            ],
            [
              106.84095320842391,
              -7.094330837598022
            ],
            [
              106.84093471836263,
              -7.094338964771339
            ],
            [
              106.8409317236202,
              -7.094378380257979
            ],
            [
              106.84092517655569,
              -7.0944645595916995
            ],
            [
              106.8409259634625,
              -7.0945668529778345
            ],
            [
              106.84093087106294,
              -7.094561490320473
            ],
            [
              106.84093150238698,
              -7.0945600217275455
            ],
            [
              106.84093488293854,
              -7.0945549522492115
            ],
            [
              106.84093613659348,
              -7.094553071766825
            ],
            [
              106.84093959088949,
              -7.094547888973864
            ],
            [
              106.84094281046237,
              -7.094543059614466
            ],
            [
              106.84094504887497,
              -7.09454063953882
            ],
            [
              106.84095055992049,
              -7.0945361618143465
            ],
            [
              106.84096211081282,
              -7.094526777388808
            ],
            [
              106.84096973976176,
              -7.094520578361937
            ],
            [
              106.840986956383,
              -7.0945065894075015
            ],
            [
              106.8410066812134,
              -7.094493832524279
            ],
            [
              106.8410197132892,
              -7.094486230555049
            ],
            [
              106.84103114637037,
              -7.094480488383795
            ],
            [
              106.84104241577495,
              -7.094478709524765
            ],
            [
              106.84105424995374,
              -7.094476840733591
            ],
            [
              106.84107236769569,
              -7.094473979990141
            ],
            [
              106.8410777528361,
              -7.094475057377963
            ],
            [
              106.84108191399918,
              -7.094475890150136
            ],
            [
              106.84108965356472,
              -7.094477437883427
            ],
            [
              106.84110097063336,
              -7.094479701476985
            ],
            [
              106.84111418617084,
              -7.094482343685172
            ],
            [
              106.84112170630175,
              -7.094483848250945
            ],
            [
              106.8411275339086,
              -7.094486212568597
            ],
            [
              106.84113179939311,
              -7.0944898044608635
            ],
            [
              106.84114138526678,
              -7.094497876775563
            ],
            [
              106.84115718545581,
              -7.094511182245242
            ],
            [
              106.84120796837311,
              -7.094554877605447
            ],
            [
              106.84122807811337,
              -7.094573689624042
            ],
            [
              106.84128296373785,
              -7.094625034617593
            ],
            [
              106.84129451193223,
              -7.094635837274041
            ],
            [
              106.8413033675564,
              -7.094644121828708
            ],
            [
              106.84132183423532,
              -7.094660582120127
            ],
            [
              106.84132893708085,
              -7.094666229862582
            ],
            [
              106.84133881703286,
              -7.094674086339978
            ],
            [
              106.84134785881668,
              -7.094681276419749
            ],
            [
              106.84135509745983,
              -7.094687032080799
            ],
            [
              106.84136289188399,
              -7.09469322930903
            ],
            [
              106.84137346970994,
              -7.09470164066812
            ],
            [
              106.8413832507365,
              -7.094713226634042
            ],
            [
              106.84138912690673,
              -7.094723456422344
            ],
            [
              106.84139268102746,
              -7.094729641959361
            ],
            [
              106.84141805449968,
              -7.094783120144825
            ],
            [
              106.84142280471872,
              -7.0947963662592315
            ],
            [
              106.84142662054217,
              -7.094807008836369
            ],
            [
              106.84143233123717,
              -7.094814148554065
            ],
            [
              106.84143680266635,
              -7.094815265512068
            ],
            [
              106.84144184966169,
              -7.094816527260889
            ],
            [
              106.84144869620042,
              -7.094823081519962
            ],
            [
              106.84145206685946,
              -7.094830924507505
            ],
            [
              106.8414545498876,
              -7.094841132712077
            ],
            [
              106.8414561165066,
              -7.094849700553198
            ],
            [
              106.84145697535916,
              -7.094854398611574
            ],
            [
              106.84148823399488,
              -7.0948336224736295
            ],
            [
              106.84151572537047,
              -7.09481535094767
            ],
            [
              106.84153613638364,
              -7.094801784674587
            ],
            [
              106.84156002687382,
              -7.094785968297742
            ],
            [
              106.8415639272335,
              -7.094783671429241
            ],
            [
              106.84154925209634,
              -7.094760333122849
            ],
            [
              106.84152010866615,
              -7.094713982963924
            ],
            [
              106.84149513359358,
              -7.094682966245841
            ],
            [
              106.84148418344836,
              -7.094669070820942
            ],
            [
              106.84148365374767,
              -7.0946683234843135
            ],
            [
              106.84146745515898,
              -7.094642831301599
            ],
            [
              106.84144980506449,
              -7.094615053042219
            ],
            [
              106.84144960811301,
              -7.094614728386944
            ],
            [
              106.8414493607994,
              -7.094614271531384
            ],
            [
              106.84143384029954,
              -7.0945834553621125
            ],
            [
              106.84142512047299,
              -7.094571841517222
            ],
            [
              106.84140347289201,
              -7.094551476369475
            ],
            [
              106.84137687364387,
              -7.094526453632909
            ],
            [
              106.84135505429236,
              -7.094505927506475
            ],
            [
              106.8413212982394,
              -7.094477774229858
            ],
            [
              106.84127647602861,
              -7.094442445262587
            ]
          ]
        ]
      }
    },
    {
      "type": "Feature",
      "properties": {
        "id": "EKSISTING_19",
        "nama": "Blok Eksisting 19",
        "kategori": "Eksisting",
        "warna": "#2563eb",
        "luas_ha": 0.089,
        "luas_m2": 894.3
      },
      "geometry": {
        "type": "Polygon",
        "coordinates": [
          [
            [
              106.83420974098681,
              -7.102223959667981
            ],
            [
              106.83419269523677,
              -7.102222399344214
            ],
            [
              106.83417714236128,
              -7.102219705874688
            ],
            [
              106.83415383193386,
              -7.10221478658309
            ],
            [
              106.83414855111482,
              -7.102212634505406
            ],
            [
              106.83414298071403,
              -7.10221036461661
            ],
            [
              106.83413583560042,
              -7.1022074535111415
            ],
            [
              106.83412825341622,
              -7.102204107133787
            ],
            [
              106.83412409585043,
              -7.102202201470391
            ],
            [
              106.8341083298356,
              -7.102194977216357
            ],
            [
              106.83409719263142,
              -7.1021898726644395
            ],
            [
              106.83409136952116,
              -7.102187204375923
            ],
            [
              106.83408080248711,
              -7.10218364845656
            ],
            [
              106.83407093782358,
              -7.102180884839925
            ],
            [
              106.8340637135696,
              -7.102178860465983
            ],
            [
              106.83405648841625,
              -7.102176836991362
            ],
            [
              106.83404774520733,
              -7.102174387238108
            ],
            [
              106.83403289470237,
              -7.102172231563202
            ],
            [
              106.83402181055817,
              -7.102170982404857
            ],
            [
              106.83401648117575,
              -7.10217221447607
            ],
            [
              106.83400745737833,
              -7.102174300903243
            ],
            [
              106.83400354802541,
              -7.102175203822526
            ],
            [
              106.83399549189852,
              -7.102177066318518
            ],
            [
              106.83398759225366,
              -7.102180346145985
            ],
            [
              106.83398690517157,
              -7.102180631231079
            ],
            [
              106.83398055326,
              -7.102183268043348
            ],
            [
              106.83397367434566,
              -7.102186123390823
            ],
            [
              106.83397167605204,
              -7.102192192915311
            ],
            [
              106.83397043588695,
              -7.1021959592760595
            ],
            [
              106.83396864623609,
              -7.10220139477849
            ],
            [
              106.83396946012255,
              -7.102208386108089
            ],
            [
              106.83397018677476,
              -7.102214631899699
            ],
            [
              106.83397085587035,
              -7.102220381265511
            ],
            [
              106.83397158252257,
              -7.102226627057121
            ],
            [
              106.83397142244326,
              -7.102234305468755
            ],
            [
              106.83397059146967,
              -7.102239064681044
            ],
            [
              106.83396251555769,
              -7.102240590830547
            ],
            [
              106.83396043002989,
              -7.1022397184881925
            ],
            [
              106.8339573984153,
              -7.102238449544757
            ],
            [
              106.83395483714605,
              -7.102237801133583
            ],
            [
              106.83395028118059,
              -7.102237763362041
            ],
            [
              106.83394094981503,
              -7.1022376860203735
            ],
            [
              106.83392627377856,
              -7.102243101737713
            ],
            [
              106.83391311579771,
              -7.102250109255067
            ],
            [
              106.83389943261278,
              -7.102258820987743
            ],
            [
              106.83389644776292,
              -7.102261430820306
            ],
            [
              106.83388729266449,
              -7.102269185674345
            ],
            [
              106.83387569770537,
              -7.102275822671061
            ],
            [
              106.83387221822835,
              -7.102277178848681
            ],
            [
              106.83386886645508,
              -7.102278485563602
            ],
            [
              106.83386498498112,
              -7.102279999122629
            ],
            [
              106.83386149561159,
              -7.102281358897528
            ],
            [
              106.83385562483727,
              -7.102282360742322
            ],
            [
              106.8338489311833,
              -7.102283501981958
            ],
            [
              106.83384663161684,
              -7.102285199901985
            ],
            [
              106.83383951078486,
              -7.1022910113210855
            ],
            [
              106.8338366743231,
              -7.102296460313369
            ],
            [
              106.83383373803662,
              -7.102302101760529
            ],
            [
              106.83383654751873,
              -7.102303690862584
            ],
            [
              106.83383921220991,
              -7.102305197226997
            ],
            [
              106.83384213950319,
              -7.102306852878883
            ],
            [
              106.83384429158087,
              -7.102311463703018
            ],
            [
              106.83382067898123,
              -7.102323446269963
            ],
            [
              106.83382779711519,
              -7.10233946139698
            ],
            [
              106.833827492245,
              -7.102339675435644
            ],
            [
              106.83382684293451,
              -7.102340131391884
            ],
            [
              106.8338229048033,
              -7.102342895008576
            ],
            [
              106.83381745041504,
              -7.10234672072454
            ],
            [
              106.83381240341976,
              -7.102344770994364
            ],
            [
              106.83380767298576,
              -7.102342943571955
            ],
            [
              106.83380365931151,
              -7.102341393140762
            ],
            [
              106.83379982999821,
              -7.102339036017668
            ],
            [
              106.83379255628148,
              -7.1023345591925136
            ],
            [
              106.83378878902147,
              -7.102328149724258
            ],
            [
              106.83378507212342,
              -7.10232182659098
            ],
            [
              106.83378291195186,
              -7.102318151061752
            ],
            [
              106.83377396459684,
              -7.102316838051593
            ],
            [
              106.83376703711912,
              -7.102315821817683
            ],
            [
              106.8337598452407,
              -7.102317287712594
            ],
            [
              106.8337565681112,
              -7.102317955908916
            ],
            [
              106.83375573893625,
              -7.10232157747879
            ],
            [
              106.83375499609627,
              -7.10232482493069
            ],
            [
              106.83375434768504,
              -7.102327654197836
            ],
            [
              106.83375360394575,
              -7.102330900750417
            ],
            [
              106.83375156518264,
              -7.1023398040387065
            ],
            [
              106.833753210942,
              -7.102345382533315
            ],
            [
              106.83375560223931,
              -7.102353489921597
            ],
            [
              106.83375702766477,
              -7.102358322878274
            ],
            [
              106.83376487784687,
              -7.102365645158329
            ],
            [
              106.8337719761958,
              -7.102369182191978
            ],
            [
              106.83377251129241,
              -7.102369332378714
            ],
            [
              106.83377719586093,
              -7.102370648986209
            ],
            [
              106.83378315476881,
              -7.102372324423186
            ],
            [
              106.83379028549336,
              -7.10237394050489
            ],
            [
              106.83379482617033,
              -7.102374361387604
            ],
            [
              106.83379866087955,
              -7.102376409143915
            ],
            [
              106.8338064346193,
              -7.102384393325053
            ],
            [
              106.83385538651692,
              -7.102381234906034
            ],
            [
              106.83385607090099,
              -7.102381217818902
            ],
            [
              106.83389552595781,
              -7.102382092859273
            ],
            [
              106.8339632332167,
              -7.102385290848474
            ],
            [
              106.83401023448482,
              -7.1023874474227
            ],
            [
              106.83403127502339,
              -7.102382559607406
            ],
            [
              106.83405273014944,
              -7.102377575564617
            ],
            [
              106.8340959353792,
              -7.102366426669221
            ],
            [
              106.83413066269998,
              -7.10235748111279
            ],
            [
              106.83416564452892,
              -7.102342885116002
            ],
            [
              106.8342078551085,
              -7.10231972937197
            ],
            [
              106.83420948737802,
              -7.102318930774004
            ],
            [
              106.8343639414428,
              -7.102274167918495
            ],
            [
              106.83440329757417,
              -7.102266030852604
            ],
            [
              106.83442038918969,
              -7.102260939790483
            ],
            [
              106.83441966433611,
              -7.102258796706053
            ],
            [
              106.83441885854353,
              -7.10225037185711
            ],
            [
              106.83441879738967,
              -7.102248349281865
            ],
            [
              106.8344187515242,
              -7.102246860004527
            ],
            [
              106.834417787451,
              -7.102244952542492
            ],
            [
              106.83441732879675,
              -7.102244044227234
            ],
            [
              106.83441666509708,
              -7.1022427330156574
            ],
            [
              106.83441543302587,
              -7.102240294953617
            ],
            [
              106.83441265412074,
              -7.102237916246793
            ],
            [
              106.8344108608726,
              -7.102236381104035
            ],
            [
              106.83440746233458,
              -7.102234736244043
            ],
            [
              106.83440571764982,
              -7.10223486035045
            ],
            [
              106.83439672442933,
              -7.102235500667803
            ],
            [
              106.83438465103086,
              -7.102236360419624
            ],
            [
              106.83438068502068,
              -7.1022366428067585
            ],
            [
              106.83437672080908,
              -7.102236829865774
            ],
            [
              106.83436986257914,
              -7.102236651800013
            ],
            [
              106.83436417166922,
              -7.102236503411859
            ],
            [
              106.83436075694345,
              -7.102236415278298
            ],
            [
              106.83434765921714,
              -7.102236066341334
            ],
            [
              106.83433971010959,
              -7.102235262347449
            ],
            [
              106.83433401650171,
              -7.102234686781344
            ],
            [
              106.8343193134856,
              -7.1022331993026455
            ],
            [
              106.83430662854812,
              -7.102230611953132
            ],
            [
              106.8342893390818,
              -7.10222797514092
            ],
            [
              106.83428200690918,
              -7.10222725568326
            ],
            [
              106.83426948744693,
              -7.102226027209326
            ],
            [
              106.8342660475401,
              -7.102225689963575
            ],
            [
              106.8342631166496,
              -7.102225403079842
            ],
            [
              106.83424832909719,
              -7.102224974103251
            ],
            [
              106.83423635012753,
              -7.102225258288968
            ],
            [
              106.83422463196126,
              -7.102225323040159
            ],
            [
              106.83420974098681,
              -7.102223959667981
            ]
          ]
        ]
      }
    },
    {
      "type": "Feature",
      "properties": {
        "id": "EKSISTING_20",
        "nama": "Blok Eksisting 20",
        "kategori": "Eksisting",
        "warna": "#2563eb",
        "luas_ha": 0.059,
        "luas_m2": 588.4
      },
      "geometry": {
        "type": "Polygon",
        "coordinates": [
          [
            [
              106.83636521718108,
              -7.1016922831722695
            ],
            [
              106.83652633792025,
              -7.101706203778235
            ],
            [
              106.83657710015314,
              -7.101672891091027
            ],
            [
              106.83656831647471,
              -7.101594935158062
            ],
            [
              106.83657952652396,
              -7.101594244478747
            ],
            [
              106.83658904404922,
              -7.101585995896926
            ],
            [
              106.83659665860898,
              -7.101608203755575
            ],
            [
              106.83661442561532,
              -7.101652620372079
            ],
            [
              106.83660681105556,
              -7.101597417286939
            ],
            [
              106.83661632858076,
              -7.101589167805798
            ],
            [
              106.8366283848921,
              -7.101600589195812
            ],
            [
              106.83665122767206,
              -7.10160566586876
            ],
            [
              106.83665693836707,
              -7.101610741642389
            ],
            [
              106.83666835975708,
              -7.101608838676896
            ],
            [
              106.83666011117526,
              -7.1015917065919325
            ],
            [
              106.83665757328845,
              -7.101572035720835
            ],
            [
              106.8366372683953,
              -7.101566959947206
            ],
            [
              106.8366436131123,
              -7.101539675415665
            ],
            [
              106.83666835975708,
              -7.101533964720659
            ],
            [
              106.83670770059996,
              -7.101535868585415
            ],
            [
              106.83669754815338,
              -7.101517466657697
            ],
            [
              106.83670643075726,
              -7.101501603516169
            ],
            [
              106.83671658320384,
              -7.101483837409148
            ],
            [
              106.83675148229514,
              -7.101454014990736
            ],
            [
              106.83676099982034,
              -7.101433710097581
            ],
            [
              106.8367533861599,
              -7.101426730459195
            ],
            [
              106.83673625407494,
              -7.101421019764189
            ],
            [
              106.83671468023834,
              -7.1014394207925875
            ],
            [
              106.83669564428862,
              -7.101460359707801
            ],
            [
              106.83667343553071,
              -7.101485741273905
            ],
            [
              106.83665440048026,
              -7.101502873358868
            ],
            [
              106.83664488205574,
              -7.101516197714318
            ],
            [
              106.83659348580079,
              -7.101534598742717
            ],
            [
              106.83657064302082,
              -7.101544117167236
            ],
            [
              106.83656440981974,
              -7.101560262695898
            ],
            [
              106.83652475151615,
              -7.101474602271026
            ],
            [
              106.83649619804117,
              -7.101465084745826
            ],
            [
              106.83640102009105,
              -7.101557090787082
            ],
            [
              106.83637246661613,
              -7.101552331574794
            ],
            [
              106.83636521718108,
              -7.1016922831722695
            ]
          ]
        ]
      }
    },
    {
      "type": "Feature",
      "properties": {
        "id": "EKSISTING_21",
        "nama": "Blok Eksisting 21",
        "kategori": "Eksisting",
        "warna": "#2563eb",
        "luas_ha": 0.057,
        "luas_m2": 568.7
      },
      "geometry": {
        "type": "Polygon",
        "coordinates": [
          [
            [
              106.83792740162835,
              -7.1028260296974395
            ],
            [
              106.83792891159004,
              -7.102592059375979
            ],
            [
              106.83777343409679,
              -7.102592059375979
            ],
            [
              106.83773192318978,
              -7.102592813907165
            ],
            [
              106.83772814963447,
              -7.102828294190374
            ],
            [
              106.83792740162835,
              -7.1028260296974395
            ]
          ]
        ]
      }
    }
  ]
}