{"type":"FeatureCollection","parameter":"NDVI","label":"Kesehatan Tanaman","unit":"index","unit_display":"index","desc":"Indeks kehijauan daun (0-1). Menunjukkan tingkat fotosintesis dan kesehatan tanaman.","periods":["Q1_2025","Q2_2025","Q3_2025","Q4_2025","Q1_2026"],"anomaly_threshold":0.4,"features":[{"type":"Feature","properties":{"row":0,"col":0,"Q1_2025":0.3637,"Q2_2025":0.3826,"Q3_2025":0.3,"Q4_2025":0.3,"Q1_2026":0.3276},"geometry":{"type":"Polygon","coordinates":[[[107.570133,-7.107029000000001],[107.570233,-7.107029000000001],[107.570233,-7.106929000000001],[107.570133,-7.106929000000001],[107.570133,-7.107029000000001]]]}},{"type":"Feature","properties":{"row":0,"col":1,"Q1_2025":0.3,"Q2_2025":0.3095,"Q3_2025":0.3491,"Q4_2025":0.3,"Q1_2026":0.3652},"geometry":{"type":"Polygon","coordinates":[[[107.570233,-7.107029000000001],[107.570333,-7.107029000000001],[107.570333,-7.106929000000001],[107.570233,-7.106929000000001],[107.570233,-7.107029000000001]]]}},{"type":"Feature","properties":{"row":0,"col":2,"Q1_2025":0.5939,"Q2_2025":0.6337,"Q3_2025":0.6115,"Q4_2025":0.6704,"Q1_2026":0.7247},"geometry":{"type":"Polygon","coordinates":[[[107.570333,-7.107029000000001],[107.57043300000001,-7.107029000000001],[107.57043300000001,-7.106929000000001],[107.570333,-7.106929000000001],[107.570333,-7.107029000000001]]]}},{"type":"Feature","properties":{"row":0,"col":3,"Q1_2025":0.3567,"Q2_2025":0.3418,"Q3_2025":0.3138,"Q4_2025":0.3685,"Q1_2026":0.3196},"geometry":{"type":"Polygon","coordinates":[[[107.570433,-7.107029000000001],[107.570533,-7.107029000000001],[107.570533,-7.106929000000001],[107.570433,-7.106929000000001],[107.570433,-7.107029000000001]]]}},{"type":"Feature","properties":{"row":0,"col":4,"Q1_2025":0.5482,"Q2_2025":0.6391,"Q3_2025":0.6884,"Q4_2025":0.6462,"Q1_2026":0.8043},"geometry":{"type":"Polygon","coordinates":[[[107.570533,-7.107029000000001],[107.570633,-7.107029000000001],[107.570633,-7.106929000000001],[107.570533,-7.106929000000001],[107.570533,-7.107029000000001]]]}},{"type":"Feature","properties":{"row":0,"col":5,"Q1_2025":0.6503,"Q2_2025":0.648,"Q3_2025":0.7384,"Q4_2025":0.7065,"Q1_2026":0.7112},"geometry":{"type":"Polygon","coordinates":[[[107.570633,-7.107029000000001],[107.570733,-7.107029000000001],[107.570733,-7.106929000000001],[107.570633,-7.106929000000001],[107.570633,-7.107029000000001]]]}},{"type":"Feature","properties":{"row":0,"col":6,"Q1_2025":0.6035,"Q2_2025":0.6351,"Q3_2025":0.6935,"Q4_2025":0.6492,"Q1_2026":0.746},"geometry":{"type":"Polygon","coordinates":[[[107.570733,-7.107029000000001],[107.57083300000001,-7.107029000000001],[107.57083300000001,-7.106929000000001],[107.570733,-7.106929000000001],[107.570733,-7.107029000000001]]]}},{"type":"Feature","properties":{"row":0,"col":7,"Q1_2025":0.647,"Q2_2025":0.6957,"Q3_2025":0.6703,"Q4_2025":0.7609,"Q1_2026":0.7442},"geometry":{"type":"Polygon","coordinates":[[[107.570833,-7.107029000000001],[107.570933,-7.107029000000001],[107.570933,-7.106929000000001],[107.570833,-7.106929000000001],[107.570833,-7.107029000000001]]]}},{"type":"Feature","properties":{"row":0,"col":8,"Q1_2025":0.567,"Q2_2025":0.6656,"Q3_2025":0.6511,"Q4_2025":0.6075,"Q1_2026":0.7343},"geometry":{"type":"Polygon","coordinates":[[[107.570933,-7.107029000000001],[107.571033,-7.107029000000001],[107.571033,-7.106929000000001],[107.570933,-7.106929000000001],[107.570933,-7.107029000000001]]]}},{"type":"Feature","properties":{"row":0,"col":9,"Q1_2025":0.6307,"Q2_2025":0.573,"Q3_2025":0.7547,"Q4_2025":0.7851,"Q1_2026":0.7104},"geometry":{"type":"Polygon","coordinates":[[[107.571033,-7.107029000000001],[107.571133,-7.107029000000001],[107.571133,-7.106929000000001],[107.571033,-7.106929000000001],[107.571033,-7.107029000000001]]]}},{"type":"Feature","properties":{"row":0,"col":10,"Q1_2025":0.6563,"Q2_2025":0.6676,"Q3_2025":0.7578,"Q4_2025":0.6947,"Q1_2026":0.7275},"geometry":{"type":"Polygon","coordinates":[[[107.571133,-7.107029000000001],[107.571233,-7.107029000000001],[107.571233,-7.106929000000001],[107.571133,-7.106929000000001],[107.571133,-7.107029000000001]]]}},{"type":"Feature","properties":{"row":0,"col":11,"Q1_2025":0.6363,"Q2_2025":0.6741,"Q3_2025":0.6547,"Q4_2025":0.7612,"Q1_2026":0.8239},"geometry":{"type":"Polygon","coordinates":[[[107.57123299999999,-7.107029000000001],[107.571333,-7.107029000000001],[107.571333,-7.106929000000001],[107.57123299999999,-7.106929000000001],[107.57123299999999,-7.107029000000001]]]}},{"type":"Feature","properties":{"row":0,"col":12,"Q1_2025":0.6188,"Q2_2025":0.7562,"Q3_2025":0.7488,"Q4_2025":0.7967,"Q1_2026":0.6803},"geometry":{"type":"Polygon","coordinates":[[[107.571333,-7.107029000000001],[107.571433,-7.107029000000001],[107.571433,-7.106929000000001],[107.571333,-7.106929000000001],[107.571333,-7.107029000000001]]]}},{"type":"Feature","properties":{"row":0,"col":13,"Q1_2025":0.7351,"Q2_2025":0.691,"Q3_2025":0.7548,"Q4_2025":0.7576,"Q1_2026":0.6958},"geometry":{"type":"Polygon","coordinates":[[[107.571433,-7.107029000000001],[107.571533,-7.107029000000001],[107.571533,-7.106929000000001],[107.571433,-7.106929000000001],[107.571433,-7.107029000000001]]]}},{"type":"Feature","properties":{"row":0,"col":14,"Q1_2025":0.6612,"Q2_2025":0.7534,"Q3_2025":0.698,"Q4_2025":0.6915,"Q1_2026":0.7993},"geometry":{"type":"Polygon","coordinates":[[[107.571533,-7.107029000000001],[107.571633,-7.107029000000001],[107.571633,-7.106929000000001],[107.571533,-7.106929000000001],[107.571533,-7.107029000000001]]]}},{"type":"Feature","properties":{"row":0,"col":15,"Q1_2025":0.5646,"Q2_2025":0.7001,"Q3_2025":0.6535,"Q4_2025":0.731,"Q1_2026":0.8388},"geometry":{"type":"Polygon","coordinates":[[[107.57163299999999,-7.107029000000001],[107.571733,-7.107029000000001],[107.571733,-7.106929000000001],[107.57163299999999,-7.106929000000001],[107.57163299999999,-7.107029000000001]]]}},{"type":"Feature","properties":{"row":0,"col":16,"Q1_2025":0.6713,"Q2_2025":0.6924,"Q3_2025":0.7624,"Q4_2025":0.7366,"Q1_2026":0.7339},"geometry":{"type":"Polygon","coordinates":[[[107.571733,-7.107029000000001],[107.571833,-7.107029000000001],[107.571833,-7.106929000000001],[107.571733,-7.106929000000001],[107.571733,-7.107029000000001]]]}},{"type":"Feature","properties":{"row":0,"col":17,"Q1_2025":0.7719,"Q2_2025":0.7169,"Q3_2025":0.74,"Q4_2025":0.8161,"Q1_2026":0.7608},"geometry":{"type":"Polygon","coordinates":[[[107.571833,-7.107029000000001],[107.571933,-7.107029000000001],[107.571933,-7.106929000000001],[107.571833,-7.106929000000001],[107.571833,-7.107029000000001]]]}},{"type":"Feature","properties":{"row":0,"col":18,"Q1_2025":0.6936,"Q2_2025":0.6525,"Q3_2025":0.7767,"Q4_2025":0.7043,"Q1_2026":0.7575},"geometry":{"type":"Polygon","coordinates":[[[107.571933,-7.107029000000001],[107.572033,-7.107029000000001],[107.572033,-7.106929000000001],[107.571933,-7.106929000000001],[107.571933,-7.107029000000001]]]}},{"type":"Feature","properties":{"row":0,"col":19,"Q1_2025":0.6379,"Q2_2025":0.6833,"Q3_2025":0.7428,"Q4_2025":0.7058,"Q1_2026":0.6685},"geometry":{"type":"Polygon","coordinates":[[[107.572033,-7.107029000000001],[107.57213300000001,-7.107029000000001],[107.57213300000001,-7.106929000000001],[107.572033,-7.106929000000001],[107.572033,-7.107029000000001]]]}},{"type":"Feature","properties":{"row":1,"col":0,"Q1_2025":0.6558,"Q2_2025":0.5292,"Q3_2025":0.6354,"Q4_2025":0.6146,"Q1_2026":0.6949},"geometry":{"type":"Polygon","coordinates":[[[107.570133,-7.106929000000001],[107.570233,-7.106929000000001],[107.570233,-7.106829000000001],[107.570133,-7.106829000000001],[107.570133,-7.106929000000001]]]}},{"type":"Feature","properties":{"row":1,"col":1,"Q1_2025":0.3104,"Q2_2025":0.3,"Q3_2025":0.3,"Q4_2025":0.3407,"Q1_2026":0.3152},"geometry":{"type":"Polygon","coordinates":[[[107.570233,-7.106929000000001],[107.570333,-7.106929000000001],[107.570333,-7.106829000000001],[107.570233,-7.106829000000001],[107.570233,-7.106929000000001]]]}},{"type":"Feature","properties":{"row":1,"col":2,"Q1_2025":0.356,"Q2_2025":0.372,"Q3_2025":0.32,"Q4_2025":0.3,"Q1_2026":0.3717},"geometry":{"type":"Polygon","coordinates":[[[107.570333,-7.106929000000001],[107.57043300000001,-7.106929000000001],[107.57043300000001,-7.106829000000001],[107.570333,-7.106829000000001],[107.570333,-7.106929000000001]]]}},{"type":"Feature","properties":{"row":1,"col":3,"Q1_2025":0.3592,"Q2_2025":0.319,"Q3_2025":0.3,"Q4_2025":0.3,"Q1_2026":0.3177},"geometry":{"type":"Polygon","coordinates":[[[107.570433,-7.106929000000001],[107.570533,-7.106929000000001],[107.570533,-7.106829000000001],[107.570433,-7.106829000000001],[107.570433,-7.106929000000001]]]}},{"type":"Feature","properties":{"row":1,"col":4,"Q1_2025":0.6461,"Q2_2025":0.6373,"Q3_2025":0.6988,"Q4_2025":0.73,"Q1_2026":0.73},"geometry":{"type":"Polygon","coordinates":[[[107.570533,-7.106929000000001],[107.570633,-7.106929000000001],[107.570633,-7.106829000000001],[107.570533,-7.106829000000001],[107.570533,-7.106929000000001]]]}},{"type":"Feature","properties":{"row":1,"col":5,"Q1_2025":0.6681,"Q2_2025":0.6211,"Q3_2025":0.7025,"Q4_2025":0.6821,"Q1_2026":0.7234},"geometry":{"type":"Polygon","coordinates":[[[107.570633,-7.106929000000001],[107.570733,-7.106929000000001],[107.570733,-7.106829000000001],[107.570633,-7.106829000000001],[107.570633,-7.106929000000001]]]}},{"type":"Feature","properties":{"row":1,"col":6,"Q1_2025":0.6734,"Q2_2025":0.6256,"Q3_2025":0.7037,"Q4_2025":0.5888,"Q1_2026":0.831},"geometry":{"type":"Polygon","coordinates":[[[107.570733,-7.106929000000001],[107.57083300000001,-7.106929000000001],[107.57083300000001,-7.106829000000001],[107.570733,-7.106829000000001],[107.570733,-7.106929000000001]]]}},{"type":"Feature","properties":{"row":1,"col":7,"Q1_2025":0.6699,"Q2_2025":0.6266,"Q3_2025":0.6712,"Q4_2025":0.7566,"Q1_2026":0.7224},"geometry":{"type":"Polygon","coordinates":[[[107.570833,-7.106929000000001],[107.570933,-7.106929000000001],[107.570933,-7.106829000000001],[107.570833,-7.106829000000001],[107.570833,-7.106929000000001]]]}},{"type":"Feature","properties":{"row":1,"col":8,"Q1_2025":0.5838,"Q2_2025":0.7523,"Q3_2025":0.7369,"Q4_2025":0.6717,"Q1_2026":0.7364},"geometry":{"type":"Polygon","coordinates":[[[107.570933,-7.106929000000001],[107.571033,-7.106929000000001],[107.571033,-7.106829000000001],[107.570933,-7.106829000000001],[107.570933,-7.106929000000001]]]}},{"type":"Feature","properties":{"row":1,"col":9,"Q1_2025":0.5828,"Q2_2025":0.7384,"Q3_2025":0.6774,"Q4_2025":0.7238,"Q1_2026":0.8091},"geometry":{"type":"Polygon","coordinates":[[[107.571033,-7.106929000000001],[107.571133,-7.106929000000001],[107.571133,-7.106829000000001],[107.571033,-7.106829000000001],[107.571033,-7.106929000000001]]]}},{"type":"Feature","properties":{"row":1,"col":10,"Q1_2025":0.6213,"Q2_2025":0.746,"Q3_2025":0.7421,"Q4_2025":0.6616,"Q1_2026":0.8187},"geometry":{"type":"Polygon","coordinates":[[[107.571133,-7.106929000000001],[107.571233,-7.106929000000001],[107.571233,-7.106829000000001],[107.571133,-7.106829000000001],[107.571133,-7.106929000000001]]]}},{"type":"Feature","properties":{"row":1,"col":11,"Q1_2025":0.5888,"Q2_2025":0.7648,"Q3_2025":0.7159,"Q4_2025":0.7992,"Q1_2026":0.7265},"geometry":{"type":"Polygon","coordinates":[[[107.57123299999999,-7.106929000000001],[107.571333,-7.106929000000001],[107.571333,-7.106829000000001],[107.57123299999999,-7.106829000000001],[107.57123299999999,-7.106929000000001]]]}},{"type":"Feature","properties":{"row":1,"col":12,"Q1_2025":0.6768,"Q2_2025":0.6897,"Q3_2025":0.6372,"Q4_2025":0.7912,"Q1_2026":0.7838},"geometry":{"type":"Polygon","coordinates":[[[107.571333,-7.106929000000001],[107.571433,-7.106929000000001],[107.571433,-7.106829000000001],[107.571333,-7.106829000000001],[107.571333,-7.106929000000001]]]}},{"type":"Feature","properties":{"row":1,"col":13,"Q1_2025":0.7262,"Q2_2025":0.6852,"Q3_2025":0.7796,"Q4_2025":0.6971,"Q1_2026":0.8586},"geometry":{"type":"Polygon","coordinates":[[[107.571433,-7.106929000000001],[107.571533,-7.106929000000001],[107.571533,-7.106829000000001],[107.571433,-7.106829000000001],[107.571433,-7.106929000000001]]]}},{"type":"Feature","properties":{"row":1,"col":14,"Q1_2025":0.6715,"Q2_2025":0.8342,"Q3_2025":0.6496,"Q4_2025":0.7981,"Q1_2026":0.6915},"geometry":{"type":"Polygon","coordinates":[[[107.571533,-7.106929000000001],[107.571633,-7.106929000000001],[107.571633,-7.106829000000001],[107.571533,-7.106829000000001],[107.571533,-7.106929000000001]]]}},{"type":"Feature","properties":{"row":1,"col":15,"Q1_2025":0.7101,"Q2_2025":0.8313,"Q3_2025":0.7743,"Q4_2025":0.7577,"Q1_2026":0.7933},"geometry":{"type":"Polygon","coordinates":[[[107.57163299999999,-7.106929000000001],[107.571733,-7.106929000000001],[107.571733,-7.106829000000001],[107.57163299999999,-7.106829000000001],[107.57163299999999,-7.106929000000001]]]}},{"type":"Feature","properties":{"row":1,"col":16,"Q1_2025":0.7092,"Q2_2025":0.7116,"Q3_2025":0.7723,"Q4_2025":0.7627,"Q1_2026":0.8124},"geometry":{"type":"Polygon","coordinates":[[[107.571733,-7.106929000000001],[107.571833,-7.106929000000001],[107.571833,-7.106829000000001],[107.571733,-7.106829000000001],[107.571733,-7.106929000000001]]]}},{"type":"Feature","properties":{"row":1,"col":17,"Q1_2025":0.6363,"Q2_2025":0.7194,"Q3_2025":0.7918,"Q4_2025":0.8467,"Q1_2026":0.8553},"geometry":{"type":"Polygon","coordinates":[[[107.571833,-7.106929000000001],[107.571933,-7.106929000000001],[107.571933,-7.106829000000001],[107.571833,-7.106829000000001],[107.571833,-7.106929000000001]]]}},{"type":"Feature","properties":{"row":1,"col":18,"Q1_2025":0.3,"Q2_2025":0.3348,"Q3_2025":0.3631,"Q4_2025":0.3,"Q1_2026":0.3948},"geometry":{"type":"Polygon","coordinates":[[[107.571933,-7.106929000000001],[107.572033,-7.106929000000001],[107.572033,-7.106829000000001],[107.571933,-7.106829000000001],[107.571933,-7.106929000000001]]]}},{"type":"Feature","properties":{"row":1,"col":19,"Q1_2025":0.7541,"Q2_2025":0.6161,"Q3_2025":0.6831,"Q4_2025":0.6688,"Q1_2026":0.8573},"geometry":{"type":"Polygon","coordinates":[[[107.572033,-7.106929000000001],[107.57213300000001,-7.106929000000001],[107.57213300000001,-7.106829000000001],[107.572033,-7.106829000000001],[107.572033,-7.106929000000001]]]}},{"type":"Feature","properties":{"row":2,"col":0,"Q1_2025":0.358,"Q2_2025":0.3,"Q3_2025":0.351,"Q4_2025":0.3727,"Q1_2026":0.3},"geometry":{"type":"Polygon","coordinates":[[[107.570133,-7.106829],[107.570233,-7.106829],[107.570233,-7.1067290000000005],[107.570133,-7.1067290000000005],[107.570133,-7.106829]]]}},{"type":"Feature","properties":{"row":2,"col":1,"Q1_2025":0.3193,"Q2_2025":0.3402,"Q3_2025":0.3,"Q4_2025":0.3244,"Q1_2026":0.3211},"geometry":{"type":"Polygon","coordinates":[[[107.570233,-7.106829],[107.570333,-7.106829],[107.570333,-7.1067290000000005],[107.570233,-7.1067290000000005],[107.570233,-7.106829]]]}},{"type":"Feature","properties":{"row":2,"col":2,"Q1_2025":0.6586,"Q2_2025":0.6005,"Q3_2025":0.6733,"Q4_2025":0.701,"Q1_2026":0.6236},"geometry":{"type":"Polygon","coordinates":[[[107.570333,-7.106829],[107.57043300000001,-7.106829],[107.57043300000001,-7.1067290000000005],[107.570333,-7.1067290000000005],[107.570333,-7.106829]]]}},{"type":"Feature","properties":{"row":2,"col":3,"Q1_2025":0.3301,"Q2_2025":0.3164,"Q3_2025":0.3693,"Q4_2025":0.3,"Q1_2026":0.3955},"geometry":{"type":"Polygon","coordinates":[[[107.570433,-7.106829],[107.570533,-7.106829],[107.570533,-7.1067290000000005],[107.570433,-7.1067290000000005],[107.570433,-7.106829]]]}},{"type":"Feature","properties":{"row":2,"col":4,"Q1_2025":0.3476,"Q2_2025":0.3301,"Q3_2025":0.3263,"Q4_2025":0.3103,"Q1_2026":0.3076},"geometry":{"type":"Polygon","coordinates":[[[107.570533,-7.106829],[107.570633,-7.106829],[107.570633,-7.1067290000000005],[107.570533,-7.1067290000000005],[107.570533,-7.106829]]]}},{"type":"Feature","properties":{"row":2,"col":5,"Q1_2025":0.6501,"Q2_2025":0.654,"Q3_2025":0.7526,"Q4_2025":0.7529,"Q1_2026":0.6829},"geometry":{"type":"Polygon","coordinates":[[[107.570633,-7.106829],[107.570733,-7.106829],[107.570733,-7.1067290000000005],[107.570633,-7.1067290000000005],[107.570633,-7.106829]]]}},{"type":"Feature","properties":{"row":2,"col":6,"Q1_2025":0.6236,"Q2_2025":0.6726,"Q3_2025":0.6987,"Q4_2025":0.767,"Q1_2026":0.7011},"geometry":{"type":"Polygon","coordinates":[[[107.570733,-7.106829],[107.57083300000001,-7.106829],[107.57083300000001,-7.1067290000000005],[107.570733,-7.1067290000000005],[107.570733,-7.106829]]]}},{"type":"Feature","properties":{"row":2,"col":7,"Q1_2025":0.6523,"Q2_2025":0.6069,"Q3_2025":0.7167,"Q4_2025":0.7161,"Q1_2026":0.7479},"geometry":{"type":"Polygon","coordinates":[[[107.570833,-7.106829],[107.570933,-7.106829],[107.570933,-7.1067290000000005],[107.570833,-7.1067290000000005],[107.570833,-7.106829]]]}},{"type":"Feature","properties":{"row":2,"col":8,"Q1_2025":0.6591,"Q2_2025":0.7421,"Q3_2025":0.7162,"Q4_2025":0.8069,"Q1_2026":0.7099},"geometry":{"type":"Polygon","coordinates":[[[107.570933,-7.106829],[107.571033,-7.106829],[107.571033,-7.1067290000000005],[107.570933,-7.1067290000000005],[107.570933,-7.106829]]]}},{"type":"Feature","properties":{"row":2,"col":9,"Q1_2025":0.727,"Q2_2025":0.6067,"Q3_2025":0.8607,"Q4_2025":0.6962,"Q1_2026":0.7459},"geometry":{"type":"Polygon","coordinates":[[[107.571033,-7.106829],[107.571133,-7.106829],[107.571133,-7.1067290000000005],[107.571033,-7.1067290000000005],[107.571033,-7.106829]]]}},{"type":"Feature","properties":{"row":2,"col":10,"Q1_2025":0.6458,"Q2_2025":0.719,"Q3_2025":0.7365,"Q4_2025":0.8261,"Q1_2026":0.7338},"geometry":{"type":"Polygon","coordinates":[[[107.571133,-7.106829],[107.571233,-7.106829],[107.571233,-7.1067290000000005],[107.571133,-7.1067290000000005],[107.571133,-7.106829]]]}},{"type":"Feature","properties":{"row":2,"col":11,"Q1_2025":0.7675,"Q2_2025":0.7849,"Q3_2025":0.7088,"Q4_2025":0.7814,"Q1_2026":0.8485},"geometry":{"type":"Polygon","coordinates":[[[107.57123299999999,-7.106829],[107.571333,-7.106829],[107.571333,-7.1067290000000005],[107.57123299999999,-7.1067290000000005],[107.57123299999999,-7.106829]]]}},{"type":"Feature","properties":{"row":2,"col":12,"Q1_2025":0.6851,"Q2_2025":0.782,"Q3_2025":0.7405,"Q4_2025":0.6889,"Q1_2026":0.87},"geometry":{"type":"Polygon","coordinates":[[[107.571333,-7.106829],[107.571433,-7.106829],[107.571433,-7.1067290000000005],[107.571333,-7.1067290000000005],[107.571333,-7.106829]]]}},{"type":"Feature","properties":{"row":2,"col":13,"Q1_2025":0.6878,"Q2_2025":0.7057,"Q3_2025":0.7846,"Q4_2025":0.734,"Q1_2026":0.8536},"geometry":{"type":"Polygon","coordinates":[[[107.571433,-7.106829],[107.571533,-7.106829],[107.571533,-7.1067290000000005],[107.571433,-7.1067290000000005],[107.571433,-7.106829]]]}},{"type":"Feature","properties":{"row":2,"col":14,"Q1_2025":0.7121,"Q2_2025":0.7323,"Q3_2025":0.7806,"Q4_2025":0.7754,"Q1_2026":0.8483},"geometry":{"type":"Polygon","coordinates":[[[107.571533,-7.106829],[107.571633,-7.106829],[107.571633,-7.1067290000000005],[107.571533,-7.1067290000000005],[107.571533,-7.106829]]]}},{"type":"Feature","properties":{"row":2,"col":15,"Q1_2025":0.6781,"Q2_2025":0.723,"Q3_2025":0.7193,"Q4_2025":0.8034,"Q1_2026":0.7858},"geometry":{"type":"Polygon","coordinates":[[[107.57163299999999,-7.106829],[107.571733,-7.106829],[107.571733,-7.1067290000000005],[107.57163299999999,-7.1067290000000005],[107.57163299999999,-7.106829]]]}},{"type":"Feature","properties":{"row":2,"col":16,"Q1_2025":0.6577,"Q2_2025":0.729,"Q3_2025":0.7802,"Q4_2025":0.7548,"Q1_2026":0.7989},"geometry":{"type":"Polygon","coordinates":[[[107.571733,-7.106829],[107.571833,-7.106829],[107.571833,-7.1067290000000005],[107.571733,-7.1067290000000005],[107.571733,-7.106829]]]}},{"type":"Feature","properties":{"row":2,"col":17,"Q1_2025":0.6838,"Q2_2025":0.7759,"Q3_2025":0.7658,"Q4_2025":0.6952,"Q1_2026":0.7471},"geometry":{"type":"Polygon","coordinates":[[[107.571833,-7.106829],[107.571933,-7.106829],[107.571933,-7.1067290000000005],[107.571833,-7.1067290000000005],[107.571833,-7.106829]]]}},{"type":"Feature","properties":{"row":2,"col":18,"Q1_2025":0.7544,"Q2_2025":0.7959,"Q3_2025":0.7615,"Q4_2025":0.7549,"Q1_2026":0.7822},"geometry":{"type":"Polygon","coordinates":[[[107.571933,-7.106829],[107.572033,-7.106829],[107.572033,-7.1067290000000005],[107.571933,-7.1067290000000005],[107.571933,-7.106829]]]}},{"type":"Feature","properties":{"row":2,"col":19,"Q1_2025":0.7637,"Q2_2025":0.6616,"Q3_2025":0.7737,"Q4_2025":0.6962,"Q1_2026":0.7213},"geometry":{"type":"Polygon","coordinates":[[[107.572033,-7.106829],[107.57213300000001,-7.106829],[107.57213300000001,-7.1067290000000005],[107.572033,-7.1067290000000005],[107.572033,-7.106829]]]}},{"type":"Feature","properties":{"row":3,"col":0,"Q1_2025":0.5183,"Q2_2025":0.6929,"Q3_2025":0.6187,"Q4_2025":0.7219,"Q1_2026":0.6198},"geometry":{"type":"Polygon","coordinates":[[[107.570133,-7.1067290000000005],[107.570233,-7.1067290000000005],[107.570233,-7.106629000000001],[107.570133,-7.106629000000001],[107.570133,-7.1067290000000005]]]}},{"type":"Feature","properties":{"row":3,"col":1,"Q1_2025":0.6375,"Q2_2025":0.7474,"Q3_2025":0.6963,"Q4_2025":0.7383,"Q1_2026":0.739},"geometry":{"type":"Polygon","coordinates":[[[107.570233,-7.1067290000000005],[107.570333,-7.1067290000000005],[107.570333,-7.106629000000001],[107.570233,-7.106629000000001],[107.570233,-7.1067290000000005]]]}},{"type":"Feature","properties":{"row":3,"col":2,"Q1_2025":0.3,"Q2_2025":0.3,"Q3_2025":0.3151,"Q4_2025":0.3576,"Q1_2026":0.3115},"geometry":{"type":"Polygon","coordinates":[[[107.570333,-7.1067290000000005],[107.57043300000001,-7.1067290000000005],[107.57043300000001,-7.106629000000001],[107.570333,-7.106629000000001],[107.570333,-7.1067290000000005]]]}},{"type":"Feature","properties":{"row":3,"col":3,"Q1_2025":0.3,"Q2_2025":0.3,"Q3_2025":0.3,"Q4_2025":0.3725,"Q1_2026":0.3},"geometry":{"type":"Polygon","coordinates":[[[107.570433,-7.1067290000000005],[107.570533,-7.1067290000000005],[107.570533,-7.106629000000001],[107.570433,-7.106629000000001],[107.570433,-7.1067290000000005]]]}},{"type":"Feature","properties":{"row":3,"col":4,"Q1_2025":0.3,"Q2_2025":0.3,"Q3_2025":0.365,"Q4_2025":0.3454,"Q1_2026":0.3311},"geometry":{"type":"Polygon","coordinates":[[[107.570533,-7.1067290000000005],[107.570633,-7.1067290000000005],[107.570633,-7.106629000000001],[107.570533,-7.106629000000001],[107.570533,-7.1067290000000005]]]}},{"type":"Feature","properties":{"row":3,"col":5,"Q1_2025":0.5523,"Q2_2025":0.6312,"Q3_2025":0.7013,"Q4_2025":0.6804,"Q1_2026":0.7559},"geometry":{"type":"Polygon","coordinates":[[[107.570633,-7.1067290000000005],[107.570733,-7.1067290000000005],[107.570733,-7.106629000000001],[107.570633,-7.106629000000001],[107.570633,-7.1067290000000005]]]}},{"type":"Feature","properties":{"row":3,"col":6,"Q1_2025":0.6111,"Q2_2025":0.6697,"Q3_2025":0.6174,"Q4_2025":0.6624,"Q1_2026":0.7364},"geometry":{"type":"Polygon","coordinates":[[[107.570733,-7.1067290000000005],[107.57083300000001,-7.1067290000000005],[107.57083300000001,-7.106629000000001],[107.570733,-7.106629000000001],[107.570733,-7.1067290000000005]]]}},{"type":"Feature","properties":{"row":3,"col":7,"Q1_2025":0.6048,"Q2_2025":0.7281,"Q3_2025":0.7183,"Q4_2025":0.687,"Q1_2026":0.6643},"geometry":{"type":"Polygon","coordinates":[[[107.570833,-7.1067290000000005],[107.570933,-7.1067290000000005],[107.570933,-7.106629000000001],[107.570833,-7.106629000000001],[107.570833,-7.1067290000000005]]]}},{"type":"Feature","properties":{"row":3,"col":8,"Q1_2025":0.6724,"Q2_2025":0.6958,"Q3_2025":0.7297,"Q4_2025":0.6487,"Q1_2026":0.6858},"geometry":{"type":"Polygon","coordinates":[[[107.570933,-7.1067290000000005],[107.571033,-7.1067290000000005],[107.571033,-7.106629000000001],[107.570933,-7.106629000000001],[107.570933,-7.1067290000000005]]]}},{"type":"Feature","properties":{"row":3,"col":9,"Q1_2025":0.6496,"Q2_2025":0.7362,"Q3_2025":0.7827,"Q4_2025":0.711,"Q1_2026":0.7831},"geometry":{"type":"Polygon","coordinates":[[[107.571033,-7.1067290000000005],[107.571133,-7.1067290000000005],[107.571133,-7.106629000000001],[107.571033,-7.106629000000001],[107.571033,-7.1067290000000005]]]}},{"type":"Feature","properties":{"row":3,"col":10,"Q1_2025":0.7488,"Q2_2025":0.7143,"Q3_2025":0.7871,"Q4_2025":0.6341,"Q1_2026":0.725},"geometry":{"type":"Polygon","coordinates":[[[107.571133,-7.1067290000000005],[107.571233,-7.1067290000000005],[107.571233,-7.106629000000001],[107.571133,-7.106629000000001],[107.571133,-7.1067290000000005]]]}},{"type":"Feature","properties":{"row":3,"col":11,"Q1_2025":0.7102,"Q2_2025":0.7104,"Q3_2025":0.7618,"Q4_2025":0.788,"Q1_2026":0.8242},"geometry":{"type":"Polygon","coordinates":[[[107.57123299999999,-7.1067290000000005],[107.571333,-7.1067290000000005],[107.571333,-7.106629000000001],[107.57123299999999,-7.106629000000001],[107.57123299999999,-7.1067290000000005]]]}},{"type":"Feature","properties":{"row":3,"col":12,"Q1_2025":0.631,"Q2_2025":0.7268,"Q3_2025":0.6761,"Q4_2025":0.8142,"Q1_2026":0.8056},"geometry":{"type":"Polygon","coordinates":[[[107.571333,-7.1067290000000005],[107.571433,-7.1067290000000005],[107.571433,-7.106629000000001],[107.571333,-7.106629000000001],[107.571333,-7.1067290000000005]]]}},{"type":"Feature","properties":{"row":3,"col":13,"Q1_2025":0.7125,"Q2_2025":0.7272,"Q3_2025":0.7724,"Q4_2025":0.7817,"Q1_2026":0.6885},"geometry":{"type":"Polygon","coordinates":[[[107.571433,-7.1067290000000005],[107.571533,-7.1067290000000005],[107.571533,-7.106629000000001],[107.571433,-7.106629000000001],[107.571433,-7.1067290000000005]]]}},{"type":"Feature","properties":{"row":3,"col":14,"Q1_2025":0.7105,"Q2_2025":0.7273,"Q3_2025":0.7873,"Q4_2025":0.7287,"Q1_2026":0.8464},"geometry":{"type":"Polygon","coordinates":[[[107.571533,-7.1067290000000005],[107.571633,-7.1067290000000005],[107.571633,-7.106629000000001],[107.571533,-7.106629000000001],[107.571533,-7.1067290000000005]]]}},{"type":"Feature","properties":{"row":3,"col":15,"Q1_2025":0.7304,"Q2_2025":0.6881,"Q3_2025":0.7093,"Q4_2025":0.755,"Q1_2026":0.796},"geometry":{"type":"Polygon","coordinates":[[[107.57163299999999,-7.1067290000000005],[107.571733,-7.1067290000000005],[107.571733,-7.106629000000001],[107.57163299999999,-7.106629000000001],[107.57163299999999,-7.1067290000000005]]]}},{"type":"Feature","properties":{"row":3,"col":16,"Q1_2025":0.7074,"Q2_2025":0.7566,"Q3_2025":0.7258,"Q4_2025":0.8704,"Q1_2026":0.7782},"geometry":{"type":"Polygon","coordinates":[[[107.571733,-7.1067290000000005],[107.571833,-7.1067290000000005],[107.571833,-7.106629000000001],[107.571733,-7.106629000000001],[107.571733,-7.1067290000000005]]]}},{"type":"Feature","properties":{"row":3,"col":17,"Q1_2025":0.7106,"Q2_2025":0.6681,"Q3_2025":0.6841,"Q4_2025":0.7587,"Q1_2026":0.7477},"geometry":{"type":"Polygon","coordinates":[[[107.571833,-7.1067290000000005],[107.571933,-7.1067290000000005],[107.571933,-7.106629000000001],[107.571833,-7.106629000000001],[107.571833,-7.1067290000000005]]]}},{"type":"Feature","properties":{"row":3,"col":18,"Q1_2025":0.759,"Q2_2025":0.7324,"Q3_2025":0.7632,"Q4_2025":0.8628,"Q1_2026":0.8797},"geometry":{"type":"Polygon","coordinates":[[[107.571933,-7.1067290000000005],[107.572033,-7.1067290000000005],[107.572033,-7.106629000000001],[107.571933,-7.106629000000001],[107.571933,-7.1067290000000005]]]}},{"type":"Feature","properties":{"row":3,"col":19,"Q1_2025":0.7853,"Q2_2025":0.7087,"Q3_2025":0.7229,"Q4_2025":0.8039,"Q1_2026":0.769},"geometry":{"type":"Polygon","coordinates":[[[107.572033,-7.1067290000000005],[107.57213300000001,-7.1067290000000005],[107.57213300000001,-7.106629000000001],[107.572033,-7.106629000000001],[107.572033,-7.1067290000000005]]]}},{"type":"Feature","properties":{"row":4,"col":0,"Q1_2025":0.3127,"Q2_2025":0.3174,"Q3_2025":0.3,"Q4_2025":0.3459,"Q1_2026":0.3},"geometry":{"type":"Polygon","coordinates":[[[107.570133,-7.106629000000001],[107.570233,-7.106629000000001],[107.570233,-7.106529000000001],[107.570133,-7.106529000000001],[107.570133,-7.106629000000001]]]}},{"type":"Feature","properties":{"row":4,"col":1,"Q1_2025":0.3504,"Q2_2025":0.3584,"Q3_2025":0.3,"Q4_2025":0.3769,"Q1_2026":0.3494},"geometry":{"type":"Polygon","coordinates":[[[107.570233,-7.106629000000001],[107.570333,-7.106629000000001],[107.570333,-7.106529000000001],[107.570233,-7.106529000000001],[107.570233,-7.106629000000001]]]}},{"type":"Feature","properties":{"row":4,"col":2,"Q1_2025":0.3081,"Q2_2025":0.319,"Q3_2025":0.311,"Q4_2025":0.3893,"Q1_2026":0.305},"geometry":{"type":"Polygon","coordinates":[[[107.570333,-7.106629000000001],[107.57043300000001,-7.106629000000001],[107.57043300000001,-7.106529000000001],[107.570333,-7.106529000000001],[107.570333,-7.106629000000001]]]}},{"type":"Feature","properties":{"row":4,"col":3,"Q1_2025":0.3,"Q2_2025":0.3,"Q3_2025":0.3235,"Q4_2025":0.3965,"Q1_2026":0.377},"geometry":{"type":"Polygon","coordinates":[[[107.570433,-7.106629000000001],[107.570533,-7.106629000000001],[107.570533,-7.106529000000001],[107.570433,-7.106529000000001],[107.570433,-7.106629000000001]]]}},{"type":"Feature","properties":{"row":4,"col":4,"Q1_2025":0.6316,"Q2_2025":0.6447,"Q3_2025":0.7135,"Q4_2025":0.7025,"Q1_2026":0.772},"geometry":{"type":"Polygon","coordinates":[[[107.570533,-7.106629000000001],[107.570633,-7.106629000000001],[107.570633,-7.106529000000001],[107.570533,-7.106529000000001],[107.570533,-7.106629000000001]]]}},{"type":"Feature","properties":{"row":4,"col":5,"Q1_2025":0.6495,"Q2_2025":0.7572,"Q3_2025":0.7562,"Q4_2025":0.8082,"Q1_2026":0.8036},"geometry":{"type":"Polygon","coordinates":[[[107.570633,-7.106629000000001],[107.570733,-7.106629000000001],[107.570733,-7.106529000000001],[107.570633,-7.106529000000001],[107.570633,-7.106629000000001]]]}},{"type":"Feature","properties":{"row":4,"col":6,"Q1_2025":0.6976,"Q2_2025":0.6926,"Q3_2025":0.8011,"Q4_2025":0.6339,"Q1_2026":0.8276},"geometry":{"type":"Polygon","coordinates":[[[107.570733,-7.106629000000001],[107.57083300000001,-7.106629000000001],[107.57083300000001,-7.106529000000001],[107.570733,-7.106529000000001],[107.570733,-7.106629000000001]]]}},{"type":"Feature","properties":{"row":4,"col":7,"Q1_2025":0.7194,"Q2_2025":0.6933,"Q3_2025":0.7894,"Q4_2025":0.7235,"Q1_2026":0.7722},"geometry":{"type":"Polygon","coordinates":[[[107.570833,-7.106629000000001],[107.570933,-7.106629000000001],[107.570933,-7.106529000000001],[107.570833,-7.106529000000001],[107.570833,-7.106629000000001]]]}},{"type":"Feature","properties":{"row":4,"col":8,"Q1_2025":0.6535,"Q2_2025":0.775,"Q3_2025":0.6076,"Q4_2025":0.723,"Q1_2026":0.696},"geometry":{"type":"Polygon","coordinates":[[[107.570933,-7.106629000000001],[107.571033,-7.106629000000001],[107.571033,-7.106529000000001],[107.570933,-7.106529000000001],[107.570933,-7.106629000000001]]]}},{"type":"Feature","properties":{"row":4,"col":9,"Q1_2025":0.6223,"Q2_2025":0.6548,"Q3_2025":0.7418,"Q4_2025":0.73,"Q1_2026":0.7524},"geometry":{"type":"Polygon","coordinates":[[[107.571033,-7.106629000000001],[107.571133,-7.106629000000001],[107.571133,-7.106529000000001],[107.571033,-7.106529000000001],[107.571033,-7.106629000000001]]]}},{"type":"Feature","properties":{"row":4,"col":10,"Q1_2025":0.6873,"Q2_2025":0.6861,"Q3_2025":0.7469,"Q4_2025":0.7854,"Q1_2026":0.8675},"geometry":{"type":"Polygon","coordinates":[[[107.571133,-7.106629000000001],[107.571233,-7.106629000000001],[107.571233,-7.106529000000001],[107.571133,-7.106529000000001],[107.571133,-7.106629000000001]]]}},{"type":"Feature","properties":{"row":4,"col":11,"Q1_2025":0.6977,"Q2_2025":0.7226,"Q3_2025":0.7271,"Q4_2025":0.7903,"Q1_2026":0.8256},"geometry":{"type":"Polygon","coordinates":[[[107.57123299999999,-7.106629000000001],[107.571333,-7.106629000000001],[107.571333,-7.106529000000001],[107.57123299999999,-7.106529000000001],[107.57123299999999,-7.106629000000001]]]}},{"type":"Feature","properties":{"row":4,"col":12,"Q1_2025":0.7566,"Q2_2025":0.7411,"Q3_2025":0.7973,"Q4_2025":0.7893,"Q1_2026":0.7592},"geometry":{"type":"Polygon","coordinates":[[[107.571333,-7.106629000000001],[107.571433,-7.106629000000001],[107.571433,-7.106529000000001],[107.571333,-7.106529000000001],[107.571333,-7.106629000000001]]]}},{"type":"Feature","properties":{"row":4,"col":13,"Q1_2025":0.7315,"Q2_2025":0.6713,"Q3_2025":0.7954,"Q4_2025":0.7889,"Q1_2026":0.8237},"geometry":{"type":"Polygon","coordinates":[[[107.571433,-7.106629000000001],[107.571533,-7.106629000000001],[107.571533,-7.106529000000001],[107.571433,-7.106529000000001],[107.571433,-7.106629000000001]]]}},{"type":"Feature","properties":{"row":4,"col":14,"Q1_2025":0.3388,"Q2_2025":0.3207,"Q3_2025":0.3449,"Q4_2025":0.3277,"Q1_2026":0.3345},"geometry":{"type":"Polygon","coordinates":[[[107.571533,-7.106629000000001],[107.571633,-7.106629000000001],[107.571633,-7.106529000000001],[107.571533,-7.106529000000001],[107.571533,-7.106629000000001]]]}},{"type":"Feature","properties":{"row":4,"col":15,"Q1_2025":0.6247,"Q2_2025":0.7228,"Q3_2025":0.8186,"Q4_2025":0.8853,"Q1_2026":0.8514},"geometry":{"type":"Polygon","coordinates":[[[107.57163299999999,-7.106629000000001],[107.571733,-7.106629000000001],[107.571733,-7.106529000000001],[107.57163299999999,-7.106529000000001],[107.57163299999999,-7.106629000000001]]]}},{"type":"Feature","properties":{"row":4,"col":16,"Q1_2025":0.7591,"Q2_2025":0.7338,"Q3_2025":0.8314,"Q4_2025":0.759,"Q1_2026":0.7562},"geometry":{"type":"Polygon","coordinates":[[[107.571733,-7.106629000000001],[107.571833,-7.106629000000001],[107.571833,-7.106529000000001],[107.571733,-7.106529000000001],[107.571733,-7.106629000000001]]]}},{"type":"Feature","properties":{"row":4,"col":17,"Q1_2025":0.7272,"Q2_2025":0.8338,"Q3_2025":0.7555,"Q4_2025":0.8143,"Q1_2026":0.8263},"geometry":{"type":"Polygon","coordinates":[[[107.571833,-7.106629000000001],[107.571933,-7.106629000000001],[107.571933,-7.106529000000001],[107.571833,-7.106529000000001],[107.571833,-7.106629000000001]]]}},{"type":"Feature","properties":{"row":4,"col":18,"Q1_2025":0.6876,"Q2_2025":0.7665,"Q3_2025":0.7508,"Q4_2025":0.764,"Q1_2026":0.8182},"geometry":{"type":"Polygon","coordinates":[[[107.571933,-7.106629000000001],[107.572033,-7.106629000000001],[107.572033,-7.106529000000001],[107.571933,-7.106529000000001],[107.571933,-7.106629000000001]]]}},{"type":"Feature","properties":{"row":4,"col":19,"Q1_2025":0.6677,"Q2_2025":0.8316,"Q3_2025":0.7568,"Q4_2025":0.7955,"Q1_2026":0.659},"geometry":{"type":"Polygon","coordinates":[[[107.572033,-7.106629000000001],[107.57213300000001,-7.106629000000001],[107.57213300000001,-7.106529000000001],[107.572033,-7.106529000000001],[107.572033,-7.106629000000001]]]}},{"type":"Feature","properties":{"row":5,"col":0,"Q1_2025":0.6757,"Q2_2025":0.5816,"Q3_2025":0.6994,"Q4_2025":0.572,"Q1_2026":0.6915},"geometry":{"type":"Polygon","coordinates":[[[107.570133,-7.106529000000001],[107.570233,-7.106529000000001],[107.570233,-7.106429000000001],[107.570133,-7.106429000000001],[107.570133,-7.106529000000001]]]}},{"type":"Feature","properties":{"row":5,"col":1,"Q1_2025":0.3543,"Q2_2025":0.3,"Q3_2025":0.3602,"Q4_2025":0.3,"Q1_2026":0.3},"geometry":{"type":"Polygon","coordinates":[[[107.570233,-7.106529000000001],[107.570333,-7.106529000000001],[107.570333,-7.106429000000001],[107.570233,-7.106429000000001],[107.570233,-7.106529000000001]]]}},{"type":"Feature","properties":{"row":5,"col":2,"Q1_2025":0.3525,"Q2_2025":0.3,"Q3_2025":0.3803,"Q4_2025":0.3105,"Q1_2026":0.3762},"geometry":{"type":"Polygon","coordinates":[[[107.570333,-7.106529000000001],[107.57043300000001,-7.106529000000001],[107.57043300000001,-7.106429000000001],[107.570333,-7.106429000000001],[107.570333,-7.106529000000001]]]}},{"type":"Feature","properties":{"row":5,"col":3,"Q1_2025":0.6585,"Q2_2025":0.6956,"Q3_2025":0.6481,"Q4_2025":0.6617,"Q1_2026":0.7211},"geometry":{"type":"Polygon","coordinates":[[[107.570433,-7.106529000000001],[107.570533,-7.106529000000001],[107.570533,-7.106429000000001],[107.570433,-7.106429000000001],[107.570433,-7.106529000000001]]]}},{"type":"Feature","properties":{"row":5,"col":4,"Q1_2025":0.7101,"Q2_2025":0.7686,"Q3_2025":0.8163,"Q4_2025":0.6685,"Q1_2026":0.7051},"geometry":{"type":"Polygon","coordinates":[[[107.570533,-7.106529000000001],[107.570633,-7.106529000000001],[107.570633,-7.106429000000001],[107.570533,-7.106429000000001],[107.570533,-7.106529000000001]]]}},{"type":"Feature","properties":{"row":5,"col":5,"Q1_2025":0.7621,"Q2_2025":0.7039,"Q3_2025":0.6521,"Q4_2025":0.7996,"Q1_2026":0.7832},"geometry":{"type":"Polygon","coordinates":[[[107.570633,-7.106529000000001],[107.570733,-7.106529000000001],[107.570733,-7.106429000000001],[107.570633,-7.106429000000001],[107.570633,-7.106529000000001]]]}},{"type":"Feature","properties":{"row":5,"col":6,"Q1_2025":0.6878,"Q2_2025":0.7706,"Q3_2025":0.6933,"Q4_2025":0.6916,"Q1_2026":0.7925},"geometry":{"type":"Polygon","coordinates":[[[107.570733,-7.106529000000001],[107.57083300000001,-7.106529000000001],[107.57083300000001,-7.106429000000001],[107.570733,-7.106429000000001],[107.570733,-7.106529000000001]]]}},{"type":"Feature","properties":{"row":5,"col":7,"Q1_2025":0.6344,"Q2_2025":0.7493,"Q3_2025":0.7539,"Q4_2025":0.7447,"Q1_2026":0.7926},"geometry":{"type":"Polygon","coordinates":[[[107.570833,-7.106529000000001],[107.570933,-7.106529000000001],[107.570933,-7.106429000000001],[107.570833,-7.106429000000001],[107.570833,-7.106529000000001]]]}},{"type":"Feature","properties":{"row":5,"col":8,"Q1_2025":0.6404,"Q2_2025":0.7779,"Q3_2025":0.733,"Q4_2025":0.8056,"Q1_2026":0.7457},"geometry":{"type":"Polygon","coordinates":[[[107.570933,-7.106529000000001],[107.571033,-7.106529000000001],[107.571033,-7.106429000000001],[107.570933,-7.106429000000001],[107.570933,-7.106529000000001]]]}},{"type":"Feature","properties":{"row":5,"col":9,"Q1_2025":0.6685,"Q2_2025":0.6996,"Q3_2025":0.695,"Q4_2025":0.6778,"Q1_2026":0.7036},"geometry":{"type":"Polygon","coordinates":[[[107.571033,-7.106529000000001],[107.571133,-7.106529000000001],[107.571133,-7.106429000000001],[107.571033,-7.106429000000001],[107.571033,-7.106529000000001]]]}},{"type":"Feature","properties":{"row":5,"col":10,"Q1_2025":0.68,"Q2_2025":0.7929,"Q3_2025":0.7098,"Q4_2025":0.7155,"Q1_2026":0.7166},"geometry":{"type":"Polygon","coordinates":[[[107.571133,-7.106529000000001],[107.571233,-7.106529000000001],[107.571233,-7.106429000000001],[107.571133,-7.106429000000001],[107.571133,-7.106529000000001]]]}},{"type":"Feature","properties":{"row":5,"col":11,"Q1_2025":0.735,"Q2_2025":0.7229,"Q3_2025":0.7376,"Q4_2025":0.7909,"Q1_2026":0.8015},"geometry":{"type":"Polygon","coordinates":[[[107.57123299999999,-7.106529000000001],[107.571333,-7.106529000000001],[107.571333,-7.106429000000001],[107.57123299999999,-7.106429000000001],[107.57123299999999,-7.106529000000001]]]}},{"type":"Feature","properties":{"row":5,"col":12,"Q1_2025":0.7462,"Q2_2025":0.7407,"Q3_2025":0.7673,"Q4_2025":0.8431,"Q1_2026":0.7645},"geometry":{"type":"Polygon","coordinates":[[[107.571333,-7.106529000000001],[107.571433,-7.106529000000001],[107.571433,-7.106429000000001],[107.571333,-7.106429000000001],[107.571333,-7.106529000000001]]]}},{"type":"Feature","properties":{"row":5,"col":13,"Q1_2025":0.7545,"Q2_2025":0.8168,"Q3_2025":0.7393,"Q4_2025":0.7191,"Q1_2026":0.7869},"geometry":{"type":"Polygon","coordinates":[[[107.571433,-7.106529000000001],[107.571533,-7.106529000000001],[107.571533,-7.106429000000001],[107.571433,-7.106429000000001],[107.571433,-7.106529000000001]]]}},{"type":"Feature","properties":{"row":5,"col":14,"Q1_2025":0.7091,"Q2_2025":0.6414,"Q3_2025":0.7111,"Q4_2025":0.7061,"Q1_2026":0.716},"geometry":{"type":"Polygon","coordinates":[[[107.571533,-7.106529000000001],[107.571633,-7.106529000000001],[107.571633,-7.106429000000001],[107.571533,-7.106429000000001],[107.571533,-7.106529000000001]]]}},{"type":"Feature","properties":{"row":5,"col":15,"Q1_2025":0.6457,"Q2_2025":0.7301,"Q3_2025":0.8395,"Q4_2025":0.7954,"Q1_2026":0.8574},"geometry":{"type":"Polygon","coordinates":[[[107.57163299999999,-7.106529000000001],[107.571733,-7.106529000000001],[107.571733,-7.106429000000001],[107.57163299999999,-7.106429000000001],[107.57163299999999,-7.106529000000001]]]}},{"type":"Feature","properties":{"row":5,"col":16,"Q1_2025":0.7275,"Q2_2025":0.7906,"Q3_2025":0.8108,"Q4_2025":0.7776,"Q1_2026":0.862},"geometry":{"type":"Polygon","coordinates":[[[107.571733,-7.106529000000001],[107.571833,-7.106529000000001],[107.571833,-7.106429000000001],[107.571733,-7.106429000000001],[107.571733,-7.106529000000001]]]}},{"type":"Feature","properties":{"row":5,"col":17,"Q1_2025":0.68,"Q2_2025":0.779,"Q3_2025":0.7766,"Q4_2025":0.9012,"Q1_2026":0.7775},"geometry":{"type":"Polygon","coordinates":[[[107.571833,-7.106529000000001],[107.571933,-7.106529000000001],[107.571933,-7.106429000000001],[107.571833,-7.106429000000001],[107.571833,-7.106529000000001]]]}},{"type":"Feature","properties":{"row":5,"col":18,"Q1_2025":0.7293,"Q2_2025":0.7199,"Q3_2025":0.7763,"Q4_2025":0.8489,"Q1_2026":0.8153},"geometry":{"type":"Polygon","coordinates":[[[107.571933,-7.106529000000001],[107.572033,-7.106529000000001],[107.572033,-7.106429000000001],[107.571933,-7.106429000000001],[107.571933,-7.106529000000001]]]}},{"type":"Feature","properties":{"row":5,"col":19,"Q1_2025":0.7138,"Q2_2025":0.6616,"Q3_2025":0.8865,"Q4_2025":0.7845,"Q1_2026":0.7638},"geometry":{"type":"Polygon","coordinates":[[[107.572033,-7.106529000000001],[107.57213300000001,-7.106529000000001],[107.57213300000001,-7.106429000000001],[107.572033,-7.106429000000001],[107.572033,-7.106529000000001]]]}},{"type":"Feature","properties":{"row":6,"col":0,"Q1_2025":0.6392,"Q2_2025":0.5729,"Q3_2025":0.5702,"Q4_2025":0.6214,"Q1_2026":0.6978},"geometry":{"type":"Polygon","coordinates":[[[107.570133,-7.106429],[107.570233,-7.106429],[107.570233,-7.106329000000001],[107.570133,-7.106329000000001],[107.570133,-7.106429]]]}},{"type":"Feature","properties":{"row":6,"col":1,"Q1_2025":0.7067,"Q2_2025":0.6571,"Q3_2025":0.5956,"Q4_2025":0.6564,"Q1_2026":0.8426},"geometry":{"type":"Polygon","coordinates":[[[107.570233,-7.106429],[107.570333,-7.106429],[107.570333,-7.106329000000001],[107.570233,-7.106329000000001],[107.570233,-7.106429]]]}},{"type":"Feature","properties":{"row":6,"col":2,"Q1_2025":0.3538,"Q2_2025":0.3,"Q3_2025":0.3086,"Q4_2025":0.3705,"Q1_2026":0.3085},"geometry":{"type":"Polygon","coordinates":[[[107.570333,-7.106429],[107.57043300000001,-7.106429],[107.57043300000001,-7.106329000000001],[107.570333,-7.106329000000001],[107.570333,-7.106429]]]}},{"type":"Feature","properties":{"row":6,"col":3,"Q1_2025":0.6409,"Q2_2025":0.7022,"Q3_2025":0.723,"Q4_2025":0.7194,"Q1_2026":0.7375},"geometry":{"type":"Polygon","coordinates":[[[107.570433,-7.106429],[107.570533,-7.106429],[107.570533,-7.106329000000001],[107.570433,-7.106329000000001],[107.570433,-7.106429]]]}},{"type":"Feature","properties":{"row":6,"col":4,"Q1_2025":0.6131,"Q2_2025":0.6932,"Q3_2025":0.6525,"Q4_2025":0.6876,"Q1_2026":0.7504},"geometry":{"type":"Polygon","coordinates":[[[107.570533,-7.106429],[107.570633,-7.106429],[107.570633,-7.106329000000001],[107.570533,-7.106329000000001],[107.570533,-7.106429]]]}},{"type":"Feature","properties":{"row":6,"col":5,"Q1_2025":0.7383,"Q2_2025":0.6748,"Q3_2025":0.6021,"Q4_2025":0.7074,"Q1_2026":0.7147},"geometry":{"type":"Polygon","coordinates":[[[107.570633,-7.106429],[107.570733,-7.106429],[107.570733,-7.106329000000001],[107.570633,-7.106329000000001],[107.570633,-7.106429]]]}},{"type":"Feature","properties":{"row":6,"col":6,"Q1_2025":0.6745,"Q2_2025":0.6925,"Q3_2025":0.8193,"Q4_2025":0.7415,"Q1_2026":0.741},"geometry":{"type":"Polygon","coordinates":[[[107.570733,-7.106429],[107.57083300000001,-7.106429],[107.57083300000001,-7.106329000000001],[107.570733,-7.106329000000001],[107.570733,-7.106429]]]}},{"type":"Feature","properties":{"row":6,"col":7,"Q1_2025":0.7045,"Q2_2025":0.7011,"Q3_2025":0.6812,"Q4_2025":0.7893,"Q1_2026":0.7477},"geometry":{"type":"Polygon","coordinates":[[[107.570833,-7.106429],[107.570933,-7.106429],[107.570933,-7.106329000000001],[107.570833,-7.106329000000001],[107.570833,-7.106429]]]}},{"type":"Feature","properties":{"row":6,"col":8,"Q1_2025":0.7198,"Q2_2025":0.7452,"Q3_2025":0.6972,"Q4_2025":0.7176,"Q1_2026":0.7728},"geometry":{"type":"Polygon","coordinates":[[[107.570933,-7.106429],[107.571033,-7.106429],[107.571033,-7.106329000000001],[107.570933,-7.106329000000001],[107.570933,-7.106429]]]}},{"type":"Feature","properties":{"row":6,"col":9,"Q1_2025":0.6659,"Q2_2025":0.6993,"Q3_2025":0.7295,"Q4_2025":0.7205,"Q1_2026":0.7917},"geometry":{"type":"Polygon","coordinates":[[[107.571033,-7.106429],[107.571133,-7.106429],[107.571133,-7.106329000000001],[107.571033,-7.106329000000001],[107.571033,-7.106429]]]}},{"type":"Feature","properties":{"row":6,"col":10,"Q1_2025":0.7275,"Q2_2025":0.7171,"Q3_2025":0.7031,"Q4_2025":0.6962,"Q1_2026":0.7059},"geometry":{"type":"Polygon","coordinates":[[[107.571133,-7.106429],[107.571233,-7.106429],[107.571233,-7.106329000000001],[107.571133,-7.106329000000001],[107.571133,-7.106429]]]}},{"type":"Feature","properties":{"row":6,"col":11,"Q1_2025":0.6944,"Q2_2025":0.6514,"Q3_2025":0.8106,"Q4_2025":0.7058,"Q1_2026":0.8544},"geometry":{"type":"Polygon","coordinates":[[[107.57123299999999,-7.106429],[107.571333,-7.106429],[107.571333,-7.106329000000001],[107.57123299999999,-7.106329000000001],[107.57123299999999,-7.106429]]]}},{"type":"Feature","properties":{"row":6,"col":12,"Q1_2025":0.6643,"Q2_2025":0.7974,"Q3_2025":0.7528,"Q4_2025":0.8293,"Q1_2026":0.8055},"geometry":{"type":"Polygon","coordinates":[[[107.571333,-7.106429],[107.571433,-7.106429],[107.571433,-7.106329000000001],[107.571333,-7.106329000000001],[107.571333,-7.106429]]]}},{"type":"Feature","properties":{"row":6,"col":13,"Q1_2025":0.8547,"Q2_2025":0.729,"Q3_2025":0.7186,"Q4_2025":0.8086,"Q1_2026":0.8224},"geometry":{"type":"Polygon","coordinates":[[[107.571433,-7.106429],[107.571533,-7.106429],[107.571533,-7.106329000000001],[107.571433,-7.106329000000001],[107.571433,-7.106429]]]}},{"type":"Feature","properties":{"row":6,"col":14,"Q1_2025":0.656,"Q2_2025":0.7854,"Q3_2025":0.7528,"Q4_2025":0.8101,"Q1_2026":0.9276},"geometry":{"type":"Polygon","coordinates":[[[107.571533,-7.106429],[107.571633,-7.106429],[107.571633,-7.106329000000001],[107.571533,-7.106329000000001],[107.571533,-7.106429]]]}},{"type":"Feature","properties":{"row":6,"col":15,"Q1_2025":0.7765,"Q2_2025":0.6815,"Q3_2025":0.7423,"Q4_2025":0.7043,"Q1_2026":0.8645},"geometry":{"type":"Polygon","coordinates":[[[107.57163299999999,-7.106429],[107.571733,-7.106429],[107.571733,-7.106329000000001],[107.57163299999999,-7.106329000000001],[107.57163299999999,-7.106429]]]}},{"type":"Feature","properties":{"row":6,"col":16,"Q1_2025":0.7778,"Q2_2025":0.7299,"Q3_2025":0.7829,"Q4_2025":0.7807,"Q1_2026":0.7988},"geometry":{"type":"Polygon","coordinates":[[[107.571733,-7.106429],[107.571833,-7.106429],[107.571833,-7.106329000000001],[107.571733,-7.106329000000001],[107.571733,-7.106429]]]}},{"type":"Feature","properties":{"row":6,"col":17,"Q1_2025":0.7688,"Q2_2025":0.7941,"Q3_2025":0.8028,"Q4_2025":0.8191,"Q1_2026":0.8542},"geometry":{"type":"Polygon","coordinates":[[[107.571833,-7.106429],[107.571933,-7.106429],[107.571933,-7.106329000000001],[107.571833,-7.106329000000001],[107.571833,-7.106429]]]}},{"type":"Feature","properties":{"row":6,"col":18,"Q1_2025":0.7508,"Q2_2025":0.7061,"Q3_2025":0.741,"Q4_2025":0.7756,"Q1_2026":0.7977},"geometry":{"type":"Polygon","coordinates":[[[107.571933,-7.106429],[107.572033,-7.106429],[107.572033,-7.106329000000001],[107.571933,-7.106329000000001],[107.571933,-7.106429]]]}},{"type":"Feature","properties":{"row":6,"col":19,"Q1_2025":0.7563,"Q2_2025":0.6832,"Q3_2025":0.7887,"Q4_2025":0.7887,"Q1_2026":0.7318},"geometry":{"type":"Polygon","coordinates":[[[107.572033,-7.106429],[107.57213300000001,-7.106429],[107.57213300000001,-7.106329000000001],[107.572033,-7.106329000000001],[107.572033,-7.106429]]]}},{"type":"Feature","properties":{"row":7,"col":0,"Q1_2025":0.5821,"Q2_2025":0.5742,"Q3_2025":0.5943,"Q4_2025":0.6247,"Q1_2026":0.6868},"geometry":{"type":"Polygon","coordinates":[[[107.570133,-7.106329000000001],[107.570233,-7.106329000000001],[107.570233,-7.106229000000001],[107.570133,-7.106229000000001],[107.570133,-7.106329000000001]]]}},{"type":"Feature","properties":{"row":7,"col":1,"Q1_2025":0.6122,"Q2_2025":0.6312,"Q3_2025":0.7474,"Q4_2025":0.7245,"Q1_2026":0.6816},"geometry":{"type":"Polygon","coordinates":[[[107.570233,-7.106329000000001],[107.570333,-7.106329000000001],[107.570333,-7.106229000000001],[107.570233,-7.106229000000001],[107.570233,-7.106329000000001]]]}},{"type":"Feature","properties":{"row":7,"col":2,"Q1_2025":0.6479,"Q2_2025":0.6815,"Q3_2025":0.6658,"Q4_2025":0.6804,"Q1_2026":0.7087},"geometry":{"type":"Polygon","coordinates":[[[107.570333,-7.106329000000001],[107.57043300000001,-7.106329000000001],[107.57043300000001,-7.106229000000001],[107.570333,-7.106229000000001],[107.570333,-7.106329000000001]]]}},{"type":"Feature","properties":{"row":7,"col":3,"Q1_2025":0.5157,"Q2_2025":0.7206,"Q3_2025":0.7226,"Q4_2025":0.6699,"Q1_2026":0.7677},"geometry":{"type":"Polygon","coordinates":[[[107.570433,-7.106329000000001],[107.570533,-7.106329000000001],[107.570533,-7.106229000000001],[107.570433,-7.106229000000001],[107.570433,-7.106329000000001]]]}},{"type":"Feature","properties":{"row":7,"col":4,"Q1_2025":0.6857,"Q2_2025":0.7181,"Q3_2025":0.6483,"Q4_2025":0.8283,"Q1_2026":0.6567},"geometry":{"type":"Polygon","coordinates":[[[107.570533,-7.106329000000001],[107.570633,-7.106329000000001],[107.570633,-7.106229000000001],[107.570533,-7.106229000000001],[107.570533,-7.106329000000001]]]}},{"type":"Feature","properties":{"row":7,"col":5,"Q1_2025":0.6159,"Q2_2025":0.7417,"Q3_2025":0.7843,"Q4_2025":0.7545,"Q1_2026":0.7612},"geometry":{"type":"Polygon","coordinates":[[[107.570633,-7.106329000000001],[107.570733,-7.106329000000001],[107.570733,-7.106229000000001],[107.570633,-7.106229000000001],[107.570633,-7.106329000000001]]]}},{"type":"Feature","properties":{"row":7,"col":6,"Q1_2025":0.6384,"Q2_2025":0.726,"Q3_2025":0.6872,"Q4_2025":0.7154,"Q1_2026":0.7805},"geometry":{"type":"Polygon","coordinates":[[[107.570733,-7.106329000000001],[107.57083300000001,-7.106329000000001],[107.57083300000001,-7.106229000000001],[107.570733,-7.106229000000001],[107.570733,-7.106329000000001]]]}},{"type":"Feature","properties":{"row":7,"col":7,"Q1_2025":0.7585,"Q2_2025":0.7063,"Q3_2025":0.76,"Q4_2025":0.7307,"Q1_2026":0.7196},"geometry":{"type":"Polygon","coordinates":[[[107.570833,-7.106329000000001],[107.570933,-7.106329000000001],[107.570933,-7.106229000000001],[107.570833,-7.106229000000001],[107.570833,-7.106329000000001]]]}},{"type":"Feature","properties":{"row":7,"col":8,"Q1_2025":0.6692,"Q2_2025":0.7243,"Q3_2025":0.7781,"Q4_2025":0.9133,"Q1_2026":0.8233},"geometry":{"type":"Polygon","coordinates":[[[107.570933,-7.106329000000001],[107.571033,-7.106329000000001],[107.571033,-7.106229000000001],[107.570933,-7.106229000000001],[107.570933,-7.106329000000001]]]}},{"type":"Feature","properties":{"row":7,"col":9,"Q1_2025":0.733,"Q2_2025":0.822,"Q3_2025":0.7328,"Q4_2025":0.7853,"Q1_2026":0.7604},"geometry":{"type":"Polygon","coordinates":[[[107.571033,-7.106329000000001],[107.571133,-7.106329000000001],[107.571133,-7.106229000000001],[107.571033,-7.106229000000001],[107.571033,-7.106329000000001]]]}},{"type":"Feature","properties":{"row":7,"col":10,"Q1_2025":0.7722,"Q2_2025":0.7895,"Q3_2025":0.7456,"Q4_2025":0.8005,"Q1_2026":0.774},"geometry":{"type":"Polygon","coordinates":[[[107.571133,-7.106329000000001],[107.571233,-7.106329000000001],[107.571233,-7.106229000000001],[107.571133,-7.106229000000001],[107.571133,-7.106329000000001]]]}},{"type":"Feature","properties":{"row":7,"col":11,"Q1_2025":0.7271,"Q2_2025":0.6852,"Q3_2025":0.7477,"Q4_2025":0.7638,"Q1_2026":0.8543},"geometry":{"type":"Polygon","coordinates":[[[107.57123299999999,-7.106329000000001],[107.571333,-7.106329000000001],[107.571333,-7.106229000000001],[107.57123299999999,-7.106229000000001],[107.57123299999999,-7.106329000000001]]]}},{"type":"Feature","properties":{"row":7,"col":12,"Q1_2025":0.7343,"Q2_2025":0.7035,"Q3_2025":0.7575,"Q4_2025":0.802,"Q1_2026":0.7965},"geometry":{"type":"Polygon","coordinates":[[[107.571333,-7.106329000000001],[107.571433,-7.106329000000001],[107.571433,-7.106229000000001],[107.571333,-7.106229000000001],[107.571333,-7.106329000000001]]]}},{"type":"Feature","properties":{"row":7,"col":13,"Q1_2025":0.7865,"Q2_2025":0.6987,"Q3_2025":0.818,"Q4_2025":0.7851,"Q1_2026":0.867},"geometry":{"type":"Polygon","coordinates":[[[107.571433,-7.106329000000001],[107.571533,-7.106329000000001],[107.571533,-7.106229000000001],[107.571433,-7.106229000000001],[107.571433,-7.106329000000001]]]}},{"type":"Feature","properties":{"row":7,"col":14,"Q1_2025":0.7671,"Q2_2025":0.7506,"Q3_2025":0.8296,"Q4_2025":0.7791,"Q1_2026":0.7995},"geometry":{"type":"Polygon","coordinates":[[[107.571533,-7.106329000000001],[107.571633,-7.106329000000001],[107.571633,-7.106229000000001],[107.571533,-7.106229000000001],[107.571533,-7.106329000000001]]]}},{"type":"Feature","properties":{"row":7,"col":15,"Q1_2025":0.6916,"Q2_2025":0.7338,"Q3_2025":0.7848,"Q4_2025":0.7491,"Q1_2026":0.8355},"geometry":{"type":"Polygon","coordinates":[[[107.57163299999999,-7.106329000000001],[107.571733,-7.106329000000001],[107.571733,-7.106229000000001],[107.57163299999999,-7.106229000000001],[107.57163299999999,-7.106329000000001]]]}},{"type":"Feature","properties":{"row":7,"col":16,"Q1_2025":0.8226,"Q2_2025":0.8015,"Q3_2025":0.7726,"Q4_2025":0.7582,"Q1_2026":0.8172},"geometry":{"type":"Polygon","coordinates":[[[107.571733,-7.106329000000001],[107.571833,-7.106329000000001],[107.571833,-7.106229000000001],[107.571733,-7.106229000000001],[107.571733,-7.106329000000001]]]}},{"type":"Feature","properties":{"row":7,"col":17,"Q1_2025":0.7114,"Q2_2025":0.7098,"Q3_2025":0.7253,"Q4_2025":0.8208,"Q1_2026":0.8922},"geometry":{"type":"Polygon","coordinates":[[[107.571833,-7.106329000000001],[107.571933,-7.106329000000001],[107.571933,-7.106229000000001],[107.571833,-7.106229000000001],[107.571833,-7.106329000000001]]]}},{"type":"Feature","properties":{"row":7,"col":18,"Q1_2025":0.3339,"Q2_2025":0.3,"Q3_2025":0.3,"Q4_2025":0.3,"Q1_2026":0.3977},"geometry":{"type":"Polygon","coordinates":[[[107.571933,-7.106329000000001],[107.572033,-7.106329000000001],[107.572033,-7.106229000000001],[107.571933,-7.106229000000001],[107.571933,-7.106329000000001]]]}},{"type":"Feature","properties":{"row":7,"col":19,"Q1_2025":0.7048,"Q2_2025":0.7058,"Q3_2025":0.7244,"Q4_2025":0.724,"Q1_2026":0.7789},"geometry":{"type":"Polygon","coordinates":[[[107.572033,-7.106329000000001],[107.57213300000001,-7.106329000000001],[107.57213300000001,-7.106229000000001],[107.572033,-7.106229000000001],[107.572033,-7.106329000000001]]]}},{"type":"Feature","properties":{"row":8,"col":0,"Q1_2025":0.5694,"Q2_2025":0.5389,"Q3_2025":0.5614,"Q4_2025":0.558,"Q1_2026":0.6337},"geometry":{"type":"Polygon","coordinates":[[[107.570133,-7.106229000000001],[107.570233,-7.106229000000001],[107.570233,-7.106129000000001],[107.570133,-7.106129000000001],[107.570133,-7.106229000000001]]]}},{"type":"Feature","properties":{"row":8,"col":1,"Q1_2025":0.7447,"Q2_2025":0.6238,"Q3_2025":0.7148,"Q4_2025":0.6162,"Q1_2026":0.7192},"geometry":{"type":"Polygon","coordinates":[[[107.570233,-7.106229000000001],[107.570333,-7.106229000000001],[107.570333,-7.106129000000001],[107.570233,-7.106129000000001],[107.570233,-7.106229000000001]]]}},{"type":"Feature","properties":{"row":8,"col":2,"Q1_2025":0.6577,"Q2_2025":0.5944,"Q3_2025":0.6668,"Q4_2025":0.7142,"Q1_2026":0.705},"geometry":{"type":"Polygon","coordinates":[[[107.570333,-7.106229000000001],[107.57043300000001,-7.106229000000001],[107.57043300000001,-7.106129000000001],[107.570333,-7.106129000000001],[107.570333,-7.106229000000001]]]}},{"type":"Feature","properties":{"row":8,"col":3,"Q1_2025":0.6549,"Q2_2025":0.6437,"Q3_2025":0.7218,"Q4_2025":0.6271,"Q1_2026":0.6231},"geometry":{"type":"Polygon","coordinates":[[[107.570433,-7.106229000000001],[107.570533,-7.106229000000001],[107.570533,-7.106129000000001],[107.570433,-7.106129000000001],[107.570433,-7.106229000000001]]]}},{"type":"Feature","properties":{"row":8,"col":4,"Q1_2025":0.3,"Q2_2025":0.3314,"Q3_2025":0.3,"Q4_2025":0.3862,"Q1_2026":0.3527},"geometry":{"type":"Polygon","coordinates":[[[107.570533,-7.106229000000001],[107.570633,-7.106229000000001],[107.570633,-7.106129000000001],[107.570533,-7.106129000000001],[107.570533,-7.106229000000001]]]}},{"type":"Feature","properties":{"row":8,"col":5,"Q1_2025":0.6643,"Q2_2025":0.5726,"Q3_2025":0.7173,"Q4_2025":0.6515,"Q1_2026":0.7863},"geometry":{"type":"Polygon","coordinates":[[[107.570633,-7.106229000000001],[107.570733,-7.106229000000001],[107.570733,-7.106129000000001],[107.570633,-7.106129000000001],[107.570633,-7.106229000000001]]]}},{"type":"Feature","properties":{"row":8,"col":6,"Q1_2025":0.766,"Q2_2025":0.5906,"Q3_2025":0.794,"Q4_2025":0.7883,"Q1_2026":0.8479},"geometry":{"type":"Polygon","coordinates":[[[107.570733,-7.106229000000001],[107.57083300000001,-7.106229000000001],[107.57083300000001,-7.106129000000001],[107.570733,-7.106129000000001],[107.570733,-7.106229000000001]]]}},{"type":"Feature","properties":{"row":8,"col":7,"Q1_2025":0.7242,"Q2_2025":0.786,"Q3_2025":0.7417,"Q4_2025":0.7285,"Q1_2026":0.7549},"geometry":{"type":"Polygon","coordinates":[[[107.570833,-7.106229000000001],[107.570933,-7.106229000000001],[107.570933,-7.106129000000001],[107.570833,-7.106129000000001],[107.570833,-7.106229000000001]]]}},{"type":"Feature","properties":{"row":8,"col":8,"Q1_2025":0.761,"Q2_2025":0.7135,"Q3_2025":0.7695,"Q4_2025":0.7035,"Q1_2026":0.8647},"geometry":{"type":"Polygon","coordinates":[[[107.570933,-7.106229000000001],[107.571033,-7.106229000000001],[107.571033,-7.106129000000001],[107.570933,-7.106129000000001],[107.570933,-7.106229000000001]]]}},{"type":"Feature","properties":{"row":8,"col":9,"Q1_2025":0.7522,"Q2_2025":0.7267,"Q3_2025":0.8079,"Q4_2025":0.7432,"Q1_2026":0.7918},"geometry":{"type":"Polygon","coordinates":[[[107.571033,-7.106229000000001],[107.571133,-7.106229000000001],[107.571133,-7.106129000000001],[107.571033,-7.106129000000001],[107.571033,-7.106229000000001]]]}},{"type":"Feature","properties":{"row":8,"col":10,"Q1_2025":0.7367,"Q2_2025":0.8556,"Q3_2025":0.8442,"Q4_2025":0.7829,"Q1_2026":0.83},"geometry":{"type":"Polygon","coordinates":[[[107.571133,-7.106229000000001],[107.571233,-7.106229000000001],[107.571233,-7.106129000000001],[107.571133,-7.106129000000001],[107.571133,-7.106229000000001]]]}},{"type":"Feature","properties":{"row":8,"col":11,"Q1_2025":0.7592,"Q2_2025":0.7049,"Q3_2025":0.687,"Q4_2025":0.7755,"Q1_2026":0.8903},"geometry":{"type":"Polygon","coordinates":[[[107.57123299999999,-7.106229000000001],[107.571333,-7.106229000000001],[107.571333,-7.106129000000001],[107.57123299999999,-7.106129000000001],[107.57123299999999,-7.106229000000001]]]}},{"type":"Feature","properties":{"row":8,"col":12,"Q1_2025":0.73,"Q2_2025":0.7414,"Q3_2025":0.7784,"Q4_2025":0.7835,"Q1_2026":0.7568},"geometry":{"type":"Polygon","coordinates":[[[107.571333,-7.106229000000001],[107.571433,-7.106229000000001],[107.571433,-7.106129000000001],[107.571333,-7.106129000000001],[107.571333,-7.106229000000001]]]}},{"type":"Feature","properties":{"row":8,"col":13,"Q1_2025":0.7173,"Q2_2025":0.751,"Q3_2025":0.8064,"Q4_2025":0.7679,"Q1_2026":0.7074},"geometry":{"type":"Polygon","coordinates":[[[107.571433,-7.106229000000001],[107.571533,-7.106229000000001],[107.571533,-7.106129000000001],[107.571433,-7.106129000000001],[107.571433,-7.106229000000001]]]}},{"type":"Feature","properties":{"row":8,"col":14,"Q1_2025":0.8522,"Q2_2025":0.7599,"Q3_2025":0.8439,"Q4_2025":0.8431,"Q1_2026":0.8123},"geometry":{"type":"Polygon","coordinates":[[[107.571533,-7.106229000000001],[107.571633,-7.106229000000001],[107.571633,-7.106129000000001],[107.571533,-7.106129000000001],[107.571533,-7.106229000000001]]]}},{"type":"Feature","properties":{"row":8,"col":15,"Q1_2025":0.7392,"Q2_2025":0.7153,"Q3_2025":0.8943,"Q4_2025":0.7533,"Q1_2026":0.8912},"geometry":{"type":"Polygon","coordinates":[[[107.57163299999999,-7.106229000000001],[107.571733,-7.106229000000001],[107.571733,-7.106129000000001],[107.57163299999999,-7.106129000000001],[107.57163299999999,-7.106229000000001]]]}},{"type":"Feature","properties":{"row":8,"col":16,"Q1_2025":0.8194,"Q2_2025":0.95,"Q3_2025":0.8007,"Q4_2025":0.8318,"Q1_2026":0.8313},"geometry":{"type":"Polygon","coordinates":[[[107.571733,-7.106229000000001],[107.571833,-7.106229000000001],[107.571833,-7.106129000000001],[107.571733,-7.106129000000001],[107.571733,-7.106229000000001]]]}},{"type":"Feature","properties":{"row":8,"col":17,"Q1_2025":0.6763,"Q2_2025":0.6748,"Q3_2025":0.7539,"Q4_2025":0.7215,"Q1_2026":0.8019},"geometry":{"type":"Polygon","coordinates":[[[107.571833,-7.106229000000001],[107.571933,-7.106229000000001],[107.571933,-7.106129000000001],[107.571833,-7.106129000000001],[107.571833,-7.106229000000001]]]}},{"type":"Feature","properties":{"row":8,"col":18,"Q1_2025":0.7803,"Q2_2025":0.7022,"Q3_2025":0.7471,"Q4_2025":0.7742,"Q1_2026":0.8431},"geometry":{"type":"Polygon","coordinates":[[[107.571933,-7.106229000000001],[107.572033,-7.106229000000001],[107.572033,-7.106129000000001],[107.571933,-7.106129000000001],[107.571933,-7.106229000000001]]]}},{"type":"Feature","properties":{"row":8,"col":19,"Q1_2025":0.7968,"Q2_2025":0.6707,"Q3_2025":0.691,"Q4_2025":0.7845,"Q1_2026":0.7925},"geometry":{"type":"Polygon","coordinates":[[[107.572033,-7.106229000000001],[107.57213300000001,-7.106229000000001],[107.57213300000001,-7.106129000000001],[107.572033,-7.106129000000001],[107.572033,-7.106229000000001]]]}},{"type":"Feature","properties":{"row":9,"col":0,"Q1_2025":0.5614,"Q2_2025":0.6939,"Q3_2025":0.7213,"Q4_2025":0.6608,"Q1_2026":0.6952},"geometry":{"type":"Polygon","coordinates":[[[107.570133,-7.106129000000001],[107.570233,-7.106129000000001],[107.570233,-7.106029000000001],[107.570133,-7.106029000000001],[107.570133,-7.106129000000001]]]}},{"type":"Feature","properties":{"row":9,"col":1,"Q1_2025":0.5393,"Q2_2025":0.6505,"Q3_2025":0.7035,"Q4_2025":0.7723,"Q1_2026":0.688},"geometry":{"type":"Polygon","coordinates":[[[107.570233,-7.106129000000001],[107.570333,-7.106129000000001],[107.570333,-7.106029000000001],[107.570233,-7.106029000000001],[107.570233,-7.106129000000001]]]}},{"type":"Feature","properties":{"row":9,"col":2,"Q1_2025":0.6669,"Q2_2025":0.6412,"Q3_2025":0.6516,"Q4_2025":0.6414,"Q1_2026":0.6401},"geometry":{"type":"Polygon","coordinates":[[[107.570333,-7.106129000000001],[107.57043300000001,-7.106129000000001],[107.57043300000001,-7.106029000000001],[107.570333,-7.106029000000001],[107.570333,-7.106129000000001]]]}},{"type":"Feature","properties":{"row":9,"col":3,"Q1_2025":0.6845,"Q2_2025":0.6836,"Q3_2025":0.635,"Q4_2025":0.6873,"Q1_2026":0.7478},"geometry":{"type":"Polygon","coordinates":[[[107.570433,-7.106129000000001],[107.570533,-7.106129000000001],[107.570533,-7.106029000000001],[107.570433,-7.106029000000001],[107.570433,-7.106129000000001]]]}},{"type":"Feature","properties":{"row":9,"col":4,"Q1_2025":0.688,"Q2_2025":0.7516,"Q3_2025":0.7183,"Q4_2025":0.7151,"Q1_2026":0.699},"geometry":{"type":"Polygon","coordinates":[[[107.570533,-7.106129000000001],[107.570633,-7.106129000000001],[107.570633,-7.106029000000001],[107.570533,-7.106029000000001],[107.570533,-7.106129000000001]]]}},{"type":"Feature","properties":{"row":9,"col":5,"Q1_2025":0.6865,"Q2_2025":0.7728,"Q3_2025":0.689,"Q4_2025":0.715,"Q1_2026":0.7581},"geometry":{"type":"Polygon","coordinates":[[[107.570633,-7.106129000000001],[107.570733,-7.106129000000001],[107.570733,-7.106029000000001],[107.570633,-7.106029000000001],[107.570633,-7.106129000000001]]]}},{"type":"Feature","properties":{"row":9,"col":6,"Q1_2025":0.7202,"Q2_2025":0.7295,"Q3_2025":0.6776,"Q4_2025":0.7734,"Q1_2026":0.7853},"geometry":{"type":"Polygon","coordinates":[[[107.570733,-7.106129000000001],[107.57083300000001,-7.106129000000001],[107.57083300000001,-7.106029000000001],[107.570733,-7.106029000000001],[107.570733,-7.106129000000001]]]}},{"type":"Feature","properties":{"row":9,"col":7,"Q1_2025":0.6896,"Q2_2025":0.8067,"Q3_2025":0.6997,"Q4_2025":0.8552,"Q1_2026":0.7122},"geometry":{"type":"Polygon","coordinates":[[[107.570833,-7.106129000000001],[107.570933,-7.106129000000001],[107.570933,-7.106029000000001],[107.570833,-7.106029000000001],[107.570833,-7.106129000000001]]]}},{"type":"Feature","properties":{"row":9,"col":8,"Q1_2025":0.6796,"Q2_2025":0.7685,"Q3_2025":0.7281,"Q4_2025":0.818,"Q1_2026":0.8339},"geometry":{"type":"Polygon","coordinates":[[[107.570933,-7.106129000000001],[107.571033,-7.106129000000001],[107.571033,-7.106029000000001],[107.570933,-7.106029000000001],[107.570933,-7.106129000000001]]]}},{"type":"Feature","properties":{"row":9,"col":9,"Q1_2025":0.7538,"Q2_2025":0.7467,"Q3_2025":0.797,"Q4_2025":0.7864,"Q1_2026":0.7722},"geometry":{"type":"Polygon","coordinates":[[[107.571033,-7.106129000000001],[107.571133,-7.106129000000001],[107.571133,-7.106029000000001],[107.571033,-7.106029000000001],[107.571033,-7.106129000000001]]]}},{"type":"Feature","properties":{"row":9,"col":10,"Q1_2025":0.3693,"Q2_2025":0.3174,"Q3_2025":0.323,"Q4_2025":0.348,"Q1_2026":0.302},"geometry":{"type":"Polygon","coordinates":[[[107.571133,-7.106129000000001],[107.571233,-7.106129000000001],[107.571233,-7.106029000000001],[107.571133,-7.106029000000001],[107.571133,-7.106129000000001]]]}},{"type":"Feature","properties":{"row":9,"col":11,"Q1_2025":0.7441,"Q2_2025":0.8396,"Q3_2025":0.8854,"Q4_2025":0.7689,"Q1_2026":0.7964},"geometry":{"type":"Polygon","coordinates":[[[107.57123299999999,-7.106129000000001],[107.571333,-7.106129000000001],[107.571333,-7.106029000000001],[107.57123299999999,-7.106029000000001],[107.57123299999999,-7.106129000000001]]]}},{"type":"Feature","properties":{"row":9,"col":12,"Q1_2025":0.3,"Q2_2025":0.3,"Q3_2025":0.3,"Q4_2025":0.3768,"Q1_2026":0.3562},"geometry":{"type":"Polygon","coordinates":[[[107.571333,-7.106129000000001],[107.571433,-7.106129000000001],[107.571433,-7.106029000000001],[107.571333,-7.106029000000001],[107.571333,-7.106129000000001]]]}},{"type":"Feature","properties":{"row":9,"col":13,"Q1_2025":0.7473,"Q2_2025":0.6964,"Q3_2025":0.7511,"Q4_2025":0.8066,"Q1_2026":0.83},"geometry":{"type":"Polygon","coordinates":[[[107.571433,-7.106129000000001],[107.571533,-7.106129000000001],[107.571533,-7.106029000000001],[107.571433,-7.106029000000001],[107.571433,-7.106129000000001]]]}},{"type":"Feature","properties":{"row":9,"col":14,"Q1_2025":0.7059,"Q2_2025":0.8169,"Q3_2025":0.8135,"Q4_2025":0.8736,"Q1_2026":0.7782},"geometry":{"type":"Polygon","coordinates":[[[107.571533,-7.106129000000001],[107.571633,-7.106129000000001],[107.571633,-7.106029000000001],[107.571533,-7.106029000000001],[107.571533,-7.106129000000001]]]}},{"type":"Feature","properties":{"row":9,"col":15,"Q1_2025":0.7354,"Q2_2025":0.8224,"Q3_2025":0.7643,"Q4_2025":0.8159,"Q1_2026":0.7644},"geometry":{"type":"Polygon","coordinates":[[[107.57163299999999,-7.106129000000001],[107.571733,-7.106129000000001],[107.571733,-7.106029000000001],[107.57163299999999,-7.106029000000001],[107.57163299999999,-7.106129000000001]]]}},{"type":"Feature","properties":{"row":9,"col":16,"Q1_2025":0.8402,"Q2_2025":0.7723,"Q3_2025":0.827,"Q4_2025":0.8127,"Q1_2026":0.7614},"geometry":{"type":"Polygon","coordinates":[[[107.571733,-7.106129000000001],[107.571833,-7.106129000000001],[107.571833,-7.106029000000001],[107.571733,-7.106029000000001],[107.571733,-7.106129000000001]]]}},{"type":"Feature","properties":{"row":9,"col":17,"Q1_2025":0.7954,"Q2_2025":0.7445,"Q3_2025":0.7907,"Q4_2025":0.8002,"Q1_2026":0.8892},"geometry":{"type":"Polygon","coordinates":[[[107.571833,-7.106129000000001],[107.571933,-7.106129000000001],[107.571933,-7.106029000000001],[107.571833,-7.106029000000001],[107.571833,-7.106129000000001]]]}},{"type":"Feature","properties":{"row":9,"col":18,"Q1_2025":0.7851,"Q2_2025":0.7926,"Q3_2025":0.7737,"Q4_2025":0.7658,"Q1_2026":0.7853},"geometry":{"type":"Polygon","coordinates":[[[107.571933,-7.106129000000001],[107.572033,-7.106129000000001],[107.572033,-7.106029000000001],[107.571933,-7.106029000000001],[107.571933,-7.106129000000001]]]}},{"type":"Feature","properties":{"row":9,"col":19,"Q1_2025":0.7651,"Q2_2025":0.69,"Q3_2025":0.6951,"Q4_2025":0.7326,"Q1_2026":0.6798},"geometry":{"type":"Polygon","coordinates":[[[107.572033,-7.106129000000001],[107.57213300000001,-7.106129000000001],[107.57213300000001,-7.106029000000001],[107.572033,-7.106029000000001],[107.572033,-7.106129000000001]]]}},{"type":"Feature","properties":{"row":10,"col":0,"Q1_2025":0.5828,"Q2_2025":0.6385,"Q3_2025":0.7068,"Q4_2025":0.7337,"Q1_2026":0.7071},"geometry":{"type":"Polygon","coordinates":[[[107.570133,-7.106029],[107.570233,-7.106029],[107.570233,-7.105929000000001],[107.570133,-7.105929000000001],[107.570133,-7.106029]]]}},{"type":"Feature","properties":{"row":10,"col":1,"Q1_2025":0.6224,"Q2_2025":0.6737,"Q3_2025":0.7516,"Q4_2025":0.72,"Q1_2026":0.6785},"geometry":{"type":"Polygon","coordinates":[[[107.570233,-7.106029],[107.570333,-7.106029],[107.570333,-7.105929000000001],[107.570233,-7.105929000000001],[107.570233,-7.106029]]]}},{"type":"Feature","properties":{"row":10,"col":2,"Q1_2025":0.6218,"Q2_2025":0.7072,"Q3_2025":0.703,"Q4_2025":0.6484,"Q1_2026":0.7906},"geometry":{"type":"Polygon","coordinates":[[[107.570333,-7.106029],[107.57043300000001,-7.106029],[107.57043300000001,-7.105929000000001],[107.570333,-7.105929000000001],[107.570333,-7.106029]]]}},{"type":"Feature","properties":{"row":10,"col":3,"Q1_2025":0.6702,"Q2_2025":0.6514,"Q3_2025":0.7908,"Q4_2025":0.7835,"Q1_2026":0.7554},"geometry":{"type":"Polygon","coordinates":[[[107.570433,-7.106029],[107.570533,-7.106029],[107.570533,-7.105929000000001],[107.570433,-7.105929000000001],[107.570433,-7.106029]]]}},{"type":"Feature","properties":{"row":10,"col":4,"Q1_2025":0.6544,"Q2_2025":0.7761,"Q3_2025":0.6608,"Q4_2025":0.747,"Q1_2026":0.6311},"geometry":{"type":"Polygon","coordinates":[[[107.570533,-7.106029],[107.570633,-7.106029],[107.570633,-7.105929000000001],[107.570533,-7.105929000000001],[107.570533,-7.106029]]]}},{"type":"Feature","properties":{"row":10,"col":5,"Q1_2025":0.7277,"Q2_2025":0.6844,"Q3_2025":0.7487,"Q4_2025":0.7244,"Q1_2026":0.7167},"geometry":{"type":"Polygon","coordinates":[[[107.570633,-7.106029],[107.570733,-7.106029],[107.570733,-7.105929000000001],[107.570633,-7.105929000000001],[107.570633,-7.106029]]]}},{"type":"Feature","properties":{"row":10,"col":6,"Q1_2025":0.7072,"Q2_2025":0.678,"Q3_2025":0.7813,"Q4_2025":0.7817,"Q1_2026":0.6278},"geometry":{"type":"Polygon","coordinates":[[[107.570733,-7.106029],[107.57083300000001,-7.106029],[107.57083300000001,-7.105929000000001],[107.570733,-7.105929000000001],[107.570733,-7.106029]]]}},{"type":"Feature","properties":{"row":10,"col":7,"Q1_2025":0.7789,"Q2_2025":0.7477,"Q3_2025":0.7879,"Q4_2025":0.8057,"Q1_2026":0.8169},"geometry":{"type":"Polygon","coordinates":[[[107.570833,-7.106029],[107.570933,-7.106029],[107.570933,-7.105929000000001],[107.570833,-7.105929000000001],[107.570833,-7.106029]]]}},{"type":"Feature","properties":{"row":10,"col":8,"Q1_2025":0.7094,"Q2_2025":0.7969,"Q3_2025":0.7587,"Q4_2025":0.7552,"Q1_2026":0.7537},"geometry":{"type":"Polygon","coordinates":[[[107.570933,-7.106029],[107.571033,-7.106029],[107.571033,-7.105929000000001],[107.570933,-7.105929000000001],[107.570933,-7.106029]]]}},{"type":"Feature","properties":{"row":10,"col":9,"Q1_2025":0.7586,"Q2_2025":0.7438,"Q3_2025":0.6708,"Q4_2025":0.7597,"Q1_2026":0.7845},"geometry":{"type":"Polygon","coordinates":[[[107.571033,-7.106029],[107.571133,-7.106029],[107.571133,-7.105929000000001],[107.571033,-7.105929000000001],[107.571033,-7.106029]]]}},{"type":"Feature","properties":{"row":10,"col":10,"Q1_2025":0.6983,"Q2_2025":0.707,"Q3_2025":0.8648,"Q4_2025":0.8413,"Q1_2026":0.7851},"geometry":{"type":"Polygon","coordinates":[[[107.571133,-7.106029],[107.571233,-7.106029],[107.571233,-7.105929000000001],[107.571133,-7.105929000000001],[107.571133,-7.106029]]]}},{"type":"Feature","properties":{"row":10,"col":11,"Q1_2025":0.7865,"Q2_2025":0.7731,"Q3_2025":0.7636,"Q4_2025":0.9085,"Q1_2026":0.8521},"geometry":{"type":"Polygon","coordinates":[[[107.57123299999999,-7.106029],[107.571333,-7.106029],[107.571333,-7.105929000000001],[107.57123299999999,-7.105929000000001],[107.57123299999999,-7.106029]]]}},{"type":"Feature","properties":{"row":10,"col":12,"Q1_2025":0.7276,"Q2_2025":0.7228,"Q3_2025":0.8168,"Q4_2025":0.8372,"Q1_2026":0.8021},"geometry":{"type":"Polygon","coordinates":[[[107.571333,-7.106029],[107.571433,-7.106029],[107.571433,-7.105929000000001],[107.571333,-7.105929000000001],[107.571333,-7.106029]]]}},{"type":"Feature","properties":{"row":10,"col":13,"Q1_2025":0.7112,"Q2_2025":0.7809,"Q3_2025":0.7847,"Q4_2025":0.8399,"Q1_2026":0.8736},"geometry":{"type":"Polygon","coordinates":[[[107.571433,-7.106029],[107.571533,-7.106029],[107.571533,-7.105929000000001],[107.571433,-7.105929000000001],[107.571433,-7.106029]]]}},{"type":"Feature","properties":{"row":10,"col":14,"Q1_2025":0.7088,"Q2_2025":0.8054,"Q3_2025":0.8102,"Q4_2025":0.8188,"Q1_2026":0.797},"geometry":{"type":"Polygon","coordinates":[[[107.571533,-7.106029],[107.571633,-7.106029],[107.571633,-7.105929000000001],[107.571533,-7.105929000000001],[107.571533,-7.106029]]]}},{"type":"Feature","properties":{"row":10,"col":15,"Q1_2025":0.7755,"Q2_2025":0.7405,"Q3_2025":0.9083,"Q4_2025":0.8349,"Q1_2026":0.8285},"geometry":{"type":"Polygon","coordinates":[[[107.57163299999999,-7.106029],[107.571733,-7.106029],[107.571733,-7.105929000000001],[107.57163299999999,-7.105929000000001],[107.57163299999999,-7.106029]]]}},{"type":"Feature","properties":{"row":10,"col":16,"Q1_2025":0.6302,"Q2_2025":0.7478,"Q3_2025":0.8439,"Q4_2025":0.8584,"Q1_2026":0.8103},"geometry":{"type":"Polygon","coordinates":[[[107.571733,-7.106029],[107.571833,-7.106029],[107.571833,-7.105929000000001],[107.571733,-7.105929000000001],[107.571733,-7.106029]]]}},{"type":"Feature","properties":{"row":10,"col":17,"Q1_2025":0.7035,"Q2_2025":0.6981,"Q3_2025":0.727,"Q4_2025":0.8302,"Q1_2026":0.8165},"geometry":{"type":"Polygon","coordinates":[[[107.571833,-7.106029],[107.571933,-7.106029],[107.571933,-7.105929000000001],[107.571833,-7.105929000000001],[107.571833,-7.106029]]]}},{"type":"Feature","properties":{"row":10,"col":18,"Q1_2025":0.7461,"Q2_2025":0.7679,"Q3_2025":0.8101,"Q4_2025":0.8631,"Q1_2026":0.9043},"geometry":{"type":"Polygon","coordinates":[[[107.571933,-7.106029],[107.572033,-7.106029],[107.572033,-7.105929000000001],[107.571933,-7.105929000000001],[107.571933,-7.106029]]]}},{"type":"Feature","properties":{"row":10,"col":19,"Q1_2025":0.7277,"Q2_2025":0.893,"Q3_2025":0.7396,"Q4_2025":0.7505,"Q1_2026":0.7409},"geometry":{"type":"Polygon","coordinates":[[[107.572033,-7.106029],[107.57213300000001,-7.106029],[107.57213300000001,-7.105929000000001],[107.572033,-7.105929000000001],[107.572033,-7.106029]]]}},{"type":"Feature","properties":{"row":11,"col":0,"Q1_2025":0.5745,"Q2_2025":0.6211,"Q3_2025":0.6448,"Q4_2025":0.7017,"Q1_2026":0.6744},"geometry":{"type":"Polygon","coordinates":[[[107.570133,-7.105929000000001],[107.570233,-7.105929000000001],[107.570233,-7.105829000000001],[107.570133,-7.105829000000001],[107.570133,-7.105929000000001]]]}},{"type":"Feature","properties":{"row":11,"col":1,"Q1_2025":0.5516,"Q2_2025":0.6685,"Q3_2025":0.7088,"Q4_2025":0.7101,"Q1_2026":0.8499},"geometry":{"type":"Polygon","coordinates":[[[107.570233,-7.105929000000001],[107.570333,-7.105929000000001],[107.570333,-7.105829000000001],[107.570233,-7.105829000000001],[107.570233,-7.105929000000001]]]}},{"type":"Feature","properties":{"row":11,"col":2,"Q1_2025":0.6495,"Q2_2025":0.6244,"Q3_2025":0.6326,"Q4_2025":0.7016,"Q1_2026":0.6694},"geometry":{"type":"Polygon","coordinates":[[[107.570333,-7.105929000000001],[107.57043300000001,-7.105929000000001],[107.57043300000001,-7.105829000000001],[107.570333,-7.105829000000001],[107.570333,-7.105929000000001]]]}},{"type":"Feature","properties":{"row":11,"col":3,"Q1_2025":0.6286,"Q2_2025":0.6994,"Q3_2025":0.6904,"Q4_2025":0.727,"Q1_2026":0.721},"geometry":{"type":"Polygon","coordinates":[[[107.570433,-7.105929000000001],[107.570533,-7.105929000000001],[107.570533,-7.105829000000001],[107.570433,-7.105829000000001],[107.570433,-7.105929000000001]]]}},{"type":"Feature","properties":{"row":11,"col":4,"Q1_2025":0.6031,"Q2_2025":0.7343,"Q3_2025":0.6559,"Q4_2025":0.7337,"Q1_2026":0.6917},"geometry":{"type":"Polygon","coordinates":[[[107.570533,-7.105929000000001],[107.570633,-7.105929000000001],[107.570633,-7.105829000000001],[107.570533,-7.105829000000001],[107.570533,-7.105929000000001]]]}},{"type":"Feature","properties":{"row":11,"col":5,"Q1_2025":0.7159,"Q2_2025":0.7314,"Q3_2025":0.7516,"Q4_2025":0.7907,"Q1_2026":0.7858},"geometry":{"type":"Polygon","coordinates":[[[107.570633,-7.105929000000001],[107.570733,-7.105929000000001],[107.570733,-7.105829000000001],[107.570633,-7.105829000000001],[107.570633,-7.105929000000001]]]}},{"type":"Feature","properties":{"row":11,"col":6,"Q1_2025":0.6686,"Q2_2025":0.7118,"Q3_2025":0.7648,"Q4_2025":0.699,"Q1_2026":0.7019},"geometry":{"type":"Polygon","coordinates":[[[107.570733,-7.105929000000001],[107.57083300000001,-7.105929000000001],[107.57083300000001,-7.105829000000001],[107.570733,-7.105829000000001],[107.570733,-7.105929000000001]]]}},{"type":"Feature","properties":{"row":11,"col":7,"Q1_2025":0.664,"Q2_2025":0.7695,"Q3_2025":0.7916,"Q4_2025":0.8326,"Q1_2026":0.7193},"geometry":{"type":"Polygon","coordinates":[[[107.570833,-7.105929000000001],[107.570933,-7.105929000000001],[107.570933,-7.105829000000001],[107.570833,-7.105829000000001],[107.570833,-7.105929000000001]]]}},{"type":"Feature","properties":{"row":11,"col":8,"Q1_2025":0.3,"Q2_2025":0.3775,"Q3_2025":0.3295,"Q4_2025":0.3049,"Q1_2026":0.3983},"geometry":{"type":"Polygon","coordinates":[[[107.570933,-7.105929000000001],[107.571033,-7.105929000000001],[107.571033,-7.105829000000001],[107.570933,-7.105829000000001],[107.570933,-7.105929000000001]]]}},{"type":"Feature","properties":{"row":11,"col":9,"Q1_2025":0.752,"Q2_2025":0.7456,"Q3_2025":0.8455,"Q4_2025":0.7796,"Q1_2026":0.8017},"geometry":{"type":"Polygon","coordinates":[[[107.571033,-7.105929000000001],[107.571133,-7.105929000000001],[107.571133,-7.105829000000001],[107.571033,-7.105829000000001],[107.571033,-7.105929000000001]]]}},{"type":"Feature","properties":{"row":11,"col":10,"Q1_2025":0.7041,"Q2_2025":0.7146,"Q3_2025":0.7597,"Q4_2025":0.7916,"Q1_2026":0.75},"geometry":{"type":"Polygon","coordinates":[[[107.571133,-7.105929000000001],[107.571233,-7.105929000000001],[107.571233,-7.105829000000001],[107.571133,-7.105829000000001],[107.571133,-7.105929000000001]]]}},{"type":"Feature","properties":{"row":11,"col":11,"Q1_2025":0.6736,"Q2_2025":0.7102,"Q3_2025":0.8863,"Q4_2025":0.9061,"Q1_2026":0.8551},"geometry":{"type":"Polygon","coordinates":[[[107.57123299999999,-7.105929000000001],[107.571333,-7.105929000000001],[107.571333,-7.105829000000001],[107.57123299999999,-7.105829000000001],[107.57123299999999,-7.105929000000001]]]}},{"type":"Feature","properties":{"row":11,"col":12,"Q1_2025":0.8553,"Q2_2025":0.8285,"Q3_2025":0.7942,"Q4_2025":0.7701,"Q1_2026":0.8449},"geometry":{"type":"Polygon","coordinates":[[[107.571333,-7.105929000000001],[107.571433,-7.105929000000001],[107.571433,-7.105829000000001],[107.571333,-7.105829000000001],[107.571333,-7.105929000000001]]]}},{"type":"Feature","properties":{"row":11,"col":13,"Q1_2025":0.8105,"Q2_2025":0.7581,"Q3_2025":0.7789,"Q4_2025":0.8554,"Q1_2026":0.7869},"geometry":{"type":"Polygon","coordinates":[[[107.571433,-7.105929000000001],[107.571533,-7.105929000000001],[107.571533,-7.105829000000001],[107.571433,-7.105829000000001],[107.571433,-7.105929000000001]]]}},{"type":"Feature","properties":{"row":11,"col":14,"Q1_2025":0.7184,"Q2_2025":0.732,"Q3_2025":0.7879,"Q4_2025":0.8957,"Q1_2026":0.7793},"geometry":{"type":"Polygon","coordinates":[[[107.571533,-7.105929000000001],[107.571633,-7.105929000000001],[107.571633,-7.105829000000001],[107.571533,-7.105829000000001],[107.571533,-7.105929000000001]]]}},{"type":"Feature","properties":{"row":11,"col":15,"Q1_2025":0.7729,"Q2_2025":0.7513,"Q3_2025":0.7552,"Q4_2025":0.7542,"Q1_2026":0.8506},"geometry":{"type":"Polygon","coordinates":[[[107.57163299999999,-7.105929000000001],[107.571733,-7.105929000000001],[107.571733,-7.105829000000001],[107.57163299999999,-7.105829000000001],[107.57163299999999,-7.105929000000001]]]}},{"type":"Feature","properties":{"row":11,"col":16,"Q1_2025":0.7244,"Q2_2025":0.7829,"Q3_2025":0.8077,"Q4_2025":0.7659,"Q1_2026":0.8653},"geometry":{"type":"Polygon","coordinates":[[[107.571733,-7.105929000000001],[107.571833,-7.105929000000001],[107.571833,-7.105829000000001],[107.571733,-7.105829000000001],[107.571733,-7.105929000000001]]]}},{"type":"Feature","properties":{"row":11,"col":17,"Q1_2025":0.7327,"Q2_2025":0.6881,"Q3_2025":0.8264,"Q4_2025":0.7725,"Q1_2026":0.8139},"geometry":{"type":"Polygon","coordinates":[[[107.571833,-7.105929000000001],[107.571933,-7.105929000000001],[107.571933,-7.105829000000001],[107.571833,-7.105829000000001],[107.571833,-7.105929000000001]]]}},{"type":"Feature","properties":{"row":11,"col":18,"Q1_2025":0.7339,"Q2_2025":0.7781,"Q3_2025":0.7464,"Q4_2025":0.8011,"Q1_2026":0.9271},"geometry":{"type":"Polygon","coordinates":[[[107.571933,-7.105929000000001],[107.572033,-7.105929000000001],[107.572033,-7.105829000000001],[107.571933,-7.105829000000001],[107.571933,-7.105929000000001]]]}},{"type":"Feature","properties":{"row":11,"col":19,"Q1_2025":0.7664,"Q2_2025":0.7829,"Q3_2025":0.7295,"Q4_2025":0.8936,"Q1_2026":0.7837},"geometry":{"type":"Polygon","coordinates":[[[107.572033,-7.105929000000001],[107.57213300000001,-7.105929000000001],[107.57213300000001,-7.105829000000001],[107.572033,-7.105829000000001],[107.572033,-7.105929000000001]]]}},{"type":"Feature","properties":{"row":12,"col":0,"Q1_2025":0.658,"Q2_2025":0.5254,"Q3_2025":0.6469,"Q4_2025":0.6409,"Q1_2026":0.7823},"geometry":{"type":"Polygon","coordinates":[[[107.570133,-7.105829000000001],[107.570233,-7.105829000000001],[107.570233,-7.105729000000001],[107.570133,-7.105729000000001],[107.570133,-7.105829000000001]]]}},{"type":"Feature","properties":{"row":12,"col":1,"Q1_2025":0.7654,"Q2_2025":0.545,"Q3_2025":0.6868,"Q4_2025":0.6638,"Q1_2026":0.7059},"geometry":{"type":"Polygon","coordinates":[[[107.570233,-7.105829000000001],[107.570333,-7.105829000000001],[107.570333,-7.105729000000001],[107.570233,-7.105729000000001],[107.570233,-7.105829000000001]]]}},{"type":"Feature","properties":{"row":12,"col":2,"Q1_2025":0.5952,"Q2_2025":0.6929,"Q3_2025":0.6823,"Q4_2025":0.7645,"Q1_2026":0.7573},"geometry":{"type":"Polygon","coordinates":[[[107.570333,-7.105829000000001],[107.57043300000001,-7.105829000000001],[107.57043300000001,-7.105729000000001],[107.570333,-7.105729000000001],[107.570333,-7.105829000000001]]]}},{"type":"Feature","properties":{"row":12,"col":3,"Q1_2025":0.6639,"Q2_2025":0.5929,"Q3_2025":0.6363,"Q4_2025":0.6924,"Q1_2026":0.6954},"geometry":{"type":"Polygon","coordinates":[[[107.570433,-7.105829000000001],[107.570533,-7.105829000000001],[107.570533,-7.105729000000001],[107.570433,-7.105729000000001],[107.570433,-7.105829000000001]]]}},{"type":"Feature","properties":{"row":12,"col":4,"Q1_2025":0.6888,"Q2_2025":0.6862,"Q3_2025":0.7311,"Q4_2025":0.7542,"Q1_2026":0.7112},"geometry":{"type":"Polygon","coordinates":[[[107.570533,-7.105829000000001],[107.570633,-7.105829000000001],[107.570633,-7.105729000000001],[107.570533,-7.105729000000001],[107.570533,-7.105829000000001]]]}},{"type":"Feature","properties":{"row":12,"col":5,"Q1_2025":0.7163,"Q2_2025":0.7139,"Q3_2025":0.7229,"Q4_2025":0.6945,"Q1_2026":0.7404},"geometry":{"type":"Polygon","coordinates":[[[107.570633,-7.105829000000001],[107.570733,-7.105829000000001],[107.570733,-7.105729000000001],[107.570633,-7.105729000000001],[107.570633,-7.105829000000001]]]}},{"type":"Feature","properties":{"row":12,"col":6,"Q1_2025":0.3085,"Q2_2025":0.3275,"Q3_2025":0.3414,"Q4_2025":0.3,"Q1_2026":0.4023},"geometry":{"type":"Polygon","coordinates":[[[107.570733,-7.105829000000001],[107.57083300000001,-7.105829000000001],[107.57083300000001,-7.105729000000001],[107.570733,-7.105729000000001],[107.570733,-7.105829000000001]]]}},{"type":"Feature","properties":{"row":12,"col":7,"Q1_2025":0.7327,"Q2_2025":0.6806,"Q3_2025":0.7282,"Q4_2025":0.807,"Q1_2026":0.8386},"geometry":{"type":"Polygon","coordinates":[[[107.570833,-7.105829000000001],[107.570933,-7.105829000000001],[107.570933,-7.105729000000001],[107.570833,-7.105729000000001],[107.570833,-7.105829000000001]]]}},{"type":"Feature","properties":{"row":12,"col":8,"Q1_2025":0.7063,"Q2_2025":0.7463,"Q3_2025":0.8347,"Q4_2025":0.7971,"Q1_2026":0.8181},"geometry":{"type":"Polygon","coordinates":[[[107.570933,-7.105829000000001],[107.571033,-7.105829000000001],[107.571033,-7.105729000000001],[107.570933,-7.105729000000001],[107.570933,-7.105829000000001]]]}},{"type":"Feature","properties":{"row":12,"col":9,"Q1_2025":0.3,"Q2_2025":0.3771,"Q3_2025":0.3034,"Q4_2025":0.3775,"Q1_2026":0.3512},"geometry":{"type":"Polygon","coordinates":[[[107.571033,-7.105829000000001],[107.571133,-7.105829000000001],[107.571133,-7.105729000000001],[107.571033,-7.105729000000001],[107.571033,-7.105829000000001]]]}},{"type":"Feature","properties":{"row":12,"col":10,"Q1_2025":0.6783,"Q2_2025":0.7552,"Q3_2025":0.7137,"Q4_2025":0.802,"Q1_2026":0.8089},"geometry":{"type":"Polygon","coordinates":[[[107.571133,-7.105829000000001],[107.571233,-7.105829000000001],[107.571233,-7.105729000000001],[107.571133,-7.105729000000001],[107.571133,-7.105829000000001]]]}},{"type":"Feature","properties":{"row":12,"col":11,"Q1_2025":0.7439,"Q2_2025":0.7507,"Q3_2025":0.8035,"Q4_2025":0.7653,"Q1_2026":0.8439},"geometry":{"type":"Polygon","coordinates":[[[107.57123299999999,-7.105829000000001],[107.571333,-7.105829000000001],[107.571333,-7.105729000000001],[107.57123299999999,-7.105729000000001],[107.57123299999999,-7.105829000000001]]]}},{"type":"Feature","properties":{"row":12,"col":12,"Q1_2025":0.8254,"Q2_2025":0.7036,"Q3_2025":0.7374,"Q4_2025":0.7549,"Q1_2026":0.8167},"geometry":{"type":"Polygon","coordinates":[[[107.571333,-7.105829000000001],[107.571433,-7.105829000000001],[107.571433,-7.105729000000001],[107.571333,-7.105729000000001],[107.571333,-7.105829000000001]]]}},{"type":"Feature","properties":{"row":12,"col":13,"Q1_2025":0.816,"Q2_2025":0.828,"Q3_2025":0.7719,"Q4_2025":0.8056,"Q1_2026":0.8394},"geometry":{"type":"Polygon","coordinates":[[[107.571433,-7.105829000000001],[107.571533,-7.105829000000001],[107.571533,-7.105729000000001],[107.571433,-7.105729000000001],[107.571433,-7.105829000000001]]]}},{"type":"Feature","properties":{"row":12,"col":14,"Q1_2025":0.6814,"Q2_2025":0.7693,"Q3_2025":0.7663,"Q4_2025":0.717,"Q1_2026":0.7541},"geometry":{"type":"Polygon","coordinates":[[[107.571533,-7.105829000000001],[107.571633,-7.105829000000001],[107.571633,-7.105729000000001],[107.571533,-7.105729000000001],[107.571533,-7.105829000000001]]]}},{"type":"Feature","properties":{"row":12,"col":15,"Q1_2025":0.8032,"Q2_2025":0.7629,"Q3_2025":0.8448,"Q4_2025":0.7898,"Q1_2026":0.7888},"geometry":{"type":"Polygon","coordinates":[[[107.57163299999999,-7.105829000000001],[107.571733,-7.105829000000001],[107.571733,-7.105729000000001],[107.57163299999999,-7.105729000000001],[107.57163299999999,-7.105829000000001]]]}},{"type":"Feature","properties":{"row":12,"col":16,"Q1_2025":0.6886,"Q2_2025":0.776,"Q3_2025":0.7483,"Q4_2025":0.8147,"Q1_2026":0.7484},"geometry":{"type":"Polygon","coordinates":[[[107.571733,-7.105829000000001],[107.571833,-7.105829000000001],[107.571833,-7.105729000000001],[107.571733,-7.105729000000001],[107.571733,-7.105829000000001]]]}},{"type":"Feature","properties":{"row":12,"col":17,"Q1_2025":0.3113,"Q2_2025":0.3478,"Q3_2025":0.3294,"Q4_2025":0.3302,"Q1_2026":0.323},"geometry":{"type":"Polygon","coordinates":[[[107.571833,-7.105829000000001],[107.571933,-7.105829000000001],[107.571933,-7.105729000000001],[107.571833,-7.105729000000001],[107.571833,-7.105829000000001]]]}},{"type":"Feature","properties":{"row":12,"col":18,"Q1_2025":0.7842,"Q2_2025":0.7359,"Q3_2025":0.7093,"Q4_2025":0.7778,"Q1_2026":0.7656},"geometry":{"type":"Polygon","coordinates":[[[107.571933,-7.105829000000001],[107.572033,-7.105829000000001],[107.572033,-7.105729000000001],[107.571933,-7.105729000000001],[107.571933,-7.105829000000001]]]}},{"type":"Feature","properties":{"row":12,"col":19,"Q1_2025":0.6373,"Q2_2025":0.7091,"Q3_2025":0.6853,"Q4_2025":0.782,"Q1_2026":0.8645},"geometry":{"type":"Polygon","coordinates":[[[107.572033,-7.105829000000001],[107.57213300000001,-7.105829000000001],[107.57213300000001,-7.105729000000001],[107.572033,-7.105729000000001],[107.572033,-7.105829000000001]]]}},{"type":"Feature","properties":{"row":13,"col":0,"Q1_2025":0.65,"Q2_2025":0.6203,"Q3_2025":0.6153,"Q4_2025":0.7847,"Q1_2026":0.7764},"geometry":{"type":"Polygon","coordinates":[[[107.570133,-7.105729000000001],[107.570233,-7.105729000000001],[107.570233,-7.105629000000001],[107.570133,-7.105629000000001],[107.570133,-7.105729000000001]]]}},{"type":"Feature","properties":{"row":13,"col":1,"Q1_2025":0.614,"Q2_2025":0.6222,"Q3_2025":0.5901,"Q4_2025":0.6265,"Q1_2026":0.7075},"geometry":{"type":"Polygon","coordinates":[[[107.570233,-7.105729000000001],[107.570333,-7.105729000000001],[107.570333,-7.105629000000001],[107.570233,-7.105629000000001],[107.570233,-7.105729000000001]]]}},{"type":"Feature","properties":{"row":13,"col":2,"Q1_2025":0.5278,"Q2_2025":0.613,"Q3_2025":0.669,"Q4_2025":0.6557,"Q1_2026":0.6602},"geometry":{"type":"Polygon","coordinates":[[[107.570333,-7.105729000000001],[107.57043300000001,-7.105729000000001],[107.57043300000001,-7.105629000000001],[107.570333,-7.105629000000001],[107.570333,-7.105729000000001]]]}},{"type":"Feature","properties":{"row":13,"col":3,"Q1_2025":0.6212,"Q2_2025":0.7088,"Q3_2025":0.6586,"Q4_2025":0.6606,"Q1_2026":0.8003},"geometry":{"type":"Polygon","coordinates":[[[107.570433,-7.105729000000001],[107.570533,-7.105729000000001],[107.570533,-7.105629000000001],[107.570433,-7.105629000000001],[107.570433,-7.105729000000001]]]}},{"type":"Feature","properties":{"row":13,"col":4,"Q1_2025":0.6708,"Q2_2025":0.6936,"Q3_2025":0.7215,"Q4_2025":0.7163,"Q1_2026":0.8068},"geometry":{"type":"Polygon","coordinates":[[[107.570533,-7.105729000000001],[107.570633,-7.105729000000001],[107.570633,-7.105629000000001],[107.570533,-7.105629000000001],[107.570533,-7.105729000000001]]]}},{"type":"Feature","properties":{"row":13,"col":5,"Q1_2025":0.6413,"Q2_2025":0.6943,"Q3_2025":0.6802,"Q4_2025":0.7536,"Q1_2026":0.7198},"geometry":{"type":"Polygon","coordinates":[[[107.570633,-7.105729000000001],[107.570733,-7.105729000000001],[107.570733,-7.105629000000001],[107.570633,-7.105629000000001],[107.570633,-7.105729000000001]]]}},{"type":"Feature","properties":{"row":13,"col":6,"Q1_2025":0.6508,"Q2_2025":0.6925,"Q3_2025":0.7912,"Q4_2025":0.7997,"Q1_2026":0.7687},"geometry":{"type":"Polygon","coordinates":[[[107.570733,-7.105729000000001],[107.57083300000001,-7.105729000000001],[107.57083300000001,-7.105629000000001],[107.570733,-7.105629000000001],[107.570733,-7.105729000000001]]]}},{"type":"Feature","properties":{"row":13,"col":7,"Q1_2025":0.7161,"Q2_2025":0.7496,"Q3_2025":0.7199,"Q4_2025":0.7624,"Q1_2026":0.8028},"geometry":{"type":"Polygon","coordinates":[[[107.570833,-7.105729000000001],[107.570933,-7.105729000000001],[107.570933,-7.105629000000001],[107.570833,-7.105629000000001],[107.570833,-7.105729000000001]]]}},{"type":"Feature","properties":{"row":13,"col":8,"Q1_2025":0.6842,"Q2_2025":0.781,"Q3_2025":0.7401,"Q4_2025":0.7468,"Q1_2026":0.9262},"geometry":{"type":"Polygon","coordinates":[[[107.570933,-7.105729000000001],[107.571033,-7.105729000000001],[107.571033,-7.105629000000001],[107.570933,-7.105629000000001],[107.570933,-7.105729000000001]]]}},{"type":"Feature","properties":{"row":13,"col":9,"Q1_2025":0.6911,"Q2_2025":0.7814,"Q3_2025":0.8225,"Q4_2025":0.8232,"Q1_2026":0.7629},"geometry":{"type":"Polygon","coordinates":[[[107.571033,-7.105729000000001],[107.571133,-7.105729000000001],[107.571133,-7.105629000000001],[107.571033,-7.105629000000001],[107.571033,-7.105729000000001]]]}},{"type":"Feature","properties":{"row":13,"col":10,"Q1_2025":0.6803,"Q2_2025":0.6813,"Q3_2025":0.7599,"Q4_2025":0.8293,"Q1_2026":0.8891},"geometry":{"type":"Polygon","coordinates":[[[107.571133,-7.105729000000001],[107.571233,-7.105729000000001],[107.571233,-7.105629000000001],[107.571133,-7.105629000000001],[107.571133,-7.105729000000001]]]}},{"type":"Feature","properties":{"row":13,"col":11,"Q1_2025":0.7655,"Q2_2025":0.7335,"Q3_2025":0.7447,"Q4_2025":0.7875,"Q1_2026":0.7172},"geometry":{"type":"Polygon","coordinates":[[[107.57123299999999,-7.105729000000001],[107.571333,-7.105729000000001],[107.571333,-7.105629000000001],[107.57123299999999,-7.105629000000001],[107.57123299999999,-7.105729000000001]]]}},{"type":"Feature","properties":{"row":13,"col":12,"Q1_2025":0.8467,"Q2_2025":0.7832,"Q3_2025":0.694,"Q4_2025":0.844,"Q1_2026":0.8294},"geometry":{"type":"Polygon","coordinates":[[[107.571333,-7.105729000000001],[107.571433,-7.105729000000001],[107.571433,-7.105629000000001],[107.571333,-7.105629000000001],[107.571333,-7.105729000000001]]]}},{"type":"Feature","properties":{"row":13,"col":13,"Q1_2025":0.7322,"Q2_2025":0.8031,"Q3_2025":0.7022,"Q4_2025":0.83,"Q1_2026":0.8942},"geometry":{"type":"Polygon","coordinates":[[[107.571433,-7.105729000000001],[107.571533,-7.105729000000001],[107.571533,-7.105629000000001],[107.571433,-7.105629000000001],[107.571433,-7.105729000000001]]]}},{"type":"Feature","properties":{"row":13,"col":14,"Q1_2025":0.7658,"Q2_2025":0.7274,"Q3_2025":0.818,"Q4_2025":0.8069,"Q1_2026":0.7254},"geometry":{"type":"Polygon","coordinates":[[[107.571533,-7.105729000000001],[107.571633,-7.105729000000001],[107.571633,-7.105629000000001],[107.571533,-7.105629000000001],[107.571533,-7.105729000000001]]]}},{"type":"Feature","properties":{"row":13,"col":15,"Q1_2025":0.6665,"Q2_2025":0.7276,"Q3_2025":0.823,"Q4_2025":0.7572,"Q1_2026":0.7684},"geometry":{"type":"Polygon","coordinates":[[[107.57163299999999,-7.105729000000001],[107.571733,-7.105729000000001],[107.571733,-7.105629000000001],[107.57163299999999,-7.105629000000001],[107.57163299999999,-7.105729000000001]]]}},{"type":"Feature","properties":{"row":13,"col":16,"Q1_2025":0.7542,"Q2_2025":0.7364,"Q3_2025":0.7337,"Q4_2025":0.7925,"Q1_2026":0.8298},"geometry":{"type":"Polygon","coordinates":[[[107.571733,-7.105729000000001],[107.571833,-7.105729000000001],[107.571833,-7.105629000000001],[107.571733,-7.105629000000001],[107.571733,-7.105729000000001]]]}},{"type":"Feature","properties":{"row":13,"col":17,"Q1_2025":0.6892,"Q2_2025":0.7424,"Q3_2025":0.6992,"Q4_2025":0.7893,"Q1_2026":0.8027},"geometry":{"type":"Polygon","coordinates":[[[107.571833,-7.105729000000001],[107.571933,-7.105729000000001],[107.571933,-7.105629000000001],[107.571833,-7.105629000000001],[107.571833,-7.105729000000001]]]}},{"type":"Feature","properties":{"row":13,"col":18,"Q1_2025":0.7062,"Q2_2025":0.7837,"Q3_2025":0.753,"Q4_2025":0.7588,"Q1_2026":0.7533},"geometry":{"type":"Polygon","coordinates":[[[107.571933,-7.105729000000001],[107.572033,-7.105729000000001],[107.572033,-7.105629000000001],[107.571933,-7.105629000000001],[107.571933,-7.105729000000001]]]}},{"type":"Feature","properties":{"row":13,"col":19,"Q1_2025":0.6788,"Q2_2025":0.7008,"Q3_2025":0.7941,"Q4_2025":0.7608,"Q1_2026":0.8492},"geometry":{"type":"Polygon","coordinates":[[[107.572033,-7.105729000000001],[107.57213300000001,-7.105729000000001],[107.57213300000001,-7.105629000000001],[107.572033,-7.105629000000001],[107.572033,-7.105729000000001]]]}},{"type":"Feature","properties":{"row":14,"col":0,"Q1_2025":0.7254,"Q2_2025":0.7084,"Q3_2025":0.5326,"Q4_2025":0.6852,"Q1_2026":0.7378},"geometry":{"type":"Polygon","coordinates":[[[107.570133,-7.105629],[107.570233,-7.105629],[107.570233,-7.105529000000001],[107.570133,-7.105529000000001],[107.570133,-7.105629]]]}},{"type":"Feature","properties":{"row":14,"col":1,"Q1_2025":0.623,"Q2_2025":0.6037,"Q3_2025":0.6738,"Q4_2025":0.6492,"Q1_2026":0.7589},"geometry":{"type":"Polygon","coordinates":[[[107.570233,-7.105629],[107.570333,-7.105629],[107.570333,-7.105529000000001],[107.570233,-7.105529000000001],[107.570233,-7.105629]]]}},{"type":"Feature","properties":{"row":14,"col":2,"Q1_2025":0.5983,"Q2_2025":0.636,"Q3_2025":0.6499,"Q4_2025":0.7216,"Q1_2026":0.6856},"geometry":{"type":"Polygon","coordinates":[[[107.570333,-7.105629],[107.57043300000001,-7.105629],[107.57043300000001,-7.105529000000001],[107.570333,-7.105529000000001],[107.570333,-7.105629]]]}},{"type":"Feature","properties":{"row":14,"col":3,"Q1_2025":0.597,"Q2_2025":0.7066,"Q3_2025":0.7499,"Q4_2025":0.7983,"Q1_2026":0.6771},"geometry":{"type":"Polygon","coordinates":[[[107.570433,-7.105629],[107.570533,-7.105629],[107.570533,-7.105529000000001],[107.570433,-7.105529000000001],[107.570433,-7.105629]]]}},{"type":"Feature","properties":{"row":14,"col":4,"Q1_2025":0.6676,"Q2_2025":0.6021,"Q3_2025":0.6216,"Q4_2025":0.6271,"Q1_2026":0.7143},"geometry":{"type":"Polygon","coordinates":[[[107.570533,-7.105629],[107.570633,-7.105629],[107.570633,-7.105529000000001],[107.570533,-7.105529000000001],[107.570533,-7.105629]]]}},{"type":"Feature","properties":{"row":14,"col":5,"Q1_2025":0.6965,"Q2_2025":0.7453,"Q3_2025":0.6952,"Q4_2025":0.5864,"Q1_2026":0.7922},"geometry":{"type":"Polygon","coordinates":[[[107.570633,-7.105629],[107.570733,-7.105629],[107.570733,-7.105529000000001],[107.570633,-7.105529000000001],[107.570633,-7.105629]]]}},{"type":"Feature","properties":{"row":14,"col":6,"Q1_2025":0.6278,"Q2_2025":0.7578,"Q3_2025":0.7942,"Q4_2025":0.6985,"Q1_2026":0.7923},"geometry":{"type":"Polygon","coordinates":[[[107.570733,-7.105629],[107.57083300000001,-7.105629],[107.57083300000001,-7.105529000000001],[107.570733,-7.105529000000001],[107.570733,-7.105629]]]}},{"type":"Feature","properties":{"row":14,"col":7,"Q1_2025":0.6053,"Q2_2025":0.7194,"Q3_2025":0.6585,"Q4_2025":0.6813,"Q1_2026":0.724},"geometry":{"type":"Polygon","coordinates":[[[107.570833,-7.105629],[107.570933,-7.105629],[107.570933,-7.105529000000001],[107.570833,-7.105529000000001],[107.570833,-7.105629]]]}},{"type":"Feature","properties":{"row":14,"col":8,"Q1_2025":0.6438,"Q2_2025":0.7146,"Q3_2025":0.6722,"Q4_2025":0.8495,"Q1_2026":0.8559},"geometry":{"type":"Polygon","coordinates":[[[107.570933,-7.105629],[107.571033,-7.105629],[107.571033,-7.105529000000001],[107.570933,-7.105529000000001],[107.570933,-7.105629]]]}},{"type":"Feature","properties":{"row":14,"col":9,"Q1_2025":0.7744,"Q2_2025":0.7611,"Q3_2025":0.7343,"Q4_2025":0.7443,"Q1_2026":0.7867},"geometry":{"type":"Polygon","coordinates":[[[107.571033,-7.105629],[107.571133,-7.105629],[107.571133,-7.105529000000001],[107.571033,-7.105529000000001],[107.571033,-7.105629]]]}},{"type":"Feature","properties":{"row":14,"col":10,"Q1_2025":0.7538,"Q2_2025":0.6981,"Q3_2025":0.7272,"Q4_2025":0.7089,"Q1_2026":0.6941},"geometry":{"type":"Polygon","coordinates":[[[107.571133,-7.105629],[107.571233,-7.105629],[107.571233,-7.105529000000001],[107.571133,-7.105529000000001],[107.571133,-7.105629]]]}},{"type":"Feature","properties":{"row":14,"col":11,"Q1_2025":0.7336,"Q2_2025":0.7302,"Q3_2025":0.7718,"Q4_2025":0.8211,"Q1_2026":0.8443},"geometry":{"type":"Polygon","coordinates":[[[107.57123299999999,-7.105629],[107.571333,-7.105629],[107.571333,-7.105529000000001],[107.57123299999999,-7.105529000000001],[107.57123299999999,-7.105629]]]}},{"type":"Feature","properties":{"row":14,"col":12,"Q1_2025":0.3375,"Q2_2025":0.3,"Q3_2025":0.3,"Q4_2025":0.3,"Q1_2026":0.3651},"geometry":{"type":"Polygon","coordinates":[[[107.571333,-7.105629],[107.571433,-7.105629],[107.571433,-7.105529000000001],[107.571333,-7.105529000000001],[107.571333,-7.105629]]]}},{"type":"Feature","properties":{"row":14,"col":13,"Q1_2025":0.7542,"Q2_2025":0.7339,"Q3_2025":0.7664,"Q4_2025":0.906,"Q1_2026":0.7207},"geometry":{"type":"Polygon","coordinates":[[[107.571433,-7.105629],[107.571533,-7.105629],[107.571533,-7.105529000000001],[107.571433,-7.105529000000001],[107.571433,-7.105629]]]}},{"type":"Feature","properties":{"row":14,"col":14,"Q1_2025":0.6906,"Q2_2025":0.7583,"Q3_2025":0.7826,"Q4_2025":0.8156,"Q1_2026":0.7602},"geometry":{"type":"Polygon","coordinates":[[[107.571533,-7.105629],[107.571633,-7.105629],[107.571633,-7.105529000000001],[107.571533,-7.105529000000001],[107.571533,-7.105629]]]}},{"type":"Feature","properties":{"row":14,"col":15,"Q1_2025":0.6676,"Q2_2025":0.7976,"Q3_2025":0.7595,"Q4_2025":0.8327,"Q1_2026":0.776},"geometry":{"type":"Polygon","coordinates":[[[107.57163299999999,-7.105629],[107.571733,-7.105629],[107.571733,-7.105529000000001],[107.57163299999999,-7.105529000000001],[107.57163299999999,-7.105629]]]}},{"type":"Feature","properties":{"row":14,"col":16,"Q1_2025":0.7711,"Q2_2025":0.7247,"Q3_2025":0.8818,"Q4_2025":0.8512,"Q1_2026":0.8277},"geometry":{"type":"Polygon","coordinates":[[[107.571733,-7.105629],[107.571833,-7.105629],[107.571833,-7.105529000000001],[107.571733,-7.105529000000001],[107.571733,-7.105629]]]}},{"type":"Feature","properties":{"row":14,"col":17,"Q1_2025":0.7078,"Q2_2025":0.7628,"Q3_2025":0.7474,"Q4_2025":0.8367,"Q1_2026":0.8045},"geometry":{"type":"Polygon","coordinates":[[[107.571833,-7.105629],[107.571933,-7.105629],[107.571933,-7.105529000000001],[107.571833,-7.105529000000001],[107.571833,-7.105629]]]}},{"type":"Feature","properties":{"row":14,"col":18,"Q1_2025":0.8208,"Q2_2025":0.8437,"Q3_2025":0.8068,"Q4_2025":0.7118,"Q1_2026":0.8594},"geometry":{"type":"Polygon","coordinates":[[[107.571933,-7.105629],[107.572033,-7.105629],[107.572033,-7.105529000000001],[107.571933,-7.105529000000001],[107.571933,-7.105629]]]}},{"type":"Feature","properties":{"row":14,"col":19,"Q1_2025":0.7135,"Q2_2025":0.7309,"Q3_2025":0.7095,"Q4_2025":0.7548,"Q1_2026":0.8259},"geometry":{"type":"Polygon","coordinates":[[[107.572033,-7.105629],[107.57213300000001,-7.105629],[107.57213300000001,-7.105529000000001],[107.572033,-7.105529000000001],[107.572033,-7.105629]]]}},{"type":"Feature","properties":{"row":15,"col":0,"Q1_2025":0.5775,"Q2_2025":0.6328,"Q3_2025":0.6841,"Q4_2025":0.7602,"Q1_2026":0.6869},"geometry":{"type":"Polygon","coordinates":[[[107.570133,-7.105529000000001],[107.570233,-7.105529000000001],[107.570233,-7.105429000000001],[107.570133,-7.105429000000001],[107.570133,-7.105529000000001]]]}},{"type":"Feature","properties":{"row":15,"col":1,"Q1_2025":0.6049,"Q2_2025":0.6007,"Q3_2025":0.5992,"Q4_2025":0.7741,"Q1_2026":0.6567},"geometry":{"type":"Polygon","coordinates":[[[107.570233,-7.105529000000001],[107.570333,-7.105529000000001],[107.570333,-7.105429000000001],[107.570233,-7.105429000000001],[107.570233,-7.105529000000001]]]}},{"type":"Feature","properties":{"row":15,"col":2,"Q1_2025":0.6307,"Q2_2025":0.6682,"Q3_2025":0.6244,"Q4_2025":0.6593,"Q1_2026":0.6618},"geometry":{"type":"Polygon","coordinates":[[[107.570333,-7.105529000000001],[107.57043300000001,-7.105529000000001],[107.57043300000001,-7.105429000000001],[107.570333,-7.105429000000001],[107.570333,-7.105529000000001]]]}},{"type":"Feature","properties":{"row":15,"col":3,"Q1_2025":0.552,"Q2_2025":0.662,"Q3_2025":0.6966,"Q4_2025":0.6438,"Q1_2026":0.7448},"geometry":{"type":"Polygon","coordinates":[[[107.570433,-7.105529000000001],[107.570533,-7.105529000000001],[107.570533,-7.105429000000001],[107.570433,-7.105429000000001],[107.570433,-7.105529000000001]]]}},{"type":"Feature","properties":{"row":15,"col":4,"Q1_2025":0.6558,"Q2_2025":0.587,"Q3_2025":0.7944,"Q4_2025":0.8357,"Q1_2026":0.7445},"geometry":{"type":"Polygon","coordinates":[[[107.570533,-7.105529000000001],[107.570633,-7.105529000000001],[107.570633,-7.105429000000001],[107.570533,-7.105429000000001],[107.570533,-7.105529000000001]]]}},{"type":"Feature","properties":{"row":15,"col":5,"Q1_2025":0.3249,"Q2_2025":0.3624,"Q3_2025":0.3,"Q4_2025":0.3358,"Q1_2026":0.3278},"geometry":{"type":"Polygon","coordinates":[[[107.570633,-7.105529000000001],[107.570733,-7.105529000000001],[107.570733,-7.105429000000001],[107.570633,-7.105429000000001],[107.570633,-7.105529000000001]]]}},{"type":"Feature","properties":{"row":15,"col":6,"Q1_2025":0.6663,"Q2_2025":0.7593,"Q3_2025":0.648,"Q4_2025":0.692,"Q1_2026":0.7905},"geometry":{"type":"Polygon","coordinates":[[[107.570733,-7.105529000000001],[107.57083300000001,-7.105529000000001],[107.57083300000001,-7.105429000000001],[107.570733,-7.105429000000001],[107.570733,-7.105529000000001]]]}},{"type":"Feature","properties":{"row":15,"col":7,"Q1_2025":0.7542,"Q2_2025":0.6925,"Q3_2025":0.7217,"Q4_2025":0.7069,"Q1_2026":0.8265},"geometry":{"type":"Polygon","coordinates":[[[107.570833,-7.105529000000001],[107.570933,-7.105529000000001],[107.570933,-7.105429000000001],[107.570833,-7.105429000000001],[107.570833,-7.105529000000001]]]}},{"type":"Feature","properties":{"row":15,"col":8,"Q1_2025":0.652,"Q2_2025":0.7582,"Q3_2025":0.7198,"Q4_2025":0.7085,"Q1_2026":0.767},"geometry":{"type":"Polygon","coordinates":[[[107.570933,-7.105529000000001],[107.571033,-7.105529000000001],[107.571033,-7.105429000000001],[107.570933,-7.105429000000001],[107.570933,-7.105529000000001]]]}},{"type":"Feature","properties":{"row":15,"col":9,"Q1_2025":0.7356,"Q2_2025":0.6892,"Q3_2025":0.7366,"Q4_2025":0.7806,"Q1_2026":0.8829},"geometry":{"type":"Polygon","coordinates":[[[107.571033,-7.105529000000001],[107.571133,-7.105529000000001],[107.571133,-7.105429000000001],[107.571033,-7.105429000000001],[107.571033,-7.105529000000001]]]}},{"type":"Feature","properties":{"row":15,"col":10,"Q1_2025":0.7467,"Q2_2025":0.7763,"Q3_2025":0.8006,"Q4_2025":0.7906,"Q1_2026":0.7392},"geometry":{"type":"Polygon","coordinates":[[[107.571133,-7.105529000000001],[107.571233,-7.105529000000001],[107.571233,-7.105429000000001],[107.571133,-7.105429000000001],[107.571133,-7.105529000000001]]]}},{"type":"Feature","properties":{"row":15,"col":11,"Q1_2025":0.7484,"Q2_2025":0.7084,"Q3_2025":0.7824,"Q4_2025":0.7679,"Q1_2026":0.8154},"geometry":{"type":"Polygon","coordinates":[[[107.57123299999999,-7.105529000000001],[107.571333,-7.105529000000001],[107.571333,-7.105429000000001],[107.57123299999999,-7.105429000000001],[107.57123299999999,-7.105529000000001]]]}},{"type":"Feature","properties":{"row":15,"col":12,"Q1_2025":0.6756,"Q2_2025":0.7563,"Q3_2025":0.6696,"Q4_2025":0.7605,"Q1_2026":0.8475},"geometry":{"type":"Polygon","coordinates":[[[107.571333,-7.105529000000001],[107.571433,-7.105529000000001],[107.571433,-7.105429000000001],[107.571333,-7.105429000000001],[107.571333,-7.105529000000001]]]}},{"type":"Feature","properties":{"row":15,"col":13,"Q1_2025":0.739,"Q2_2025":0.7323,"Q3_2025":0.7548,"Q4_2025":0.8646,"Q1_2026":0.8434},"geometry":{"type":"Polygon","coordinates":[[[107.571433,-7.105529000000001],[107.571533,-7.105529000000001],[107.571533,-7.105429000000001],[107.571433,-7.105429000000001],[107.571433,-7.105529000000001]]]}},{"type":"Feature","properties":{"row":15,"col":14,"Q1_2025":0.6608,"Q2_2025":0.7054,"Q3_2025":0.7714,"Q4_2025":0.8179,"Q1_2026":0.8398},"geometry":{"type":"Polygon","coordinates":[[[107.571533,-7.105529000000001],[107.571633,-7.105529000000001],[107.571633,-7.105429000000001],[107.571533,-7.105429000000001],[107.571533,-7.105529000000001]]]}},{"type":"Feature","properties":{"row":15,"col":15,"Q1_2025":0.7008,"Q2_2025":0.7733,"Q3_2025":0.7456,"Q4_2025":0.8145,"Q1_2026":0.8807},"geometry":{"type":"Polygon","coordinates":[[[107.57163299999999,-7.105529000000001],[107.571733,-7.105529000000001],[107.571733,-7.105429000000001],[107.57163299999999,-7.105429000000001],[107.57163299999999,-7.105529000000001]]]}},{"type":"Feature","properties":{"row":15,"col":16,"Q1_2025":0.7217,"Q2_2025":0.6596,"Q3_2025":0.8296,"Q4_2025":0.7438,"Q1_2026":0.7889},"geometry":{"type":"Polygon","coordinates":[[[107.571733,-7.105529000000001],[107.571833,-7.105529000000001],[107.571833,-7.105429000000001],[107.571733,-7.105429000000001],[107.571733,-7.105529000000001]]]}},{"type":"Feature","properties":{"row":15,"col":17,"Q1_2025":0.6735,"Q2_2025":0.7446,"Q3_2025":0.8056,"Q4_2025":0.7701,"Q1_2026":0.8565},"geometry":{"type":"Polygon","coordinates":[[[107.571833,-7.105529000000001],[107.571933,-7.105529000000001],[107.571933,-7.105429000000001],[107.571833,-7.105429000000001],[107.571833,-7.105529000000001]]]}},{"type":"Feature","properties":{"row":15,"col":18,"Q1_2025":0.6939,"Q2_2025":0.7049,"Q3_2025":0.6936,"Q4_2025":0.8594,"Q1_2026":0.7114},"geometry":{"type":"Polygon","coordinates":[[[107.571933,-7.105529000000001],[107.572033,-7.105529000000001],[107.572033,-7.105429000000001],[107.571933,-7.105429000000001],[107.571933,-7.105529000000001]]]}},{"type":"Feature","properties":{"row":15,"col":19,"Q1_2025":0.7358,"Q2_2025":0.7221,"Q3_2025":0.6733,"Q4_2025":0.7623,"Q1_2026":0.8272},"geometry":{"type":"Polygon","coordinates":[[[107.572033,-7.105529000000001],[107.57213300000001,-7.105529000000001],[107.57213300000001,-7.105429000000001],[107.572033,-7.105429000000001],[107.572033,-7.105529000000001]]]}},{"type":"Feature","properties":{"row":16,"col":0,"Q1_2025":0.5963,"Q2_2025":0.6363,"Q3_2025":0.6962,"Q4_2025":0.6002,"Q1_2026":0.7453},"geometry":{"type":"Polygon","coordinates":[[[107.570133,-7.105429000000001],[107.570233,-7.105429000000001],[107.570233,-7.105329000000001],[107.570133,-7.105329000000001],[107.570133,-7.105429000000001]]]}},{"type":"Feature","properties":{"row":16,"col":1,"Q1_2025":0.6202,"Q2_2025":0.5648,"Q3_2025":0.6136,"Q4_2025":0.6645,"Q1_2026":0.7255},"geometry":{"type":"Polygon","coordinates":[[[107.570233,-7.105429000000001],[107.570333,-7.105429000000001],[107.570333,-7.105329000000001],[107.570233,-7.105329000000001],[107.570233,-7.105429000000001]]]}},{"type":"Feature","properties":{"row":16,"col":2,"Q1_2025":0.6335,"Q2_2025":0.7098,"Q3_2025":0.667,"Q4_2025":0.7485,"Q1_2026":0.7479},"geometry":{"type":"Polygon","coordinates":[[[107.570333,-7.105429000000001],[107.57043300000001,-7.105429000000001],[107.57043300000001,-7.105329000000001],[107.570333,-7.105329000000001],[107.570333,-7.105429000000001]]]}},{"type":"Feature","properties":{"row":16,"col":3,"Q1_2025":0.621,"Q2_2025":0.6617,"Q3_2025":0.6191,"Q4_2025":0.6833,"Q1_2026":0.6359},"geometry":{"type":"Polygon","coordinates":[[[107.570433,-7.105429000000001],[107.570533,-7.105429000000001],[107.570533,-7.105329000000001],[107.570433,-7.105329000000001],[107.570433,-7.105429000000001]]]}},{"type":"Feature","properties":{"row":16,"col":4,"Q1_2025":0.5694,"Q2_2025":0.688,"Q3_2025":0.6717,"Q4_2025":0.7302,"Q1_2026":0.6976},"geometry":{"type":"Polygon","coordinates":[[[107.570533,-7.105429000000001],[107.570633,-7.105429000000001],[107.570633,-7.105329000000001],[107.570533,-7.105329000000001],[107.570533,-7.105429000000001]]]}},{"type":"Feature","properties":{"row":16,"col":5,"Q1_2025":0.65,"Q2_2025":0.7962,"Q3_2025":0.6017,"Q4_2025":0.778,"Q1_2026":0.7231},"geometry":{"type":"Polygon","coordinates":[[[107.570633,-7.105429000000001],[107.570733,-7.105429000000001],[107.570733,-7.105329000000001],[107.570633,-7.105329000000001],[107.570633,-7.105429000000001]]]}},{"type":"Feature","properties":{"row":16,"col":6,"Q1_2025":0.6803,"Q2_2025":0.6732,"Q3_2025":0.7164,"Q4_2025":0.7155,"Q1_2026":0.777},"geometry":{"type":"Polygon","coordinates":[[[107.570733,-7.105429000000001],[107.57083300000001,-7.105429000000001],[107.57083300000001,-7.105329000000001],[107.570733,-7.105329000000001],[107.570733,-7.105429000000001]]]}},{"type":"Feature","properties":{"row":16,"col":7,"Q1_2025":0.681,"Q2_2025":0.6871,"Q3_2025":0.7061,"Q4_2025":0.7603,"Q1_2026":0.7884},"geometry":{"type":"Polygon","coordinates":[[[107.570833,-7.105429000000001],[107.570933,-7.105429000000001],[107.570933,-7.105329000000001],[107.570833,-7.105329000000001],[107.570833,-7.105429000000001]]]}},{"type":"Feature","properties":{"row":16,"col":8,"Q1_2025":0.672,"Q2_2025":0.7138,"Q3_2025":0.6534,"Q4_2025":0.6603,"Q1_2026":0.8316},"geometry":{"type":"Polygon","coordinates":[[[107.570933,-7.105429000000001],[107.571033,-7.105429000000001],[107.571033,-7.105329000000001],[107.570933,-7.105329000000001],[107.570933,-7.105429000000001]]]}},{"type":"Feature","properties":{"row":16,"col":9,"Q1_2025":0.6588,"Q2_2025":0.7784,"Q3_2025":0.7431,"Q4_2025":0.7493,"Q1_2026":0.7819},"geometry":{"type":"Polygon","coordinates":[[[107.571033,-7.105429000000001],[107.571133,-7.105429000000001],[107.571133,-7.105329000000001],[107.571033,-7.105329000000001],[107.571033,-7.105429000000001]]]}},{"type":"Feature","properties":{"row":16,"col":10,"Q1_2025":0.693,"Q2_2025":0.6628,"Q3_2025":0.7303,"Q4_2025":0.8213,"Q1_2026":0.7667},"geometry":{"type":"Polygon","coordinates":[[[107.571133,-7.105429000000001],[107.571233,-7.105429000000001],[107.571233,-7.105329000000001],[107.571133,-7.105329000000001],[107.571133,-7.105429000000001]]]}},{"type":"Feature","properties":{"row":16,"col":11,"Q1_2025":0.6589,"Q2_2025":0.7584,"Q3_2025":0.7375,"Q4_2025":0.8222,"Q1_2026":0.7591},"geometry":{"type":"Polygon","coordinates":[[[107.57123299999999,-7.105429000000001],[107.571333,-7.105429000000001],[107.571333,-7.105329000000001],[107.57123299999999,-7.105329000000001],[107.57123299999999,-7.105429000000001]]]}},{"type":"Feature","properties":{"row":16,"col":12,"Q1_2025":0.717,"Q2_2025":0.8025,"Q3_2025":0.7524,"Q4_2025":0.8198,"Q1_2026":0.7987},"geometry":{"type":"Polygon","coordinates":[[[107.571333,-7.105429000000001],[107.571433,-7.105429000000001],[107.571433,-7.105329000000001],[107.571333,-7.105329000000001],[107.571333,-7.105429000000001]]]}},{"type":"Feature","properties":{"row":16,"col":13,"Q1_2025":0.6962,"Q2_2025":0.7893,"Q3_2025":0.7417,"Q4_2025":0.779,"Q1_2026":0.8729},"geometry":{"type":"Polygon","coordinates":[[[107.571433,-7.105429000000001],[107.571533,-7.105429000000001],[107.571533,-7.105329000000001],[107.571433,-7.105329000000001],[107.571433,-7.105429000000001]]]}},{"type":"Feature","properties":{"row":16,"col":14,"Q1_2025":0.6881,"Q2_2025":0.8263,"Q3_2025":0.8924,"Q4_2025":0.8522,"Q1_2026":0.7896},"geometry":{"type":"Polygon","coordinates":[[[107.571533,-7.105429000000001],[107.571633,-7.105429000000001],[107.571633,-7.105329000000001],[107.571533,-7.105329000000001],[107.571533,-7.105429000000001]]]}},{"type":"Feature","properties":{"row":16,"col":15,"Q1_2025":0.7072,"Q2_2025":0.6972,"Q3_2025":0.7848,"Q4_2025":0.7071,"Q1_2026":0.8082},"geometry":{"type":"Polygon","coordinates":[[[107.57163299999999,-7.105429000000001],[107.571733,-7.105429000000001],[107.571733,-7.105329000000001],[107.57163299999999,-7.105329000000001],[107.57163299999999,-7.105429000000001]]]}},{"type":"Feature","properties":{"row":16,"col":16,"Q1_2025":0.711,"Q2_2025":0.7172,"Q3_2025":0.7976,"Q4_2025":0.7176,"Q1_2026":0.7298},"geometry":{"type":"Polygon","coordinates":[[[107.571733,-7.105429000000001],[107.571833,-7.105429000000001],[107.571833,-7.105329000000001],[107.571733,-7.105329000000001],[107.571733,-7.105429000000001]]]}},{"type":"Feature","properties":{"row":16,"col":17,"Q1_2025":0.8359,"Q2_2025":0.8405,"Q3_2025":0.7385,"Q4_2025":0.8074,"Q1_2026":0.7783},"geometry":{"type":"Polygon","coordinates":[[[107.571833,-7.105429000000001],[107.571933,-7.105429000000001],[107.571933,-7.105329000000001],[107.571833,-7.105329000000001],[107.571833,-7.105429000000001]]]}},{"type":"Feature","properties":{"row":16,"col":18,"Q1_2025":0.3237,"Q2_2025":0.3,"Q3_2025":0.3,"Q4_2025":0.3386,"Q1_2026":0.3846},"geometry":{"type":"Polygon","coordinates":[[[107.571933,-7.105429000000001],[107.572033,-7.105429000000001],[107.572033,-7.105329000000001],[107.571933,-7.105329000000001],[107.571933,-7.105429000000001]]]}},{"type":"Feature","properties":{"row":16,"col":19,"Q1_2025":0.6853,"Q2_2025":0.7656,"Q3_2025":0.755,"Q4_2025":0.8289,"Q1_2026":0.8646},"geometry":{"type":"Polygon","coordinates":[[[107.572033,-7.105429000000001],[107.57213300000001,-7.105429000000001],[107.57213300000001,-7.105329000000001],[107.572033,-7.105329000000001],[107.572033,-7.105429000000001]]]}},{"type":"Feature","properties":{"row":17,"col":0,"Q1_2025":0.6478,"Q2_2025":0.5145,"Q3_2025":0.6186,"Q4_2025":0.7196,"Q1_2026":0.5894},"geometry":{"type":"Polygon","coordinates":[[[107.570133,-7.105329000000001],[107.570233,-7.105329000000001],[107.570233,-7.105229000000001],[107.570133,-7.105229000000001],[107.570133,-7.105329000000001]]]}},{"type":"Feature","properties":{"row":17,"col":1,"Q1_2025":0.5698,"Q2_2025":0.6018,"Q3_2025":0.5935,"Q4_2025":0.6083,"Q1_2026":0.7441},"geometry":{"type":"Polygon","coordinates":[[[107.570233,-7.105329000000001],[107.570333,-7.105329000000001],[107.570333,-7.105229000000001],[107.570233,-7.105229000000001],[107.570233,-7.105329000000001]]]}},{"type":"Feature","properties":{"row":17,"col":2,"Q1_2025":0.6398,"Q2_2025":0.5666,"Q3_2025":0.7335,"Q4_2025":0.7197,"Q1_2026":0.6878},"geometry":{"type":"Polygon","coordinates":[[[107.570333,-7.105329000000001],[107.57043300000001,-7.105329000000001],[107.57043300000001,-7.105229000000001],[107.570333,-7.105229000000001],[107.570333,-7.105329000000001]]]}},{"type":"Feature","properties":{"row":17,"col":3,"Q1_2025":0.6503,"Q2_2025":0.6539,"Q3_2025":0.6914,"Q4_2025":0.6372,"Q1_2026":0.6693},"geometry":{"type":"Polygon","coordinates":[[[107.570433,-7.105329000000001],[107.570533,-7.105329000000001],[107.570533,-7.105229000000001],[107.570433,-7.105229000000001],[107.570433,-7.105329000000001]]]}},{"type":"Feature","properties":{"row":17,"col":4,"Q1_2025":0.5338,"Q2_2025":0.588,"Q3_2025":0.6497,"Q4_2025":0.7654,"Q1_2026":0.7339},"geometry":{"type":"Polygon","coordinates":[[[107.570533,-7.105329000000001],[107.570633,-7.105329000000001],[107.570633,-7.105229000000001],[107.570533,-7.105229000000001],[107.570533,-7.105329000000001]]]}},{"type":"Feature","properties":{"row":17,"col":5,"Q1_2025":0.5995,"Q2_2025":0.6817,"Q3_2025":0.7558,"Q4_2025":0.6903,"Q1_2026":0.7556},"geometry":{"type":"Polygon","coordinates":[[[107.570633,-7.105329000000001],[107.570733,-7.105329000000001],[107.570733,-7.105229000000001],[107.570633,-7.105229000000001],[107.570633,-7.105329000000001]]]}},{"type":"Feature","properties":{"row":17,"col":6,"Q1_2025":0.6211,"Q2_2025":0.6579,"Q3_2025":0.7089,"Q4_2025":0.6816,"Q1_2026":0.7435},"geometry":{"type":"Polygon","coordinates":[[[107.570733,-7.105329000000001],[107.57083300000001,-7.105329000000001],[107.57083300000001,-7.105229000000001],[107.570733,-7.105229000000001],[107.570733,-7.105329000000001]]]}},{"type":"Feature","properties":{"row":17,"col":7,"Q1_2025":0.3,"Q2_2025":0.3,"Q3_2025":0.3127,"Q4_2025":0.3906,"Q1_2026":0.3318},"geometry":{"type":"Polygon","coordinates":[[[107.570833,-7.105329000000001],[107.570933,-7.105329000000001],[107.570933,-7.105229000000001],[107.570833,-7.105229000000001],[107.570833,-7.105329000000001]]]}},{"type":"Feature","properties":{"row":17,"col":8,"Q1_2025":0.6828,"Q2_2025":0.6779,"Q3_2025":0.7664,"Q4_2025":0.7688,"Q1_2026":0.705},"geometry":{"type":"Polygon","coordinates":[[[107.570933,-7.105329000000001],[107.571033,-7.105329000000001],[107.571033,-7.105229000000001],[107.570933,-7.105229000000001],[107.570933,-7.105329000000001]]]}},{"type":"Feature","properties":{"row":17,"col":9,"Q1_2025":0.6678,"Q2_2025":0.726,"Q3_2025":0.7419,"Q4_2025":0.6852,"Q1_2026":0.7462},"geometry":{"type":"Polygon","coordinates":[[[107.571033,-7.105329000000001],[107.571133,-7.105329000000001],[107.571133,-7.105229000000001],[107.571033,-7.105229000000001],[107.571033,-7.105329000000001]]]}},{"type":"Feature","properties":{"row":17,"col":10,"Q1_2025":0.7167,"Q2_2025":0.6178,"Q3_2025":0.7868,"Q4_2025":0.7593,"Q1_2026":0.7899},"geometry":{"type":"Polygon","coordinates":[[[107.571133,-7.105329000000001],[107.571233,-7.105329000000001],[107.571233,-7.105229000000001],[107.571133,-7.105229000000001],[107.571133,-7.105329000000001]]]}},{"type":"Feature","properties":{"row":17,"col":11,"Q1_2025":0.6216,"Q2_2025":0.5745,"Q3_2025":0.6833,"Q4_2025":0.7634,"Q1_2026":0.8412},"geometry":{"type":"Polygon","coordinates":[[[107.57123299999999,-7.105329000000001],[107.571333,-7.105329000000001],[107.571333,-7.105229000000001],[107.57123299999999,-7.105229000000001],[107.57123299999999,-7.105329000000001]]]}},{"type":"Feature","properties":{"row":17,"col":12,"Q1_2025":0.6926,"Q2_2025":0.6967,"Q3_2025":0.74,"Q4_2025":0.8039,"Q1_2026":0.8031},"geometry":{"type":"Polygon","coordinates":[[[107.571333,-7.105329000000001],[107.571433,-7.105329000000001],[107.571433,-7.105229000000001],[107.571333,-7.105229000000001],[107.571333,-7.105329000000001]]]}},{"type":"Feature","properties":{"row":17,"col":13,"Q1_2025":0.7316,"Q2_2025":0.7207,"Q3_2025":0.7892,"Q4_2025":0.7772,"Q1_2026":0.7412},"geometry":{"type":"Polygon","coordinates":[[[107.571433,-7.105329000000001],[107.571533,-7.105329000000001],[107.571533,-7.105229000000001],[107.571433,-7.105229000000001],[107.571433,-7.105329000000001]]]}},{"type":"Feature","properties":{"row":17,"col":14,"Q1_2025":0.7844,"Q2_2025":0.702,"Q3_2025":0.6802,"Q4_2025":0.7712,"Q1_2026":0.7634},"geometry":{"type":"Polygon","coordinates":[[[107.571533,-7.105329000000001],[107.571633,-7.105329000000001],[107.571633,-7.105229000000001],[107.571533,-7.105229000000001],[107.571533,-7.105329000000001]]]}},{"type":"Feature","properties":{"row":17,"col":15,"Q1_2025":0.7173,"Q2_2025":0.7804,"Q3_2025":0.7524,"Q4_2025":0.7968,"Q1_2026":0.7492},"geometry":{"type":"Polygon","coordinates":[[[107.57163299999999,-7.105329000000001],[107.571733,-7.105329000000001],[107.571733,-7.105229000000001],[107.57163299999999,-7.105229000000001],[107.57163299999999,-7.105329000000001]]]}},{"type":"Feature","properties":{"row":17,"col":16,"Q1_2025":0.7451,"Q2_2025":0.6892,"Q3_2025":0.6658,"Q4_2025":0.8095,"Q1_2026":0.7511},"geometry":{"type":"Polygon","coordinates":[[[107.571733,-7.105329000000001],[107.571833,-7.105329000000001],[107.571833,-7.105229000000001],[107.571733,-7.105229000000001],[107.571733,-7.105329000000001]]]}},{"type":"Feature","properties":{"row":17,"col":17,"Q1_2025":0.6549,"Q2_2025":0.7083,"Q3_2025":0.8141,"Q4_2025":0.7502,"Q1_2026":0.7357},"geometry":{"type":"Polygon","coordinates":[[[107.571833,-7.105329000000001],[107.571933,-7.105329000000001],[107.571933,-7.105229000000001],[107.571833,-7.105229000000001],[107.571833,-7.105329000000001]]]}},{"type":"Feature","properties":{"row":17,"col":18,"Q1_2025":0.7302,"Q2_2025":0.7733,"Q3_2025":0.7137,"Q4_2025":0.8419,"Q1_2026":0.7001},"geometry":{"type":"Polygon","coordinates":[[[107.571933,-7.105329000000001],[107.572033,-7.105329000000001],[107.572033,-7.105229000000001],[107.571933,-7.105229000000001],[107.571933,-7.105329000000001]]]}},{"type":"Feature","properties":{"row":17,"col":19,"Q1_2025":0.6089,"Q2_2025":0.7349,"Q3_2025":0.7025,"Q4_2025":0.7494,"Q1_2026":0.8722},"geometry":{"type":"Polygon","coordinates":[[[107.572033,-7.105329000000001],[107.57213300000001,-7.105329000000001],[107.57213300000001,-7.105229000000001],[107.572033,-7.105229000000001],[107.572033,-7.105329000000001]]]}},{"type":"Feature","properties":{"row":18,"col":0,"Q1_2025":0.5172,"Q2_2025":0.7009,"Q3_2025":0.6872,"Q4_2025":0.8172,"Q1_2026":0.7103},"geometry":{"type":"Polygon","coordinates":[[[107.570133,-7.1052290000000005],[107.570233,-7.1052290000000005],[107.570233,-7.105129000000001],[107.570133,-7.105129000000001],[107.570133,-7.1052290000000005]]]}},{"type":"Feature","properties":{"row":18,"col":1,"Q1_2025":0.682,"Q2_2025":0.7042,"Q3_2025":0.6583,"Q4_2025":0.6968,"Q1_2026":0.6727},"geometry":{"type":"Polygon","coordinates":[[[107.570233,-7.1052290000000005],[107.570333,-7.1052290000000005],[107.570333,-7.105129000000001],[107.570233,-7.105129000000001],[107.570233,-7.1052290000000005]]]}},{"type":"Feature","properties":{"row":18,"col":2,"Q1_2025":0.6433,"Q2_2025":0.5453,"Q3_2025":0.7435,"Q4_2025":0.7163,"Q1_2026":0.7163},"geometry":{"type":"Polygon","coordinates":[[[107.570333,-7.1052290000000005],[107.57043300000001,-7.1052290000000005],[107.57043300000001,-7.105129000000001],[107.570333,-7.105129000000001],[107.570333,-7.1052290000000005]]]}},{"type":"Feature","properties":{"row":18,"col":3,"Q1_2025":0.5543,"Q2_2025":0.6733,"Q3_2025":0.6986,"Q4_2025":0.6856,"Q1_2026":0.735},"geometry":{"type":"Polygon","coordinates":[[[107.570433,-7.1052290000000005],[107.570533,-7.1052290000000005],[107.570533,-7.105129000000001],[107.570433,-7.105129000000001],[107.570433,-7.1052290000000005]]]}},{"type":"Feature","properties":{"row":18,"col":4,"Q1_2025":0.5933,"Q2_2025":0.679,"Q3_2025":0.6123,"Q4_2025":0.7176,"Q1_2026":0.6627},"geometry":{"type":"Polygon","coordinates":[[[107.570533,-7.1052290000000005],[107.570633,-7.1052290000000005],[107.570633,-7.105129000000001],[107.570533,-7.105129000000001],[107.570533,-7.1052290000000005]]]}},{"type":"Feature","properties":{"row":18,"col":5,"Q1_2025":0.6159,"Q2_2025":0.7559,"Q3_2025":0.6398,"Q4_2025":0.6945,"Q1_2026":0.7331},"geometry":{"type":"Polygon","coordinates":[[[107.570633,-7.1052290000000005],[107.570733,-7.1052290000000005],[107.570733,-7.105129000000001],[107.570633,-7.105129000000001],[107.570633,-7.1052290000000005]]]}},{"type":"Feature","properties":{"row":18,"col":6,"Q1_2025":0.7322,"Q2_2025":0.6606,"Q3_2025":0.7216,"Q4_2025":0.6539,"Q1_2026":0.7566},"geometry":{"type":"Polygon","coordinates":[[[107.570733,-7.1052290000000005],[107.57083300000001,-7.1052290000000005],[107.57083300000001,-7.105129000000001],[107.570733,-7.105129000000001],[107.570733,-7.1052290000000005]]]}},{"type":"Feature","properties":{"row":18,"col":7,"Q1_2025":0.6526,"Q2_2025":0.6857,"Q3_2025":0.7788,"Q4_2025":0.7595,"Q1_2026":0.8045},"geometry":{"type":"Polygon","coordinates":[[[107.570833,-7.1052290000000005],[107.570933,-7.1052290000000005],[107.570933,-7.105129000000001],[107.570833,-7.105129000000001],[107.570833,-7.1052290000000005]]]}},{"type":"Feature","properties":{"row":18,"col":8,"Q1_2025":0.6068,"Q2_2025":0.6653,"Q3_2025":0.6343,"Q4_2025":0.6291,"Q1_2026":0.7094},"geometry":{"type":"Polygon","coordinates":[[[107.570933,-7.1052290000000005],[107.571033,-7.1052290000000005],[107.571033,-7.105129000000001],[107.570933,-7.105129000000001],[107.570933,-7.1052290000000005]]]}},{"type":"Feature","properties":{"row":18,"col":9,"Q1_2025":0.7581,"Q2_2025":0.7183,"Q3_2025":0.7345,"Q4_2025":0.7549,"Q1_2026":0.842},"geometry":{"type":"Polygon","coordinates":[[[107.571033,-7.1052290000000005],[107.571133,-7.1052290000000005],[107.571133,-7.105129000000001],[107.571033,-7.105129000000001],[107.571033,-7.1052290000000005]]]}},{"type":"Feature","properties":{"row":18,"col":10,"Q1_2025":0.6155,"Q2_2025":0.6796,"Q3_2025":0.7355,"Q4_2025":0.7944,"Q1_2026":0.6933},"geometry":{"type":"Polygon","coordinates":[[[107.571133,-7.1052290000000005],[107.571233,-7.1052290000000005],[107.571233,-7.105129000000001],[107.571133,-7.105129000000001],[107.571133,-7.1052290000000005]]]}},{"type":"Feature","properties":{"row":18,"col":11,"Q1_2025":0.7094,"Q2_2025":0.7016,"Q3_2025":0.7054,"Q4_2025":0.8094,"Q1_2026":0.7712},"geometry":{"type":"Polygon","coordinates":[[[107.57123299999999,-7.1052290000000005],[107.571333,-7.1052290000000005],[107.571333,-7.105129000000001],[107.57123299999999,-7.105129000000001],[107.57123299999999,-7.1052290000000005]]]}},{"type":"Feature","properties":{"row":18,"col":12,"Q1_2025":0.6645,"Q2_2025":0.8242,"Q3_2025":0.8171,"Q4_2025":0.8046,"Q1_2026":0.7704},"geometry":{"type":"Polygon","coordinates":[[[107.571333,-7.1052290000000005],[107.571433,-7.1052290000000005],[107.571433,-7.105129000000001],[107.571333,-7.105129000000001],[107.571333,-7.1052290000000005]]]}},{"type":"Feature","properties":{"row":18,"col":13,"Q1_2025":0.6534,"Q2_2025":0.671,"Q3_2025":0.8123,"Q4_2025":0.7134,"Q1_2026":0.7732},"geometry":{"type":"Polygon","coordinates":[[[107.571433,-7.1052290000000005],[107.571533,-7.1052290000000005],[107.571533,-7.105129000000001],[107.571433,-7.105129000000001],[107.571433,-7.1052290000000005]]]}},{"type":"Feature","properties":{"row":18,"col":14,"Q1_2025":0.7668,"Q2_2025":0.7675,"Q3_2025":0.7236,"Q4_2025":0.7669,"Q1_2026":0.8571},"geometry":{"type":"Polygon","coordinates":[[[107.571533,-7.1052290000000005],[107.571633,-7.1052290000000005],[107.571633,-7.105129000000001],[107.571533,-7.105129000000001],[107.571533,-7.1052290000000005]]]}},{"type":"Feature","properties":{"row":18,"col":15,"Q1_2025":0.7244,"Q2_2025":0.768,"Q3_2025":0.7491,"Q4_2025":0.832,"Q1_2026":0.8395},"geometry":{"type":"Polygon","coordinates":[[[107.57163299999999,-7.1052290000000005],[107.571733,-7.1052290000000005],[107.571733,-7.105129000000001],[107.57163299999999,-7.105129000000001],[107.57163299999999,-7.1052290000000005]]]}},{"type":"Feature","properties":{"row":18,"col":16,"Q1_2025":0.7773,"Q2_2025":0.688,"Q3_2025":0.6799,"Q4_2025":0.7566,"Q1_2026":0.7573},"geometry":{"type":"Polygon","coordinates":[[[107.571733,-7.1052290000000005],[107.571833,-7.1052290000000005],[107.571833,-7.105129000000001],[107.571733,-7.105129000000001],[107.571733,-7.1052290000000005]]]}},{"type":"Feature","properties":{"row":18,"col":17,"Q1_2025":0.7486,"Q2_2025":0.6357,"Q3_2025":0.7637,"Q4_2025":0.7405,"Q1_2026":0.7592},"geometry":{"type":"Polygon","coordinates":[[[107.571833,-7.1052290000000005],[107.571933,-7.1052290000000005],[107.571933,-7.105129000000001],[107.571833,-7.105129000000001],[107.571833,-7.1052290000000005]]]}},{"type":"Feature","properties":{"row":18,"col":18,"Q1_2025":0.6739,"Q2_2025":0.6796,"Q3_2025":0.7333,"Q4_2025":0.6582,"Q1_2026":0.7312},"geometry":{"type":"Polygon","coordinates":[[[107.571933,-7.1052290000000005],[107.572033,-7.1052290000000005],[107.572033,-7.105129000000001],[107.571933,-7.105129000000001],[107.571933,-7.1052290000000005]]]}},{"type":"Feature","properties":{"row":18,"col":19,"Q1_2025":0.7163,"Q2_2025":0.7546,"Q3_2025":0.7408,"Q4_2025":0.746,"Q1_2026":0.8566},"geometry":{"type":"Polygon","coordinates":[[[107.572033,-7.1052290000000005],[107.57213300000001,-7.1052290000000005],[107.57213300000001,-7.105129000000001],[107.572033,-7.105129000000001],[107.572033,-7.1052290000000005]]]}},{"type":"Feature","properties":{"row":19,"col":0,"Q1_2025":0.6079,"Q2_2025":0.5463,"Q3_2025":0.6482,"Q4_2025":0.5901,"Q1_2026":0.6472},"geometry":{"type":"Polygon","coordinates":[[[107.570133,-7.105129000000001],[107.570233,-7.105129000000001],[107.570233,-7.105029000000001],[107.570133,-7.105029000000001],[107.570133,-7.105129000000001]]]}},{"type":"Feature","properties":{"row":19,"col":1,"Q1_2025":0.6244,"Q2_2025":0.6759,"Q3_2025":0.6886,"Q4_2025":0.53,"Q1_2026":0.6882},"geometry":{"type":"Polygon","coordinates":[[[107.570233,-7.105129000000001],[107.570333,-7.105129000000001],[107.570333,-7.105029000000001],[107.570233,-7.105029000000001],[107.570233,-7.105129000000001]]]}},{"type":"Feature","properties":{"row":19,"col":2,"Q1_2025":0.5908,"Q2_2025":0.6757,"Q3_2025":0.6308,"Q4_2025":0.6854,"Q1_2026":0.6569},"geometry":{"type":"Polygon","coordinates":[[[107.570333,-7.105129000000001],[107.57043300000001,-7.105129000000001],[107.57043300000001,-7.105029000000001],[107.570333,-7.105029000000001],[107.570333,-7.105129000000001]]]}},{"type":"Feature","properties":{"row":19,"col":3,"Q1_2025":0.6645,"Q2_2025":0.6752,"Q3_2025":0.7263,"Q4_2025":0.7152,"Q1_2026":0.5938},"geometry":{"type":"Polygon","coordinates":[[[107.570433,-7.105129000000001],[107.570533,-7.105129000000001],[107.570533,-7.105029000000001],[107.570433,-7.105029000000001],[107.570433,-7.105129000000001]]]}},{"type":"Feature","properties":{"row":19,"col":4,"Q1_2025":0.5671,"Q2_2025":0.61,"Q3_2025":0.6558,"Q4_2025":0.7241,"Q1_2026":0.7459},"geometry":{"type":"Polygon","coordinates":[[[107.570533,-7.105129000000001],[107.570633,-7.105129000000001],[107.570633,-7.105029000000001],[107.570533,-7.105029000000001],[107.570533,-7.105129000000001]]]}},{"type":"Feature","properties":{"row":19,"col":5,"Q1_2025":0.672,"Q2_2025":0.6909,"Q3_2025":0.7181,"Q4_2025":0.6459,"Q1_2026":0.6824},"geometry":{"type":"Polygon","coordinates":[[[107.570633,-7.105129000000001],[107.570733,-7.105129000000001],[107.570733,-7.105029000000001],[107.570633,-7.105029000000001],[107.570633,-7.105129000000001]]]}},{"type":"Feature","properties":{"row":19,"col":6,"Q1_2025":0.5976,"Q2_2025":0.6956,"Q3_2025":0.5797,"Q4_2025":0.6826,"Q1_2026":0.7567},"geometry":{"type":"Polygon","coordinates":[[[107.570733,-7.105129000000001],[107.57083300000001,-7.105129000000001],[107.57083300000001,-7.105029000000001],[107.570733,-7.105029000000001],[107.570733,-7.105129000000001]]]}},{"type":"Feature","properties":{"row":19,"col":7,"Q1_2025":0.6442,"Q2_2025":0.6978,"Q3_2025":0.733,"Q4_2025":0.7542,"Q1_2026":0.8259},"geometry":{"type":"Polygon","coordinates":[[[107.570833,-7.105129000000001],[107.570933,-7.105129000000001],[107.570933,-7.105029000000001],[107.570833,-7.105029000000001],[107.570833,-7.105129000000001]]]}},{"type":"Feature","properties":{"row":19,"col":8,"Q1_2025":0.5918,"Q2_2025":0.6168,"Q3_2025":0.76,"Q4_2025":0.7079,"Q1_2026":0.7617},"geometry":{"type":"Polygon","coordinates":[[[107.570933,-7.105129000000001],[107.571033,-7.105129000000001],[107.571033,-7.105029000000001],[107.570933,-7.105029000000001],[107.570933,-7.105129000000001]]]}},{"type":"Feature","properties":{"row":19,"col":9,"Q1_2025":0.7184,"Q2_2025":0.6247,"Q3_2025":0.6846,"Q4_2025":0.6831,"Q1_2026":0.7835},"geometry":{"type":"Polygon","coordinates":[[[107.571033,-7.105129000000001],[107.571133,-7.105129000000001],[107.571133,-7.105029000000001],[107.571033,-7.105029000000001],[107.571033,-7.105129000000001]]]}},{"type":"Feature","properties":{"row":19,"col":10,"Q1_2025":0.6648,"Q2_2025":0.6457,"Q3_2025":0.7503,"Q4_2025":0.7942,"Q1_2026":0.7683},"geometry":{"type":"Polygon","coordinates":[[[107.571133,-7.105129000000001],[107.571233,-7.105129000000001],[107.571233,-7.105029000000001],[107.571133,-7.105029000000001],[107.571133,-7.105129000000001]]]}},{"type":"Feature","properties":{"row":19,"col":11,"Q1_2025":0.6496,"Q2_2025":0.7383,"Q3_2025":0.7307,"Q4_2025":0.7225,"Q1_2026":0.848},"geometry":{"type":"Polygon","coordinates":[[[107.57123299999999,-7.105129000000001],[107.571333,-7.105129000000001],[107.571333,-7.105029000000001],[107.57123299999999,-7.105029000000001],[107.57123299999999,-7.105129000000001]]]}},{"type":"Feature","properties":{"row":19,"col":12,"Q1_2025":0.6088,"Q2_2025":0.6731,"Q3_2025":0.6679,"Q4_2025":0.7494,"Q1_2026":0.7322},"geometry":{"type":"Polygon","coordinates":[[[107.571333,-7.105129000000001],[107.571433,-7.105129000000001],[107.571433,-7.105029000000001],[107.571333,-7.105029000000001],[107.571333,-7.105129000000001]]]}},{"type":"Feature","properties":{"row":19,"col":13,"Q1_2025":0.6735,"Q2_2025":0.5632,"Q3_2025":0.6899,"Q4_2025":0.6697,"Q1_2026":0.7489},"geometry":{"type":"Polygon","coordinates":[[[107.571433,-7.105129000000001],[107.571533,-7.105129000000001],[107.571533,-7.105029000000001],[107.571433,-7.105029000000001],[107.571433,-7.105129000000001]]]}},{"type":"Feature","properties":{"row":19,"col":14,"Q1_2025":0.6966,"Q2_2025":0.6594,"Q3_2025":0.7436,"Q4_2025":0.8048,"Q1_2026":0.7668},"geometry":{"type":"Polygon","coordinates":[[[107.571533,-7.105129000000001],[107.571633,-7.105129000000001],[107.571633,-7.105029000000001],[107.571533,-7.105029000000001],[107.571533,-7.105129000000001]]]}},{"type":"Feature","properties":{"row":19,"col":15,"Q1_2025":0.6222,"Q2_2025":0.7163,"Q3_2025":0.8366,"Q4_2025":0.793,"Q1_2026":0.7826},"geometry":{"type":"Polygon","coordinates":[[[107.57163299999999,-7.105129000000001],[107.571733,-7.105129000000001],[107.571733,-7.105029000000001],[107.57163299999999,-7.105029000000001],[107.57163299999999,-7.105129000000001]]]}},{"type":"Feature","properties":{"row":19,"col":16,"Q1_2025":0.7092,"Q2_2025":0.6991,"Q3_2025":0.7519,"Q4_2025":0.7367,"Q1_2026":0.7884},"geometry":{"type":"Polygon","coordinates":[[[107.571733,-7.105129000000001],[107.571833,-7.105129000000001],[107.571833,-7.105029000000001],[107.571733,-7.105029000000001],[107.571733,-7.105129000000001]]]}},{"type":"Feature","properties":{"row":19,"col":17,"Q1_2025":0.6635,"Q2_2025":0.7093,"Q3_2025":0.6591,"Q4_2025":0.7994,"Q1_2026":0.7227},"geometry":{"type":"Polygon","coordinates":[[[107.571833,-7.105129000000001],[107.571933,-7.105129000000001],[107.571933,-7.105029000000001],[107.571833,-7.105029000000001],[107.571833,-7.105129000000001]]]}},{"type":"Feature","properties":{"row":19,"col":18,"Q1_2025":0.6323,"Q2_2025":0.7447,"Q3_2025":0.7544,"Q4_2025":0.6651,"Q1_2026":0.7967},"geometry":{"type":"Polygon","coordinates":[[[107.571933,-7.105129000000001],[107.572033,-7.105129000000001],[107.572033,-7.105029000000001],[107.571933,-7.105029000000001],[107.571933,-7.105129000000001]]]}},{"type":"Feature","properties":{"row":19,"col":19,"Q1_2025":0.6321,"Q2_2025":0.6472,"Q3_2025":0.7196,"Q4_2025":0.8214,"Q1_2026":0.8943},"geometry":{"type":"Polygon","coordinates":[[[107.572033,-7.105129000000001],[107.57213300000001,-7.105129000000001],[107.57213300000001,-7.105029000000001],[107.572033,-7.105029000000001],[107.572033,-7.105129000000001]]]}}]}