{"type":"FeatureCollection","parameter":"Biomass","label":"Biomassa Karbon","unit":"Kg/ha","desc":"Estimasi biomassa karbon di atas permukaan tanah (Kg/ha).","periods":["Q1_2025","Q2_2025","Q3_2025","Q4_2025","Q1_2026"],"features":[{"type":"Feature","properties":{"row":0,"col":0,"Q1_2025":140.014,"Q2_2025":177.99,"Q3_2025":170.195,"Q4_2025":189.813,"Q1_2026":168.243},"geometry":{"type":"Polygon","coordinates":[[[107.570133,-7.107029000000001],[107.570233,-7.107029000000001],[107.570233,-7.106929000000001],[107.570133,-7.106929000000001],[107.570133,-7.107029000000001]]]}},{"type":"Feature","properties":{"row":0,"col":1,"Q1_2025":158.848,"Q2_2025":154.2,"Q3_2025":177.706,"Q4_2025":189.004,"Q1_2026":199.26},"geometry":{"type":"Polygon","coordinates":[[[107.570233,-7.107029000000001],[107.570333,-7.107029000000001],[107.570333,-7.106929000000001],[107.570233,-7.106929000000001],[107.570233,-7.107029000000001]]]}},{"type":"Feature","properties":{"row":0,"col":2,"Q1_2025":167.229,"Q2_2025":162.497,"Q3_2025":196.049,"Q4_2025":177.569,"Q1_2026":195.659},"geometry":{"type":"Polygon","coordinates":[[[107.570333,-7.107029000000001],[107.57043300000001,-7.107029000000001],[107.57043300000001,-7.106929000000001],[107.570333,-7.106929000000001],[107.570333,-7.107029000000001]]]}},{"type":"Feature","properties":{"row":0,"col":3,"Q1_2025":163.01,"Q2_2025":172.752,"Q3_2025":172.747,"Q4_2025":205.634,"Q1_2026":210.239},"geometry":{"type":"Polygon","coordinates":[[[107.570433,-7.107029000000001],[107.570533,-7.107029000000001],[107.570533,-7.106929000000001],[107.570433,-7.106929000000001],[107.570433,-7.107029000000001]]]}},{"type":"Feature","properties":{"row":0,"col":4,"Q1_2025":175.145,"Q2_2025":180.985,"Q3_2025":180.829,"Q4_2025":197.327,"Q1_2026":197.348},"geometry":{"type":"Polygon","coordinates":[[[107.570533,-7.107029000000001],[107.570633,-7.107029000000001],[107.570633,-7.106929000000001],[107.570533,-7.106929000000001],[107.570533,-7.107029000000001]]]}},{"type":"Feature","properties":{"row":0,"col":5,"Q1_2025":178.805,"Q2_2025":189.878,"Q3_2025":191.47,"Q4_2025":205.931,"Q1_2026":215.777},"geometry":{"type":"Polygon","coordinates":[[[107.570633,-7.107029000000001],[107.570733,-7.107029000000001],[107.570733,-7.106929000000001],[107.570633,-7.106929000000001],[107.570633,-7.107029000000001]]]}},{"type":"Feature","properties":{"row":0,"col":6,"Q1_2025":189.327,"Q2_2025":209.028,"Q3_2025":183.003,"Q4_2025":192.942,"Q1_2026":201.115},"geometry":{"type":"Polygon","coordinates":[[[107.570733,-7.107029000000001],[107.57083300000001,-7.107029000000001],[107.57083300000001,-7.106929000000001],[107.570733,-7.106929000000001],[107.570733,-7.107029000000001]]]}},{"type":"Feature","properties":{"row":0,"col":7,"Q1_2025":182.431,"Q2_2025":176.465,"Q3_2025":195.105,"Q4_2025":216.79,"Q1_2026":223.702},"geometry":{"type":"Polygon","coordinates":[[[107.570833,-7.107029000000001],[107.570933,-7.107029000000001],[107.570933,-7.106929000000001],[107.570833,-7.106929000000001],[107.570833,-7.107029000000001]]]}},{"type":"Feature","properties":{"row":0,"col":8,"Q1_2025":203.687,"Q2_2025":203.828,"Q3_2025":213.422,"Q4_2025":206.002,"Q1_2026":215.711},"geometry":{"type":"Polygon","coordinates":[[[107.570933,-7.107029000000001],[107.571033,-7.107029000000001],[107.571033,-7.106929000000001],[107.570933,-7.106929000000001],[107.570933,-7.107029000000001]]]}},{"type":"Feature","properties":{"row":0,"col":9,"Q1_2025":198.682,"Q2_2025":206.479,"Q3_2025":186.73,"Q4_2025":200.008,"Q1_2026":212.115},"geometry":{"type":"Polygon","coordinates":[[[107.571033,-7.107029000000001],[107.571133,-7.107029000000001],[107.571133,-7.106929000000001],[107.571033,-7.106929000000001],[107.571033,-7.107029000000001]]]}},{"type":"Feature","properties":{"row":0,"col":10,"Q1_2025":183.588,"Q2_2025":213.361,"Q3_2025":226.247,"Q4_2025":219.487,"Q1_2026":227.595},"geometry":{"type":"Polygon","coordinates":[[[107.571133,-7.107029000000001],[107.571233,-7.107029000000001],[107.571233,-7.106929000000001],[107.571133,-7.106929000000001],[107.571133,-7.107029000000001]]]}},{"type":"Feature","properties":{"row":0,"col":11,"Q1_2025":213.574,"Q2_2025":206.641,"Q3_2025":215.745,"Q4_2025":221.881,"Q1_2026":229.897},"geometry":{"type":"Polygon","coordinates":[[[107.57123299999999,-7.107029000000001],[107.571333,-7.107029000000001],[107.571333,-7.106929000000001],[107.57123299999999,-7.106929000000001],[107.57123299999999,-7.107029000000001]]]}},{"type":"Feature","properties":{"row":0,"col":12,"Q1_2025":209.275,"Q2_2025":211.047,"Q3_2025":212.637,"Q4_2025":215.852,"Q1_2026":230.384},"geometry":{"type":"Polygon","coordinates":[[[107.571333,-7.107029000000001],[107.571433,-7.107029000000001],[107.571433,-7.106929000000001],[107.571333,-7.106929000000001],[107.571333,-7.107029000000001]]]}},{"type":"Feature","properties":{"row":0,"col":13,"Q1_2025":180.449,"Q2_2025":209.683,"Q3_2025":214.337,"Q4_2025":224.284,"Q1_2026":217.509},"geometry":{"type":"Polygon","coordinates":[[[107.571433,-7.107029000000001],[107.571533,-7.107029000000001],[107.571533,-7.106929000000001],[107.571433,-7.106929000000001],[107.571433,-7.107029000000001]]]}},{"type":"Feature","properties":{"row":0,"col":14,"Q1_2025":202.727,"Q2_2025":207.87,"Q3_2025":213.969,"Q4_2025":225.741,"Q1_2026":221.743},"geometry":{"type":"Polygon","coordinates":[[[107.571533,-7.107029000000001],[107.571633,-7.107029000000001],[107.571633,-7.106929000000001],[107.571533,-7.106929000000001],[107.571533,-7.107029000000001]]]}},{"type":"Feature","properties":{"row":0,"col":15,"Q1_2025":184.124,"Q2_2025":211.229,"Q3_2025":192.671,"Q4_2025":228.638,"Q1_2026":251.364},"geometry":{"type":"Polygon","coordinates":[[[107.57163299999999,-7.107029000000001],[107.571733,-7.107029000000001],[107.571733,-7.106929000000001],[107.57163299999999,-7.106929000000001],[107.57163299999999,-7.107029000000001]]]}},{"type":"Feature","properties":{"row":0,"col":16,"Q1_2025":202.749,"Q2_2025":215.577,"Q3_2025":231.318,"Q4_2025":233.482,"Q1_2026":253.811},"geometry":{"type":"Polygon","coordinates":[[[107.571733,-7.107029000000001],[107.571833,-7.107029000000001],[107.571833,-7.106929000000001],[107.571733,-7.106929000000001],[107.571733,-7.107029000000001]]]}},{"type":"Feature","properties":{"row":0,"col":17,"Q1_2025":190.405,"Q2_2025":203.705,"Q3_2025":219.95,"Q4_2025":206.968,"Q1_2026":231.052},"geometry":{"type":"Polygon","coordinates":[[[107.571833,-7.107029000000001],[107.571933,-7.107029000000001],[107.571933,-7.106929000000001],[107.571833,-7.106929000000001],[107.571833,-7.107029000000001]]]}},{"type":"Feature","properties":{"row":0,"col":18,"Q1_2025":199.605,"Q2_2025":219.916,"Q3_2025":225.609,"Q4_2025":230.6,"Q1_2026":237.905},"geometry":{"type":"Polygon","coordinates":[[[107.571933,-7.107029000000001],[107.572033,-7.107029000000001],[107.572033,-7.106929000000001],[107.571933,-7.106929000000001],[107.571933,-7.107029000000001]]]}},{"type":"Feature","properties":{"row":0,"col":19,"Q1_2025":199.135,"Q2_2025":209.443,"Q3_2025":222.115,"Q4_2025":232.638,"Q1_2026":223.33},"geometry":{"type":"Polygon","coordinates":[[[107.572033,-7.107029000000001],[107.57213300000001,-7.107029000000001],[107.57213300000001,-7.106929000000001],[107.572033,-7.106929000000001],[107.572033,-7.107029000000001]]]}},{"type":"Feature","properties":{"row":1,"col":0,"Q1_2025":165.723,"Q2_2025":168.474,"Q3_2025":179.882,"Q4_2025":196.771,"Q1_2026":190.721},"geometry":{"type":"Polygon","coordinates":[[[107.570133,-7.106929000000001],[107.570233,-7.106929000000001],[107.570233,-7.106829000000001],[107.570133,-7.106829000000001],[107.570133,-7.106929000000001]]]}},{"type":"Feature","properties":{"row":1,"col":1,"Q1_2025":156.03,"Q2_2025":164.14,"Q3_2025":175.518,"Q4_2025":195.345,"Q1_2026":195.592},"geometry":{"type":"Polygon","coordinates":[[[107.570233,-7.106929000000001],[107.570333,-7.106929000000001],[107.570333,-7.106829000000001],[107.570233,-7.106829000000001],[107.570233,-7.106929000000001]]]}},{"type":"Feature","properties":{"row":1,"col":2,"Q1_2025":163.249,"Q2_2025":184.958,"Q3_2025":186.829,"Q4_2025":200.236,"Q1_2026":223.16},"geometry":{"type":"Polygon","coordinates":[[[107.570333,-7.106929000000001],[107.57043300000001,-7.106929000000001],[107.57043300000001,-7.106829000000001],[107.570333,-7.106829000000001],[107.570333,-7.106929000000001]]]}},{"type":"Feature","properties":{"row":1,"col":3,"Q1_2025":191.954,"Q2_2025":184.59,"Q3_2025":192.53,"Q4_2025":208.278,"Q1_2026":217.92},"geometry":{"type":"Polygon","coordinates":[[[107.570433,-7.106929000000001],[107.570533,-7.106929000000001],[107.570533,-7.106829000000001],[107.570433,-7.106829000000001],[107.570433,-7.106929000000001]]]}},{"type":"Feature","properties":{"row":1,"col":4,"Q1_2025":173.371,"Q2_2025":172.702,"Q3_2025":201.582,"Q4_2025":203.203,"Q1_2026":215.054},"geometry":{"type":"Polygon","coordinates":[[[107.570533,-7.106929000000001],[107.570633,-7.106929000000001],[107.570633,-7.106829000000001],[107.570533,-7.106829000000001],[107.570533,-7.106929000000001]]]}},{"type":"Feature","properties":{"row":1,"col":5,"Q1_2025":186.055,"Q2_2025":181.642,"Q3_2025":191.526,"Q4_2025":215.339,"Q1_2026":211.011},"geometry":{"type":"Polygon","coordinates":[[[107.570633,-7.106929000000001],[107.570733,-7.106929000000001],[107.570733,-7.106829000000001],[107.570633,-7.106829000000001],[107.570633,-7.106929000000001]]]}},{"type":"Feature","properties":{"row":1,"col":6,"Q1_2025":176.307,"Q2_2025":189.369,"Q3_2025":204.099,"Q4_2025":203.02,"Q1_2026":233.496},"geometry":{"type":"Polygon","coordinates":[[[107.570733,-7.106929000000001],[107.57083300000001,-7.106929000000001],[107.57083300000001,-7.106829000000001],[107.570733,-7.106829000000001],[107.570733,-7.106929000000001]]]}},{"type":"Feature","properties":{"row":1,"col":7,"Q1_2025":195.521,"Q2_2025":180.495,"Q3_2025":205.692,"Q4_2025":227.086,"Q1_2026":252.36},"geometry":{"type":"Polygon","coordinates":[[[107.570833,-7.106929000000001],[107.570933,-7.106929000000001],[107.570933,-7.106829000000001],[107.570833,-7.106829000000001],[107.570833,-7.106929000000001]]]}},{"type":"Feature","properties":{"row":1,"col":8,"Q1_2025":185.698,"Q2_2025":198.653,"Q3_2025":192.842,"Q4_2025":219.968,"Q1_2026":227.194},"geometry":{"type":"Polygon","coordinates":[[[107.570933,-7.106929000000001],[107.571033,-7.106929000000001],[107.571033,-7.106829000000001],[107.570933,-7.106829000000001],[107.570933,-7.106929000000001]]]}},{"type":"Feature","properties":{"row":1,"col":9,"Q1_2025":195.94,"Q2_2025":190.265,"Q3_2025":216.92,"Q4_2025":235.389,"Q1_2026":238.695},"geometry":{"type":"Polygon","coordinates":[[[107.571033,-7.106929000000001],[107.571133,-7.106929000000001],[107.571133,-7.106829000000001],[107.571033,-7.106829000000001],[107.571033,-7.106929000000001]]]}},{"type":"Feature","properties":{"row":1,"col":10,"Q1_2025":199.091,"Q2_2025":202.961,"Q3_2025":220.452,"Q4_2025":218.058,"Q1_2026":202.178},"geometry":{"type":"Polygon","coordinates":[[[107.571133,-7.106929000000001],[107.571233,-7.106929000000001],[107.571233,-7.106829000000001],[107.571133,-7.106829000000001],[107.571133,-7.106929000000001]]]}},{"type":"Feature","properties":{"row":1,"col":11,"Q1_2025":180.288,"Q2_2025":219.149,"Q3_2025":226.769,"Q4_2025":220.212,"Q1_2026":221.484},"geometry":{"type":"Polygon","coordinates":[[[107.57123299999999,-7.106929000000001],[107.571333,-7.106929000000001],[107.571333,-7.106829000000001],[107.57123299999999,-7.106829000000001],[107.57123299999999,-7.106929000000001]]]}},{"type":"Feature","properties":{"row":1,"col":12,"Q1_2025":196.088,"Q2_2025":194.23,"Q3_2025":212.552,"Q4_2025":240.561,"Q1_2026":224.835},"geometry":{"type":"Polygon","coordinates":[[[107.571333,-7.106929000000001],[107.571433,-7.106929000000001],[107.571433,-7.106829000000001],[107.571333,-7.106829000000001],[107.571333,-7.106929000000001]]]}},{"type":"Feature","properties":{"row":1,"col":13,"Q1_2025":192.402,"Q2_2025":194.906,"Q3_2025":218.403,"Q4_2025":214.847,"Q1_2026":238.85},"geometry":{"type":"Polygon","coordinates":[[[107.571433,-7.106929000000001],[107.571533,-7.106929000000001],[107.571533,-7.106829000000001],[107.571433,-7.106829000000001],[107.571433,-7.106929000000001]]]}},{"type":"Feature","properties":{"row":1,"col":14,"Q1_2025":198.158,"Q2_2025":226.058,"Q3_2025":223.158,"Q4_2025":230.015,"Q1_2026":219.176},"geometry":{"type":"Polygon","coordinates":[[[107.571533,-7.106929000000001],[107.571633,-7.106929000000001],[107.571633,-7.106829000000001],[107.571533,-7.106829000000001],[107.571533,-7.106929000000001]]]}},{"type":"Feature","properties":{"row":1,"col":15,"Q1_2025":202.05,"Q2_2025":212.847,"Q3_2025":221.237,"Q4_2025":229.363,"Q1_2026":235.034},"geometry":{"type":"Polygon","coordinates":[[[107.57163299999999,-7.106929000000001],[107.571733,-7.106929000000001],[107.571733,-7.106829000000001],[107.57163299999999,-7.106829000000001],[107.57163299999999,-7.106929000000001]]]}},{"type":"Feature","properties":{"row":1,"col":16,"Q1_2025":190.386,"Q2_2025":185.995,"Q3_2025":206.902,"Q4_2025":236.203,"Q1_2026":242.067},"geometry":{"type":"Polygon","coordinates":[[[107.571733,-7.106929000000001],[107.571833,-7.106929000000001],[107.571833,-7.106829000000001],[107.571733,-7.106829000000001],[107.571733,-7.106929000000001]]]}},{"type":"Feature","properties":{"row":1,"col":17,"Q1_2025":213.458,"Q2_2025":213.316,"Q3_2025":220.305,"Q4_2025":226.208,"Q1_2026":216.952},"geometry":{"type":"Polygon","coordinates":[[[107.571833,-7.106929000000001],[107.571933,-7.106929000000001],[107.571933,-7.106829000000001],[107.571833,-7.106829000000001],[107.571833,-7.106929000000001]]]}},{"type":"Feature","properties":{"row":1,"col":18,"Q1_2025":203.529,"Q2_2025":203.271,"Q3_2025":211.656,"Q4_2025":215.864,"Q1_2026":233.075},"geometry":{"type":"Polygon","coordinates":[[[107.571933,-7.106929000000001],[107.572033,-7.106929000000001],[107.572033,-7.106829000000001],[107.571933,-7.106829000000001],[107.571933,-7.106929000000001]]]}},{"type":"Feature","properties":{"row":1,"col":19,"Q1_2025":210.375,"Q2_2025":217.221,"Q3_2025":207.515,"Q4_2025":227.646,"Q1_2026":232.48},"geometry":{"type":"Polygon","coordinates":[[[107.572033,-7.106929000000001],[107.57213300000001,-7.106929000000001],[107.57213300000001,-7.106829000000001],[107.572033,-7.106829000000001],[107.572033,-7.106929000000001]]]}},{"type":"Feature","properties":{"row":2,"col":0,"Q1_2025":142.921,"Q2_2025":180.434,"Q3_2025":172.563,"Q4_2025":192.836,"Q1_2026":187.121},"geometry":{"type":"Polygon","coordinates":[[[107.570133,-7.106829],[107.570233,-7.106829],[107.570233,-7.1067290000000005],[107.570133,-7.1067290000000005],[107.570133,-7.106829]]]}},{"type":"Feature","properties":{"row":2,"col":1,"Q1_2025":174.977,"Q2_2025":187.682,"Q3_2025":185.812,"Q4_2025":196.629,"Q1_2026":192.662},"geometry":{"type":"Polygon","coordinates":[[[107.570233,-7.106829],[107.570333,-7.106829],[107.570333,-7.1067290000000005],[107.570233,-7.1067290000000005],[107.570233,-7.106829]]]}},{"type":"Feature","properties":{"row":2,"col":2,"Q1_2025":168.161,"Q2_2025":168.142,"Q3_2025":197.859,"Q4_2025":207.195,"Q1_2026":198.533},"geometry":{"type":"Polygon","coordinates":[[[107.570333,-7.106829],[107.57043300000001,-7.106829],[107.57043300000001,-7.1067290000000005],[107.570333,-7.1067290000000005],[107.570333,-7.106829]]]}},{"type":"Feature","properties":{"row":2,"col":3,"Q1_2025":175.786,"Q2_2025":176.74,"Q3_2025":178.317,"Q4_2025":194.26,"Q1_2026":195.435},"geometry":{"type":"Polygon","coordinates":[[[107.570433,-7.106829],[107.570533,-7.106829],[107.570533,-7.1067290000000005],[107.570433,-7.1067290000000005],[107.570433,-7.106829]]]}},{"type":"Feature","properties":{"row":2,"col":4,"Q1_2025":159.986,"Q2_2025":190.35,"Q3_2025":185.434,"Q4_2025":202.972,"Q1_2026":184.812},"geometry":{"type":"Polygon","coordinates":[[[107.570533,-7.106829],[107.570633,-7.106829],[107.570633,-7.1067290000000005],[107.570533,-7.1067290000000005],[107.570533,-7.106829]]]}},{"type":"Feature","properties":{"row":2,"col":5,"Q1_2025":184.128,"Q2_2025":184.32,"Q3_2025":192.988,"Q4_2025":215.946,"Q1_2026":214.018},"geometry":{"type":"Polygon","coordinates":[[[107.570633,-7.106829],[107.570733,-7.106829],[107.570733,-7.1067290000000005],[107.570633,-7.1067290000000005],[107.570633,-7.106829]]]}},{"type":"Feature","properties":{"row":2,"col":6,"Q1_2025":189.904,"Q2_2025":195.447,"Q3_2025":207.725,"Q4_2025":202.997,"Q1_2026":218.796},"geometry":{"type":"Polygon","coordinates":[[[107.570733,-7.106829],[107.57083300000001,-7.106829],[107.57083300000001,-7.1067290000000005],[107.570733,-7.1067290000000005],[107.570733,-7.106829]]]}},{"type":"Feature","properties":{"row":2,"col":7,"Q1_2025":188.019,"Q2_2025":205.441,"Q3_2025":200.587,"Q4_2025":221.885,"Q1_2026":227.635},"geometry":{"type":"Polygon","coordinates":[[[107.570833,-7.106829],[107.570933,-7.106829],[107.570933,-7.1067290000000005],[107.570833,-7.1067290000000005],[107.570833,-7.106829]]]}},{"type":"Feature","properties":{"row":2,"col":8,"Q1_2025":187.693,"Q2_2025":208.769,"Q3_2025":205.512,"Q4_2025":211.104,"Q1_2026":217.498},"geometry":{"type":"Polygon","coordinates":[[[107.570933,-7.106829],[107.571033,-7.106829],[107.571033,-7.1067290000000005],[107.570933,-7.1067290000000005],[107.570933,-7.106829]]]}},{"type":"Feature","properties":{"row":2,"col":9,"Q1_2025":185.572,"Q2_2025":207.43,"Q3_2025":210.353,"Q4_2025":217.248,"Q1_2026":236.859},"geometry":{"type":"Polygon","coordinates":[[[107.571033,-7.106829],[107.571133,-7.106829],[107.571133,-7.1067290000000005],[107.571033,-7.1067290000000005],[107.571033,-7.106829]]]}},{"type":"Feature","properties":{"row":2,"col":10,"Q1_2025":207.567,"Q2_2025":207.848,"Q3_2025":195.397,"Q4_2025":227.601,"Q1_2026":211.162},"geometry":{"type":"Polygon","coordinates":[[[107.571133,-7.106829],[107.571233,-7.106829],[107.571233,-7.1067290000000005],[107.571133,-7.1067290000000005],[107.571133,-7.106829]]]}},{"type":"Feature","properties":{"row":2,"col":11,"Q1_2025":191.848,"Q2_2025":207.166,"Q3_2025":232.121,"Q4_2025":199.956,"Q1_2026":217.461},"geometry":{"type":"Polygon","coordinates":[[[107.57123299999999,-7.106829],[107.571333,-7.106829],[107.571333,-7.1067290000000005],[107.57123299999999,-7.1067290000000005],[107.57123299999999,-7.106829]]]}},{"type":"Feature","properties":{"row":2,"col":12,"Q1_2025":195.226,"Q2_2025":217.292,"Q3_2025":202.059,"Q4_2025":218.38,"Q1_2026":246.509},"geometry":{"type":"Polygon","coordinates":[[[107.571333,-7.106829],[107.571433,-7.106829],[107.571433,-7.1067290000000005],[107.571333,-7.1067290000000005],[107.571333,-7.106829]]]}},{"type":"Feature","properties":{"row":2,"col":13,"Q1_2025":212.397,"Q2_2025":205.499,"Q3_2025":229.717,"Q4_2025":228.43,"Q1_2026":226.51},"geometry":{"type":"Polygon","coordinates":[[[107.571433,-7.106829],[107.571533,-7.106829],[107.571533,-7.1067290000000005],[107.571433,-7.1067290000000005],[107.571433,-7.106829]]]}},{"type":"Feature","properties":{"row":2,"col":14,"Q1_2025":197.256,"Q2_2025":206.114,"Q3_2025":209.604,"Q4_2025":232.979,"Q1_2026":246.49},"geometry":{"type":"Polygon","coordinates":[[[107.571533,-7.106829],[107.571633,-7.106829],[107.571633,-7.1067290000000005],[107.571533,-7.1067290000000005],[107.571533,-7.106829]]]}},{"type":"Feature","properties":{"row":2,"col":15,"Q1_2025":190.446,"Q2_2025":219.512,"Q3_2025":210.403,"Q4_2025":228.122,"Q1_2026":239.883},"geometry":{"type":"Polygon","coordinates":[[[107.57163299999999,-7.106829],[107.571733,-7.106829],[107.571733,-7.1067290000000005],[107.57163299999999,-7.1067290000000005],[107.57163299999999,-7.106829]]]}},{"type":"Feature","properties":{"row":2,"col":16,"Q1_2025":215.123,"Q2_2025":212.744,"Q3_2025":223.472,"Q4_2025":245.277,"Q1_2026":253.137},"geometry":{"type":"Polygon","coordinates":[[[107.571733,-7.106829],[107.571833,-7.106829],[107.571833,-7.1067290000000005],[107.571733,-7.1067290000000005],[107.571733,-7.106829]]]}},{"type":"Feature","properties":{"row":2,"col":17,"Q1_2025":215.364,"Q2_2025":220.337,"Q3_2025":225.914,"Q4_2025":245.225,"Q1_2026":244.205},"geometry":{"type":"Polygon","coordinates":[[[107.571833,-7.106829],[107.571933,-7.106829],[107.571933,-7.1067290000000005],[107.571833,-7.1067290000000005],[107.571833,-7.106829]]]}},{"type":"Feature","properties":{"row":2,"col":18,"Q1_2025":197.643,"Q2_2025":213.484,"Q3_2025":224.53,"Q4_2025":214.495,"Q1_2026":230.643},"geometry":{"type":"Polygon","coordinates":[[[107.571933,-7.106829],[107.572033,-7.106829],[107.572033,-7.1067290000000005],[107.571933,-7.1067290000000005],[107.571933,-7.106829]]]}},{"type":"Feature","properties":{"row":2,"col":19,"Q1_2025":220.887,"Q2_2025":200.409,"Q3_2025":224.878,"Q4_2025":230.91,"Q1_2026":245.43},"geometry":{"type":"Polygon","coordinates":[[[107.572033,-7.106829],[107.57213300000001,-7.106829],[107.57213300000001,-7.1067290000000005],[107.572033,-7.1067290000000005],[107.572033,-7.106829]]]}},{"type":"Feature","properties":{"row":3,"col":0,"Q1_2025":156.933,"Q2_2025":164.937,"Q3_2025":181.238,"Q4_2025":182.416,"Q1_2026":212.188},"geometry":{"type":"Polygon","coordinates":[[[107.570133,-7.1067290000000005],[107.570233,-7.1067290000000005],[107.570233,-7.106629000000001],[107.570133,-7.106629000000001],[107.570133,-7.1067290000000005]]]}},{"type":"Feature","properties":{"row":3,"col":1,"Q1_2025":170.832,"Q2_2025":185.544,"Q3_2025":175.052,"Q4_2025":198.916,"Q1_2026":225.91},"geometry":{"type":"Polygon","coordinates":[[[107.570233,-7.1067290000000005],[107.570333,-7.1067290000000005],[107.570333,-7.106629000000001],[107.570233,-7.106629000000001],[107.570233,-7.1067290000000005]]]}},{"type":"Feature","properties":{"row":3,"col":2,"Q1_2025":172.756,"Q2_2025":170.096,"Q3_2025":200.692,"Q4_2025":192.561,"Q1_2026":192.421},"geometry":{"type":"Polygon","coordinates":[[[107.570333,-7.1067290000000005],[107.57043300000001,-7.1067290000000005],[107.57043300000001,-7.106629000000001],[107.570333,-7.106629000000001],[107.570333,-7.1067290000000005]]]}},{"type":"Feature","properties":{"row":3,"col":3,"Q1_2025":166.277,"Q2_2025":173.735,"Q3_2025":198.78,"Q4_2025":193.054,"Q1_2026":200.864},"geometry":{"type":"Polygon","coordinates":[[[107.570433,-7.1067290000000005],[107.570533,-7.1067290000000005],[107.570533,-7.106629000000001],[107.570433,-7.106629000000001],[107.570433,-7.1067290000000005]]]}},{"type":"Feature","properties":{"row":3,"col":4,"Q1_2025":178.001,"Q2_2025":193.98,"Q3_2025":206.622,"Q4_2025":218.05,"Q1_2026":210.399},"geometry":{"type":"Polygon","coordinates":[[[107.570533,-7.1067290000000005],[107.570633,-7.1067290000000005],[107.570633,-7.106629000000001],[107.570533,-7.106629000000001],[107.570533,-7.1067290000000005]]]}},{"type":"Feature","properties":{"row":3,"col":5,"Q1_2025":195.929,"Q2_2025":185.892,"Q3_2025":218.873,"Q4_2025":215.967,"Q1_2026":220.423},"geometry":{"type":"Polygon","coordinates":[[[107.570633,-7.1067290000000005],[107.570733,-7.1067290000000005],[107.570733,-7.106629000000001],[107.570633,-7.106629000000001],[107.570633,-7.1067290000000005]]]}},{"type":"Feature","properties":{"row":3,"col":6,"Q1_2025":173.751,"Q2_2025":207.374,"Q3_2025":200.955,"Q4_2025":207.519,"Q1_2026":213.424},"geometry":{"type":"Polygon","coordinates":[[[107.570733,-7.1067290000000005],[107.57083300000001,-7.1067290000000005],[107.57083300000001,-7.106629000000001],[107.570733,-7.106629000000001],[107.570733,-7.1067290000000005]]]}},{"type":"Feature","properties":{"row":3,"col":7,"Q1_2025":187.199,"Q2_2025":206.196,"Q3_2025":213.533,"Q4_2025":217.78,"Q1_2026":243.992},"geometry":{"type":"Polygon","coordinates":[[[107.570833,-7.1067290000000005],[107.570933,-7.1067290000000005],[107.570933,-7.106629000000001],[107.570833,-7.106629000000001],[107.570833,-7.1067290000000005]]]}},{"type":"Feature","properties":{"row":3,"col":8,"Q1_2025":184.091,"Q2_2025":207.439,"Q3_2025":199.295,"Q4_2025":226.215,"Q1_2026":234.312},"geometry":{"type":"Polygon","coordinates":[[[107.570933,-7.1067290000000005],[107.571033,-7.1067290000000005],[107.571033,-7.106629000000001],[107.570933,-7.106629000000001],[107.570933,-7.1067290000000005]]]}},{"type":"Feature","properties":{"row":3,"col":9,"Q1_2025":200.879,"Q2_2025":212.582,"Q3_2025":221.367,"Q4_2025":228.361,"Q1_2026":217.681},"geometry":{"type":"Polygon","coordinates":[[[107.571033,-7.1067290000000005],[107.571133,-7.1067290000000005],[107.571133,-7.106629000000001],[107.571033,-7.106629000000001],[107.571033,-7.1067290000000005]]]}},{"type":"Feature","properties":{"row":3,"col":10,"Q1_2025":210.806,"Q2_2025":227.519,"Q3_2025":229.268,"Q4_2025":223.429,"Q1_2026":253.691},"geometry":{"type":"Polygon","coordinates":[[[107.571133,-7.1067290000000005],[107.571233,-7.1067290000000005],[107.571233,-7.106629000000001],[107.571133,-7.106629000000001],[107.571133,-7.1067290000000005]]]}},{"type":"Feature","properties":{"row":3,"col":11,"Q1_2025":206.547,"Q2_2025":223.799,"Q3_2025":226.902,"Q4_2025":242.503,"Q1_2026":220.153},"geometry":{"type":"Polygon","coordinates":[[[107.57123299999999,-7.1067290000000005],[107.571333,-7.1067290000000005],[107.571333,-7.106629000000001],[107.57123299999999,-7.106629000000001],[107.57123299999999,-7.1067290000000005]]]}},{"type":"Feature","properties":{"row":3,"col":12,"Q1_2025":197.718,"Q2_2025":218.888,"Q3_2025":219.255,"Q4_2025":226.01,"Q1_2026":252.684},"geometry":{"type":"Polygon","coordinates":[[[107.571333,-7.1067290000000005],[107.571433,-7.1067290000000005],[107.571433,-7.106629000000001],[107.571333,-7.106629000000001],[107.571333,-7.1067290000000005]]]}},{"type":"Feature","properties":{"row":3,"col":13,"Q1_2025":201.15,"Q2_2025":217.854,"Q3_2025":226.526,"Q4_2025":228.498,"Q1_2026":215.625},"geometry":{"type":"Polygon","coordinates":[[[107.571433,-7.1067290000000005],[107.571533,-7.1067290000000005],[107.571533,-7.106629000000001],[107.571433,-7.106629000000001],[107.571433,-7.1067290000000005]]]}},{"type":"Feature","properties":{"row":3,"col":14,"Q1_2025":188.844,"Q2_2025":212.874,"Q3_2025":245.469,"Q4_2025":224.257,"Q1_2026":239.222},"geometry":{"type":"Polygon","coordinates":[[[107.571533,-7.1067290000000005],[107.571633,-7.1067290000000005],[107.571633,-7.106629000000001],[107.571533,-7.106629000000001],[107.571533,-7.1067290000000005]]]}},{"type":"Feature","properties":{"row":3,"col":15,"Q1_2025":228.56,"Q2_2025":216.164,"Q3_2025":228.875,"Q4_2025":234.898,"Q1_2026":231.405},"geometry":{"type":"Polygon","coordinates":[[[107.57163299999999,-7.1067290000000005],[107.571733,-7.1067290000000005],[107.571733,-7.106629000000001],[107.57163299999999,-7.106629000000001],[107.57163299999999,-7.1067290000000005]]]}},{"type":"Feature","properties":{"row":3,"col":16,"Q1_2025":199.197,"Q2_2025":210.751,"Q3_2025":223.701,"Q4_2025":224.44,"Q1_2026":234.836},"geometry":{"type":"Polygon","coordinates":[[[107.571733,-7.1067290000000005],[107.571833,-7.1067290000000005],[107.571833,-7.106629000000001],[107.571733,-7.106629000000001],[107.571733,-7.1067290000000005]]]}},{"type":"Feature","properties":{"row":3,"col":17,"Q1_2025":210.082,"Q2_2025":227.477,"Q3_2025":247.081,"Q4_2025":224.368,"Q1_2026":242.325},"geometry":{"type":"Polygon","coordinates":[[[107.571833,-7.1067290000000005],[107.571933,-7.1067290000000005],[107.571933,-7.106629000000001],[107.571833,-7.106629000000001],[107.571833,-7.1067290000000005]]]}},{"type":"Feature","properties":{"row":3,"col":18,"Q1_2025":197.111,"Q2_2025":208.745,"Q3_2025":205.732,"Q4_2025":248.201,"Q1_2026":234.674},"geometry":{"type":"Polygon","coordinates":[[[107.571933,-7.1067290000000005],[107.572033,-7.1067290000000005],[107.572033,-7.106629000000001],[107.571933,-7.106629000000001],[107.571933,-7.1067290000000005]]]}},{"type":"Feature","properties":{"row":3,"col":19,"Q1_2025":215.759,"Q2_2025":203.617,"Q3_2025":198.713,"Q4_2025":247.245,"Q1_2026":222.006},"geometry":{"type":"Polygon","coordinates":[[[107.572033,-7.1067290000000005],[107.57213300000001,-7.1067290000000005],[107.57213300000001,-7.106629000000001],[107.572033,-7.106629000000001],[107.572033,-7.1067290000000005]]]}},{"type":"Feature","properties":{"row":4,"col":0,"Q1_2025":155.887,"Q2_2025":186.252,"Q3_2025":183.119,"Q4_2025":188.364,"Q1_2026":211.574},"geometry":{"type":"Polygon","coordinates":[[[107.570133,-7.106629000000001],[107.570233,-7.106629000000001],[107.570233,-7.106529000000001],[107.570133,-7.106529000000001],[107.570133,-7.106629000000001]]]}},{"type":"Feature","properties":{"row":4,"col":1,"Q1_2025":167.849,"Q2_2025":186.684,"Q3_2025":174.308,"Q4_2025":208.948,"Q1_2026":197.111},"geometry":{"type":"Polygon","coordinates":[[[107.570233,-7.106629000000001],[107.570333,-7.106629000000001],[107.570333,-7.106529000000001],[107.570233,-7.106529000000001],[107.570233,-7.106629000000001]]]}},{"type":"Feature","properties":{"row":4,"col":2,"Q1_2025":176.912,"Q2_2025":175.941,"Q3_2025":182.99,"Q4_2025":196.327,"Q1_2026":216.299},"geometry":{"type":"Polygon","coordinates":[[[107.570333,-7.106629000000001],[107.57043300000001,-7.106629000000001],[107.57043300000001,-7.106529000000001],[107.570333,-7.106529000000001],[107.570333,-7.106629000000001]]]}},{"type":"Feature","properties":{"row":4,"col":3,"Q1_2025":177.101,"Q2_2025":189.495,"Q3_2025":190.833,"Q4_2025":216.789,"Q1_2026":196.9},"geometry":{"type":"Polygon","coordinates":[[[107.570433,-7.106629000000001],[107.570533,-7.106629000000001],[107.570533,-7.106529000000001],[107.570433,-7.106529000000001],[107.570433,-7.106629000000001]]]}},{"type":"Feature","properties":{"row":4,"col":4,"Q1_2025":167.148,"Q2_2025":206.057,"Q3_2025":178.301,"Q4_2025":225.123,"Q1_2026":215.762},"geometry":{"type":"Polygon","coordinates":[[[107.570533,-7.106629000000001],[107.570633,-7.106629000000001],[107.570633,-7.106529000000001],[107.570533,-7.106529000000001],[107.570533,-7.106629000000001]]]}},{"type":"Feature","properties":{"row":4,"col":5,"Q1_2025":192.516,"Q2_2025":199.402,"Q3_2025":197.593,"Q4_2025":217.348,"Q1_2026":240.543},"geometry":{"type":"Polygon","coordinates":[[[107.570633,-7.106629000000001],[107.570733,-7.106629000000001],[107.570733,-7.106529000000001],[107.570633,-7.106529000000001],[107.570633,-7.106629000000001]]]}},{"type":"Feature","properties":{"row":4,"col":6,"Q1_2025":204.458,"Q2_2025":193.135,"Q3_2025":220.657,"Q4_2025":204.537,"Q1_2026":222.075},"geometry":{"type":"Polygon","coordinates":[[[107.570733,-7.106629000000001],[107.57083300000001,-7.106629000000001],[107.57083300000001,-7.106529000000001],[107.570733,-7.106529000000001],[107.570733,-7.106629000000001]]]}},{"type":"Feature","properties":{"row":4,"col":7,"Q1_2025":197.562,"Q2_2025":216.541,"Q3_2025":198.253,"Q4_2025":230.611,"Q1_2026":223.982},"geometry":{"type":"Polygon","coordinates":[[[107.570833,-7.106629000000001],[107.570933,-7.106629000000001],[107.570933,-7.106529000000001],[107.570833,-7.106529000000001],[107.570833,-7.106629000000001]]]}},{"type":"Feature","properties":{"row":4,"col":8,"Q1_2025":183.235,"Q2_2025":217.596,"Q3_2025":211.456,"Q4_2025":203.585,"Q1_2026":239.587},"geometry":{"type":"Polygon","coordinates":[[[107.570933,-7.106629000000001],[107.571033,-7.106629000000001],[107.571033,-7.106529000000001],[107.570933,-7.106529000000001],[107.570933,-7.106629000000001]]]}},{"type":"Feature","properties":{"row":4,"col":9,"Q1_2025":185.85,"Q2_2025":206.936,"Q3_2025":207.45,"Q4_2025":218.608,"Q1_2026":245.605},"geometry":{"type":"Polygon","coordinates":[[[107.571033,-7.106629000000001],[107.571133,-7.106629000000001],[107.571133,-7.106529000000001],[107.571033,-7.106529000000001],[107.571033,-7.106629000000001]]]}},{"type":"Feature","properties":{"row":4,"col":10,"Q1_2025":211.662,"Q2_2025":198.233,"Q3_2025":219.058,"Q4_2025":229.994,"Q1_2026":250.877},"geometry":{"type":"Polygon","coordinates":[[[107.571133,-7.106629000000001],[107.571233,-7.106629000000001],[107.571233,-7.106529000000001],[107.571133,-7.106529000000001],[107.571133,-7.106629000000001]]]}},{"type":"Feature","properties":{"row":4,"col":11,"Q1_2025":211.973,"Q2_2025":203.266,"Q3_2025":210.456,"Q4_2025":238.006,"Q1_2026":247.002},"geometry":{"type":"Polygon","coordinates":[[[107.57123299999999,-7.106629000000001],[107.571333,-7.106629000000001],[107.571333,-7.106529000000001],[107.57123299999999,-7.106529000000001],[107.57123299999999,-7.106629000000001]]]}},{"type":"Feature","properties":{"row":4,"col":12,"Q1_2025":202.868,"Q2_2025":210.613,"Q3_2025":229.971,"Q4_2025":235.77,"Q1_2026":214.574},"geometry":{"type":"Polygon","coordinates":[[[107.571333,-7.106629000000001],[107.571433,-7.106629000000001],[107.571433,-7.106529000000001],[107.571333,-7.106529000000001],[107.571333,-7.106629000000001]]]}},{"type":"Feature","properties":{"row":4,"col":13,"Q1_2025":207.159,"Q2_2025":226.108,"Q3_2025":211.032,"Q4_2025":242.58,"Q1_2026":229.395},"geometry":{"type":"Polygon","coordinates":[[[107.571433,-7.106629000000001],[107.571533,-7.106629000000001],[107.571533,-7.106529000000001],[107.571433,-7.106529000000001],[107.571433,-7.106629000000001]]]}},{"type":"Feature","properties":{"row":4,"col":14,"Q1_2025":212.741,"Q2_2025":209.959,"Q3_2025":210.268,"Q4_2025":236.628,"Q1_2026":241.396},"geometry":{"type":"Polygon","coordinates":[[[107.571533,-7.106629000000001],[107.571633,-7.106629000000001],[107.571633,-7.106529000000001],[107.571533,-7.106529000000001],[107.571533,-7.106629000000001]]]}},{"type":"Feature","properties":{"row":4,"col":15,"Q1_2025":225.793,"Q2_2025":226.892,"Q3_2025":210.693,"Q4_2025":237.855,"Q1_2026":252.389},"geometry":{"type":"Polygon","coordinates":[[[107.57163299999999,-7.106629000000001],[107.571733,-7.106629000000001],[107.571733,-7.106529000000001],[107.57163299999999,-7.106529000000001],[107.57163299999999,-7.106629000000001]]]}},{"type":"Feature","properties":{"row":4,"col":16,"Q1_2025":218.888,"Q2_2025":237.006,"Q3_2025":245.934,"Q4_2025":227.336,"Q1_2026":246.285},"geometry":{"type":"Polygon","coordinates":[[[107.571733,-7.106629000000001],[107.571833,-7.106629000000001],[107.571833,-7.106529000000001],[107.571733,-7.106529000000001],[107.571733,-7.106629000000001]]]}},{"type":"Feature","properties":{"row":4,"col":17,"Q1_2025":233.96,"Q2_2025":230.728,"Q3_2025":219.242,"Q4_2025":218.699,"Q1_2026":226.384},"geometry":{"type":"Polygon","coordinates":[[[107.571833,-7.106629000000001],[107.571933,-7.106629000000001],[107.571933,-7.106529000000001],[107.571833,-7.106529000000001],[107.571833,-7.106629000000001]]]}},{"type":"Feature","properties":{"row":4,"col":18,"Q1_2025":215.81,"Q2_2025":216.174,"Q3_2025":223.417,"Q4_2025":227.453,"Q1_2026":232.646},"geometry":{"type":"Polygon","coordinates":[[[107.571933,-7.106629000000001],[107.572033,-7.106629000000001],[107.572033,-7.106529000000001],[107.571933,-7.106529000000001],[107.571933,-7.106629000000001]]]}},{"type":"Feature","properties":{"row":4,"col":19,"Q1_2025":214.507,"Q2_2025":216.066,"Q3_2025":228.652,"Q4_2025":215.969,"Q1_2026":258.24},"geometry":{"type":"Polygon","coordinates":[[[107.572033,-7.106629000000001],[107.57213300000001,-7.106629000000001],[107.57213300000001,-7.106529000000001],[107.572033,-7.106529000000001],[107.572033,-7.106629000000001]]]}},{"type":"Feature","properties":{"row":5,"col":0,"Q1_2025":179.356,"Q2_2025":186.274,"Q3_2025":162.932,"Q4_2025":200.473,"Q1_2026":185.232},"geometry":{"type":"Polygon","coordinates":[[[107.570133,-7.106529000000001],[107.570233,-7.106529000000001],[107.570233,-7.106429000000001],[107.570133,-7.106429000000001],[107.570133,-7.106529000000001]]]}},{"type":"Feature","properties":{"row":5,"col":1,"Q1_2025":176.445,"Q2_2025":191.781,"Q3_2025":198.87,"Q4_2025":203.415,"Q1_2026":222.681},"geometry":{"type":"Polygon","coordinates":[[[107.570233,-7.106529000000001],[107.570333,-7.106529000000001],[107.570333,-7.106429000000001],[107.570233,-7.106429000000001],[107.570233,-7.106529000000001]]]}},{"type":"Feature","properties":{"row":5,"col":2,"Q1_2025":178.412,"Q2_2025":176.685,"Q3_2025":187.481,"Q4_2025":200.953,"Q1_2026":217.147},"geometry":{"type":"Polygon","coordinates":[[[107.570333,-7.106529000000001],[107.57043300000001,-7.106529000000001],[107.57043300000001,-7.106429000000001],[107.570333,-7.106429000000001],[107.570333,-7.106529000000001]]]}},{"type":"Feature","properties":{"row":5,"col":3,"Q1_2025":170.735,"Q2_2025":197.515,"Q3_2025":197.117,"Q4_2025":200.764,"Q1_2026":204.023},"geometry":{"type":"Polygon","coordinates":[[[107.570433,-7.106529000000001],[107.570533,-7.106529000000001],[107.570533,-7.106429000000001],[107.570433,-7.106429000000001],[107.570433,-7.106529000000001]]]}},{"type":"Feature","properties":{"row":5,"col":4,"Q1_2025":181.215,"Q2_2025":196.983,"Q3_2025":199.982,"Q4_2025":217.473,"Q1_2026":201.813},"geometry":{"type":"Polygon","coordinates":[[[107.570533,-7.106529000000001],[107.570633,-7.106529000000001],[107.570633,-7.106429000000001],[107.570533,-7.106429000000001],[107.570533,-7.106529000000001]]]}},{"type":"Feature","properties":{"row":5,"col":5,"Q1_2025":175.716,"Q2_2025":188.044,"Q3_2025":217.506,"Q4_2025":213.022,"Q1_2026":222.787},"geometry":{"type":"Polygon","coordinates":[[[107.570633,-7.106529000000001],[107.570733,-7.106529000000001],[107.570733,-7.106429000000001],[107.570633,-7.106429000000001],[107.570633,-7.106529000000001]]]}},{"type":"Feature","properties":{"row":5,"col":6,"Q1_2025":200.669,"Q2_2025":209.313,"Q3_2025":205.411,"Q4_2025":204.478,"Q1_2026":223.165},"geometry":{"type":"Polygon","coordinates":[[[107.570733,-7.106529000000001],[107.57083300000001,-7.106529000000001],[107.57083300000001,-7.106429000000001],[107.570733,-7.106429000000001],[107.570733,-7.106529000000001]]]}},{"type":"Feature","properties":{"row":5,"col":7,"Q1_2025":183.567,"Q2_2025":206.182,"Q3_2025":207.188,"Q4_2025":225.728,"Q1_2026":232.814},"geometry":{"type":"Polygon","coordinates":[[[107.570833,-7.106529000000001],[107.570933,-7.106529000000001],[107.570933,-7.106429000000001],[107.570833,-7.106429000000001],[107.570833,-7.106529000000001]]]}},{"type":"Feature","properties":{"row":5,"col":8,"Q1_2025":198.97,"Q2_2025":216.957,"Q3_2025":246.979,"Q4_2025":208.16,"Q1_2026":258.877},"geometry":{"type":"Polygon","coordinates":[[[107.570933,-7.106529000000001],[107.571033,-7.106529000000001],[107.571033,-7.106429000000001],[107.570933,-7.106429000000001],[107.570933,-7.106529000000001]]]}},{"type":"Feature","properties":{"row":5,"col":9,"Q1_2025":196.167,"Q2_2025":200.35,"Q3_2025":212.282,"Q4_2025":237.234,"Q1_2026":240.053},"geometry":{"type":"Polygon","coordinates":[[[107.571033,-7.106529000000001],[107.571133,-7.106529000000001],[107.571133,-7.106429000000001],[107.571033,-7.106429000000001],[107.571033,-7.106529000000001]]]}},{"type":"Feature","properties":{"row":5,"col":10,"Q1_2025":202.394,"Q2_2025":210.796,"Q3_2025":216.998,"Q4_2025":238.509,"Q1_2026":253.143},"geometry":{"type":"Polygon","coordinates":[[[107.571133,-7.106529000000001],[107.571233,-7.106529000000001],[107.571233,-7.106429000000001],[107.571133,-7.106429000000001],[107.571133,-7.106529000000001]]]}},{"type":"Feature","properties":{"row":5,"col":11,"Q1_2025":208.09,"Q2_2025":211.85,"Q3_2025":222.881,"Q4_2025":211.567,"Q1_2026":242.1},"geometry":{"type":"Polygon","coordinates":[[[107.57123299999999,-7.106529000000001],[107.571333,-7.106529000000001],[107.571333,-7.106429000000001],[107.57123299999999,-7.106429000000001],[107.57123299999999,-7.106529000000001]]]}},{"type":"Feature","properties":{"row":5,"col":12,"Q1_2025":215.879,"Q2_2025":216.358,"Q3_2025":223.003,"Q4_2025":247.262,"Q1_2026":247.184},"geometry":{"type":"Polygon","coordinates":[[[107.571333,-7.106529000000001],[107.571433,-7.106529000000001],[107.571433,-7.106429000000001],[107.571333,-7.106429000000001],[107.571333,-7.106529000000001]]]}},{"type":"Feature","properties":{"row":5,"col":13,"Q1_2025":216.758,"Q2_2025":225.912,"Q3_2025":230.314,"Q4_2025":250.017,"Q1_2026":231.185},"geometry":{"type":"Polygon","coordinates":[[[107.571433,-7.106529000000001],[107.571533,-7.106529000000001],[107.571533,-7.106429000000001],[107.571433,-7.106429000000001],[107.571433,-7.106529000000001]]]}},{"type":"Feature","properties":{"row":5,"col":14,"Q1_2025":212.917,"Q2_2025":198.398,"Q3_2025":225.025,"Q4_2025":257.262,"Q1_2026":232.383},"geometry":{"type":"Polygon","coordinates":[[[107.571533,-7.106529000000001],[107.571633,-7.106529000000001],[107.571633,-7.106429000000001],[107.571533,-7.106429000000001],[107.571533,-7.106529000000001]]]}},{"type":"Feature","properties":{"row":5,"col":15,"Q1_2025":202.151,"Q2_2025":220.435,"Q3_2025":237.816,"Q4_2025":243.985,"Q1_2026":239.746},"geometry":{"type":"Polygon","coordinates":[[[107.57163299999999,-7.106529000000001],[107.571733,-7.106529000000001],[107.571733,-7.106429000000001],[107.57163299999999,-7.106429000000001],[107.57163299999999,-7.106529000000001]]]}},{"type":"Feature","properties":{"row":5,"col":16,"Q1_2025":229.792,"Q2_2025":220.236,"Q3_2025":240.201,"Q4_2025":252.75,"Q1_2026":234.986},"geometry":{"type":"Polygon","coordinates":[[[107.571733,-7.106529000000001],[107.571833,-7.106529000000001],[107.571833,-7.106429000000001],[107.571733,-7.106429000000001],[107.571733,-7.106529000000001]]]}},{"type":"Feature","properties":{"row":5,"col":17,"Q1_2025":197.236,"Q2_2025":225.543,"Q3_2025":230.047,"Q4_2025":236.526,"Q1_2026":246.866},"geometry":{"type":"Polygon","coordinates":[[[107.571833,-7.106529000000001],[107.571933,-7.106529000000001],[107.571933,-7.106429000000001],[107.571833,-7.106429000000001],[107.571833,-7.106529000000001]]]}},{"type":"Feature","properties":{"row":5,"col":18,"Q1_2025":210.326,"Q2_2025":234.944,"Q3_2025":197.224,"Q4_2025":248.038,"Q1_2026":245.92},"geometry":{"type":"Polygon","coordinates":[[[107.571933,-7.106529000000001],[107.572033,-7.106529000000001],[107.572033,-7.106429000000001],[107.571933,-7.106429000000001],[107.571933,-7.106529000000001]]]}},{"type":"Feature","properties":{"row":5,"col":19,"Q1_2025":209.007,"Q2_2025":208.533,"Q3_2025":238.605,"Q4_2025":222.677,"Q1_2026":243.364},"geometry":{"type":"Polygon","coordinates":[[[107.572033,-7.106529000000001],[107.57213300000001,-7.106529000000001],[107.57213300000001,-7.106429000000001],[107.572033,-7.106429000000001],[107.572033,-7.106529000000001]]]}},{"type":"Feature","properties":{"row":6,"col":0,"Q1_2025":180.086,"Q2_2025":160.161,"Q3_2025":187.872,"Q4_2025":195.819,"Q1_2026":204.979},"geometry":{"type":"Polygon","coordinates":[[[107.570133,-7.106429],[107.570233,-7.106429],[107.570233,-7.106329000000001],[107.570133,-7.106329000000001],[107.570133,-7.106429]]]}},{"type":"Feature","properties":{"row":6,"col":1,"Q1_2025":168.77,"Q2_2025":187.277,"Q3_2025":199.807,"Q4_2025":194.417,"Q1_2026":226.255},"geometry":{"type":"Polygon","coordinates":[[[107.570233,-7.106429],[107.570333,-7.106429],[107.570333,-7.106329000000001],[107.570233,-7.106329000000001],[107.570233,-7.106429]]]}},{"type":"Feature","properties":{"row":6,"col":2,"Q1_2025":166.809,"Q2_2025":179.387,"Q3_2025":206.199,"Q4_2025":200.007,"Q1_2026":200.805},"geometry":{"type":"Polygon","coordinates":[[[107.570333,-7.106429],[107.57043300000001,-7.106429],[107.57043300000001,-7.106329000000001],[107.570333,-7.106329000000001],[107.570333,-7.106429]]]}},{"type":"Feature","properties":{"row":6,"col":3,"Q1_2025":178.483,"Q2_2025":206.094,"Q3_2025":206.887,"Q4_2025":197.685,"Q1_2026":196.216},"geometry":{"type":"Polygon","coordinates":[[[107.570433,-7.106429],[107.570533,-7.106429],[107.570533,-7.106329000000001],[107.570433,-7.106329000000001],[107.570433,-7.106429]]]}},{"type":"Feature","properties":{"row":6,"col":4,"Q1_2025":202.64,"Q2_2025":198.174,"Q3_2025":199.492,"Q4_2025":202.642,"Q1_2026":198.994},"geometry":{"type":"Polygon","coordinates":[[[107.570533,-7.106429],[107.570633,-7.106429],[107.570633,-7.106329000000001],[107.570533,-7.106329000000001],[107.570533,-7.106429]]]}},{"type":"Feature","properties":{"row":6,"col":5,"Q1_2025":179.227,"Q2_2025":203.444,"Q3_2025":203.503,"Q4_2025":232.895,"Q1_2026":233.63},"geometry":{"type":"Polygon","coordinates":[[[107.570633,-7.106429],[107.570733,-7.106429],[107.570733,-7.106329000000001],[107.570633,-7.106329000000001],[107.570633,-7.106429]]]}},{"type":"Feature","properties":{"row":6,"col":6,"Q1_2025":191.13,"Q2_2025":195.78,"Q3_2025":225.954,"Q4_2025":217.321,"Q1_2026":255.488},"geometry":{"type":"Polygon","coordinates":[[[107.570733,-7.106429],[107.57083300000001,-7.106429],[107.57083300000001,-7.106329000000001],[107.570733,-7.106329000000001],[107.570733,-7.106429]]]}},{"type":"Feature","properties":{"row":6,"col":7,"Q1_2025":202.422,"Q2_2025":195.807,"Q3_2025":197.05,"Q4_2025":218.102,"Q1_2026":247.911},"geometry":{"type":"Polygon","coordinates":[[[107.570833,-7.106429],[107.570933,-7.106429],[107.570933,-7.106329000000001],[107.570833,-7.106329000000001],[107.570833,-7.106429]]]}},{"type":"Feature","properties":{"row":6,"col":8,"Q1_2025":203.045,"Q2_2025":188.514,"Q3_2025":215.265,"Q4_2025":226.615,"Q1_2026":251.215},"geometry":{"type":"Polygon","coordinates":[[[107.570933,-7.106429],[107.571033,-7.106429],[107.571033,-7.106329000000001],[107.570933,-7.106329000000001],[107.570933,-7.106429]]]}},{"type":"Feature","properties":{"row":6,"col":9,"Q1_2025":213.375,"Q2_2025":215.549,"Q3_2025":228.078,"Q4_2025":255.292,"Q1_2026":251.639},"geometry":{"type":"Polygon","coordinates":[[[107.571033,-7.106429],[107.571133,-7.106429],[107.571133,-7.106329000000001],[107.571033,-7.106329000000001],[107.571033,-7.106429]]]}},{"type":"Feature","properties":{"row":6,"col":10,"Q1_2025":204.46,"Q2_2025":226.717,"Q3_2025":239.194,"Q4_2025":259.17,"Q1_2026":246.744},"geometry":{"type":"Polygon","coordinates":[[[107.571133,-7.106429],[107.571233,-7.106429],[107.571233,-7.106329000000001],[107.571133,-7.106329000000001],[107.571133,-7.106429]]]}},{"type":"Feature","properties":{"row":6,"col":11,"Q1_2025":210.66,"Q2_2025":225.47,"Q3_2025":225.12,"Q4_2025":239.402,"Q1_2026":237.843},"geometry":{"type":"Polygon","coordinates":[[[107.57123299999999,-7.106429],[107.571333,-7.106429],[107.571333,-7.106329000000001],[107.57123299999999,-7.106329000000001],[107.57123299999999,-7.106429]]]}},{"type":"Feature","properties":{"row":6,"col":12,"Q1_2025":215.37,"Q2_2025":208.567,"Q3_2025":239.575,"Q4_2025":247.121,"Q1_2026":230.627},"geometry":{"type":"Polygon","coordinates":[[[107.571333,-7.106429],[107.571433,-7.106429],[107.571433,-7.106329000000001],[107.571333,-7.106329000000001],[107.571333,-7.106429]]]}},{"type":"Feature","properties":{"row":6,"col":13,"Q1_2025":223.202,"Q2_2025":218.126,"Q3_2025":245.859,"Q4_2025":249.774,"Q1_2026":258.601},"geometry":{"type":"Polygon","coordinates":[[[107.571433,-7.106429],[107.571533,-7.106429],[107.571533,-7.106329000000001],[107.571433,-7.106329000000001],[107.571433,-7.106429]]]}},{"type":"Feature","properties":{"row":6,"col":14,"Q1_2025":221.736,"Q2_2025":213.393,"Q3_2025":211.054,"Q4_2025":241.181,"Q1_2026":235.097},"geometry":{"type":"Polygon","coordinates":[[[107.571533,-7.106429],[107.571633,-7.106429],[107.571633,-7.106329000000001],[107.571533,-7.106329000000001],[107.571533,-7.106429]]]}},{"type":"Feature","properties":{"row":6,"col":15,"Q1_2025":217.437,"Q2_2025":208.656,"Q3_2025":239.351,"Q4_2025":244.697,"Q1_2026":234.744},"geometry":{"type":"Polygon","coordinates":[[[107.57163299999999,-7.106429],[107.571733,-7.106429],[107.571733,-7.106329000000001],[107.57163299999999,-7.106329000000001],[107.57163299999999,-7.106429]]]}},{"type":"Feature","properties":{"row":6,"col":16,"Q1_2025":205.312,"Q2_2025":227.198,"Q3_2025":239.811,"Q4_2025":241.258,"Q1_2026":240.019},"geometry":{"type":"Polygon","coordinates":[[[107.571733,-7.106429],[107.571833,-7.106429],[107.571833,-7.106329000000001],[107.571733,-7.106329000000001],[107.571733,-7.106429]]]}},{"type":"Feature","properties":{"row":6,"col":17,"Q1_2025":215.762,"Q2_2025":219.879,"Q3_2025":224.798,"Q4_2025":224.056,"Q1_2026":246.557},"geometry":{"type":"Polygon","coordinates":[[[107.571833,-7.106429],[107.571933,-7.106429],[107.571933,-7.106329000000001],[107.571833,-7.106329000000001],[107.571833,-7.106429]]]}},{"type":"Feature","properties":{"row":6,"col":18,"Q1_2025":204.941,"Q2_2025":219.85,"Q3_2025":208.992,"Q4_2025":245.493,"Q1_2026":239.513},"geometry":{"type":"Polygon","coordinates":[[[107.571933,-7.106429],[107.572033,-7.106429],[107.572033,-7.106329000000001],[107.571933,-7.106329000000001],[107.571933,-7.106429]]]}},{"type":"Feature","properties":{"row":6,"col":19,"Q1_2025":212.741,"Q2_2025":234.947,"Q3_2025":243.482,"Q4_2025":242.565,"Q1_2026":233.734},"geometry":{"type":"Polygon","coordinates":[[[107.572033,-7.106429],[107.57213300000001,-7.106429],[107.57213300000001,-7.106329000000001],[107.572033,-7.106329000000001],[107.572033,-7.106429]]]}},{"type":"Feature","properties":{"row":7,"col":0,"Q1_2025":168.75,"Q2_2025":180.632,"Q3_2025":188.325,"Q4_2025":195.036,"Q1_2026":209.835},"geometry":{"type":"Polygon","coordinates":[[[107.570133,-7.106329000000001],[107.570233,-7.106329000000001],[107.570233,-7.106229000000001],[107.570133,-7.106229000000001],[107.570133,-7.106329000000001]]]}},{"type":"Feature","properties":{"row":7,"col":1,"Q1_2025":181.032,"Q2_2025":194.638,"Q3_2025":198.675,"Q4_2025":191.501,"Q1_2026":203.26},"geometry":{"type":"Polygon","coordinates":[[[107.570233,-7.106329000000001],[107.570333,-7.106329000000001],[107.570333,-7.106229000000001],[107.570233,-7.106229000000001],[107.570233,-7.106329000000001]]]}},{"type":"Feature","properties":{"row":7,"col":2,"Q1_2025":179.203,"Q2_2025":191.458,"Q3_2025":190.412,"Q4_2025":203.223,"Q1_2026":208.011},"geometry":{"type":"Polygon","coordinates":[[[107.570333,-7.106329000000001],[107.57043300000001,-7.106329000000001],[107.57043300000001,-7.106229000000001],[107.570333,-7.106229000000001],[107.570333,-7.106329000000001]]]}},{"type":"Feature","properties":{"row":7,"col":3,"Q1_2025":178.914,"Q2_2025":196.388,"Q3_2025":209.358,"Q4_2025":225.983,"Q1_2026":226.486},"geometry":{"type":"Polygon","coordinates":[[[107.570433,-7.106329000000001],[107.570533,-7.106329000000001],[107.570533,-7.106229000000001],[107.570433,-7.106229000000001],[107.570433,-7.106329000000001]]]}},{"type":"Feature","properties":{"row":7,"col":4,"Q1_2025":185.296,"Q2_2025":209.931,"Q3_2025":190.915,"Q4_2025":217.376,"Q1_2026":215.629},"geometry":{"type":"Polygon","coordinates":[[[107.570533,-7.106329000000001],[107.570633,-7.106329000000001],[107.570633,-7.106229000000001],[107.570533,-7.106229000000001],[107.570533,-7.106329000000001]]]}},{"type":"Feature","properties":{"row":7,"col":5,"Q1_2025":188.669,"Q2_2025":221.988,"Q3_2025":205.973,"Q4_2025":220.637,"Q1_2026":232.083},"geometry":{"type":"Polygon","coordinates":[[[107.570633,-7.106329000000001],[107.570733,-7.106329000000001],[107.570733,-7.106229000000001],[107.570633,-7.106229000000001],[107.570633,-7.106329000000001]]]}},{"type":"Feature","properties":{"row":7,"col":6,"Q1_2025":198.824,"Q2_2025":193.468,"Q3_2025":218.359,"Q4_2025":219.655,"Q1_2026":230.02},"geometry":{"type":"Polygon","coordinates":[[[107.570733,-7.106329000000001],[107.57083300000001,-7.106329000000001],[107.57083300000001,-7.106229000000001],[107.570733,-7.106229000000001],[107.570733,-7.106329000000001]]]}},{"type":"Feature","properties":{"row":7,"col":7,"Q1_2025":203.598,"Q2_2025":216.392,"Q3_2025":223.938,"Q4_2025":212.646,"Q1_2026":238.028},"geometry":{"type":"Polygon","coordinates":[[[107.570833,-7.106329000000001],[107.570933,-7.106329000000001],[107.570933,-7.106229000000001],[107.570833,-7.106229000000001],[107.570833,-7.106329000000001]]]}},{"type":"Feature","properties":{"row":7,"col":8,"Q1_2025":225.915,"Q2_2025":197.198,"Q3_2025":215.012,"Q4_2025":225.375,"Q1_2026":220.414},"geometry":{"type":"Polygon","coordinates":[[[107.570933,-7.106329000000001],[107.571033,-7.106329000000001],[107.571033,-7.106229000000001],[107.570933,-7.106229000000001],[107.570933,-7.106329000000001]]]}},{"type":"Feature","properties":{"row":7,"col":9,"Q1_2025":193.854,"Q2_2025":210.561,"Q3_2025":239.644,"Q4_2025":232.481,"Q1_2026":234.826},"geometry":{"type":"Polygon","coordinates":[[[107.571033,-7.106329000000001],[107.571133,-7.106329000000001],[107.571133,-7.106229000000001],[107.571033,-7.106229000000001],[107.571033,-7.106329000000001]]]}},{"type":"Feature","properties":{"row":7,"col":10,"Q1_2025":213.477,"Q2_2025":228.046,"Q3_2025":236.01,"Q4_2025":239.58,"Q1_2026":273.572},"geometry":{"type":"Polygon","coordinates":[[[107.571133,-7.106329000000001],[107.571233,-7.106329000000001],[107.571233,-7.106229000000001],[107.571133,-7.106229000000001],[107.571133,-7.106329000000001]]]}},{"type":"Feature","properties":{"row":7,"col":11,"Q1_2025":219.739,"Q2_2025":229.428,"Q3_2025":227.787,"Q4_2025":232.478,"Q1_2026":237.449},"geometry":{"type":"Polygon","coordinates":[[[107.57123299999999,-7.106329000000001],[107.571333,-7.106329000000001],[107.571333,-7.106229000000001],[107.57123299999999,-7.106229000000001],[107.57123299999999,-7.106329000000001]]]}},{"type":"Feature","properties":{"row":7,"col":12,"Q1_2025":205.164,"Q2_2025":231.571,"Q3_2025":235.684,"Q4_2025":235.76,"Q1_2026":246.555},"geometry":{"type":"Polygon","coordinates":[[[107.571333,-7.106329000000001],[107.571433,-7.106329000000001],[107.571433,-7.106229000000001],[107.571333,-7.106229000000001],[107.571333,-7.106329000000001]]]}},{"type":"Feature","properties":{"row":7,"col":13,"Q1_2025":228.92,"Q2_2025":224.255,"Q3_2025":234.669,"Q4_2025":245.22,"Q1_2026":255.298},"geometry":{"type":"Polygon","coordinates":[[[107.571433,-7.106329000000001],[107.571533,-7.106329000000001],[107.571533,-7.106229000000001],[107.571433,-7.106229000000001],[107.571433,-7.106329000000001]]]}},{"type":"Feature","properties":{"row":7,"col":14,"Q1_2025":210.547,"Q2_2025":201.474,"Q3_2025":214.604,"Q4_2025":245.641,"Q1_2026":244.343},"geometry":{"type":"Polygon","coordinates":[[[107.571533,-7.106329000000001],[107.571633,-7.106329000000001],[107.571633,-7.106229000000001],[107.571533,-7.106229000000001],[107.571533,-7.106329000000001]]]}},{"type":"Feature","properties":{"row":7,"col":15,"Q1_2025":214.136,"Q2_2025":208.385,"Q3_2025":225.552,"Q4_2025":242.751,"Q1_2026":249.953},"geometry":{"type":"Polygon","coordinates":[[[107.57163299999999,-7.106329000000001],[107.571733,-7.106329000000001],[107.571733,-7.106229000000001],[107.57163299999999,-7.106229000000001],[107.57163299999999,-7.106329000000001]]]}},{"type":"Feature","properties":{"row":7,"col":16,"Q1_2025":205.97,"Q2_2025":213.21,"Q3_2025":252.028,"Q4_2025":238.26,"Q1_2026":247.666},"geometry":{"type":"Polygon","coordinates":[[[107.571733,-7.106329000000001],[107.571833,-7.106329000000001],[107.571833,-7.106229000000001],[107.571733,-7.106229000000001],[107.571733,-7.106329000000001]]]}},{"type":"Feature","properties":{"row":7,"col":17,"Q1_2025":202.346,"Q2_2025":215.95,"Q3_2025":228.988,"Q4_2025":228.259,"Q1_2026":248.667},"geometry":{"type":"Polygon","coordinates":[[[107.571833,-7.106329000000001],[107.571933,-7.106329000000001],[107.571933,-7.106229000000001],[107.571833,-7.106229000000001],[107.571833,-7.106329000000001]]]}},{"type":"Feature","properties":{"row":7,"col":18,"Q1_2025":203.039,"Q2_2025":215.157,"Q3_2025":222.618,"Q4_2025":222.0,"Q1_2026":230.818},"geometry":{"type":"Polygon","coordinates":[[[107.571933,-7.106329000000001],[107.572033,-7.106329000000001],[107.572033,-7.106229000000001],[107.571933,-7.106229000000001],[107.571933,-7.106329000000001]]]}},{"type":"Feature","properties":{"row":7,"col":19,"Q1_2025":214.496,"Q2_2025":210.988,"Q3_2025":227.441,"Q4_2025":235.838,"Q1_2026":248.611},"geometry":{"type":"Polygon","coordinates":[[[107.572033,-7.106329000000001],[107.57213300000001,-7.106329000000001],[107.57213300000001,-7.106229000000001],[107.572033,-7.106229000000001],[107.572033,-7.106329000000001]]]}},{"type":"Feature","properties":{"row":8,"col":0,"Q1_2025":178.431,"Q2_2025":171.83,"Q3_2025":174.785,"Q4_2025":196.256,"Q1_2026":210.865},"geometry":{"type":"Polygon","coordinates":[[[107.570133,-7.106229000000001],[107.570233,-7.106229000000001],[107.570233,-7.106129000000001],[107.570133,-7.106129000000001],[107.570133,-7.106229000000001]]]}},{"type":"Feature","properties":{"row":8,"col":1,"Q1_2025":171.754,"Q2_2025":182.543,"Q3_2025":189.267,"Q4_2025":197.662,"Q1_2026":213.556},"geometry":{"type":"Polygon","coordinates":[[[107.570233,-7.106229000000001],[107.570333,-7.106229000000001],[107.570333,-7.106129000000001],[107.570233,-7.106129000000001],[107.570233,-7.106229000000001]]]}},{"type":"Feature","properties":{"row":8,"col":2,"Q1_2025":176.148,"Q2_2025":194.229,"Q3_2025":200.333,"Q4_2025":225.692,"Q1_2026":204.976},"geometry":{"type":"Polygon","coordinates":[[[107.570333,-7.106229000000001],[107.57043300000001,-7.106229000000001],[107.57043300000001,-7.106129000000001],[107.570333,-7.106129000000001],[107.570333,-7.106229000000001]]]}},{"type":"Feature","properties":{"row":8,"col":3,"Q1_2025":196.747,"Q2_2025":201.274,"Q3_2025":189.017,"Q4_2025":214.906,"Q1_2026":223.362},"geometry":{"type":"Polygon","coordinates":[[[107.570433,-7.106229000000001],[107.570533,-7.106229000000001],[107.570533,-7.106129000000001],[107.570433,-7.106129000000001],[107.570433,-7.106229000000001]]]}},{"type":"Feature","properties":{"row":8,"col":4,"Q1_2025":184.274,"Q2_2025":173.754,"Q3_2025":213.822,"Q4_2025":201.403,"Q1_2026":220.641},"geometry":{"type":"Polygon","coordinates":[[[107.570533,-7.106229000000001],[107.570633,-7.106229000000001],[107.570633,-7.106129000000001],[107.570533,-7.106129000000001],[107.570533,-7.106229000000001]]]}},{"type":"Feature","properties":{"row":8,"col":5,"Q1_2025":177.784,"Q2_2025":209.464,"Q3_2025":193.171,"Q4_2025":213.656,"Q1_2026":221.884},"geometry":{"type":"Polygon","coordinates":[[[107.570633,-7.106229000000001],[107.570733,-7.106229000000001],[107.570733,-7.106129000000001],[107.570633,-7.106129000000001],[107.570633,-7.106229000000001]]]}},{"type":"Feature","properties":{"row":8,"col":6,"Q1_2025":200.637,"Q2_2025":193.875,"Q3_2025":221.3,"Q4_2025":229.543,"Q1_2026":229.075},"geometry":{"type":"Polygon","coordinates":[[[107.570733,-7.106229000000001],[107.57083300000001,-7.106229000000001],[107.57083300000001,-7.106129000000001],[107.570733,-7.106129000000001],[107.570733,-7.106229000000001]]]}},{"type":"Feature","properties":{"row":8,"col":7,"Q1_2025":202.983,"Q2_2025":186.296,"Q3_2025":237.879,"Q4_2025":227.559,"Q1_2026":244.297},"geometry":{"type":"Polygon","coordinates":[[[107.570833,-7.106229000000001],[107.570933,-7.106229000000001],[107.570933,-7.106129000000001],[107.570833,-7.106129000000001],[107.570833,-7.106229000000001]]]}},{"type":"Feature","properties":{"row":8,"col":8,"Q1_2025":212.578,"Q2_2025":219.305,"Q3_2025":233.636,"Q4_2025":228.353,"Q1_2026":252.939},"geometry":{"type":"Polygon","coordinates":[[[107.570933,-7.106229000000001],[107.571033,-7.106229000000001],[107.571033,-7.106129000000001],[107.570933,-7.106129000000001],[107.570933,-7.106229000000001]]]}},{"type":"Feature","properties":{"row":8,"col":9,"Q1_2025":230.9,"Q2_2025":225.157,"Q3_2025":229.579,"Q4_2025":248.923,"Q1_2026":251.281},"geometry":{"type":"Polygon","coordinates":[[[107.571033,-7.106229000000001],[107.571133,-7.106229000000001],[107.571133,-7.106129000000001],[107.571033,-7.106129000000001],[107.571033,-7.106229000000001]]]}},{"type":"Feature","properties":{"row":8,"col":10,"Q1_2025":214.688,"Q2_2025":223.023,"Q3_2025":235.689,"Q4_2025":250.058,"Q1_2026":245.401},"geometry":{"type":"Polygon","coordinates":[[[107.571133,-7.106229000000001],[107.571233,-7.106229000000001],[107.571233,-7.106129000000001],[107.571133,-7.106129000000001],[107.571133,-7.106229000000001]]]}},{"type":"Feature","properties":{"row":8,"col":11,"Q1_2025":228.078,"Q2_2025":247.803,"Q3_2025":242.104,"Q4_2025":243.55,"Q1_2026":257.869},"geometry":{"type":"Polygon","coordinates":[[[107.57123299999999,-7.106229000000001],[107.571333,-7.106229000000001],[107.571333,-7.106129000000001],[107.57123299999999,-7.106129000000001],[107.57123299999999,-7.106229000000001]]]}},{"type":"Feature","properties":{"row":8,"col":12,"Q1_2025":216.269,"Q2_2025":217.496,"Q3_2025":229.104,"Q4_2025":230.996,"Q1_2026":262.303},"geometry":{"type":"Polygon","coordinates":[[[107.571333,-7.106229000000001],[107.571433,-7.106229000000001],[107.571433,-7.106129000000001],[107.571333,-7.106129000000001],[107.571333,-7.106229000000001]]]}},{"type":"Feature","properties":{"row":8,"col":13,"Q1_2025":215.738,"Q2_2025":210.007,"Q3_2025":241.62,"Q4_2025":248.14,"Q1_2026":255.549},"geometry":{"type":"Polygon","coordinates":[[[107.571433,-7.106229000000001],[107.571533,-7.106229000000001],[107.571533,-7.106129000000001],[107.571433,-7.106129000000001],[107.571433,-7.106229000000001]]]}},{"type":"Feature","properties":{"row":8,"col":14,"Q1_2025":206.534,"Q2_2025":216.769,"Q3_2025":253.565,"Q4_2025":237.898,"Q1_2026":256.502},"geometry":{"type":"Polygon","coordinates":[[[107.571533,-7.106229000000001],[107.571633,-7.106229000000001],[107.571633,-7.106129000000001],[107.571533,-7.106129000000001],[107.571533,-7.106229000000001]]]}},{"type":"Feature","properties":{"row":8,"col":15,"Q1_2025":220.36,"Q2_2025":213.272,"Q3_2025":220.387,"Q4_2025":248.084,"Q1_2026":248.028},"geometry":{"type":"Polygon","coordinates":[[[107.57163299999999,-7.106229000000001],[107.571733,-7.106229000000001],[107.571733,-7.106129000000001],[107.57163299999999,-7.106129000000001],[107.57163299999999,-7.106229000000001]]]}},{"type":"Feature","properties":{"row":8,"col":16,"Q1_2025":215.306,"Q2_2025":236.548,"Q3_2025":217.9,"Q4_2025":241.528,"Q1_2026":261.844},"geometry":{"type":"Polygon","coordinates":[[[107.571733,-7.106229000000001],[107.571833,-7.106229000000001],[107.571833,-7.106129000000001],[107.571733,-7.106129000000001],[107.571733,-7.106229000000001]]]}},{"type":"Feature","properties":{"row":8,"col":17,"Q1_2025":225.411,"Q2_2025":222.219,"Q3_2025":237.672,"Q4_2025":247.223,"Q1_2026":240.223},"geometry":{"type":"Polygon","coordinates":[[[107.571833,-7.106229000000001],[107.571933,-7.106229000000001],[107.571933,-7.106129000000001],[107.571833,-7.106129000000001],[107.571833,-7.106229000000001]]]}},{"type":"Feature","properties":{"row":8,"col":18,"Q1_2025":200.918,"Q2_2025":232.34,"Q3_2025":232.231,"Q4_2025":257.888,"Q1_2026":241.258},"geometry":{"type":"Polygon","coordinates":[[[107.571933,-7.106229000000001],[107.572033,-7.106229000000001],[107.572033,-7.106129000000001],[107.571933,-7.106129000000001],[107.571933,-7.106229000000001]]]}},{"type":"Feature","properties":{"row":8,"col":19,"Q1_2025":224.25,"Q2_2025":230.591,"Q3_2025":235.215,"Q4_2025":238.577,"Q1_2026":236.836},"geometry":{"type":"Polygon","coordinates":[[[107.572033,-7.106229000000001],[107.57213300000001,-7.106229000000001],[107.57213300000001,-7.106129000000001],[107.572033,-7.106129000000001],[107.572033,-7.106229000000001]]]}},{"type":"Feature","properties":{"row":9,"col":0,"Q1_2025":167.801,"Q2_2025":173.785,"Q3_2025":186.951,"Q4_2025":184.257,"Q1_2026":205.179},"geometry":{"type":"Polygon","coordinates":[[[107.570133,-7.106129000000001],[107.570233,-7.106129000000001],[107.570233,-7.106029000000001],[107.570133,-7.106029000000001],[107.570133,-7.106129000000001]]]}},{"type":"Feature","properties":{"row":9,"col":1,"Q1_2025":193.495,"Q2_2025":174.894,"Q3_2025":196.985,"Q4_2025":180.765,"Q1_2026":212.686},"geometry":{"type":"Polygon","coordinates":[[[107.570233,-7.106129000000001],[107.570333,-7.106129000000001],[107.570333,-7.106029000000001],[107.570233,-7.106029000000001],[107.570233,-7.106129000000001]]]}},{"type":"Feature","properties":{"row":9,"col":2,"Q1_2025":183.342,"Q2_2025":179.613,"Q3_2025":202.232,"Q4_2025":205.763,"Q1_2026":230.802},"geometry":{"type":"Polygon","coordinates":[[[107.570333,-7.106129000000001],[107.57043300000001,-7.106129000000001],[107.57043300000001,-7.106029000000001],[107.570333,-7.106029000000001],[107.570333,-7.106129000000001]]]}},{"type":"Feature","properties":{"row":9,"col":3,"Q1_2025":186.991,"Q2_2025":197.807,"Q3_2025":200.4,"Q4_2025":198.638,"Q1_2026":243.878},"geometry":{"type":"Polygon","coordinates":[[[107.570433,-7.106129000000001],[107.570533,-7.106129000000001],[107.570533,-7.106029000000001],[107.570433,-7.106029000000001],[107.570433,-7.106129000000001]]]}},{"type":"Feature","properties":{"row":9,"col":4,"Q1_2025":192.913,"Q2_2025":202.145,"Q3_2025":207.935,"Q4_2025":200.419,"Q1_2026":209.487},"geometry":{"type":"Polygon","coordinates":[[[107.570533,-7.106129000000001],[107.570633,-7.106129000000001],[107.570633,-7.106029000000001],[107.570533,-7.106029000000001],[107.570533,-7.106129000000001]]]}},{"type":"Feature","properties":{"row":9,"col":5,"Q1_2025":179.647,"Q2_2025":217.609,"Q3_2025":217.42,"Q4_2025":217.046,"Q1_2026":214.09},"geometry":{"type":"Polygon","coordinates":[[[107.570633,-7.106129000000001],[107.570733,-7.106129000000001],[107.570733,-7.106029000000001],[107.570633,-7.106029000000001],[107.570633,-7.106129000000001]]]}},{"type":"Feature","properties":{"row":9,"col":6,"Q1_2025":193.474,"Q2_2025":208.745,"Q3_2025":205.445,"Q4_2025":234.512,"Q1_2026":225.743},"geometry":{"type":"Polygon","coordinates":[[[107.570733,-7.106129000000001],[107.57083300000001,-7.106129000000001],[107.57083300000001,-7.106029000000001],[107.570733,-7.106029000000001],[107.570733,-7.106129000000001]]]}},{"type":"Feature","properties":{"row":9,"col":7,"Q1_2025":204.4,"Q2_2025":214.211,"Q3_2025":201.332,"Q4_2025":239.308,"Q1_2026":239.618},"geometry":{"type":"Polygon","coordinates":[[[107.570833,-7.106129000000001],[107.570933,-7.106129000000001],[107.570933,-7.106029000000001],[107.570833,-7.106029000000001],[107.570833,-7.106129000000001]]]}},{"type":"Feature","properties":{"row":9,"col":8,"Q1_2025":190.475,"Q2_2025":216.724,"Q3_2025":225.293,"Q4_2025":226.288,"Q1_2026":248.121},"geometry":{"type":"Polygon","coordinates":[[[107.570933,-7.106129000000001],[107.571033,-7.106129000000001],[107.571033,-7.106029000000001],[107.570933,-7.106029000000001],[107.570933,-7.106129000000001]]]}},{"type":"Feature","properties":{"row":9,"col":9,"Q1_2025":229.849,"Q2_2025":229.271,"Q3_2025":219.693,"Q4_2025":235.027,"Q1_2026":230.022},"geometry":{"type":"Polygon","coordinates":[[[107.571033,-7.106129000000001],[107.571133,-7.106129000000001],[107.571133,-7.106029000000001],[107.571033,-7.106029000000001],[107.571033,-7.106129000000001]]]}},{"type":"Feature","properties":{"row":9,"col":10,"Q1_2025":223.725,"Q2_2025":219.736,"Q3_2025":240.473,"Q4_2025":253.73,"Q1_2026":262.501},"geometry":{"type":"Polygon","coordinates":[[[107.571133,-7.106129000000001],[107.571233,-7.106129000000001],[107.571233,-7.106029000000001],[107.571133,-7.106029000000001],[107.571133,-7.106129000000001]]]}},{"type":"Feature","properties":{"row":9,"col":11,"Q1_2025":224.993,"Q2_2025":228.357,"Q3_2025":222.7,"Q4_2025":268.728,"Q1_2026":277.005},"geometry":{"type":"Polygon","coordinates":[[[107.57123299999999,-7.106129000000001],[107.571333,-7.106129000000001],[107.571333,-7.106029000000001],[107.57123299999999,-7.106029000000001],[107.57123299999999,-7.106129000000001]]]}},{"type":"Feature","properties":{"row":9,"col":12,"Q1_2025":221.759,"Q2_2025":235.007,"Q3_2025":227.191,"Q4_2025":242.812,"Q1_2026":254.954},"geometry":{"type":"Polygon","coordinates":[[[107.571333,-7.106129000000001],[107.571433,-7.106129000000001],[107.571433,-7.106029000000001],[107.571333,-7.106029000000001],[107.571333,-7.106129000000001]]]}},{"type":"Feature","properties":{"row":9,"col":13,"Q1_2025":216.132,"Q2_2025":247.605,"Q3_2025":241.143,"Q4_2025":239.82,"Q1_2026":249.951},"geometry":{"type":"Polygon","coordinates":[[[107.571433,-7.106129000000001],[107.571533,-7.106129000000001],[107.571533,-7.106029000000001],[107.571433,-7.106029000000001],[107.571433,-7.106129000000001]]]}},{"type":"Feature","properties":{"row":9,"col":14,"Q1_2025":223.594,"Q2_2025":213.242,"Q3_2025":241.981,"Q4_2025":244.763,"Q1_2026":262.144},"geometry":{"type":"Polygon","coordinates":[[[107.571533,-7.106129000000001],[107.571633,-7.106129000000001],[107.571633,-7.106029000000001],[107.571533,-7.106029000000001],[107.571533,-7.106129000000001]]]}},{"type":"Feature","properties":{"row":9,"col":15,"Q1_2025":223.693,"Q2_2025":221.606,"Q3_2025":229.441,"Q4_2025":258.0,"Q1_2026":256.426},"geometry":{"type":"Polygon","coordinates":[[[107.57163299999999,-7.106129000000001],[107.571733,-7.106129000000001],[107.571733,-7.106029000000001],[107.57163299999999,-7.106029000000001],[107.57163299999999,-7.106129000000001]]]}},{"type":"Feature","properties":{"row":9,"col":16,"Q1_2025":224.952,"Q2_2025":232.933,"Q3_2025":234.088,"Q4_2025":232.045,"Q1_2026":268.984},"geometry":{"type":"Polygon","coordinates":[[[107.571733,-7.106129000000001],[107.571833,-7.106129000000001],[107.571833,-7.106029000000001],[107.571733,-7.106029000000001],[107.571733,-7.106129000000001]]]}},{"type":"Feature","properties":{"row":9,"col":17,"Q1_2025":215.802,"Q2_2025":238.619,"Q3_2025":232.845,"Q4_2025":252.809,"Q1_2026":241.074},"geometry":{"type":"Polygon","coordinates":[[[107.571833,-7.106129000000001],[107.571933,-7.106129000000001],[107.571933,-7.106029000000001],[107.571833,-7.106029000000001],[107.571833,-7.106129000000001]]]}},{"type":"Feature","properties":{"row":9,"col":18,"Q1_2025":203.209,"Q2_2025":221.577,"Q3_2025":227.547,"Q4_2025":246.981,"Q1_2026":251.806},"geometry":{"type":"Polygon","coordinates":[[[107.571933,-7.106129000000001],[107.572033,-7.106129000000001],[107.572033,-7.106029000000001],[107.571933,-7.106029000000001],[107.571933,-7.106129000000001]]]}},{"type":"Feature","properties":{"row":9,"col":19,"Q1_2025":199.436,"Q2_2025":215.487,"Q3_2025":216.914,"Q4_2025":231.415,"Q1_2026":245.971},"geometry":{"type":"Polygon","coordinates":[[[107.572033,-7.106129000000001],[107.57213300000001,-7.106129000000001],[107.57213300000001,-7.106029000000001],[107.572033,-7.106029000000001],[107.572033,-7.106129000000001]]]}},{"type":"Feature","properties":{"row":10,"col":0,"Q1_2025":164.65,"Q2_2025":190.525,"Q3_2025":191.043,"Q4_2025":186.365,"Q1_2026":215.734},"geometry":{"type":"Polygon","coordinates":[[[107.570133,-7.106029],[107.570233,-7.106029],[107.570233,-7.105929000000001],[107.570133,-7.105929000000001],[107.570133,-7.106029]]]}},{"type":"Feature","properties":{"row":10,"col":1,"Q1_2025":184.938,"Q2_2025":185.787,"Q3_2025":188.187,"Q4_2025":219.198,"Q1_2026":215.809},"geometry":{"type":"Polygon","coordinates":[[[107.570233,-7.106029],[107.570333,-7.106029],[107.570333,-7.105929000000001],[107.570233,-7.105929000000001],[107.570233,-7.106029]]]}},{"type":"Feature","properties":{"row":10,"col":2,"Q1_2025":170.15,"Q2_2025":190.516,"Q3_2025":188.572,"Q4_2025":213.848,"Q1_2026":202.614},"geometry":{"type":"Polygon","coordinates":[[[107.570333,-7.106029],[107.57043300000001,-7.106029],[107.57043300000001,-7.105929000000001],[107.570333,-7.105929000000001],[107.570333,-7.106029]]]}},{"type":"Feature","properties":{"row":10,"col":3,"Q1_2025":179.699,"Q2_2025":187.892,"Q3_2025":206.872,"Q4_2025":199.574,"Q1_2026":218.145},"geometry":{"type":"Polygon","coordinates":[[[107.570433,-7.106029],[107.570533,-7.106029],[107.570533,-7.105929000000001],[107.570433,-7.105929000000001],[107.570433,-7.106029]]]}},{"type":"Feature","properties":{"row":10,"col":4,"Q1_2025":169.828,"Q2_2025":207.837,"Q3_2025":180.478,"Q4_2025":217.102,"Q1_2026":225.832},"geometry":{"type":"Polygon","coordinates":[[[107.570533,-7.106029],[107.570633,-7.106029],[107.570633,-7.105929000000001],[107.570533,-7.105929000000001],[107.570533,-7.106029]]]}},{"type":"Feature","properties":{"row":10,"col":5,"Q1_2025":191.705,"Q2_2025":215.693,"Q3_2025":223.991,"Q4_2025":231.432,"Q1_2026":240.041},"geometry":{"type":"Polygon","coordinates":[[[107.570633,-7.106029],[107.570733,-7.106029],[107.570733,-7.105929000000001],[107.570633,-7.105929000000001],[107.570633,-7.106029]]]}},{"type":"Feature","properties":{"row":10,"col":6,"Q1_2025":205.436,"Q2_2025":206.367,"Q3_2025":220.796,"Q4_2025":237.177,"Q1_2026":233.634},"geometry":{"type":"Polygon","coordinates":[[[107.570733,-7.106029],[107.57083300000001,-7.106029],[107.57083300000001,-7.105929000000001],[107.570733,-7.105929000000001],[107.570733,-7.106029]]]}},{"type":"Feature","properties":{"row":10,"col":7,"Q1_2025":183.715,"Q2_2025":198.94,"Q3_2025":241.748,"Q4_2025":223.493,"Q1_2026":233.616},"geometry":{"type":"Polygon","coordinates":[[[107.570833,-7.106029],[107.570933,-7.106029],[107.570933,-7.105929000000001],[107.570833,-7.105929000000001],[107.570833,-7.106029]]]}},{"type":"Feature","properties":{"row":10,"col":8,"Q1_2025":222.83,"Q2_2025":230.351,"Q3_2025":234.97,"Q4_2025":238.829,"Q1_2026":224.163},"geometry":{"type":"Polygon","coordinates":[[[107.570933,-7.106029],[107.571033,-7.106029],[107.571033,-7.105929000000001],[107.570933,-7.105929000000001],[107.570933,-7.106029]]]}},{"type":"Feature","properties":{"row":10,"col":9,"Q1_2025":241.328,"Q2_2025":223.354,"Q3_2025":246.039,"Q4_2025":244.561,"Q1_2026":245.79},"geometry":{"type":"Polygon","coordinates":[[[107.571033,-7.106029],[107.571133,-7.106029],[107.571133,-7.105929000000001],[107.571033,-7.105929000000001],[107.571033,-7.106029]]]}},{"type":"Feature","properties":{"row":10,"col":10,"Q1_2025":222.329,"Q2_2025":231.314,"Q3_2025":257.509,"Q4_2025":236.07,"Q1_2026":260.968},"geometry":{"type":"Polygon","coordinates":[[[107.571133,-7.106029],[107.571233,-7.106029],[107.571233,-7.105929000000001],[107.571133,-7.105929000000001],[107.571133,-7.106029]]]}},{"type":"Feature","properties":{"row":10,"col":11,"Q1_2025":242.357,"Q2_2025":227.199,"Q3_2025":240.654,"Q4_2025":236.551,"Q1_2026":272.75},"geometry":{"type":"Polygon","coordinates":[[[107.57123299999999,-7.106029],[107.571333,-7.106029],[107.571333,-7.105929000000001],[107.57123299999999,-7.105929000000001],[107.57123299999999,-7.106029]]]}},{"type":"Feature","properties":{"row":10,"col":12,"Q1_2025":212.155,"Q2_2025":237.949,"Q3_2025":219.825,"Q4_2025":238.868,"Q1_2026":257.713},"geometry":{"type":"Polygon","coordinates":[[[107.571333,-7.106029],[107.571433,-7.106029],[107.571433,-7.105929000000001],[107.571333,-7.105929000000001],[107.571333,-7.106029]]]}},{"type":"Feature","properties":{"row":10,"col":13,"Q1_2025":211.452,"Q2_2025":228.035,"Q3_2025":225.186,"Q4_2025":247.478,"Q1_2026":242.767},"geometry":{"type":"Polygon","coordinates":[[[107.571433,-7.106029],[107.571533,-7.106029],[107.571533,-7.105929000000001],[107.571433,-7.105929000000001],[107.571433,-7.106029]]]}},{"type":"Feature","properties":{"row":10,"col":14,"Q1_2025":210.982,"Q2_2025":232.244,"Q3_2025":218.543,"Q4_2025":251.898,"Q1_2026":245.423},"geometry":{"type":"Polygon","coordinates":[[[107.571533,-7.106029],[107.571633,-7.106029],[107.571633,-7.105929000000001],[107.571533,-7.105929000000001],[107.571533,-7.106029]]]}},{"type":"Feature","properties":{"row":10,"col":15,"Q1_2025":236.458,"Q2_2025":223.235,"Q3_2025":227.668,"Q4_2025":245.569,"Q1_2026":262.462},"geometry":{"type":"Polygon","coordinates":[[[107.57163299999999,-7.106029],[107.571733,-7.106029],[107.571733,-7.105929000000001],[107.57163299999999,-7.105929000000001],[107.57163299999999,-7.106029]]]}},{"type":"Feature","properties":{"row":10,"col":16,"Q1_2025":194.934,"Q2_2025":220.875,"Q3_2025":247.867,"Q4_2025":232.892,"Q1_2026":239.095},"geometry":{"type":"Polygon","coordinates":[[[107.571733,-7.106029],[107.571833,-7.106029],[107.571833,-7.105929000000001],[107.571733,-7.105929000000001],[107.571733,-7.106029]]]}},{"type":"Feature","properties":{"row":10,"col":17,"Q1_2025":202.083,"Q2_2025":222.534,"Q3_2025":221.435,"Q4_2025":246.478,"Q1_2026":234.972},"geometry":{"type":"Polygon","coordinates":[[[107.571833,-7.106029],[107.571933,-7.106029],[107.571933,-7.105929000000001],[107.571833,-7.105929000000001],[107.571833,-7.106029]]]}},{"type":"Feature","properties":{"row":10,"col":18,"Q1_2025":211.833,"Q2_2025":222.676,"Q3_2025":226.511,"Q4_2025":238.218,"Q1_2026":238.967},"geometry":{"type":"Polygon","coordinates":[[[107.571933,-7.106029],[107.572033,-7.106029],[107.572033,-7.105929000000001],[107.571933,-7.105929000000001],[107.571933,-7.106029]]]}},{"type":"Feature","properties":{"row":10,"col":19,"Q1_2025":206.207,"Q2_2025":235.393,"Q3_2025":235.346,"Q4_2025":243.331,"Q1_2026":257.659},"geometry":{"type":"Polygon","coordinates":[[[107.572033,-7.106029],[107.57213300000001,-7.106029],[107.57213300000001,-7.105929000000001],[107.572033,-7.105929000000001],[107.572033,-7.106029]]]}},{"type":"Feature","properties":{"row":11,"col":0,"Q1_2025":174.757,"Q2_2025":175.664,"Q3_2025":192.516,"Q4_2025":192.263,"Q1_2026":220.176},"geometry":{"type":"Polygon","coordinates":[[[107.570133,-7.105929000000001],[107.570233,-7.105929000000001],[107.570233,-7.105829000000001],[107.570133,-7.105829000000001],[107.570133,-7.105929000000001]]]}},{"type":"Feature","properties":{"row":11,"col":1,"Q1_2025":177.764,"Q2_2025":184.136,"Q3_2025":207.305,"Q4_2025":207.922,"Q1_2026":200.642},"geometry":{"type":"Polygon","coordinates":[[[107.570233,-7.105929000000001],[107.570333,-7.105929000000001],[107.570333,-7.105829000000001],[107.570233,-7.105829000000001],[107.570233,-7.105929000000001]]]}},{"type":"Feature","properties":{"row":11,"col":2,"Q1_2025":185.504,"Q2_2025":175.92,"Q3_2025":194.246,"Q4_2025":206.476,"Q1_2026":214.124},"geometry":{"type":"Polygon","coordinates":[[[107.570333,-7.105929000000001],[107.57043300000001,-7.105929000000001],[107.57043300000001,-7.105829000000001],[107.570333,-7.105829000000001],[107.570333,-7.105929000000001]]]}},{"type":"Feature","properties":{"row":11,"col":3,"Q1_2025":184.205,"Q2_2025":184.305,"Q3_2025":205.851,"Q4_2025":215.415,"Q1_2026":211.114},"geometry":{"type":"Polygon","coordinates":[[[107.570433,-7.105929000000001],[107.570533,-7.105929000000001],[107.570533,-7.105829000000001],[107.570433,-7.105829000000001],[107.570433,-7.105929000000001]]]}},{"type":"Feature","properties":{"row":11,"col":4,"Q1_2025":190.865,"Q2_2025":204.017,"Q3_2025":212.011,"Q4_2025":218.633,"Q1_2026":227.833},"geometry":{"type":"Polygon","coordinates":[[[107.570533,-7.105929000000001],[107.570633,-7.105929000000001],[107.570633,-7.105829000000001],[107.570533,-7.105829000000001],[107.570533,-7.105929000000001]]]}},{"type":"Feature","properties":{"row":11,"col":5,"Q1_2025":202.44,"Q2_2025":211.637,"Q3_2025":216.969,"Q4_2025":215.314,"Q1_2026":231.749},"geometry":{"type":"Polygon","coordinates":[[[107.570633,-7.105929000000001],[107.570733,-7.105929000000001],[107.570733,-7.105829000000001],[107.570633,-7.105829000000001],[107.570633,-7.105929000000001]]]}},{"type":"Feature","properties":{"row":11,"col":6,"Q1_2025":195.109,"Q2_2025":203.938,"Q3_2025":221.205,"Q4_2025":226.373,"Q1_2026":227.017},"geometry":{"type":"Polygon","coordinates":[[[107.570733,-7.105929000000001],[107.57083300000001,-7.105929000000001],[107.57083300000001,-7.105829000000001],[107.570733,-7.105829000000001],[107.570733,-7.105929000000001]]]}},{"type":"Feature","properties":{"row":11,"col":7,"Q1_2025":212.817,"Q2_2025":207.658,"Q3_2025":227.826,"Q4_2025":217.911,"Q1_2026":252.435},"geometry":{"type":"Polygon","coordinates":[[[107.570833,-7.105929000000001],[107.570933,-7.105929000000001],[107.570933,-7.105829000000001],[107.570833,-7.105829000000001],[107.570833,-7.105929000000001]]]}},{"type":"Feature","properties":{"row":11,"col":8,"Q1_2025":217.51,"Q2_2025":225.269,"Q3_2025":228.811,"Q4_2025":223.353,"Q1_2026":227.941},"geometry":{"type":"Polygon","coordinates":[[[107.570933,-7.105929000000001],[107.571033,-7.105929000000001],[107.571033,-7.105829000000001],[107.570933,-7.105829000000001],[107.570933,-7.105929000000001]]]}},{"type":"Feature","properties":{"row":11,"col":9,"Q1_2025":218.541,"Q2_2025":222.094,"Q3_2025":237.073,"Q4_2025":252.184,"Q1_2026":253.962},"geometry":{"type":"Polygon","coordinates":[[[107.571033,-7.105929000000001],[107.571133,-7.105929000000001],[107.571133,-7.105829000000001],[107.571033,-7.105829000000001],[107.571033,-7.105929000000001]]]}},{"type":"Feature","properties":{"row":11,"col":10,"Q1_2025":212.118,"Q2_2025":236.062,"Q3_2025":231.62,"Q4_2025":249.725,"Q1_2026":259.697},"geometry":{"type":"Polygon","coordinates":[[[107.571133,-7.105929000000001],[107.571233,-7.105929000000001],[107.571233,-7.105829000000001],[107.571133,-7.105829000000001],[107.571133,-7.105929000000001]]]}},{"type":"Feature","properties":{"row":11,"col":11,"Q1_2025":217.721,"Q2_2025":245.517,"Q3_2025":235.504,"Q4_2025":247.209,"Q1_2026":267.632},"geometry":{"type":"Polygon","coordinates":[[[107.57123299999999,-7.105929000000001],[107.571333,-7.105929000000001],[107.571333,-7.105829000000001],[107.57123299999999,-7.105829000000001],[107.57123299999999,-7.105929000000001]]]}},{"type":"Feature","properties":{"row":11,"col":12,"Q1_2025":224.563,"Q2_2025":222.377,"Q3_2025":235.205,"Q4_2025":249.008,"Q1_2026":250.258},"geometry":{"type":"Polygon","coordinates":[[[107.571333,-7.105929000000001],[107.571433,-7.105929000000001],[107.571433,-7.105829000000001],[107.571333,-7.105829000000001],[107.571333,-7.105929000000001]]]}},{"type":"Feature","properties":{"row":11,"col":13,"Q1_2025":216.95,"Q2_2025":239.503,"Q3_2025":236.096,"Q4_2025":263.412,"Q1_2026":252.423},"geometry":{"type":"Polygon","coordinates":[[[107.571433,-7.105929000000001],[107.571533,-7.105929000000001],[107.571533,-7.105829000000001],[107.571433,-7.105829000000001],[107.571433,-7.105929000000001]]]}},{"type":"Feature","properties":{"row":11,"col":14,"Q1_2025":210.95,"Q2_2025":226.706,"Q3_2025":246.471,"Q4_2025":239.372,"Q1_2026":264.338},"geometry":{"type":"Polygon","coordinates":[[[107.571533,-7.105929000000001],[107.571633,-7.105929000000001],[107.571633,-7.105829000000001],[107.571533,-7.105829000000001],[107.571533,-7.105929000000001]]]}},{"type":"Feature","properties":{"row":11,"col":15,"Q1_2025":220.209,"Q2_2025":232.091,"Q3_2025":228.882,"Q4_2025":244.464,"Q1_2026":252.081},"geometry":{"type":"Polygon","coordinates":[[[107.57163299999999,-7.105929000000001],[107.571733,-7.105929000000001],[107.571733,-7.105829000000001],[107.57163299999999,-7.105829000000001],[107.57163299999999,-7.105929000000001]]]}},{"type":"Feature","properties":{"row":11,"col":16,"Q1_2025":229.481,"Q2_2025":222.34,"Q3_2025":219.371,"Q4_2025":231.96,"Q1_2026":244.205},"geometry":{"type":"Polygon","coordinates":[[[107.571733,-7.105929000000001],[107.571833,-7.105929000000001],[107.571833,-7.105829000000001],[107.571733,-7.105829000000001],[107.571733,-7.105929000000001]]]}},{"type":"Feature","properties":{"row":11,"col":17,"Q1_2025":224.1,"Q2_2025":216.791,"Q3_2025":223.942,"Q4_2025":238.692,"Q1_2026":249.539},"geometry":{"type":"Polygon","coordinates":[[[107.571833,-7.105929000000001],[107.571933,-7.105929000000001],[107.571933,-7.105829000000001],[107.571833,-7.105829000000001],[107.571833,-7.105929000000001]]]}},{"type":"Feature","properties":{"row":11,"col":18,"Q1_2025":215.497,"Q2_2025":211.532,"Q3_2025":229.233,"Q4_2025":249.898,"Q1_2026":252.299},"geometry":{"type":"Polygon","coordinates":[[[107.571933,-7.105929000000001],[107.572033,-7.105929000000001],[107.572033,-7.105829000000001],[107.571933,-7.105829000000001],[107.571933,-7.105929000000001]]]}},{"type":"Feature","properties":{"row":11,"col":19,"Q1_2025":218.73,"Q2_2025":215.309,"Q3_2025":228.088,"Q4_2025":226.405,"Q1_2026":252.594},"geometry":{"type":"Polygon","coordinates":[[[107.572033,-7.105929000000001],[107.57213300000001,-7.105929000000001],[107.57213300000001,-7.105829000000001],[107.572033,-7.105829000000001],[107.572033,-7.105929000000001]]]}},{"type":"Feature","properties":{"row":12,"col":0,"Q1_2025":178.75,"Q2_2025":175.993,"Q3_2025":182.517,"Q4_2025":185.968,"Q1_2026":201.115},"geometry":{"type":"Polygon","coordinates":[[[107.570133,-7.105829000000001],[107.570233,-7.105829000000001],[107.570233,-7.105729000000001],[107.570133,-7.105729000000001],[107.570133,-7.105829000000001]]]}},{"type":"Feature","properties":{"row":12,"col":1,"Q1_2025":191.881,"Q2_2025":176.023,"Q3_2025":193.407,"Q4_2025":208.299,"Q1_2026":206.234},"geometry":{"type":"Polygon","coordinates":[[[107.570233,-7.105829000000001],[107.570333,-7.105829000000001],[107.570333,-7.105729000000001],[107.570233,-7.105729000000001],[107.570233,-7.105829000000001]]]}},{"type":"Feature","properties":{"row":12,"col":2,"Q1_2025":167.09,"Q2_2025":191.57,"Q3_2025":211.457,"Q4_2025":205.717,"Q1_2026":211.801},"geometry":{"type":"Polygon","coordinates":[[[107.570333,-7.105829000000001],[107.57043300000001,-7.105829000000001],[107.57043300000001,-7.105729000000001],[107.570333,-7.105729000000001],[107.570333,-7.105829000000001]]]}},{"type":"Feature","properties":{"row":12,"col":3,"Q1_2025":184.736,"Q2_2025":171.952,"Q3_2025":204.409,"Q4_2025":204.426,"Q1_2026":208.114},"geometry":{"type":"Polygon","coordinates":[[[107.570433,-7.105829000000001],[107.570533,-7.105829000000001],[107.570533,-7.105729000000001],[107.570433,-7.105729000000001],[107.570433,-7.105829000000001]]]}},{"type":"Feature","properties":{"row":12,"col":4,"Q1_2025":202.699,"Q2_2025":188.832,"Q3_2025":207.338,"Q4_2025":201.974,"Q1_2026":225.727},"geometry":{"type":"Polygon","coordinates":[[[107.570533,-7.105829000000001],[107.570633,-7.105829000000001],[107.570633,-7.105729000000001],[107.570533,-7.105729000000001],[107.570533,-7.105829000000001]]]}},{"type":"Feature","properties":{"row":12,"col":5,"Q1_2025":181.454,"Q2_2025":205.746,"Q3_2025":212.704,"Q4_2025":226.89,"Q1_2026":214.548},"geometry":{"type":"Polygon","coordinates":[[[107.570633,-7.105829000000001],[107.570733,-7.105829000000001],[107.570733,-7.105729000000001],[107.570633,-7.105729000000001],[107.570633,-7.105829000000001]]]}},{"type":"Feature","properties":{"row":12,"col":6,"Q1_2025":196.327,"Q2_2025":200.466,"Q3_2025":223.911,"Q4_2025":207.399,"Q1_2026":228.787},"geometry":{"type":"Polygon","coordinates":[[[107.570733,-7.105829000000001],[107.57083300000001,-7.105829000000001],[107.57083300000001,-7.105729000000001],[107.570733,-7.105729000000001],[107.570733,-7.105829000000001]]]}},{"type":"Feature","properties":{"row":12,"col":7,"Q1_2025":210.689,"Q2_2025":215.567,"Q3_2025":206.471,"Q4_2025":240.957,"Q1_2026":238.417},"geometry":{"type":"Polygon","coordinates":[[[107.570833,-7.105829000000001],[107.570933,-7.105829000000001],[107.570933,-7.105729000000001],[107.570833,-7.105729000000001],[107.570833,-7.105829000000001]]]}},{"type":"Feature","properties":{"row":12,"col":8,"Q1_2025":220.734,"Q2_2025":214.519,"Q3_2025":227.103,"Q4_2025":236.715,"Q1_2026":238.364},"geometry":{"type":"Polygon","coordinates":[[[107.570933,-7.105829000000001],[107.571033,-7.105829000000001],[107.571033,-7.105729000000001],[107.570933,-7.105729000000001],[107.570933,-7.105829000000001]]]}},{"type":"Feature","properties":{"row":12,"col":9,"Q1_2025":237.272,"Q2_2025":220.426,"Q3_2025":234.531,"Q4_2025":232.718,"Q1_2026":241.59},"geometry":{"type":"Polygon","coordinates":[[[107.571033,-7.105829000000001],[107.571133,-7.105829000000001],[107.571133,-7.105729000000001],[107.571033,-7.105729000000001],[107.571033,-7.105829000000001]]]}},{"type":"Feature","properties":{"row":12,"col":10,"Q1_2025":216.97,"Q2_2025":219.28,"Q3_2025":224.947,"Q4_2025":242.807,"Q1_2026":246.275},"geometry":{"type":"Polygon","coordinates":[[[107.571133,-7.105829000000001],[107.571233,-7.105829000000001],[107.571233,-7.105729000000001],[107.571133,-7.105729000000001],[107.571133,-7.105829000000001]]]}},{"type":"Feature","properties":{"row":12,"col":11,"Q1_2025":241.448,"Q2_2025":226.348,"Q3_2025":229.577,"Q4_2025":250.343,"Q1_2026":269.676},"geometry":{"type":"Polygon","coordinates":[[[107.57123299999999,-7.105829000000001],[107.571333,-7.105829000000001],[107.571333,-7.105729000000001],[107.57123299999999,-7.105729000000001],[107.57123299999999,-7.105829000000001]]]}},{"type":"Feature","properties":{"row":12,"col":12,"Q1_2025":204.648,"Q2_2025":240.96,"Q3_2025":226.101,"Q4_2025":239.781,"Q1_2026":238.776},"geometry":{"type":"Polygon","coordinates":[[[107.571333,-7.105829000000001],[107.571433,-7.105829000000001],[107.571433,-7.105729000000001],[107.571333,-7.105729000000001],[107.571333,-7.105829000000001]]]}},{"type":"Feature","properties":{"row":12,"col":13,"Q1_2025":215.817,"Q2_2025":214.639,"Q3_2025":230.435,"Q4_2025":241.139,"Q1_2026":251.049},"geometry":{"type":"Polygon","coordinates":[[[107.571433,-7.105829000000001],[107.571533,-7.105829000000001],[107.571533,-7.105729000000001],[107.571433,-7.105729000000001],[107.571433,-7.105829000000001]]]}},{"type":"Feature","properties":{"row":12,"col":14,"Q1_2025":222.485,"Q2_2025":230.591,"Q3_2025":235.16,"Q4_2025":256.912,"Q1_2026":253.625},"geometry":{"type":"Polygon","coordinates":[[[107.571533,-7.105829000000001],[107.571633,-7.105829000000001],[107.571633,-7.105729000000001],[107.571533,-7.105729000000001],[107.571533,-7.105829000000001]]]}},{"type":"Feature","properties":{"row":12,"col":15,"Q1_2025":231.182,"Q2_2025":228.443,"Q3_2025":228.736,"Q4_2025":229.551,"Q1_2026":223.2},"geometry":{"type":"Polygon","coordinates":[[[107.57163299999999,-7.105829000000001],[107.571733,-7.105829000000001],[107.571733,-7.105729000000001],[107.57163299999999,-7.105729000000001],[107.57163299999999,-7.105829000000001]]]}},{"type":"Feature","properties":{"row":12,"col":16,"Q1_2025":213.803,"Q2_2025":214.574,"Q3_2025":233.895,"Q4_2025":254.944,"Q1_2026":227.536},"geometry":{"type":"Polygon","coordinates":[[[107.571733,-7.105829000000001],[107.571833,-7.105829000000001],[107.571833,-7.105729000000001],[107.571733,-7.105729000000001],[107.571733,-7.105829000000001]]]}},{"type":"Feature","properties":{"row":12,"col":17,"Q1_2025":223.709,"Q2_2025":209.83,"Q3_2025":214.439,"Q4_2025":263.37,"Q1_2026":256.545},"geometry":{"type":"Polygon","coordinates":[[[107.571833,-7.105829000000001],[107.571933,-7.105829000000001],[107.571933,-7.105729000000001],[107.571833,-7.105729000000001],[107.571833,-7.105829000000001]]]}},{"type":"Feature","properties":{"row":12,"col":18,"Q1_2025":185.962,"Q2_2025":237.109,"Q3_2025":229.424,"Q4_2025":254.623,"Q1_2026":238.431},"geometry":{"type":"Polygon","coordinates":[[[107.571933,-7.105829000000001],[107.572033,-7.105829000000001],[107.572033,-7.105729000000001],[107.571933,-7.105729000000001],[107.571933,-7.105829000000001]]]}},{"type":"Feature","properties":{"row":12,"col":19,"Q1_2025":216.263,"Q2_2025":223.465,"Q3_2025":209.574,"Q4_2025":239.574,"Q1_2026":254.257},"geometry":{"type":"Polygon","coordinates":[[[107.572033,-7.105829000000001],[107.57213300000001,-7.105829000000001],[107.57213300000001,-7.105729000000001],[107.572033,-7.105729000000001],[107.572033,-7.105829000000001]]]}},{"type":"Feature","properties":{"row":13,"col":0,"Q1_2025":160.064,"Q2_2025":182.886,"Q3_2025":192.207,"Q4_2025":193.845,"Q1_2026":212.973},"geometry":{"type":"Polygon","coordinates":[[[107.570133,-7.105729000000001],[107.570233,-7.105729000000001],[107.570233,-7.105629000000001],[107.570133,-7.105629000000001],[107.570133,-7.105729000000001]]]}},{"type":"Feature","properties":{"row":13,"col":1,"Q1_2025":180.853,"Q2_2025":198.595,"Q3_2025":193.045,"Q4_2025":208.85,"Q1_2026":205.008},"geometry":{"type":"Polygon","coordinates":[[[107.570233,-7.105729000000001],[107.570333,-7.105729000000001],[107.570333,-7.105629000000001],[107.570233,-7.105629000000001],[107.570233,-7.105729000000001]]]}},{"type":"Feature","properties":{"row":13,"col":2,"Q1_2025":186.1,"Q2_2025":190.749,"Q3_2025":199.745,"Q4_2025":210.742,"Q1_2026":208.16},"geometry":{"type":"Polygon","coordinates":[[[107.570333,-7.105729000000001],[107.57043300000001,-7.105729000000001],[107.57043300000001,-7.105629000000001],[107.570333,-7.105629000000001],[107.570333,-7.105729000000001]]]}},{"type":"Feature","properties":{"row":13,"col":3,"Q1_2025":181.05,"Q2_2025":174.234,"Q3_2025":202.541,"Q4_2025":196.534,"Q1_2026":208.554},"geometry":{"type":"Polygon","coordinates":[[[107.570433,-7.105729000000001],[107.570533,-7.105729000000001],[107.570533,-7.105629000000001],[107.570433,-7.105629000000001],[107.570433,-7.105729000000001]]]}},{"type":"Feature","properties":{"row":13,"col":4,"Q1_2025":185.384,"Q2_2025":203.772,"Q3_2025":210.969,"Q4_2025":217.846,"Q1_2026":219.413},"geometry":{"type":"Polygon","coordinates":[[[107.570533,-7.105729000000001],[107.570633,-7.105729000000001],[107.570633,-7.105629000000001],[107.570533,-7.105629000000001],[107.570533,-7.105729000000001]]]}},{"type":"Feature","properties":{"row":13,"col":5,"Q1_2025":196.993,"Q2_2025":193.263,"Q3_2025":225.56,"Q4_2025":234.392,"Q1_2026":220.172},"geometry":{"type":"Polygon","coordinates":[[[107.570633,-7.105729000000001],[107.570733,-7.105729000000001],[107.570733,-7.105629000000001],[107.570633,-7.105629000000001],[107.570633,-7.105729000000001]]]}},{"type":"Feature","properties":{"row":13,"col":6,"Q1_2025":186.657,"Q2_2025":195.477,"Q3_2025":205.798,"Q4_2025":213.757,"Q1_2026":234.118},"geometry":{"type":"Polygon","coordinates":[[[107.570733,-7.105729000000001],[107.57083300000001,-7.105729000000001],[107.57083300000001,-7.105629000000001],[107.570733,-7.105629000000001],[107.570733,-7.105729000000001]]]}},{"type":"Feature","properties":{"row":13,"col":7,"Q1_2025":205.642,"Q2_2025":220.311,"Q3_2025":221.633,"Q4_2025":229.943,"Q1_2026":232.833},"geometry":{"type":"Polygon","coordinates":[[[107.570833,-7.105729000000001],[107.570933,-7.105729000000001],[107.570933,-7.105629000000001],[107.570833,-7.105629000000001],[107.570833,-7.105729000000001]]]}},{"type":"Feature","properties":{"row":13,"col":8,"Q1_2025":223.877,"Q2_2025":232.383,"Q3_2025":216.361,"Q4_2025":235.297,"Q1_2026":237.685},"geometry":{"type":"Polygon","coordinates":[[[107.570933,-7.105729000000001],[107.571033,-7.105729000000001],[107.571033,-7.105629000000001],[107.570933,-7.105629000000001],[107.570933,-7.105729000000001]]]}},{"type":"Feature","properties":{"row":13,"col":9,"Q1_2025":209.526,"Q2_2025":214.528,"Q3_2025":216.657,"Q4_2025":233.425,"Q1_2026":253.569},"geometry":{"type":"Polygon","coordinates":[[[107.571033,-7.105729000000001],[107.571133,-7.105729000000001],[107.571133,-7.105629000000001],[107.571033,-7.105629000000001],[107.571033,-7.105729000000001]]]}},{"type":"Feature","properties":{"row":13,"col":10,"Q1_2025":228.918,"Q2_2025":232.614,"Q3_2025":232.589,"Q4_2025":252.61,"Q1_2026":246.372},"geometry":{"type":"Polygon","coordinates":[[[107.571133,-7.105729000000001],[107.571233,-7.105729000000001],[107.571233,-7.105629000000001],[107.571133,-7.105629000000001],[107.571133,-7.105729000000001]]]}},{"type":"Feature","properties":{"row":13,"col":11,"Q1_2025":215.861,"Q2_2025":211.816,"Q3_2025":244.96,"Q4_2025":251.22,"Q1_2026":239.576},"geometry":{"type":"Polygon","coordinates":[[[107.57123299999999,-7.105729000000001],[107.571333,-7.105729000000001],[107.571333,-7.105629000000001],[107.57123299999999,-7.105629000000001],[107.57123299999999,-7.105729000000001]]]}},{"type":"Feature","properties":{"row":13,"col":12,"Q1_2025":205.491,"Q2_2025":245.982,"Q3_2025":236.325,"Q4_2025":231.297,"Q1_2026":246.979},"geometry":{"type":"Polygon","coordinates":[[[107.571333,-7.105729000000001],[107.571433,-7.105729000000001],[107.571433,-7.105629000000001],[107.571333,-7.105629000000001],[107.571333,-7.105729000000001]]]}},{"type":"Feature","properties":{"row":13,"col":13,"Q1_2025":224.093,"Q2_2025":237.072,"Q3_2025":242.415,"Q4_2025":258.413,"Q1_2026":257.596},"geometry":{"type":"Polygon","coordinates":[[[107.571433,-7.105729000000001],[107.571533,-7.105729000000001],[107.571533,-7.105629000000001],[107.571433,-7.105629000000001],[107.571433,-7.105729000000001]]]}},{"type":"Feature","properties":{"row":13,"col":14,"Q1_2025":222.637,"Q2_2025":238.349,"Q3_2025":229.107,"Q4_2025":236.262,"Q1_2026":235.987},"geometry":{"type":"Polygon","coordinates":[[[107.571533,-7.105729000000001],[107.571633,-7.105729000000001],[107.571633,-7.105629000000001],[107.571533,-7.105629000000001],[107.571533,-7.105729000000001]]]}},{"type":"Feature","properties":{"row":13,"col":15,"Q1_2025":225.205,"Q2_2025":218.54,"Q3_2025":236.102,"Q4_2025":242.586,"Q1_2026":246.178},"geometry":{"type":"Polygon","coordinates":[[[107.57163299999999,-7.105729000000001],[107.571733,-7.105729000000001],[107.571733,-7.105629000000001],[107.57163299999999,-7.105629000000001],[107.57163299999999,-7.105729000000001]]]}},{"type":"Feature","properties":{"row":13,"col":16,"Q1_2025":212.715,"Q2_2025":234.664,"Q3_2025":248.981,"Q4_2025":236.564,"Q1_2026":240.954},"geometry":{"type":"Polygon","coordinates":[[[107.571733,-7.105729000000001],[107.571833,-7.105729000000001],[107.571833,-7.105629000000001],[107.571733,-7.105629000000001],[107.571733,-7.105729000000001]]]}},{"type":"Feature","properties":{"row":13,"col":17,"Q1_2025":235.05,"Q2_2025":224.663,"Q3_2025":226.187,"Q4_2025":236.459,"Q1_2026":256.31},"geometry":{"type":"Polygon","coordinates":[[[107.571833,-7.105729000000001],[107.571933,-7.105729000000001],[107.571933,-7.105629000000001],[107.571833,-7.105629000000001],[107.571833,-7.105729000000001]]]}},{"type":"Feature","properties":{"row":13,"col":18,"Q1_2025":213.736,"Q2_2025":223.536,"Q3_2025":217.707,"Q4_2025":230.817,"Q1_2026":257.733},"geometry":{"type":"Polygon","coordinates":[[[107.571933,-7.105729000000001],[107.572033,-7.105729000000001],[107.572033,-7.105629000000001],[107.571933,-7.105629000000001],[107.571933,-7.105729000000001]]]}},{"type":"Feature","properties":{"row":13,"col":19,"Q1_2025":217.486,"Q2_2025":231.383,"Q3_2025":212.277,"Q4_2025":231.475,"Q1_2026":248.396},"geometry":{"type":"Polygon","coordinates":[[[107.572033,-7.105729000000001],[107.57213300000001,-7.105729000000001],[107.57213300000001,-7.105629000000001],[107.572033,-7.105629000000001],[107.572033,-7.105729000000001]]]}},{"type":"Feature","properties":{"row":14,"col":0,"Q1_2025":175.42,"Q2_2025":197.526,"Q3_2025":186.72,"Q4_2025":183.792,"Q1_2026":193.108},"geometry":{"type":"Polygon","coordinates":[[[107.570133,-7.105629],[107.570233,-7.105629],[107.570233,-7.105529000000001],[107.570133,-7.105529000000001],[107.570133,-7.105629]]]}},{"type":"Feature","properties":{"row":14,"col":1,"Q1_2025":160.022,"Q2_2025":194.867,"Q3_2025":187.887,"Q4_2025":191.007,"Q1_2026":216.893},"geometry":{"type":"Polygon","coordinates":[[[107.570233,-7.105629],[107.570333,-7.105629],[107.570333,-7.105529000000001],[107.570233,-7.105529000000001],[107.570233,-7.105629]]]}},{"type":"Feature","properties":{"row":14,"col":2,"Q1_2025":191.64,"Q2_2025":182.991,"Q3_2025":188.982,"Q4_2025":205.083,"Q1_2026":193.25},"geometry":{"type":"Polygon","coordinates":[[[107.570333,-7.105629],[107.57043300000001,-7.105629],[107.57043300000001,-7.105529000000001],[107.570333,-7.105529000000001],[107.570333,-7.105629]]]}},{"type":"Feature","properties":{"row":14,"col":3,"Q1_2025":187.946,"Q2_2025":197.741,"Q3_2025":200.793,"Q4_2025":214.051,"Q1_2026":215.113},"geometry":{"type":"Polygon","coordinates":[[[107.570433,-7.105629],[107.570533,-7.105629],[107.570533,-7.105529000000001],[107.570433,-7.105529000000001],[107.570433,-7.105629]]]}},{"type":"Feature","properties":{"row":14,"col":4,"Q1_2025":189.447,"Q2_2025":209.596,"Q3_2025":204.841,"Q4_2025":227.967,"Q1_2026":228.298},"geometry":{"type":"Polygon","coordinates":[[[107.570533,-7.105629],[107.570633,-7.105629],[107.570633,-7.105529000000001],[107.570533,-7.105529000000001],[107.570533,-7.105629]]]}},{"type":"Feature","properties":{"row":14,"col":5,"Q1_2025":189.806,"Q2_2025":200.018,"Q3_2025":201.674,"Q4_2025":228.609,"Q1_2026":252.199},"geometry":{"type":"Polygon","coordinates":[[[107.570633,-7.105629],[107.570733,-7.105629],[107.570733,-7.105529000000001],[107.570633,-7.105529000000001],[107.570633,-7.105629]]]}},{"type":"Feature","properties":{"row":14,"col":6,"Q1_2025":194.504,"Q2_2025":208.023,"Q3_2025":217.912,"Q4_2025":221.98,"Q1_2026":227.394},"geometry":{"type":"Polygon","coordinates":[[[107.570733,-7.105629],[107.57083300000001,-7.105629],[107.57083300000001,-7.105529000000001],[107.570733,-7.105529000000001],[107.570733,-7.105629]]]}},{"type":"Feature","properties":{"row":14,"col":7,"Q1_2025":207.82,"Q2_2025":194.834,"Q3_2025":208.724,"Q4_2025":227.819,"Q1_2026":234.126},"geometry":{"type":"Polygon","coordinates":[[[107.570833,-7.105629],[107.570933,-7.105629],[107.570933,-7.105529000000001],[107.570833,-7.105529000000001],[107.570833,-7.105629]]]}},{"type":"Feature","properties":{"row":14,"col":8,"Q1_2025":207.508,"Q2_2025":219.373,"Q3_2025":233.491,"Q4_2025":219.01,"Q1_2026":230.714},"geometry":{"type":"Polygon","coordinates":[[[107.570933,-7.105629],[107.571033,-7.105629],[107.571033,-7.105529000000001],[107.570933,-7.105529000000001],[107.570933,-7.105629]]]}},{"type":"Feature","properties":{"row":14,"col":9,"Q1_2025":219.794,"Q2_2025":217.954,"Q3_2025":226.927,"Q4_2025":245.159,"Q1_2026":222.709},"geometry":{"type":"Polygon","coordinates":[[[107.571033,-7.105629],[107.571133,-7.105629],[107.571133,-7.105529000000001],[107.571033,-7.105529000000001],[107.571033,-7.105629]]]}},{"type":"Feature","properties":{"row":14,"col":10,"Q1_2025":226.788,"Q2_2025":221.854,"Q3_2025":215.129,"Q4_2025":248.008,"Q1_2026":261.856},"geometry":{"type":"Polygon","coordinates":[[[107.571133,-7.105629],[107.571233,-7.105629],[107.571233,-7.105529000000001],[107.571133,-7.105529000000001],[107.571133,-7.105629]]]}},{"type":"Feature","properties":{"row":14,"col":11,"Q1_2025":228.954,"Q2_2025":219.379,"Q3_2025":236.865,"Q4_2025":243.263,"Q1_2026":232.202},"geometry":{"type":"Polygon","coordinates":[[[107.57123299999999,-7.105629],[107.571333,-7.105629],[107.571333,-7.105529000000001],[107.57123299999999,-7.105529000000001],[107.57123299999999,-7.105629]]]}},{"type":"Feature","properties":{"row":14,"col":12,"Q1_2025":240.762,"Q2_2025":213.205,"Q3_2025":251.794,"Q4_2025":238.836,"Q1_2026":249.791},"geometry":{"type":"Polygon","coordinates":[[[107.571333,-7.105629],[107.571433,-7.105629],[107.571433,-7.105529000000001],[107.571333,-7.105529000000001],[107.571333,-7.105629]]]}},{"type":"Feature","properties":{"row":14,"col":13,"Q1_2025":213.186,"Q2_2025":237.714,"Q3_2025":249.626,"Q4_2025":241.547,"Q1_2026":241.465},"geometry":{"type":"Polygon","coordinates":[[[107.571433,-7.105629],[107.571533,-7.105629],[107.571533,-7.105529000000001],[107.571433,-7.105529000000001],[107.571433,-7.105629]]]}},{"type":"Feature","properties":{"row":14,"col":14,"Q1_2025":208.842,"Q2_2025":230.533,"Q3_2025":209.56,"Q4_2025":223.745,"Q1_2026":247.93},"geometry":{"type":"Polygon","coordinates":[[[107.571533,-7.105629],[107.571633,-7.105629],[107.571633,-7.105529000000001],[107.571533,-7.105529000000001],[107.571533,-7.105629]]]}},{"type":"Feature","properties":{"row":14,"col":15,"Q1_2025":218.613,"Q2_2025":218.71,"Q3_2025":227.226,"Q4_2025":222.32,"Q1_2026":243.637},"geometry":{"type":"Polygon","coordinates":[[[107.57163299999999,-7.105629],[107.571733,-7.105629],[107.571733,-7.105529000000001],[107.57163299999999,-7.105529000000001],[107.57163299999999,-7.105629]]]}},{"type":"Feature","properties":{"row":14,"col":16,"Q1_2025":213.408,"Q2_2025":225.881,"Q3_2025":236.7,"Q4_2025":219.478,"Q1_2026":262.608},"geometry":{"type":"Polygon","coordinates":[[[107.571733,-7.105629],[107.571833,-7.105629],[107.571833,-7.105529000000001],[107.571733,-7.105529000000001],[107.571733,-7.105629]]]}},{"type":"Feature","properties":{"row":14,"col":17,"Q1_2025":193.026,"Q2_2025":227.307,"Q3_2025":225.639,"Q4_2025":247.979,"Q1_2026":251.664},"geometry":{"type":"Polygon","coordinates":[[[107.571833,-7.105629],[107.571933,-7.105629],[107.571933,-7.105529000000001],[107.571833,-7.105529000000001],[107.571833,-7.105629]]]}},{"type":"Feature","properties":{"row":14,"col":18,"Q1_2025":211.236,"Q2_2025":217.995,"Q3_2025":212.472,"Q4_2025":236.227,"Q1_2026":237.822},"geometry":{"type":"Polygon","coordinates":[[[107.571933,-7.105629],[107.572033,-7.105629],[107.572033,-7.105529000000001],[107.571933,-7.105529000000001],[107.571933,-7.105629]]]}},{"type":"Feature","properties":{"row":14,"col":19,"Q1_2025":202.516,"Q2_2025":208.774,"Q3_2025":228.045,"Q4_2025":231.725,"Q1_2026":252.654},"geometry":{"type":"Polygon","coordinates":[[[107.572033,-7.105629],[107.57213300000001,-7.105629],[107.57213300000001,-7.105529000000001],[107.572033,-7.105529000000001],[107.572033,-7.105629]]]}},{"type":"Feature","properties":{"row":15,"col":0,"Q1_2025":162.149,"Q2_2025":160.662,"Q3_2025":175.667,"Q4_2025":191.826,"Q1_2026":181.252},"geometry":{"type":"Polygon","coordinates":[[[107.570133,-7.105529000000001],[107.570233,-7.105529000000001],[107.570233,-7.105429000000001],[107.570133,-7.105429000000001],[107.570133,-7.105529000000001]]]}},{"type":"Feature","properties":{"row":15,"col":1,"Q1_2025":185.294,"Q2_2025":177.794,"Q3_2025":186.778,"Q4_2025":197.435,"Q1_2026":210.766},"geometry":{"type":"Polygon","coordinates":[[[107.570233,-7.105529000000001],[107.570333,-7.105529000000001],[107.570333,-7.105429000000001],[107.570233,-7.105429000000001],[107.570233,-7.105529000000001]]]}},{"type":"Feature","properties":{"row":15,"col":2,"Q1_2025":183.312,"Q2_2025":177.152,"Q3_2025":185.537,"Q4_2025":220.431,"Q1_2026":187.66},"geometry":{"type":"Polygon","coordinates":[[[107.570333,-7.105529000000001],[107.57043300000001,-7.105529000000001],[107.57043300000001,-7.105429000000001],[107.570333,-7.105429000000001],[107.570333,-7.105529000000001]]]}},{"type":"Feature","properties":{"row":15,"col":3,"Q1_2025":171.211,"Q2_2025":180.47,"Q3_2025":206.355,"Q4_2025":208.146,"Q1_2026":216.493},"geometry":{"type":"Polygon","coordinates":[[[107.570433,-7.105529000000001],[107.570533,-7.105529000000001],[107.570533,-7.105429000000001],[107.570433,-7.105429000000001],[107.570433,-7.105529000000001]]]}},{"type":"Feature","properties":{"row":15,"col":4,"Q1_2025":177.181,"Q2_2025":197.109,"Q3_2025":192.261,"Q4_2025":204.296,"Q1_2026":210.298},"geometry":{"type":"Polygon","coordinates":[[[107.570533,-7.105529000000001],[107.570633,-7.105529000000001],[107.570633,-7.105429000000001],[107.570533,-7.105429000000001],[107.570533,-7.105529000000001]]]}},{"type":"Feature","properties":{"row":15,"col":5,"Q1_2025":183.145,"Q2_2025":188.37,"Q3_2025":208.49,"Q4_2025":217.346,"Q1_2026":214.188},"geometry":{"type":"Polygon","coordinates":[[[107.570633,-7.105529000000001],[107.570733,-7.105529000000001],[107.570733,-7.105429000000001],[107.570633,-7.105429000000001],[107.570633,-7.105529000000001]]]}},{"type":"Feature","properties":{"row":15,"col":6,"Q1_2025":190.1,"Q2_2025":206.988,"Q3_2025":212.214,"Q4_2025":233.075,"Q1_2026":224.125},"geometry":{"type":"Polygon","coordinates":[[[107.570733,-7.105529000000001],[107.57083300000001,-7.105529000000001],[107.57083300000001,-7.105429000000001],[107.570733,-7.105429000000001],[107.570733,-7.105529000000001]]]}},{"type":"Feature","properties":{"row":15,"col":7,"Q1_2025":202.064,"Q2_2025":213.444,"Q3_2025":204.834,"Q4_2025":211.976,"Q1_2026":217.072},"geometry":{"type":"Polygon","coordinates":[[[107.570833,-7.105529000000001],[107.570933,-7.105529000000001],[107.570933,-7.105429000000001],[107.570833,-7.105429000000001],[107.570833,-7.105529000000001]]]}},{"type":"Feature","properties":{"row":15,"col":8,"Q1_2025":206.686,"Q2_2025":208.585,"Q3_2025":221.128,"Q4_2025":227.821,"Q1_2026":236.643},"geometry":{"type":"Polygon","coordinates":[[[107.570933,-7.105529000000001],[107.571033,-7.105529000000001],[107.571033,-7.105429000000001],[107.570933,-7.105429000000001],[107.570933,-7.105529000000001]]]}},{"type":"Feature","properties":{"row":15,"col":9,"Q1_2025":212.192,"Q2_2025":209.839,"Q3_2025":229.356,"Q4_2025":235.969,"Q1_2026":223.994},"geometry":{"type":"Polygon","coordinates":[[[107.571033,-7.105529000000001],[107.571133,-7.105529000000001],[107.571133,-7.105429000000001],[107.571033,-7.105429000000001],[107.571033,-7.105529000000001]]]}},{"type":"Feature","properties":{"row":15,"col":10,"Q1_2025":206.199,"Q2_2025":232.049,"Q3_2025":260.482,"Q4_2025":232.142,"Q1_2026":240.839},"geometry":{"type":"Polygon","coordinates":[[[107.571133,-7.105529000000001],[107.571233,-7.105529000000001],[107.571233,-7.105429000000001],[107.571133,-7.105429000000001],[107.571133,-7.105529000000001]]]}},{"type":"Feature","properties":{"row":15,"col":11,"Q1_2025":194.235,"Q2_2025":219.759,"Q3_2025":225.958,"Q4_2025":228.957,"Q1_2026":260.341},"geometry":{"type":"Polygon","coordinates":[[[107.57123299999999,-7.105529000000001],[107.571333,-7.105529000000001],[107.571333,-7.105429000000001],[107.57123299999999,-7.105429000000001],[107.57123299999999,-7.105529000000001]]]}},{"type":"Feature","properties":{"row":15,"col":12,"Q1_2025":214.152,"Q2_2025":210.099,"Q3_2025":217.121,"Q4_2025":243.401,"Q1_2026":237.715},"geometry":{"type":"Polygon","coordinates":[[[107.571333,-7.105529000000001],[107.571433,-7.105529000000001],[107.571433,-7.105429000000001],[107.571333,-7.105429000000001],[107.571333,-7.105529000000001]]]}},{"type":"Feature","properties":{"row":15,"col":13,"Q1_2025":203.521,"Q2_2025":204.011,"Q3_2025":227.538,"Q4_2025":242.835,"Q1_2026":252.998},"geometry":{"type":"Polygon","coordinates":[[[107.571433,-7.105529000000001],[107.571533,-7.105529000000001],[107.571533,-7.105429000000001],[107.571433,-7.105429000000001],[107.571433,-7.105529000000001]]]}},{"type":"Feature","properties":{"row":15,"col":14,"Q1_2025":215.632,"Q2_2025":237.685,"Q3_2025":217.34,"Q4_2025":239.155,"Q1_2026":249.002},"geometry":{"type":"Polygon","coordinates":[[[107.571533,-7.105529000000001],[107.571633,-7.105529000000001],[107.571633,-7.105429000000001],[107.571533,-7.105429000000001],[107.571533,-7.105529000000001]]]}},{"type":"Feature","properties":{"row":15,"col":15,"Q1_2025":196.775,"Q2_2025":219.271,"Q3_2025":218.224,"Q4_2025":239.439,"Q1_2026":236.815},"geometry":{"type":"Polygon","coordinates":[[[107.57163299999999,-7.105529000000001],[107.571733,-7.105529000000001],[107.571733,-7.105429000000001],[107.57163299999999,-7.105429000000001],[107.57163299999999,-7.105529000000001]]]}},{"type":"Feature","properties":{"row":15,"col":16,"Q1_2025":219.344,"Q2_2025":236.673,"Q3_2025":226.613,"Q4_2025":230.321,"Q1_2026":232.656},"geometry":{"type":"Polygon","coordinates":[[[107.571733,-7.105529000000001],[107.571833,-7.105529000000001],[107.571833,-7.105429000000001],[107.571733,-7.105429000000001],[107.571733,-7.105529000000001]]]}},{"type":"Feature","properties":{"row":15,"col":17,"Q1_2025":216.138,"Q2_2025":210.92,"Q3_2025":237.484,"Q4_2025":252.769,"Q1_2026":261.481},"geometry":{"type":"Polygon","coordinates":[[[107.571833,-7.105529000000001],[107.571933,-7.105529000000001],[107.571933,-7.105429000000001],[107.571833,-7.105429000000001],[107.571833,-7.105529000000001]]]}},{"type":"Feature","properties":{"row":15,"col":18,"Q1_2025":229.533,"Q2_2025":220.439,"Q3_2025":231.934,"Q4_2025":227.466,"Q1_2026":230.036},"geometry":{"type":"Polygon","coordinates":[[[107.571933,-7.105529000000001],[107.572033,-7.105529000000001],[107.572033,-7.105429000000001],[107.571933,-7.105429000000001],[107.571933,-7.105529000000001]]]}},{"type":"Feature","properties":{"row":15,"col":19,"Q1_2025":217.683,"Q2_2025":204.019,"Q3_2025":236.19,"Q4_2025":225.644,"Q1_2026":240.202},"geometry":{"type":"Polygon","coordinates":[[[107.572033,-7.105529000000001],[107.57213300000001,-7.105529000000001],[107.57213300000001,-7.105429000000001],[107.572033,-7.105429000000001],[107.572033,-7.105529000000001]]]}},{"type":"Feature","properties":{"row":16,"col":0,"Q1_2025":183.581,"Q2_2025":176.777,"Q3_2025":187.324,"Q4_2025":187.51,"Q1_2026":206.784},"geometry":{"type":"Polygon","coordinates":[[[107.570133,-7.105429000000001],[107.570233,-7.105429000000001],[107.570233,-7.105329000000001],[107.570133,-7.105329000000001],[107.570133,-7.105429000000001]]]}},{"type":"Feature","properties":{"row":16,"col":1,"Q1_2025":168.049,"Q2_2025":169.359,"Q3_2025":176.775,"Q4_2025":179.026,"Q1_2026":190.083},"geometry":{"type":"Polygon","coordinates":[[[107.570233,-7.105429000000001],[107.570333,-7.105429000000001],[107.570333,-7.105329000000001],[107.570233,-7.105329000000001],[107.570233,-7.105429000000001]]]}},{"type":"Feature","properties":{"row":16,"col":2,"Q1_2025":181.832,"Q2_2025":182.285,"Q3_2025":181.565,"Q4_2025":206.969,"Q1_2026":208.937},"geometry":{"type":"Polygon","coordinates":[[[107.570333,-7.105429000000001],[107.57043300000001,-7.105429000000001],[107.57043300000001,-7.105329000000001],[107.570333,-7.105329000000001],[107.570333,-7.105429000000001]]]}},{"type":"Feature","properties":{"row":16,"col":3,"Q1_2025":183.99,"Q2_2025":177.619,"Q3_2025":190.913,"Q4_2025":207.041,"Q1_2026":208.832},"geometry":{"type":"Polygon","coordinates":[[[107.570433,-7.105429000000001],[107.570533,-7.105429000000001],[107.570533,-7.105329000000001],[107.570433,-7.105329000000001],[107.570433,-7.105429000000001]]]}},{"type":"Feature","properties":{"row":16,"col":4,"Q1_2025":193.973,"Q2_2025":199.647,"Q3_2025":214.889,"Q4_2025":210.971,"Q1_2026":209.501},"geometry":{"type":"Polygon","coordinates":[[[107.570533,-7.105429000000001],[107.570633,-7.105429000000001],[107.570633,-7.105329000000001],[107.570533,-7.105329000000001],[107.570533,-7.105429000000001]]]}},{"type":"Feature","properties":{"row":16,"col":5,"Q1_2025":188.629,"Q2_2025":219.438,"Q3_2025":215.028,"Q4_2025":210.633,"Q1_2026":227.29},"geometry":{"type":"Polygon","coordinates":[[[107.570633,-7.105429000000001],[107.570733,-7.105429000000001],[107.570733,-7.105329000000001],[107.570633,-7.105329000000001],[107.570633,-7.105429000000001]]]}},{"type":"Feature","properties":{"row":16,"col":6,"Q1_2025":190.209,"Q2_2025":197.048,"Q3_2025":219.57,"Q4_2025":220.529,"Q1_2026":233.606},"geometry":{"type":"Polygon","coordinates":[[[107.570733,-7.105429000000001],[107.57083300000001,-7.105429000000001],[107.57083300000001,-7.105329000000001],[107.570733,-7.105329000000001],[107.570733,-7.105429000000001]]]}},{"type":"Feature","properties":{"row":16,"col":7,"Q1_2025":213.58,"Q2_2025":199.152,"Q3_2025":215.209,"Q4_2025":229.622,"Q1_2026":236.053},"geometry":{"type":"Polygon","coordinates":[[[107.570833,-7.105429000000001],[107.570933,-7.105429000000001],[107.570933,-7.105329000000001],[107.570833,-7.105329000000001],[107.570833,-7.105429000000001]]]}},{"type":"Feature","properties":{"row":16,"col":8,"Q1_2025":195.881,"Q2_2025":208.134,"Q3_2025":234.866,"Q4_2025":218.041,"Q1_2026":236.268},"geometry":{"type":"Polygon","coordinates":[[[107.570933,-7.105429000000001],[107.571033,-7.105429000000001],[107.571033,-7.105329000000001],[107.570933,-7.105329000000001],[107.570933,-7.105429000000001]]]}},{"type":"Feature","properties":{"row":16,"col":9,"Q1_2025":207.66,"Q2_2025":196.394,"Q3_2025":225.214,"Q4_2025":213.28,"Q1_2026":236.862},"geometry":{"type":"Polygon","coordinates":[[[107.571033,-7.105429000000001],[107.571133,-7.105429000000001],[107.571133,-7.105329000000001],[107.571033,-7.105329000000001],[107.571033,-7.105429000000001]]]}},{"type":"Feature","properties":{"row":16,"col":10,"Q1_2025":217.66,"Q2_2025":208.348,"Q3_2025":206.118,"Q4_2025":229.076,"Q1_2026":237.118},"geometry":{"type":"Polygon","coordinates":[[[107.571133,-7.105429000000001],[107.571233,-7.105429000000001],[107.571233,-7.105329000000001],[107.571133,-7.105329000000001],[107.571133,-7.105429000000001]]]}},{"type":"Feature","properties":{"row":16,"col":11,"Q1_2025":208.573,"Q2_2025":217.637,"Q3_2025":226.207,"Q4_2025":216.73,"Q1_2026":250.108},"geometry":{"type":"Polygon","coordinates":[[[107.57123299999999,-7.105429000000001],[107.571333,-7.105429000000001],[107.571333,-7.105329000000001],[107.57123299999999,-7.105329000000001],[107.57123299999999,-7.105429000000001]]]}},{"type":"Feature","properties":{"row":16,"col":12,"Q1_2025":187.204,"Q2_2025":213.323,"Q3_2025":232.933,"Q4_2025":225.235,"Q1_2026":226.36},"geometry":{"type":"Polygon","coordinates":[[[107.571333,-7.105429000000001],[107.571433,-7.105429000000001],[107.571433,-7.105329000000001],[107.571333,-7.105329000000001],[107.571333,-7.105429000000001]]]}},{"type":"Feature","properties":{"row":16,"col":13,"Q1_2025":202.347,"Q2_2025":213.005,"Q3_2025":245.923,"Q4_2025":218.93,"Q1_2026":246.082},"geometry":{"type":"Polygon","coordinates":[[[107.571433,-7.105429000000001],[107.571533,-7.105429000000001],[107.571533,-7.105329000000001],[107.571433,-7.105329000000001],[107.571433,-7.105429000000001]]]}},{"type":"Feature","properties":{"row":16,"col":14,"Q1_2025":208.414,"Q2_2025":210.259,"Q3_2025":212.6,"Q4_2025":222.537,"Q1_2026":245.85},"geometry":{"type":"Polygon","coordinates":[[[107.571533,-7.105429000000001],[107.571633,-7.105429000000001],[107.571633,-7.105329000000001],[107.571533,-7.105329000000001],[107.571533,-7.105429000000001]]]}},{"type":"Feature","properties":{"row":16,"col":15,"Q1_2025":217.323,"Q2_2025":231.725,"Q3_2025":217.017,"Q4_2025":213.355,"Q1_2026":248.334},"geometry":{"type":"Polygon","coordinates":[[[107.57163299999999,-7.105429000000001],[107.571733,-7.105429000000001],[107.571733,-7.105329000000001],[107.57163299999999,-7.105329000000001],[107.57163299999999,-7.105429000000001]]]}},{"type":"Feature","properties":{"row":16,"col":16,"Q1_2025":215.668,"Q2_2025":230.252,"Q3_2025":207.465,"Q4_2025":249.369,"Q1_2026":243.71},"geometry":{"type":"Polygon","coordinates":[[[107.571733,-7.105429000000001],[107.571833,-7.105429000000001],[107.571833,-7.105329000000001],[107.571733,-7.105329000000001],[107.571733,-7.105429000000001]]]}},{"type":"Feature","properties":{"row":16,"col":17,"Q1_2025":230.125,"Q2_2025":215.854,"Q3_2025":239.855,"Q4_2025":228.152,"Q1_2026":263.453},"geometry":{"type":"Polygon","coordinates":[[[107.571833,-7.105429000000001],[107.571933,-7.105429000000001],[107.571933,-7.105329000000001],[107.571833,-7.105329000000001],[107.571833,-7.105429000000001]]]}},{"type":"Feature","properties":{"row":16,"col":18,"Q1_2025":204.116,"Q2_2025":202.085,"Q3_2025":227.633,"Q4_2025":244.668,"Q1_2026":253.923},"geometry":{"type":"Polygon","coordinates":[[[107.571933,-7.105429000000001],[107.572033,-7.105429000000001],[107.572033,-7.105329000000001],[107.571933,-7.105329000000001],[107.571933,-7.105429000000001]]]}},{"type":"Feature","properties":{"row":16,"col":19,"Q1_2025":207.735,"Q2_2025":220.33,"Q3_2025":224.224,"Q4_2025":245.804,"Q1_2026":250.815},"geometry":{"type":"Polygon","coordinates":[[[107.572033,-7.105429000000001],[107.57213300000001,-7.105429000000001],[107.57213300000001,-7.105329000000001],[107.572033,-7.105329000000001],[107.572033,-7.105429000000001]]]}},{"type":"Feature","properties":{"row":17,"col":0,"Q1_2025":159.672,"Q2_2025":182.43,"Q3_2025":180.499,"Q4_2025":200.581,"Q1_2026":192.916},"geometry":{"type":"Polygon","coordinates":[[[107.570133,-7.105329000000001],[107.570233,-7.105329000000001],[107.570233,-7.105229000000001],[107.570133,-7.105229000000001],[107.570133,-7.105329000000001]]]}},{"type":"Feature","properties":{"row":17,"col":1,"Q1_2025":169.932,"Q2_2025":171.325,"Q3_2025":169.371,"Q4_2025":180.864,"Q1_2026":212.258},"geometry":{"type":"Polygon","coordinates":[[[107.570233,-7.105329000000001],[107.570333,-7.105329000000001],[107.570333,-7.105229000000001],[107.570233,-7.105229000000001],[107.570233,-7.105329000000001]]]}},{"type":"Feature","properties":{"row":17,"col":2,"Q1_2025":179.505,"Q2_2025":173.392,"Q3_2025":194.23,"Q4_2025":197.638,"Q1_2026":213.027},"geometry":{"type":"Polygon","coordinates":[[[107.570333,-7.105329000000001],[107.57043300000001,-7.105329000000001],[107.57043300000001,-7.105229000000001],[107.570333,-7.105229000000001],[107.570333,-7.105329000000001]]]}},{"type":"Feature","properties":{"row":17,"col":3,"Q1_2025":173.125,"Q2_2025":185.457,"Q3_2025":182.037,"Q4_2025":213.021,"Q1_2026":214.795},"geometry":{"type":"Polygon","coordinates":[[[107.570433,-7.105329000000001],[107.570533,-7.105329000000001],[107.570533,-7.105229000000001],[107.570433,-7.105229000000001],[107.570433,-7.105329000000001]]]}},{"type":"Feature","properties":{"row":17,"col":4,"Q1_2025":182.906,"Q2_2025":214.171,"Q3_2025":209.511,"Q4_2025":220.019,"Q1_2026":217.049},"geometry":{"type":"Polygon","coordinates":[[[107.570533,-7.105329000000001],[107.570633,-7.105329000000001],[107.570633,-7.105229000000001],[107.570533,-7.105229000000001],[107.570533,-7.105329000000001]]]}},{"type":"Feature","properties":{"row":17,"col":5,"Q1_2025":180.634,"Q2_2025":198.339,"Q3_2025":202.287,"Q4_2025":206.379,"Q1_2026":229.662},"geometry":{"type":"Polygon","coordinates":[[[107.570633,-7.105329000000001],[107.570733,-7.105329000000001],[107.570733,-7.105229000000001],[107.570633,-7.105229000000001],[107.570633,-7.105329000000001]]]}},{"type":"Feature","properties":{"row":17,"col":6,"Q1_2025":186.523,"Q2_2025":200.178,"Q3_2025":206.916,"Q4_2025":198.646,"Q1_2026":226.999},"geometry":{"type":"Polygon","coordinates":[[[107.570733,-7.105329000000001],[107.57083300000001,-7.105329000000001],[107.57083300000001,-7.105229000000001],[107.570733,-7.105229000000001],[107.570733,-7.105329000000001]]]}},{"type":"Feature","properties":{"row":17,"col":7,"Q1_2025":200.998,"Q2_2025":201.811,"Q3_2025":211.85,"Q4_2025":214.093,"Q1_2026":219.041},"geometry":{"type":"Polygon","coordinates":[[[107.570833,-7.105329000000001],[107.570933,-7.105329000000001],[107.570933,-7.105229000000001],[107.570833,-7.105229000000001],[107.570833,-7.105329000000001]]]}},{"type":"Feature","properties":{"row":17,"col":8,"Q1_2025":190.329,"Q2_2025":186.603,"Q3_2025":217.974,"Q4_2025":207.321,"Q1_2026":224.112},"geometry":{"type":"Polygon","coordinates":[[[107.570933,-7.105329000000001],[107.571033,-7.105329000000001],[107.571033,-7.105229000000001],[107.570933,-7.105229000000001],[107.570933,-7.105329000000001]]]}},{"type":"Feature","properties":{"row":17,"col":9,"Q1_2025":178.672,"Q2_2025":200.884,"Q3_2025":220.969,"Q4_2025":224.436,"Q1_2026":231.834},"geometry":{"type":"Polygon","coordinates":[[[107.571033,-7.105329000000001],[107.571133,-7.105329000000001],[107.571133,-7.105229000000001],[107.571033,-7.105229000000001],[107.571033,-7.105329000000001]]]}},{"type":"Feature","properties":{"row":17,"col":10,"Q1_2025":204.427,"Q2_2025":193.129,"Q3_2025":226.768,"Q4_2025":221.841,"Q1_2026":234.346},"geometry":{"type":"Polygon","coordinates":[[[107.571133,-7.105329000000001],[107.571233,-7.105329000000001],[107.571233,-7.105229000000001],[107.571133,-7.105229000000001],[107.571133,-7.105329000000001]]]}},{"type":"Feature","properties":{"row":17,"col":11,"Q1_2025":208.442,"Q2_2025":185.527,"Q3_2025":234.306,"Q4_2025":224.675,"Q1_2026":241.653},"geometry":{"type":"Polygon","coordinates":[[[107.57123299999999,-7.105329000000001],[107.571333,-7.105329000000001],[107.571333,-7.105229000000001],[107.57123299999999,-7.105229000000001],[107.57123299999999,-7.105329000000001]]]}},{"type":"Feature","properties":{"row":17,"col":12,"Q1_2025":202.204,"Q2_2025":207.482,"Q3_2025":234.836,"Q4_2025":217.61,"Q1_2026":240.581},"geometry":{"type":"Polygon","coordinates":[[[107.571333,-7.105329000000001],[107.571433,-7.105329000000001],[107.571433,-7.105229000000001],[107.571333,-7.105229000000001],[107.571333,-7.105329000000001]]]}},{"type":"Feature","properties":{"row":17,"col":13,"Q1_2025":201.457,"Q2_2025":219.923,"Q3_2025":231.751,"Q4_2025":237.702,"Q1_2026":244.335},"geometry":{"type":"Polygon","coordinates":[[[107.571433,-7.105329000000001],[107.571533,-7.105329000000001],[107.571533,-7.105229000000001],[107.571433,-7.105229000000001],[107.571433,-7.105329000000001]]]}},{"type":"Feature","properties":{"row":17,"col":14,"Q1_2025":201.462,"Q2_2025":212.994,"Q3_2025":226.784,"Q4_2025":243.5,"Q1_2026":244.164},"geometry":{"type":"Polygon","coordinates":[[[107.571533,-7.105329000000001],[107.571633,-7.105329000000001],[107.571633,-7.105229000000001],[107.571533,-7.105229000000001],[107.571533,-7.105329000000001]]]}},{"type":"Feature","properties":{"row":17,"col":15,"Q1_2025":205.882,"Q2_2025":217.9,"Q3_2025":232.93,"Q4_2025":236.465,"Q1_2026":248.779},"geometry":{"type":"Polygon","coordinates":[[[107.57163299999999,-7.105329000000001],[107.571733,-7.105329000000001],[107.571733,-7.105229000000001],[107.57163299999999,-7.105229000000001],[107.57163299999999,-7.105329000000001]]]}},{"type":"Feature","properties":{"row":17,"col":16,"Q1_2025":203.761,"Q2_2025":224.857,"Q3_2025":220.203,"Q4_2025":232.722,"Q1_2026":245.537},"geometry":{"type":"Polygon","coordinates":[[[107.571733,-7.105329000000001],[107.571833,-7.105329000000001],[107.571833,-7.105229000000001],[107.571733,-7.105229000000001],[107.571733,-7.105329000000001]]]}},{"type":"Feature","properties":{"row":17,"col":17,"Q1_2025":194.187,"Q2_2025":212.943,"Q3_2025":226.22,"Q4_2025":233.144,"Q1_2026":247.789},"geometry":{"type":"Polygon","coordinates":[[[107.571833,-7.105329000000001],[107.571933,-7.105329000000001],[107.571933,-7.105229000000001],[107.571833,-7.105229000000001],[107.571833,-7.105329000000001]]]}},{"type":"Feature","properties":{"row":17,"col":18,"Q1_2025":183.704,"Q2_2025":198.307,"Q3_2025":232.879,"Q4_2025":238.334,"Q1_2026":258.394},"geometry":{"type":"Polygon","coordinates":[[[107.571933,-7.105329000000001],[107.572033,-7.105329000000001],[107.572033,-7.105229000000001],[107.571933,-7.105229000000001],[107.571933,-7.105329000000001]]]}},{"type":"Feature","properties":{"row":17,"col":19,"Q1_2025":205.003,"Q2_2025":226.137,"Q3_2025":244.425,"Q4_2025":207.308,"Q1_2026":221.587},"geometry":{"type":"Polygon","coordinates":[[[107.572033,-7.105329000000001],[107.57213300000001,-7.105329000000001],[107.57213300000001,-7.105229000000001],[107.572033,-7.105229000000001],[107.572033,-7.105329000000001]]]}},{"type":"Feature","properties":{"row":18,"col":0,"Q1_2025":158.051,"Q2_2025":156.828,"Q3_2025":194.185,"Q4_2025":184.375,"Q1_2026":188.03},"geometry":{"type":"Polygon","coordinates":[[[107.570133,-7.1052290000000005],[107.570233,-7.1052290000000005],[107.570233,-7.105129000000001],[107.570133,-7.105129000000001],[107.570133,-7.1052290000000005]]]}},{"type":"Feature","properties":{"row":18,"col":1,"Q1_2025":179.556,"Q2_2025":181.722,"Q3_2025":177.37,"Q4_2025":198.031,"Q1_2026":189.983},"geometry":{"type":"Polygon","coordinates":[[[107.570233,-7.1052290000000005],[107.570333,-7.1052290000000005],[107.570333,-7.105129000000001],[107.570233,-7.105129000000001],[107.570233,-7.1052290000000005]]]}},{"type":"Feature","properties":{"row":18,"col":2,"Q1_2025":164.352,"Q2_2025":191.115,"Q3_2025":178.883,"Q4_2025":190.332,"Q1_2026":198.716},"geometry":{"type":"Polygon","coordinates":[[[107.570333,-7.1052290000000005],[107.57043300000001,-7.1052290000000005],[107.57043300000001,-7.105129000000001],[107.570333,-7.105129000000001],[107.570333,-7.1052290000000005]]]}},{"type":"Feature","properties":{"row":18,"col":3,"Q1_2025":169.786,"Q2_2025":157.953,"Q3_2025":175.816,"Q4_2025":200.917,"Q1_2026":221.167},"geometry":{"type":"Polygon","coordinates":[[[107.570433,-7.1052290000000005],[107.570533,-7.1052290000000005],[107.570533,-7.105129000000001],[107.570433,-7.105129000000001],[107.570433,-7.1052290000000005]]]}},{"type":"Feature","properties":{"row":18,"col":4,"Q1_2025":186.241,"Q2_2025":182.199,"Q3_2025":194.114,"Q4_2025":186.612,"Q1_2026":208.824},"geometry":{"type":"Polygon","coordinates":[[[107.570533,-7.1052290000000005],[107.570633,-7.1052290000000005],[107.570633,-7.105129000000001],[107.570533,-7.105129000000001],[107.570533,-7.1052290000000005]]]}},{"type":"Feature","properties":{"row":18,"col":5,"Q1_2025":180.839,"Q2_2025":185.327,"Q3_2025":205.191,"Q4_2025":211.159,"Q1_2026":220.754},"geometry":{"type":"Polygon","coordinates":[[[107.570633,-7.1052290000000005],[107.570733,-7.1052290000000005],[107.570733,-7.105129000000001],[107.570633,-7.105129000000001],[107.570633,-7.1052290000000005]]]}},{"type":"Feature","properties":{"row":18,"col":6,"Q1_2025":208.941,"Q2_2025":200.261,"Q3_2025":183.203,"Q4_2025":196.954,"Q1_2026":218.31},"geometry":{"type":"Polygon","coordinates":[[[107.570733,-7.1052290000000005],[107.57083300000001,-7.1052290000000005],[107.57083300000001,-7.105129000000001],[107.570733,-7.105129000000001],[107.570733,-7.1052290000000005]]]}},{"type":"Feature","properties":{"row":18,"col":7,"Q1_2025":181.444,"Q2_2025":195.826,"Q3_2025":220.492,"Q4_2025":215.151,"Q1_2026":210.247},"geometry":{"type":"Polygon","coordinates":[[[107.570833,-7.1052290000000005],[107.570933,-7.1052290000000005],[107.570933,-7.105129000000001],[107.570833,-7.105129000000001],[107.570833,-7.1052290000000005]]]}},{"type":"Feature","properties":{"row":18,"col":8,"Q1_2025":207.812,"Q2_2025":199.474,"Q3_2025":208.98,"Q4_2025":219.63,"Q1_2026":230.636},"geometry":{"type":"Polygon","coordinates":[[[107.570933,-7.1052290000000005],[107.571033,-7.1052290000000005],[107.571033,-7.105129000000001],[107.570933,-7.105129000000001],[107.570933,-7.1052290000000005]]]}},{"type":"Feature","properties":{"row":18,"col":9,"Q1_2025":188.96,"Q2_2025":204.924,"Q3_2025":224.753,"Q4_2025":232.634,"Q1_2026":220.13},"geometry":{"type":"Polygon","coordinates":[[[107.571033,-7.1052290000000005],[107.571133,-7.1052290000000005],[107.571133,-7.105129000000001],[107.571033,-7.105129000000001],[107.571033,-7.1052290000000005]]]}},{"type":"Feature","properties":{"row":18,"col":10,"Q1_2025":198.909,"Q2_2025":221.998,"Q3_2025":212.143,"Q4_2025":209.314,"Q1_2026":224.272},"geometry":{"type":"Polygon","coordinates":[[[107.571133,-7.1052290000000005],[107.571233,-7.1052290000000005],[107.571233,-7.105129000000001],[107.571133,-7.105129000000001],[107.571133,-7.1052290000000005]]]}},{"type":"Feature","properties":{"row":18,"col":11,"Q1_2025":206.744,"Q2_2025":207.744,"Q3_2025":217.164,"Q4_2025":227.379,"Q1_2026":229.995},"geometry":{"type":"Polygon","coordinates":[[[107.57123299999999,-7.1052290000000005],[107.571333,-7.1052290000000005],[107.571333,-7.105129000000001],[107.57123299999999,-7.105129000000001],[107.57123299999999,-7.1052290000000005]]]}},{"type":"Feature","properties":{"row":18,"col":12,"Q1_2025":207.397,"Q2_2025":223.649,"Q3_2025":222.639,"Q4_2025":231.63,"Q1_2026":245.616},"geometry":{"type":"Polygon","coordinates":[[[107.571333,-7.1052290000000005],[107.571433,-7.1052290000000005],[107.571433,-7.105129000000001],[107.571333,-7.105129000000001],[107.571333,-7.1052290000000005]]]}},{"type":"Feature","properties":{"row":18,"col":13,"Q1_2025":210.884,"Q2_2025":222.899,"Q3_2025":199.356,"Q4_2025":227.925,"Q1_2026":239.598},"geometry":{"type":"Polygon","coordinates":[[[107.571433,-7.1052290000000005],[107.571533,-7.1052290000000005],[107.571533,-7.105129000000001],[107.571433,-7.105129000000001],[107.571433,-7.1052290000000005]]]}},{"type":"Feature","properties":{"row":18,"col":14,"Q1_2025":203.039,"Q2_2025":203.858,"Q3_2025":219.064,"Q4_2025":221.013,"Q1_2026":239.765},"geometry":{"type":"Polygon","coordinates":[[[107.571533,-7.1052290000000005],[107.571633,-7.1052290000000005],[107.571633,-7.105129000000001],[107.571533,-7.105129000000001],[107.571533,-7.1052290000000005]]]}},{"type":"Feature","properties":{"row":18,"col":15,"Q1_2025":211.621,"Q2_2025":210.445,"Q3_2025":231.486,"Q4_2025":223.603,"Q1_2026":230.853},"geometry":{"type":"Polygon","coordinates":[[[107.57163299999999,-7.1052290000000005],[107.571733,-7.1052290000000005],[107.571733,-7.105129000000001],[107.57163299999999,-7.105129000000001],[107.57163299999999,-7.1052290000000005]]]}},{"type":"Feature","properties":{"row":18,"col":16,"Q1_2025":205.782,"Q2_2025":208.979,"Q3_2025":230.914,"Q4_2025":227.255,"Q1_2026":242.315},"geometry":{"type":"Polygon","coordinates":[[[107.571733,-7.1052290000000005],[107.571833,-7.1052290000000005],[107.571833,-7.105129000000001],[107.571733,-7.105129000000001],[107.571733,-7.1052290000000005]]]}},{"type":"Feature","properties":{"row":18,"col":17,"Q1_2025":214.215,"Q2_2025":196.546,"Q3_2025":220.291,"Q4_2025":230.032,"Q1_2026":218.364},"geometry":{"type":"Polygon","coordinates":[[[107.571833,-7.1052290000000005],[107.571933,-7.1052290000000005],[107.571933,-7.105129000000001],[107.571833,-7.105129000000001],[107.571833,-7.1052290000000005]]]}},{"type":"Feature","properties":{"row":18,"col":18,"Q1_2025":204.963,"Q2_2025":210.496,"Q3_2025":206.002,"Q4_2025":241.724,"Q1_2026":237.677},"geometry":{"type":"Polygon","coordinates":[[[107.571933,-7.1052290000000005],[107.572033,-7.1052290000000005],[107.572033,-7.105129000000001],[107.571933,-7.105129000000001],[107.571933,-7.1052290000000005]]]}},{"type":"Feature","properties":{"row":18,"col":19,"Q1_2025":181.253,"Q2_2025":207.02,"Q3_2025":216.537,"Q4_2025":226.652,"Q1_2026":228.149},"geometry":{"type":"Polygon","coordinates":[[[107.572033,-7.1052290000000005],[107.57213300000001,-7.1052290000000005],[107.57213300000001,-7.105129000000001],[107.572033,-7.105129000000001],[107.572033,-7.1052290000000005]]]}},{"type":"Feature","properties":{"row":19,"col":0,"Q1_2025":150.518,"Q2_2025":171.716,"Q3_2025":167.567,"Q4_2025":194.869,"Q1_2026":198.104},"geometry":{"type":"Polygon","coordinates":[[[107.570133,-7.105129000000001],[107.570233,-7.105129000000001],[107.570233,-7.105029000000001],[107.570133,-7.105029000000001],[107.570133,-7.105129000000001]]]}},{"type":"Feature","properties":{"row":19,"col":1,"Q1_2025":167.617,"Q2_2025":167.559,"Q3_2025":182.363,"Q4_2025":189.845,"Q1_2026":198.743},"geometry":{"type":"Polygon","coordinates":[[[107.570233,-7.105129000000001],[107.570333,-7.105129000000001],[107.570333,-7.105029000000001],[107.570233,-7.105029000000001],[107.570233,-7.105129000000001]]]}},{"type":"Feature","properties":{"row":19,"col":2,"Q1_2025":153.154,"Q2_2025":177.159,"Q3_2025":162.461,"Q4_2025":194.454,"Q1_2026":225.928},"geometry":{"type":"Polygon","coordinates":[[[107.570333,-7.105129000000001],[107.57043300000001,-7.105129000000001],[107.57043300000001,-7.105029000000001],[107.570333,-7.105029000000001],[107.570333,-7.105129000000001]]]}},{"type":"Feature","properties":{"row":19,"col":3,"Q1_2025":163.414,"Q2_2025":173.037,"Q3_2025":197.437,"Q4_2025":188.717,"Q1_2026":194.82},"geometry":{"type":"Polygon","coordinates":[[[107.570433,-7.105129000000001],[107.570533,-7.105129000000001],[107.570533,-7.105029000000001],[107.570433,-7.105029000000001],[107.570433,-7.105129000000001]]]}},{"type":"Feature","properties":{"row":19,"col":4,"Q1_2025":174.588,"Q2_2025":186.478,"Q3_2025":201.638,"Q4_2025":196.291,"Q1_2026":202.931},"geometry":{"type":"Polygon","coordinates":[[[107.570533,-7.105129000000001],[107.570633,-7.105129000000001],[107.570633,-7.105029000000001],[107.570533,-7.105029000000001],[107.570533,-7.105129000000001]]]}},{"type":"Feature","properties":{"row":19,"col":5,"Q1_2025":177.993,"Q2_2025":181.555,"Q3_2025":199.618,"Q4_2025":218.305,"Q1_2026":204.313},"geometry":{"type":"Polygon","coordinates":[[[107.570633,-7.105129000000001],[107.570733,-7.105129000000001],[107.570733,-7.105029000000001],[107.570633,-7.105029000000001],[107.570633,-7.105129000000001]]]}},{"type":"Feature","properties":{"row":19,"col":6,"Q1_2025":172.562,"Q2_2025":191.424,"Q3_2025":194.302,"Q4_2025":193.82,"Q1_2026":202.797},"geometry":{"type":"Polygon","coordinates":[[[107.570733,-7.105129000000001],[107.57083300000001,-7.105129000000001],[107.57083300000001,-7.105029000000001],[107.570733,-7.105029000000001],[107.570733,-7.105129000000001]]]}},{"type":"Feature","properties":{"row":19,"col":7,"Q1_2025":168.834,"Q2_2025":194.727,"Q3_2025":195.977,"Q4_2025":229.284,"Q1_2026":223.337},"geometry":{"type":"Polygon","coordinates":[[[107.570833,-7.105129000000001],[107.570933,-7.105129000000001],[107.570933,-7.105029000000001],[107.570833,-7.105029000000001],[107.570833,-7.105129000000001]]]}},{"type":"Feature","properties":{"row":19,"col":8,"Q1_2025":180.188,"Q2_2025":187.394,"Q3_2025":201.74,"Q4_2025":200.785,"Q1_2026":221.622},"geometry":{"type":"Polygon","coordinates":[[[107.570933,-7.105129000000001],[107.571033,-7.105129000000001],[107.571033,-7.105029000000001],[107.570933,-7.105029000000001],[107.570933,-7.105129000000001]]]}},{"type":"Feature","properties":{"row":19,"col":9,"Q1_2025":204.106,"Q2_2025":197.893,"Q3_2025":202.155,"Q4_2025":197.383,"Q1_2026":210.366},"geometry":{"type":"Polygon","coordinates":[[[107.571033,-7.105129000000001],[107.571133,-7.105129000000001],[107.571133,-7.105029000000001],[107.571033,-7.105029000000001],[107.571033,-7.105129000000001]]]}},{"type":"Feature","properties":{"row":19,"col":10,"Q1_2025":196.326,"Q2_2025":202.146,"Q3_2025":213.358,"Q4_2025":205.213,"Q1_2026":236.196},"geometry":{"type":"Polygon","coordinates":[[[107.571133,-7.105129000000001],[107.571233,-7.105129000000001],[107.571233,-7.105029000000001],[107.571133,-7.105029000000001],[107.571133,-7.105129000000001]]]}},{"type":"Feature","properties":{"row":19,"col":11,"Q1_2025":192.444,"Q2_2025":187.035,"Q3_2025":202.384,"Q4_2025":215.041,"Q1_2026":228.715},"geometry":{"type":"Polygon","coordinates":[[[107.57123299999999,-7.105129000000001],[107.571333,-7.105129000000001],[107.571333,-7.105029000000001],[107.57123299999999,-7.105029000000001],[107.57123299999999,-7.105129000000001]]]}},{"type":"Feature","properties":{"row":19,"col":12,"Q1_2025":182.436,"Q2_2025":215.85,"Q3_2025":214.938,"Q4_2025":231.573,"Q1_2026":245.448},"geometry":{"type":"Polygon","coordinates":[[[107.571333,-7.105129000000001],[107.571433,-7.105129000000001],[107.571433,-7.105029000000001],[107.571333,-7.105029000000001],[107.571333,-7.105129000000001]]]}},{"type":"Feature","properties":{"row":19,"col":13,"Q1_2025":197.39,"Q2_2025":201.989,"Q3_2025":222.109,"Q4_2025":206.97,"Q1_2026":243.127},"geometry":{"type":"Polygon","coordinates":[[[107.571433,-7.105129000000001],[107.571533,-7.105129000000001],[107.571533,-7.105029000000001],[107.571433,-7.105029000000001],[107.571433,-7.105129000000001]]]}},{"type":"Feature","properties":{"row":19,"col":14,"Q1_2025":200.641,"Q2_2025":204.972,"Q3_2025":205.89,"Q4_2025":212.171,"Q1_2026":230.143},"geometry":{"type":"Polygon","coordinates":[[[107.571533,-7.105129000000001],[107.571633,-7.105129000000001],[107.571633,-7.105029000000001],[107.571533,-7.105029000000001],[107.571533,-7.105129000000001]]]}},{"type":"Feature","properties":{"row":19,"col":15,"Q1_2025":206.41,"Q2_2025":209.625,"Q3_2025":194.747,"Q4_2025":218.93,"Q1_2026":238.942},"geometry":{"type":"Polygon","coordinates":[[[107.57163299999999,-7.105129000000001],[107.571733,-7.105129000000001],[107.571733,-7.105029000000001],[107.57163299999999,-7.105029000000001],[107.57163299999999,-7.105129000000001]]]}},{"type":"Feature","properties":{"row":19,"col":16,"Q1_2025":220.414,"Q2_2025":208.564,"Q3_2025":221.869,"Q4_2025":226.101,"Q1_2026":230.026},"geometry":{"type":"Polygon","coordinates":[[[107.571733,-7.105129000000001],[107.571833,-7.105129000000001],[107.571833,-7.105029000000001],[107.571733,-7.105029000000001],[107.571733,-7.105129000000001]]]}},{"type":"Feature","properties":{"row":19,"col":17,"Q1_2025":190.521,"Q2_2025":200.859,"Q3_2025":204.62,"Q4_2025":230.669,"Q1_2026":242.544},"geometry":{"type":"Polygon","coordinates":[[[107.571833,-7.105129000000001],[107.571933,-7.105129000000001],[107.571933,-7.105029000000001],[107.571833,-7.105029000000001],[107.571833,-7.105129000000001]]]}},{"type":"Feature","properties":{"row":19,"col":18,"Q1_2025":199.856,"Q2_2025":203.379,"Q3_2025":227.841,"Q4_2025":247.912,"Q1_2026":216.27},"geometry":{"type":"Polygon","coordinates":[[[107.571933,-7.105129000000001],[107.572033,-7.105129000000001],[107.572033,-7.105029000000001],[107.571933,-7.105029000000001],[107.571933,-7.105129000000001]]]}},{"type":"Feature","properties":{"row":19,"col":19,"Q1_2025":206.822,"Q2_2025":210.595,"Q3_2025":220.429,"Q4_2025":232.145,"Q1_2026":248.612},"geometry":{"type":"Polygon","coordinates":[[[107.572033,-7.105129000000001],[107.57213300000001,-7.105129000000001],[107.57213300000001,-7.105029000000001],[107.572033,-7.105029000000001],[107.572033,-7.105129000000001]]]}}]}