{"type":"FeatureCollection","parameter":"NDVI","label":"Kesehatan Tanaman","unit":"index","desc":"Indeks kehijauan daun (0-1). Menunjukkan tingkat fotosintesis dan kesehatan tanaman.","periods":["Q1_2025","Q2_2025","Q3_2025","Q4_2025","Q1_2026"],"features":[{"type":"Feature","properties":{"row":0,"col":0,"Q1_2025":0.577,"Q2_2025":0.596,"Q3_2025":0.619,"Q4_2025":0.679,"Q1_2026":0.658},"geometry":{"type":"Polygon","coordinates":[[[107.570133,-7.107029000000001],[107.570233,-7.107029000000001],[107.570233,-7.106929000000001],[107.570133,-7.106929000000001],[107.570133,-7.107029000000001]]]}},{"type":"Feature","properties":{"row":0,"col":1,"Q1_2025":0.519,"Q2_2025":0.631,"Q3_2025":0.621,"Q4_2025":0.643,"Q1_2026":0.68},"geometry":{"type":"Polygon","coordinates":[[[107.570233,-7.107029000000001],[107.570333,-7.107029000000001],[107.570333,-7.106929000000001],[107.570233,-7.106929000000001],[107.570233,-7.107029000000001]]]}},{"type":"Feature","properties":{"row":0,"col":2,"Q1_2025":0.616,"Q2_2025":0.682,"Q3_2025":0.677,"Q4_2025":0.67,"Q1_2026":0.647},"geometry":{"type":"Polygon","coordinates":[[[107.570333,-7.107029000000001],[107.57043300000001,-7.107029000000001],[107.57043300000001,-7.106929000000001],[107.570333,-7.106929000000001],[107.570333,-7.107029000000001]]]}},{"type":"Feature","properties":{"row":0,"col":3,"Q1_2025":0.563,"Q2_2025":0.646,"Q3_2025":0.72,"Q4_2025":0.676,"Q1_2026":0.689},"geometry":{"type":"Polygon","coordinates":[[[107.570433,-7.107029000000001],[107.570533,-7.107029000000001],[107.570533,-7.106929000000001],[107.570433,-7.106929000000001],[107.570433,-7.107029000000001]]]}},{"type":"Feature","properties":{"row":0,"col":4,"Q1_2025":0.65,"Q2_2025":0.571,"Q3_2025":0.648,"Q4_2025":0.708,"Q1_2026":0.747},"geometry":{"type":"Polygon","coordinates":[[[107.570533,-7.107029000000001],[107.570633,-7.107029000000001],[107.570633,-7.106929000000001],[107.570533,-7.106929000000001],[107.570533,-7.107029000000001]]]}},{"type":"Feature","properties":{"row":0,"col":5,"Q1_2025":0.621,"Q2_2025":0.671,"Q3_2025":0.685,"Q4_2025":0.732,"Q1_2026":0.657},"geometry":{"type":"Polygon","coordinates":[[[107.570633,-7.107029000000001],[107.570733,-7.107029000000001],[107.570733,-7.106929000000001],[107.570633,-7.106929000000001],[107.570633,-7.107029000000001]]]}},{"type":"Feature","properties":{"row":0,"col":6,"Q1_2025":0.67,"Q2_2025":0.586,"Q3_2025":0.55,"Q4_2025":0.671,"Q1_2026":0.676},"geometry":{"type":"Polygon","coordinates":[[[107.570733,-7.107029000000001],[107.57083300000001,-7.107029000000001],[107.57083300000001,-7.106929000000001],[107.570733,-7.106929000000001],[107.570733,-7.107029000000001]]]}},{"type":"Feature","properties":{"row":0,"col":7,"Q1_2025":0.693,"Q2_2025":0.703,"Q3_2025":0.629,"Q4_2025":0.752,"Q1_2026":0.679},"geometry":{"type":"Polygon","coordinates":[[[107.570833,-7.107029000000001],[107.570933,-7.107029000000001],[107.570933,-7.106929000000001],[107.570833,-7.106929000000001],[107.570833,-7.107029000000001]]]}},{"type":"Feature","properties":{"row":0,"col":8,"Q1_2025":0.653,"Q2_2025":0.662,"Q3_2025":0.703,"Q4_2025":0.758,"Q1_2026":0.769},"geometry":{"type":"Polygon","coordinates":[[[107.570933,-7.107029000000001],[107.571033,-7.107029000000001],[107.571033,-7.106929000000001],[107.570933,-7.106929000000001],[107.570933,-7.107029000000001]]]}},{"type":"Feature","properties":{"row":0,"col":9,"Q1_2025":0.681,"Q2_2025":0.716,"Q3_2025":0.728,"Q4_2025":0.692,"Q1_2026":0.708},"geometry":{"type":"Polygon","coordinates":[[[107.571033,-7.107029000000001],[107.571133,-7.107029000000001],[107.571133,-7.106929000000001],[107.571033,-7.106929000000001],[107.571033,-7.107029000000001]]]}},{"type":"Feature","properties":{"row":0,"col":10,"Q1_2025":0.646,"Q2_2025":0.715,"Q3_2025":0.697,"Q4_2025":0.846,"Q1_2026":0.709},"geometry":{"type":"Polygon","coordinates":[[[107.571133,-7.107029000000001],[107.571233,-7.107029000000001],[107.571233,-7.106929000000001],[107.571133,-7.106929000000001],[107.571133,-7.107029000000001]]]}},{"type":"Feature","properties":{"row":0,"col":11,"Q1_2025":0.62,"Q2_2025":0.733,"Q3_2025":0.786,"Q4_2025":0.76,"Q1_2026":0.797},"geometry":{"type":"Polygon","coordinates":[[[107.57123299999999,-7.107029000000001],[107.571333,-7.107029000000001],[107.571333,-7.106929000000001],[107.57123299999999,-7.106929000000001],[107.57123299999999,-7.107029000000001]]]}},{"type":"Feature","properties":{"row":0,"col":12,"Q1_2025":0.75,"Q2_2025":0.694,"Q3_2025":0.648,"Q4_2025":0.712,"Q1_2026":0.807},"geometry":{"type":"Polygon","coordinates":[[[107.571333,-7.107029000000001],[107.571433,-7.107029000000001],[107.571433,-7.106929000000001],[107.571333,-7.106929000000001],[107.571333,-7.107029000000001]]]}},{"type":"Feature","properties":{"row":0,"col":13,"Q1_2025":0.61,"Q2_2025":0.704,"Q3_2025":0.735,"Q4_2025":0.727,"Q1_2026":0.799},"geometry":{"type":"Polygon","coordinates":[[[107.571433,-7.107029000000001],[107.571533,-7.107029000000001],[107.571533,-7.106929000000001],[107.571433,-7.106929000000001],[107.571433,-7.107029000000001]]]}},{"type":"Feature","properties":{"row":0,"col":14,"Q1_2025":0.714,"Q2_2025":0.821,"Q3_2025":0.756,"Q4_2025":0.714,"Q1_2026":0.737},"geometry":{"type":"Polygon","coordinates":[[[107.571533,-7.107029000000001],[107.571633,-7.107029000000001],[107.571633,-7.106929000000001],[107.571533,-7.106929000000001],[107.571533,-7.107029000000001]]]}},{"type":"Feature","properties":{"row":0,"col":15,"Q1_2025":0.645,"Q2_2025":0.754,"Q3_2025":0.698,"Q4_2025":0.743,"Q1_2026":0.804},"geometry":{"type":"Polygon","coordinates":[[[107.57163299999999,-7.107029000000001],[107.571733,-7.107029000000001],[107.571733,-7.106929000000001],[107.57163299999999,-7.106929000000001],[107.57163299999999,-7.107029000000001]]]}},{"type":"Feature","properties":{"row":0,"col":16,"Q1_2025":0.651,"Q2_2025":0.693,"Q3_2025":0.635,"Q4_2025":0.693,"Q1_2026":0.739},"geometry":{"type":"Polygon","coordinates":[[[107.571733,-7.107029000000001],[107.571833,-7.107029000000001],[107.571833,-7.106929000000001],[107.571733,-7.106929000000001],[107.571733,-7.107029000000001]]]}},{"type":"Feature","properties":{"row":0,"col":17,"Q1_2025":0.708,"Q2_2025":0.767,"Q3_2025":0.727,"Q4_2025":0.761,"Q1_2026":0.776},"geometry":{"type":"Polygon","coordinates":[[[107.571833,-7.107029000000001],[107.571933,-7.107029000000001],[107.571933,-7.106929000000001],[107.571833,-7.106929000000001],[107.571833,-7.107029000000001]]]}},{"type":"Feature","properties":{"row":0,"col":18,"Q1_2025":0.741,"Q2_2025":0.752,"Q3_2025":0.741,"Q4_2025":0.697,"Q1_2026":0.812},"geometry":{"type":"Polygon","coordinates":[[[107.571933,-7.107029000000001],[107.572033,-7.107029000000001],[107.572033,-7.106929000000001],[107.571933,-7.106929000000001],[107.571933,-7.107029000000001]]]}},{"type":"Feature","properties":{"row":0,"col":19,"Q1_2025":0.705,"Q2_2025":0.768,"Q3_2025":0.725,"Q4_2025":0.844,"Q1_2026":0.748},"geometry":{"type":"Polygon","coordinates":[[[107.572033,-7.107029000000001],[107.57213300000001,-7.107029000000001],[107.57213300000001,-7.106929000000001],[107.572033,-7.106929000000001],[107.572033,-7.107029000000001]]]}},{"type":"Feature","properties":{"row":1,"col":0,"Q1_2025":0.669,"Q2_2025":0.615,"Q3_2025":0.603,"Q4_2025":0.593,"Q1_2026":0.662},"geometry":{"type":"Polygon","coordinates":[[[107.570133,-7.106929000000001],[107.570233,-7.106929000000001],[107.570233,-7.106829000000001],[107.570133,-7.106829000000001],[107.570133,-7.106929000000001]]]}},{"type":"Feature","properties":{"row":1,"col":1,"Q1_2025":0.671,"Q2_2025":0.66,"Q3_2025":0.674,"Q4_2025":0.541,"Q1_2026":0.715},"geometry":{"type":"Polygon","coordinates":[[[107.570233,-7.106929000000001],[107.570333,-7.106929000000001],[107.570333,-7.106829000000001],[107.570233,-7.106829000000001],[107.570233,-7.106929000000001]]]}},{"type":"Feature","properties":{"row":1,"col":2,"Q1_2025":0.638,"Q2_2025":0.603,"Q3_2025":0.619,"Q4_2025":0.67,"Q1_2026":0.776},"geometry":{"type":"Polygon","coordinates":[[[107.570333,-7.106929000000001],[107.57043300000001,-7.106929000000001],[107.57043300000001,-7.106829000000001],[107.570333,-7.106829000000001],[107.570333,-7.106929000000001]]]}},{"type":"Feature","properties":{"row":1,"col":3,"Q1_2025":0.567,"Q2_2025":0.619,"Q3_2025":0.728,"Q4_2025":0.658,"Q1_2026":0.682},"geometry":{"type":"Polygon","coordinates":[[[107.570433,-7.106929000000001],[107.570533,-7.106929000000001],[107.570533,-7.106829000000001],[107.570433,-7.106829000000001],[107.570433,-7.106929000000001]]]}},{"type":"Feature","properties":{"row":1,"col":4,"Q1_2025":0.635,"Q2_2025":0.588,"Q3_2025":0.681,"Q4_2025":0.63,"Q1_2026":0.754},"geometry":{"type":"Polygon","coordinates":[[[107.570533,-7.106929000000001],[107.570633,-7.106929000000001],[107.570633,-7.106829000000001],[107.570533,-7.106829000000001],[107.570533,-7.106929000000001]]]}},{"type":"Feature","properties":{"row":1,"col":5,"Q1_2025":0.64,"Q2_2025":0.774,"Q3_2025":0.694,"Q4_2025":0.768,"Q1_2026":0.654},"geometry":{"type":"Polygon","coordinates":[[[107.570633,-7.106929000000001],[107.570733,-7.106929000000001],[107.570733,-7.106829000000001],[107.570633,-7.106829000000001],[107.570633,-7.106929000000001]]]}},{"type":"Feature","properties":{"row":1,"col":6,"Q1_2025":0.643,"Q2_2025":0.685,"Q3_2025":0.776,"Q4_2025":0.625,"Q1_2026":0.778},"geometry":{"type":"Polygon","coordinates":[[[107.570733,-7.106929000000001],[107.57083300000001,-7.106929000000001],[107.57083300000001,-7.106829000000001],[107.570733,-7.106829000000001],[107.570733,-7.106929000000001]]]}},{"type":"Feature","properties":{"row":1,"col":7,"Q1_2025":0.687,"Q2_2025":0.754,"Q3_2025":0.733,"Q4_2025":0.72,"Q1_2026":0.711},"geometry":{"type":"Polygon","coordinates":[[[107.570833,-7.106929000000001],[107.570933,-7.106929000000001],[107.570933,-7.106829000000001],[107.570833,-7.106829000000001],[107.570833,-7.106929000000001]]]}},{"type":"Feature","properties":{"row":1,"col":8,"Q1_2025":0.603,"Q2_2025":0.695,"Q3_2025":0.695,"Q4_2025":0.826,"Q1_2026":0.715},"geometry":{"type":"Polygon","coordinates":[[[107.570933,-7.106929000000001],[107.571033,-7.106929000000001],[107.571033,-7.106829000000001],[107.570933,-7.106829000000001],[107.570933,-7.106929000000001]]]}},{"type":"Feature","properties":{"row":1,"col":9,"Q1_2025":0.688,"Q2_2025":0.614,"Q3_2025":0.692,"Q4_2025":0.745,"Q1_2026":0.793},"geometry":{"type":"Polygon","coordinates":[[[107.571033,-7.106929000000001],[107.571133,-7.106929000000001],[107.571133,-7.106829000000001],[107.571033,-7.106829000000001],[107.571033,-7.106929000000001]]]}},{"type":"Feature","properties":{"row":1,"col":10,"Q1_2025":0.751,"Q2_2025":0.696,"Q3_2025":0.662,"Q4_2025":0.761,"Q1_2026":0.784},"geometry":{"type":"Polygon","coordinates":[[[107.571133,-7.106929000000001],[107.571233,-7.106929000000001],[107.571233,-7.106829000000001],[107.571133,-7.106829000000001],[107.571133,-7.106929000000001]]]}},{"type":"Feature","properties":{"row":1,"col":11,"Q1_2025":0.708,"Q2_2025":0.668,"Q3_2025":0.78,"Q4_2025":0.748,"Q1_2026":0.798},"geometry":{"type":"Polygon","coordinates":[[[107.57123299999999,-7.106929000000001],[107.571333,-7.106929000000001],[107.571333,-7.106829000000001],[107.57123299999999,-7.106829000000001],[107.57123299999999,-7.106929000000001]]]}},{"type":"Feature","properties":{"row":1,"col":12,"Q1_2025":0.751,"Q2_2025":0.738,"Q3_2025":0.742,"Q4_2025":0.855,"Q1_2026":0.78},"geometry":{"type":"Polygon","coordinates":[[[107.571333,-7.106929000000001],[107.571433,-7.106929000000001],[107.571433,-7.106829000000001],[107.571333,-7.106829000000001],[107.571333,-7.106929000000001]]]}},{"type":"Feature","properties":{"row":1,"col":13,"Q1_2025":0.676,"Q2_2025":0.716,"Q3_2025":0.805,"Q4_2025":0.757,"Q1_2026":0.797},"geometry":{"type":"Polygon","coordinates":[[[107.571433,-7.106929000000001],[107.571533,-7.106929000000001],[107.571533,-7.106829000000001],[107.571433,-7.106829000000001],[107.571433,-7.106929000000001]]]}},{"type":"Feature","properties":{"row":1,"col":14,"Q1_2025":0.753,"Q2_2025":0.688,"Q3_2025":0.647,"Q4_2025":0.768,"Q1_2026":0.785},"geometry":{"type":"Polygon","coordinates":[[[107.571533,-7.106929000000001],[107.571633,-7.106929000000001],[107.571633,-7.106829000000001],[107.571533,-7.106829000000001],[107.571533,-7.106929000000001]]]}},{"type":"Feature","properties":{"row":1,"col":15,"Q1_2025":0.664,"Q2_2025":0.758,"Q3_2025":0.765,"Q4_2025":0.705,"Q1_2026":0.801},"geometry":{"type":"Polygon","coordinates":[[[107.57163299999999,-7.106929000000001],[107.571733,-7.106929000000001],[107.571733,-7.106829000000001],[107.57163299999999,-7.106829000000001],[107.57163299999999,-7.106929000000001]]]}},{"type":"Feature","properties":{"row":1,"col":16,"Q1_2025":0.686,"Q2_2025":0.641,"Q3_2025":0.758,"Q4_2025":0.753,"Q1_2026":0.738},"geometry":{"type":"Polygon","coordinates":[[[107.571733,-7.106929000000001],[107.571833,-7.106929000000001],[107.571833,-7.106829000000001],[107.571733,-7.106829000000001],[107.571733,-7.106929000000001]]]}},{"type":"Feature","properties":{"row":1,"col":17,"Q1_2025":0.721,"Q2_2025":0.74,"Q3_2025":0.706,"Q4_2025":0.775,"Q1_2026":0.826},"geometry":{"type":"Polygon","coordinates":[[[107.571833,-7.106929000000001],[107.571933,-7.106929000000001],[107.571933,-7.106829000000001],[107.571833,-7.106829000000001],[107.571833,-7.106929000000001]]]}},{"type":"Feature","properties":{"row":1,"col":18,"Q1_2025":0.659,"Q2_2025":0.734,"Q3_2025":0.735,"Q4_2025":0.868,"Q1_2026":0.681},"geometry":{"type":"Polygon","coordinates":[[[107.571933,-7.106929000000001],[107.572033,-7.106929000000001],[107.572033,-7.106829000000001],[107.571933,-7.106829000000001],[107.571933,-7.106929000000001]]]}},{"type":"Feature","properties":{"row":1,"col":19,"Q1_2025":0.728,"Q2_2025":0.698,"Q3_2025":0.728,"Q4_2025":0.848,"Q1_2026":0.773},"geometry":{"type":"Polygon","coordinates":[[[107.572033,-7.106929000000001],[107.57213300000001,-7.106929000000001],[107.57213300000001,-7.106829000000001],[107.572033,-7.106829000000001],[107.572033,-7.106929000000001]]]}},{"type":"Feature","properties":{"row":2,"col":0,"Q1_2025":0.706,"Q2_2025":0.592,"Q3_2025":0.651,"Q4_2025":0.629,"Q1_2026":0.639},"geometry":{"type":"Polygon","coordinates":[[[107.570133,-7.106829],[107.570233,-7.106829],[107.570233,-7.1067290000000005],[107.570133,-7.1067290000000005],[107.570133,-7.106829]]]}},{"type":"Feature","properties":{"row":2,"col":1,"Q1_2025":0.608,"Q2_2025":0.611,"Q3_2025":0.655,"Q4_2025":0.559,"Q1_2026":0.785},"geometry":{"type":"Polygon","coordinates":[[[107.570233,-7.106829],[107.570333,-7.106829],[107.570333,-7.1067290000000005],[107.570233,-7.1067290000000005],[107.570233,-7.106829]]]}},{"type":"Feature","properties":{"row":2,"col":2,"Q1_2025":0.607,"Q2_2025":0.723,"Q3_2025":0.605,"Q4_2025":0.69,"Q1_2026":0.854},"geometry":{"type":"Polygon","coordinates":[[[107.570333,-7.106829],[107.57043300000001,-7.106829],[107.57043300000001,-7.1067290000000005],[107.570333,-7.1067290000000005],[107.570333,-7.106829]]]}},{"type":"Feature","properties":{"row":2,"col":3,"Q1_2025":0.583,"Q2_2025":0.571,"Q3_2025":0.639,"Q4_2025":0.71,"Q1_2026":0.741},"geometry":{"type":"Polygon","coordinates":[[[107.570433,-7.106829],[107.570533,-7.106829],[107.570533,-7.1067290000000005],[107.570433,-7.1067290000000005],[107.570433,-7.106829]]]}},{"type":"Feature","properties":{"row":2,"col":4,"Q1_2025":0.701,"Q2_2025":0.644,"Q3_2025":0.596,"Q4_2025":0.675,"Q1_2026":0.778},"geometry":{"type":"Polygon","coordinates":[[[107.570533,-7.106829],[107.570633,-7.106829],[107.570633,-7.1067290000000005],[107.570533,-7.1067290000000005],[107.570533,-7.106829]]]}},{"type":"Feature","properties":{"row":2,"col":5,"Q1_2025":0.67,"Q2_2025":0.569,"Q3_2025":0.685,"Q4_2025":0.776,"Q1_2026":0.833},"geometry":{"type":"Polygon","coordinates":[[[107.570633,-7.106829],[107.570733,-7.106829],[107.570733,-7.1067290000000005],[107.570633,-7.1067290000000005],[107.570633,-7.106829]]]}},{"type":"Feature","properties":{"row":2,"col":6,"Q1_2025":0.684,"Q2_2025":0.691,"Q3_2025":0.634,"Q4_2025":0.674,"Q1_2026":0.738},"geometry":{"type":"Polygon","coordinates":[[[107.570733,-7.106829],[107.57083300000001,-7.106829],[107.57083300000001,-7.1067290000000005],[107.570733,-7.1067290000000005],[107.570733,-7.106829]]]}},{"type":"Feature","properties":{"row":2,"col":7,"Q1_2025":0.69,"Q2_2025":0.714,"Q3_2025":0.681,"Q4_2025":0.667,"Q1_2026":0.706},"geometry":{"type":"Polygon","coordinates":[[[107.570833,-7.106829],[107.570933,-7.106829],[107.570933,-7.1067290000000005],[107.570833,-7.1067290000000005],[107.570833,-7.106829]]]}},{"type":"Feature","properties":{"row":2,"col":8,"Q1_2025":0.615,"Q2_2025":0.725,"Q3_2025":0.597,"Q4_2025":0.716,"Q1_2026":0.776},"geometry":{"type":"Polygon","coordinates":[[[107.570933,-7.106829],[107.571033,-7.106829],[107.571033,-7.1067290000000005],[107.570933,-7.1067290000000005],[107.570933,-7.106829]]]}},{"type":"Feature","properties":{"row":2,"col":9,"Q1_2025":0.757,"Q2_2025":0.704,"Q3_2025":0.77,"Q4_2025":0.72,"Q1_2026":0.723},"geometry":{"type":"Polygon","coordinates":[[[107.571033,-7.106829],[107.571133,-7.106829],[107.571133,-7.1067290000000005],[107.571033,-7.1067290000000005],[107.571033,-7.106829]]]}},{"type":"Feature","properties":{"row":2,"col":10,"Q1_2025":0.653,"Q2_2025":0.783,"Q3_2025":0.776,"Q4_2025":0.771,"Q1_2026":0.933},"geometry":{"type":"Polygon","coordinates":[[[107.571133,-7.106829],[107.571233,-7.106829],[107.571233,-7.1067290000000005],[107.571133,-7.1067290000000005],[107.571133,-7.106829]]]}},{"type":"Feature","properties":{"row":2,"col":11,"Q1_2025":0.69,"Q2_2025":0.743,"Q3_2025":0.747,"Q4_2025":0.741,"Q1_2026":0.888},"geometry":{"type":"Polygon","coordinates":[[[107.57123299999999,-7.106829],[107.571333,-7.106829],[107.571333,-7.1067290000000005],[107.57123299999999,-7.1067290000000005],[107.57123299999999,-7.106829]]]}},{"type":"Feature","properties":{"row":2,"col":12,"Q1_2025":0.772,"Q2_2025":0.646,"Q3_2025":0.716,"Q4_2025":0.778,"Q1_2026":0.815},"geometry":{"type":"Polygon","coordinates":[[[107.571333,-7.106829],[107.571433,-7.106829],[107.571433,-7.1067290000000005],[107.571333,-7.1067290000000005],[107.571333,-7.106829]]]}},{"type":"Feature","properties":{"row":2,"col":13,"Q1_2025":0.632,"Q2_2025":0.607,"Q3_2025":0.644,"Q4_2025":0.756,"Q1_2026":0.774},"geometry":{"type":"Polygon","coordinates":[[[107.571433,-7.106829],[107.571533,-7.106829],[107.571533,-7.1067290000000005],[107.571433,-7.1067290000000005],[107.571433,-7.106829]]]}},{"type":"Feature","properties":{"row":2,"col":14,"Q1_2025":0.719,"Q2_2025":0.683,"Q3_2025":0.68,"Q4_2025":0.66,"Q1_2026":0.798},"geometry":{"type":"Polygon","coordinates":[[[107.571533,-7.106829],[107.571633,-7.106829],[107.571633,-7.1067290000000005],[107.571533,-7.1067290000000005],[107.571533,-7.106829]]]}},{"type":"Feature","properties":{"row":2,"col":15,"Q1_2025":0.721,"Q2_2025":0.772,"Q3_2025":0.782,"Q4_2025":0.753,"Q1_2026":0.85},"geometry":{"type":"Polygon","coordinates":[[[107.57163299999999,-7.106829],[107.571733,-7.106829],[107.571733,-7.1067290000000005],[107.57163299999999,-7.1067290000000005],[107.57163299999999,-7.106829]]]}},{"type":"Feature","properties":{"row":2,"col":16,"Q1_2025":0.696,"Q2_2025":0.69,"Q3_2025":0.717,"Q4_2025":0.734,"Q1_2026":0.675},"geometry":{"type":"Polygon","coordinates":[[[107.571733,-7.106829],[107.571833,-7.106829],[107.571833,-7.1067290000000005],[107.571733,-7.1067290000000005],[107.571733,-7.106829]]]}},{"type":"Feature","properties":{"row":2,"col":17,"Q1_2025":0.71,"Q2_2025":0.735,"Q3_2025":0.724,"Q4_2025":0.727,"Q1_2026":0.801},"geometry":{"type":"Polygon","coordinates":[[[107.571833,-7.106829],[107.571933,-7.106829],[107.571933,-7.1067290000000005],[107.571833,-7.1067290000000005],[107.571833,-7.106829]]]}},{"type":"Feature","properties":{"row":2,"col":18,"Q1_2025":0.787,"Q2_2025":0.723,"Q3_2025":0.716,"Q4_2025":0.732,"Q1_2026":0.778},"geometry":{"type":"Polygon","coordinates":[[[107.571933,-7.106829],[107.572033,-7.106829],[107.572033,-7.1067290000000005],[107.571933,-7.1067290000000005],[107.571933,-7.106829]]]}},{"type":"Feature","properties":{"row":2,"col":19,"Q1_2025":0.637,"Q2_2025":0.714,"Q3_2025":0.743,"Q4_2025":0.852,"Q1_2026":0.827},"geometry":{"type":"Polygon","coordinates":[[[107.572033,-7.106829],[107.57213300000001,-7.106829],[107.57213300000001,-7.1067290000000005],[107.572033,-7.1067290000000005],[107.572033,-7.106829]]]}},{"type":"Feature","properties":{"row":3,"col":0,"Q1_2025":0.65,"Q2_2025":0.583,"Q3_2025":0.672,"Q4_2025":0.601,"Q1_2026":0.694},"geometry":{"type":"Polygon","coordinates":[[[107.570133,-7.1067290000000005],[107.570233,-7.1067290000000005],[107.570233,-7.106629000000001],[107.570133,-7.106629000000001],[107.570133,-7.1067290000000005]]]}},{"type":"Feature","properties":{"row":3,"col":1,"Q1_2025":0.63,"Q2_2025":0.591,"Q3_2025":0.749,"Q4_2025":0.698,"Q1_2026":0.594},"geometry":{"type":"Polygon","coordinates":[[[107.570233,-7.1067290000000005],[107.570333,-7.1067290000000005],[107.570333,-7.106629000000001],[107.570233,-7.106629000000001],[107.570233,-7.1067290000000005]]]}},{"type":"Feature","properties":{"row":3,"col":2,"Q1_2025":0.648,"Q2_2025":0.62,"Q3_2025":0.661,"Q4_2025":0.704,"Q1_2026":0.72},"geometry":{"type":"Polygon","coordinates":[[[107.570333,-7.1067290000000005],[107.57043300000001,-7.1067290000000005],[107.57043300000001,-7.106629000000001],[107.570333,-7.106629000000001],[107.570333,-7.1067290000000005]]]}},{"type":"Feature","properties":{"row":3,"col":3,"Q1_2025":0.53,"Q2_2025":0.594,"Q3_2025":0.71,"Q4_2025":0.757,"Q1_2026":0.807},"geometry":{"type":"Polygon","coordinates":[[[107.570433,-7.1067290000000005],[107.570533,-7.1067290000000005],[107.570533,-7.106629000000001],[107.570433,-7.106629000000001],[107.570433,-7.1067290000000005]]]}},{"type":"Feature","properties":{"row":3,"col":4,"Q1_2025":0.733,"Q2_2025":0.56,"Q3_2025":0.721,"Q4_2025":0.607,"Q1_2026":0.803},"geometry":{"type":"Polygon","coordinates":[[[107.570533,-7.1067290000000005],[107.570633,-7.1067290000000005],[107.570633,-7.106629000000001],[107.570533,-7.106629000000001],[107.570533,-7.1067290000000005]]]}},{"type":"Feature","properties":{"row":3,"col":5,"Q1_2025":0.666,"Q2_2025":0.616,"Q3_2025":0.793,"Q4_2025":0.745,"Q1_2026":0.638},"geometry":{"type":"Polygon","coordinates":[[[107.570633,-7.1067290000000005],[107.570733,-7.1067290000000005],[107.570733,-7.106629000000001],[107.570633,-7.106629000000001],[107.570633,-7.1067290000000005]]]}},{"type":"Feature","properties":{"row":3,"col":6,"Q1_2025":0.678,"Q2_2025":0.646,"Q3_2025":0.709,"Q4_2025":0.7,"Q1_2026":0.812},"geometry":{"type":"Polygon","coordinates":[[[107.570733,-7.1067290000000005],[107.57083300000001,-7.1067290000000005],[107.57083300000001,-7.106629000000001],[107.570733,-7.106629000000001],[107.570733,-7.1067290000000005]]]}},{"type":"Feature","properties":{"row":3,"col":7,"Q1_2025":0.601,"Q2_2025":0.708,"Q3_2025":0.803,"Q4_2025":0.691,"Q1_2026":0.763},"geometry":{"type":"Polygon","coordinates":[[[107.570833,-7.1067290000000005],[107.570933,-7.1067290000000005],[107.570933,-7.106629000000001],[107.570833,-7.106629000000001],[107.570833,-7.1067290000000005]]]}},{"type":"Feature","properties":{"row":3,"col":8,"Q1_2025":0.691,"Q2_2025":0.667,"Q3_2025":0.753,"Q4_2025":0.746,"Q1_2026":0.714},"geometry":{"type":"Polygon","coordinates":[[[107.570933,-7.1067290000000005],[107.571033,-7.1067290000000005],[107.571033,-7.106629000000001],[107.570933,-7.106629000000001],[107.570933,-7.1067290000000005]]]}},{"type":"Feature","properties":{"row":3,"col":9,"Q1_2025":0.777,"Q2_2025":0.748,"Q3_2025":0.72,"Q4_2025":0.717,"Q1_2026":0.73},"geometry":{"type":"Polygon","coordinates":[[[107.571033,-7.1067290000000005],[107.571133,-7.1067290000000005],[107.571133,-7.106629000000001],[107.571033,-7.106629000000001],[107.571033,-7.1067290000000005]]]}},{"type":"Feature","properties":{"row":3,"col":10,"Q1_2025":0.757,"Q2_2025":0.708,"Q3_2025":0.758,"Q4_2025":0.746,"Q1_2026":0.806},"geometry":{"type":"Polygon","coordinates":[[[107.571133,-7.1067290000000005],[107.571233,-7.1067290000000005],[107.571233,-7.106629000000001],[107.571133,-7.106629000000001],[107.571133,-7.1067290000000005]]]}},{"type":"Feature","properties":{"row":3,"col":11,"Q1_2025":0.695,"Q2_2025":0.759,"Q3_2025":0.731,"Q4_2025":0.802,"Q1_2026":0.814},"geometry":{"type":"Polygon","coordinates":[[[107.57123299999999,-7.1067290000000005],[107.571333,-7.1067290000000005],[107.571333,-7.106629000000001],[107.57123299999999,-7.106629000000001],[107.57123299999999,-7.1067290000000005]]]}},{"type":"Feature","properties":{"row":3,"col":12,"Q1_2025":0.699,"Q2_2025":0.682,"Q3_2025":0.698,"Q4_2025":0.728,"Q1_2026":0.735},"geometry":{"type":"Polygon","coordinates":[[[107.571333,-7.1067290000000005],[107.571433,-7.1067290000000005],[107.571433,-7.106629000000001],[107.571333,-7.106629000000001],[107.571333,-7.1067290000000005]]]}},{"type":"Feature","properties":{"row":3,"col":13,"Q1_2025":0.751,"Q2_2025":0.725,"Q3_2025":0.826,"Q4_2025":0.882,"Q1_2026":0.789},"geometry":{"type":"Polygon","coordinates":[[[107.571433,-7.1067290000000005],[107.571533,-7.1067290000000005],[107.571533,-7.106629000000001],[107.571433,-7.106629000000001],[107.571433,-7.1067290000000005]]]}},{"type":"Feature","properties":{"row":3,"col":14,"Q1_2025":0.632,"Q2_2025":0.71,"Q3_2025":0.746,"Q4_2025":0.695,"Q1_2026":0.777},"geometry":{"type":"Polygon","coordinates":[[[107.571533,-7.1067290000000005],[107.571633,-7.1067290000000005],[107.571633,-7.106629000000001],[107.571533,-7.106629000000001],[107.571533,-7.1067290000000005]]]}},{"type":"Feature","properties":{"row":3,"col":15,"Q1_2025":0.725,"Q2_2025":0.707,"Q3_2025":0.712,"Q4_2025":0.732,"Q1_2026":0.88},"geometry":{"type":"Polygon","coordinates":[[[107.57163299999999,-7.1067290000000005],[107.571733,-7.1067290000000005],[107.571733,-7.106629000000001],[107.57163299999999,-7.106629000000001],[107.57163299999999,-7.1067290000000005]]]}},{"type":"Feature","properties":{"row":3,"col":16,"Q1_2025":0.702,"Q2_2025":0.689,"Q3_2025":0.732,"Q4_2025":0.818,"Q1_2026":0.756},"geometry":{"type":"Polygon","coordinates":[[[107.571733,-7.1067290000000005],[107.571833,-7.1067290000000005],[107.571833,-7.106629000000001],[107.571733,-7.106629000000001],[107.571733,-7.1067290000000005]]]}},{"type":"Feature","properties":{"row":3,"col":17,"Q1_2025":0.734,"Q2_2025":0.766,"Q3_2025":0.787,"Q4_2025":0.839,"Q1_2026":0.762},"geometry":{"type":"Polygon","coordinates":[[[107.571833,-7.1067290000000005],[107.571933,-7.1067290000000005],[107.571933,-7.106629000000001],[107.571833,-7.106629000000001],[107.571833,-7.1067290000000005]]]}},{"type":"Feature","properties":{"row":3,"col":18,"Q1_2025":0.765,"Q2_2025":0.688,"Q3_2025":0.728,"Q4_2025":0.828,"Q1_2026":0.829},"geometry":{"type":"Polygon","coordinates":[[[107.571933,-7.1067290000000005],[107.572033,-7.1067290000000005],[107.572033,-7.106629000000001],[107.571933,-7.106629000000001],[107.571933,-7.1067290000000005]]]}},{"type":"Feature","properties":{"row":3,"col":19,"Q1_2025":0.706,"Q2_2025":0.666,"Q3_2025":0.774,"Q4_2025":0.735,"Q1_2026":0.74},"geometry":{"type":"Polygon","coordinates":[[[107.572033,-7.1067290000000005],[107.57213300000001,-7.1067290000000005],[107.57213300000001,-7.106629000000001],[107.572033,-7.106629000000001],[107.572033,-7.1067290000000005]]]}},{"type":"Feature","properties":{"row":4,"col":0,"Q1_2025":0.57,"Q2_2025":0.635,"Q3_2025":0.536,"Q4_2025":0.68,"Q1_2026":0.691},"geometry":{"type":"Polygon","coordinates":[[[107.570133,-7.106629000000001],[107.570233,-7.106629000000001],[107.570233,-7.106529000000001],[107.570133,-7.106529000000001],[107.570133,-7.106629000000001]]]}},{"type":"Feature","properties":{"row":4,"col":1,"Q1_2025":0.585,"Q2_2025":0.686,"Q3_2025":0.684,"Q4_2025":0.643,"Q1_2026":0.66},"geometry":{"type":"Polygon","coordinates":[[[107.570233,-7.106629000000001],[107.570333,-7.106629000000001],[107.570333,-7.106529000000001],[107.570233,-7.106529000000001],[107.570233,-7.106629000000001]]]}},{"type":"Feature","properties":{"row":4,"col":2,"Q1_2025":0.66,"Q2_2025":0.57,"Q3_2025":0.649,"Q4_2025":0.654,"Q1_2026":0.709},"geometry":{"type":"Polygon","coordinates":[[[107.570333,-7.106629000000001],[107.57043300000001,-7.106629000000001],[107.57043300000001,-7.106529000000001],[107.570333,-7.106529000000001],[107.570333,-7.106629000000001]]]}},{"type":"Feature","properties":{"row":4,"col":3,"Q1_2025":0.647,"Q2_2025":0.659,"Q3_2025":0.734,"Q4_2025":0.708,"Q1_2026":0.701},"geometry":{"type":"Polygon","coordinates":[[[107.570433,-7.106629000000001],[107.570533,-7.106629000000001],[107.570533,-7.106529000000001],[107.570433,-7.106529000000001],[107.570433,-7.106629000000001]]]}},{"type":"Feature","properties":{"row":4,"col":4,"Q1_2025":0.588,"Q2_2025":0.704,"Q3_2025":0.715,"Q4_2025":0.781,"Q1_2026":0.691},"geometry":{"type":"Polygon","coordinates":[[[107.570533,-7.106629000000001],[107.570633,-7.106629000000001],[107.570633,-7.106529000000001],[107.570533,-7.106529000000001],[107.570533,-7.106629000000001]]]}},{"type":"Feature","properties":{"row":4,"col":5,"Q1_2025":0.661,"Q2_2025":0.676,"Q3_2025":0.695,"Q4_2025":0.72,"Q1_2026":0.654},"geometry":{"type":"Polygon","coordinates":[[[107.570633,-7.106629000000001],[107.570733,-7.106629000000001],[107.570733,-7.106529000000001],[107.570633,-7.106529000000001],[107.570633,-7.106629000000001]]]}},{"type":"Feature","properties":{"row":4,"col":6,"Q1_2025":0.711,"Q2_2025":0.723,"Q3_2025":0.766,"Q4_2025":0.842,"Q1_2026":0.734},"geometry":{"type":"Polygon","coordinates":[[[107.570733,-7.106629000000001],[107.57083300000001,-7.106629000000001],[107.57083300000001,-7.106529000000001],[107.570733,-7.106529000000001],[107.570733,-7.106629000000001]]]}},{"type":"Feature","properties":{"row":4,"col":7,"Q1_2025":0.678,"Q2_2025":0.7,"Q3_2025":0.817,"Q4_2025":0.653,"Q1_2026":0.784},"geometry":{"type":"Polygon","coordinates":[[[107.570833,-7.106629000000001],[107.570933,-7.106629000000001],[107.570933,-7.106529000000001],[107.570833,-7.106529000000001],[107.570833,-7.106629000000001]]]}},{"type":"Feature","properties":{"row":4,"col":8,"Q1_2025":0.615,"Q2_2025":0.58,"Q3_2025":0.628,"Q4_2025":0.68,"Q1_2026":0.822},"geometry":{"type":"Polygon","coordinates":[[[107.570933,-7.106629000000001],[107.571033,-7.106629000000001],[107.571033,-7.106529000000001],[107.570933,-7.106529000000001],[107.570933,-7.106629000000001]]]}},{"type":"Feature","properties":{"row":4,"col":9,"Q1_2025":0.654,"Q2_2025":0.706,"Q3_2025":0.679,"Q4_2025":0.788,"Q1_2026":0.722},"geometry":{"type":"Polygon","coordinates":[[[107.571033,-7.106629000000001],[107.571133,-7.106629000000001],[107.571133,-7.106529000000001],[107.571033,-7.106529000000001],[107.571033,-7.106629000000001]]]}},{"type":"Feature","properties":{"row":4,"col":10,"Q1_2025":0.77,"Q2_2025":0.674,"Q3_2025":0.706,"Q4_2025":0.77,"Q1_2026":0.785},"geometry":{"type":"Polygon","coordinates":[[[107.571133,-7.106629000000001],[107.571233,-7.106629000000001],[107.571233,-7.106529000000001],[107.571133,-7.106529000000001],[107.571133,-7.106629000000001]]]}},{"type":"Feature","properties":{"row":4,"col":11,"Q1_2025":0.78,"Q2_2025":0.735,"Q3_2025":0.689,"Q4_2025":0.741,"Q1_2026":0.761},"geometry":{"type":"Polygon","coordinates":[[[107.57123299999999,-7.106629000000001],[107.571333,-7.106629000000001],[107.571333,-7.106529000000001],[107.57123299999999,-7.106529000000001],[107.57123299999999,-7.106629000000001]]]}},{"type":"Feature","properties":{"row":4,"col":12,"Q1_2025":0.749,"Q2_2025":0.752,"Q3_2025":0.747,"Q4_2025":0.817,"Q1_2026":0.767},"geometry":{"type":"Polygon","coordinates":[[[107.571333,-7.106629000000001],[107.571433,-7.106629000000001],[107.571433,-7.106529000000001],[107.571333,-7.106529000000001],[107.571333,-7.106629000000001]]]}},{"type":"Feature","properties":{"row":4,"col":13,"Q1_2025":0.709,"Q2_2025":0.745,"Q3_2025":0.832,"Q4_2025":0.771,"Q1_2026":0.778},"geometry":{"type":"Polygon","coordinates":[[[107.571433,-7.106629000000001],[107.571533,-7.106629000000001],[107.571533,-7.106529000000001],[107.571433,-7.106529000000001],[107.571433,-7.106629000000001]]]}},{"type":"Feature","properties":{"row":4,"col":14,"Q1_2025":0.665,"Q2_2025":0.771,"Q3_2025":0.728,"Q4_2025":0.794,"Q1_2026":0.702},"geometry":{"type":"Polygon","coordinates":[[[107.571533,-7.106629000000001],[107.571633,-7.106629000000001],[107.571633,-7.106529000000001],[107.571533,-7.106529000000001],[107.571533,-7.106629000000001]]]}},{"type":"Feature","properties":{"row":4,"col":15,"Q1_2025":0.77,"Q2_2025":0.671,"Q3_2025":0.719,"Q4_2025":0.83,"Q1_2026":0.731},"geometry":{"type":"Polygon","coordinates":[[[107.57163299999999,-7.106629000000001],[107.571733,-7.106629000000001],[107.571733,-7.106529000000001],[107.57163299999999,-7.106529000000001],[107.57163299999999,-7.106629000000001]]]}},{"type":"Feature","properties":{"row":4,"col":16,"Q1_2025":0.713,"Q2_2025":0.741,"Q3_2025":0.707,"Q4_2025":0.844,"Q1_2026":0.872},"geometry":{"type":"Polygon","coordinates":[[[107.571733,-7.106629000000001],[107.571833,-7.106629000000001],[107.571833,-7.106529000000001],[107.571733,-7.106529000000001],[107.571733,-7.106629000000001]]]}},{"type":"Feature","properties":{"row":4,"col":17,"Q1_2025":0.617,"Q2_2025":0.663,"Q3_2025":0.796,"Q4_2025":0.711,"Q1_2026":0.776},"geometry":{"type":"Polygon","coordinates":[[[107.571833,-7.106629000000001],[107.571933,-7.106629000000001],[107.571933,-7.106529000000001],[107.571833,-7.106529000000001],[107.571833,-7.106629000000001]]]}},{"type":"Feature","properties":{"row":4,"col":18,"Q1_2025":0.721,"Q2_2025":0.769,"Q3_2025":0.743,"Q4_2025":0.779,"Q1_2026":0.755},"geometry":{"type":"Polygon","coordinates":[[[107.571933,-7.106629000000001],[107.572033,-7.106629000000001],[107.572033,-7.106529000000001],[107.571933,-7.106529000000001],[107.571933,-7.106629000000001]]]}},{"type":"Feature","properties":{"row":4,"col":19,"Q1_2025":0.776,"Q2_2025":0.707,"Q3_2025":0.769,"Q4_2025":0.746,"Q1_2026":0.797},"geometry":{"type":"Polygon","coordinates":[[[107.572033,-7.106629000000001],[107.57213300000001,-7.106629000000001],[107.57213300000001,-7.106529000000001],[107.572033,-7.106529000000001],[107.572033,-7.106629000000001]]]}},{"type":"Feature","properties":{"row":5,"col":0,"Q1_2025":0.597,"Q2_2025":0.618,"Q3_2025":0.595,"Q4_2025":0.705,"Q1_2026":0.756},"geometry":{"type":"Polygon","coordinates":[[[107.570133,-7.106529000000001],[107.570233,-7.106529000000001],[107.570233,-7.106429000000001],[107.570133,-7.106429000000001],[107.570133,-7.106529000000001]]]}},{"type":"Feature","properties":{"row":5,"col":1,"Q1_2025":0.63,"Q2_2025":0.674,"Q3_2025":0.7,"Q4_2025":0.724,"Q1_2026":0.713},"geometry":{"type":"Polygon","coordinates":[[[107.570233,-7.106529000000001],[107.570333,-7.106529000000001],[107.570333,-7.106429000000001],[107.570233,-7.106429000000001],[107.570233,-7.106529000000001]]]}},{"type":"Feature","properties":{"row":5,"col":2,"Q1_2025":0.64,"Q2_2025":0.693,"Q3_2025":0.673,"Q4_2025":0.641,"Q1_2026":0.711},"geometry":{"type":"Polygon","coordinates":[[[107.570333,-7.106529000000001],[107.57043300000001,-7.106529000000001],[107.57043300000001,-7.106429000000001],[107.570333,-7.106429000000001],[107.570333,-7.106529000000001]]]}},{"type":"Feature","properties":{"row":5,"col":3,"Q1_2025":0.547,"Q2_2025":0.661,"Q3_2025":0.702,"Q4_2025":0.763,"Q1_2026":0.729},"geometry":{"type":"Polygon","coordinates":[[[107.570433,-7.106529000000001],[107.570533,-7.106529000000001],[107.570533,-7.106429000000001],[107.570433,-7.106429000000001],[107.570433,-7.106529000000001]]]}},{"type":"Feature","properties":{"row":5,"col":4,"Q1_2025":0.7,"Q2_2025":0.673,"Q3_2025":0.642,"Q4_2025":0.643,"Q1_2026":0.685},"geometry":{"type":"Polygon","coordinates":[[[107.570533,-7.106529000000001],[107.570633,-7.106529000000001],[107.570633,-7.106429000000001],[107.570533,-7.106429000000001],[107.570533,-7.106529000000001]]]}},{"type":"Feature","properties":{"row":5,"col":5,"Q1_2025":0.597,"Q2_2025":0.717,"Q3_2025":0.695,"Q4_2025":0.754,"Q1_2026":0.749},"geometry":{"type":"Polygon","coordinates":[[[107.570633,-7.106529000000001],[107.570733,-7.106529000000001],[107.570733,-7.106429000000001],[107.570633,-7.106429000000001],[107.570633,-7.106529000000001]]]}},{"type":"Feature","properties":{"row":5,"col":6,"Q1_2025":0.729,"Q2_2025":0.749,"Q3_2025":0.684,"Q4_2025":0.723,"Q1_2026":0.73},"geometry":{"type":"Polygon","coordinates":[[[107.570733,-7.106529000000001],[107.57083300000001,-7.106529000000001],[107.57083300000001,-7.106429000000001],[107.570733,-7.106429000000001],[107.570733,-7.106529000000001]]]}},{"type":"Feature","properties":{"row":5,"col":7,"Q1_2025":0.606,"Q2_2025":0.741,"Q3_2025":0.786,"Q4_2025":0.747,"Q1_2026":0.742},"geometry":{"type":"Polygon","coordinates":[[[107.570833,-7.106529000000001],[107.570933,-7.106529000000001],[107.570933,-7.106429000000001],[107.570833,-7.106429000000001],[107.570833,-7.106529000000001]]]}},{"type":"Feature","properties":{"row":5,"col":8,"Q1_2025":0.751,"Q2_2025":0.6,"Q3_2025":0.746,"Q4_2025":0.764,"Q1_2026":0.748},"geometry":{"type":"Polygon","coordinates":[[[107.570933,-7.106529000000001],[107.571033,-7.106529000000001],[107.571033,-7.106429000000001],[107.570933,-7.106429000000001],[107.570933,-7.106529000000001]]]}},{"type":"Feature","properties":{"row":5,"col":9,"Q1_2025":0.775,"Q2_2025":0.774,"Q3_2025":0.732,"Q4_2025":0.761,"Q1_2026":0.766},"geometry":{"type":"Polygon","coordinates":[[[107.571033,-7.106529000000001],[107.571133,-7.106529000000001],[107.571133,-7.106429000000001],[107.571033,-7.106429000000001],[107.571033,-7.106529000000001]]]}},{"type":"Feature","properties":{"row":5,"col":10,"Q1_2025":0.687,"Q2_2025":0.667,"Q3_2025":0.821,"Q4_2025":0.824,"Q1_2026":0.832},"geometry":{"type":"Polygon","coordinates":[[[107.571133,-7.106529000000001],[107.571233,-7.106529000000001],[107.571233,-7.106429000000001],[107.571133,-7.106429000000001],[107.571133,-7.106529000000001]]]}},{"type":"Feature","properties":{"row":5,"col":11,"Q1_2025":0.663,"Q2_2025":0.842,"Q3_2025":0.857,"Q4_2025":0.787,"Q1_2026":0.752},"geometry":{"type":"Polygon","coordinates":[[[107.57123299999999,-7.106529000000001],[107.571333,-7.106529000000001],[107.571333,-7.106429000000001],[107.57123299999999,-7.106429000000001],[107.57123299999999,-7.106529000000001]]]}},{"type":"Feature","properties":{"row":5,"col":12,"Q1_2025":0.678,"Q2_2025":0.762,"Q3_2025":0.716,"Q4_2025":0.78,"Q1_2026":0.856},"geometry":{"type":"Polygon","coordinates":[[[107.571333,-7.106529000000001],[107.571433,-7.106529000000001],[107.571433,-7.106429000000001],[107.571333,-7.106429000000001],[107.571333,-7.106529000000001]]]}},{"type":"Feature","properties":{"row":5,"col":13,"Q1_2025":0.648,"Q2_2025":0.844,"Q3_2025":0.842,"Q4_2025":0.722,"Q1_2026":0.733},"geometry":{"type":"Polygon","coordinates":[[[107.571433,-7.106529000000001],[107.571533,-7.106529000000001],[107.571533,-7.106429000000001],[107.571433,-7.106429000000001],[107.571433,-7.106529000000001]]]}},{"type":"Feature","properties":{"row":5,"col":14,"Q1_2025":0.71,"Q2_2025":0.693,"Q3_2025":0.751,"Q4_2025":0.655,"Q1_2026":0.793},"geometry":{"type":"Polygon","coordinates":[[[107.571533,-7.106529000000001],[107.571633,-7.106529000000001],[107.571633,-7.106429000000001],[107.571533,-7.106429000000001],[107.571533,-7.106529000000001]]]}},{"type":"Feature","properties":{"row":5,"col":15,"Q1_2025":0.814,"Q2_2025":0.688,"Q3_2025":0.751,"Q4_2025":0.71,"Q1_2026":0.836},"geometry":{"type":"Polygon","coordinates":[[[107.57163299999999,-7.106529000000001],[107.571733,-7.106529000000001],[107.571733,-7.106429000000001],[107.57163299999999,-7.106429000000001],[107.57163299999999,-7.106529000000001]]]}},{"type":"Feature","properties":{"row":5,"col":16,"Q1_2025":0.712,"Q2_2025":0.84,"Q3_2025":0.774,"Q4_2025":0.765,"Q1_2026":0.831},"geometry":{"type":"Polygon","coordinates":[[[107.571733,-7.106529000000001],[107.571833,-7.106529000000001],[107.571833,-7.106429000000001],[107.571733,-7.106429000000001],[107.571733,-7.106529000000001]]]}},{"type":"Feature","properties":{"row":5,"col":17,"Q1_2025":0.696,"Q2_2025":0.675,"Q3_2025":0.777,"Q4_2025":0.773,"Q1_2026":0.81},"geometry":{"type":"Polygon","coordinates":[[[107.571833,-7.106529000000001],[107.571933,-7.106529000000001],[107.571933,-7.106429000000001],[107.571833,-7.106429000000001],[107.571833,-7.106529000000001]]]}},{"type":"Feature","properties":{"row":5,"col":18,"Q1_2025":0.738,"Q2_2025":0.714,"Q3_2025":0.781,"Q4_2025":0.866,"Q1_2026":0.744},"geometry":{"type":"Polygon","coordinates":[[[107.571933,-7.106529000000001],[107.572033,-7.106529000000001],[107.572033,-7.106429000000001],[107.571933,-7.106429000000001],[107.571933,-7.106529000000001]]]}},{"type":"Feature","properties":{"row":5,"col":19,"Q1_2025":0.804,"Q2_2025":0.725,"Q3_2025":0.718,"Q4_2025":0.898,"Q1_2026":0.804},"geometry":{"type":"Polygon","coordinates":[[[107.572033,-7.106529000000001],[107.57213300000001,-7.106529000000001],[107.57213300000001,-7.106429000000001],[107.572033,-7.106429000000001],[107.572033,-7.106529000000001]]]}},{"type":"Feature","properties":{"row":6,"col":0,"Q1_2025":0.677,"Q2_2025":0.67,"Q3_2025":0.565,"Q4_2025":0.675,"Q1_2026":0.662},"geometry":{"type":"Polygon","coordinates":[[[107.570133,-7.106429],[107.570233,-7.106429],[107.570233,-7.106329000000001],[107.570133,-7.106329000000001],[107.570133,-7.106429]]]}},{"type":"Feature","properties":{"row":6,"col":1,"Q1_2025":0.554,"Q2_2025":0.552,"Q3_2025":0.666,"Q4_2025":0.71,"Q1_2026":0.72},"geometry":{"type":"Polygon","coordinates":[[[107.570233,-7.106429],[107.570333,-7.106429],[107.570333,-7.106329000000001],[107.570233,-7.106329000000001],[107.570233,-7.106429]]]}},{"type":"Feature","properties":{"row":6,"col":2,"Q1_2025":0.618,"Q2_2025":0.613,"Q3_2025":0.624,"Q4_2025":0.665,"Q1_2026":0.662},"geometry":{"type":"Polygon","coordinates":[[[107.570333,-7.106429],[107.57043300000001,-7.106429],[107.57043300000001,-7.106329000000001],[107.570333,-7.106329000000001],[107.570333,-7.106429]]]}},{"type":"Feature","properties":{"row":6,"col":3,"Q1_2025":0.636,"Q2_2025":0.665,"Q3_2025":0.641,"Q4_2025":0.694,"Q1_2026":0.688},"geometry":{"type":"Polygon","coordinates":[[[107.570433,-7.106429],[107.570533,-7.106429],[107.570533,-7.106329000000001],[107.570433,-7.106329000000001],[107.570433,-7.106429]]]}},{"type":"Feature","properties":{"row":6,"col":4,"Q1_2025":0.658,"Q2_2025":0.703,"Q3_2025":0.707,"Q4_2025":0.742,"Q1_2026":0.655},"geometry":{"type":"Polygon","coordinates":[[[107.570533,-7.106429],[107.570633,-7.106429],[107.570633,-7.106329000000001],[107.570533,-7.106329000000001],[107.570533,-7.106429]]]}},{"type":"Feature","properties":{"row":6,"col":5,"Q1_2025":0.651,"Q2_2025":0.704,"Q3_2025":0.742,"Q4_2025":0.65,"Q1_2026":0.758},"geometry":{"type":"Polygon","coordinates":[[[107.570633,-7.106429],[107.570733,-7.106429],[107.570733,-7.106329000000001],[107.570633,-7.106329000000001],[107.570633,-7.106429]]]}},{"type":"Feature","properties":{"row":6,"col":6,"Q1_2025":0.743,"Q2_2025":0.693,"Q3_2025":0.718,"Q4_2025":0.765,"Q1_2026":0.775},"geometry":{"type":"Polygon","coordinates":[[[107.570733,-7.106429],[107.57083300000001,-7.106429],[107.57083300000001,-7.106329000000001],[107.570733,-7.106329000000001],[107.570733,-7.106429]]]}},{"type":"Feature","properties":{"row":6,"col":7,"Q1_2025":0.728,"Q2_2025":0.717,"Q3_2025":0.741,"Q4_2025":0.715,"Q1_2026":0.765},"geometry":{"type":"Polygon","coordinates":[[[107.570833,-7.106429],[107.570933,-7.106429],[107.570933,-7.106329000000001],[107.570833,-7.106329000000001],[107.570833,-7.106429]]]}},{"type":"Feature","properties":{"row":6,"col":8,"Q1_2025":0.767,"Q2_2025":0.714,"Q3_2025":0.736,"Q4_2025":0.74,"Q1_2026":0.824},"geometry":{"type":"Polygon","coordinates":[[[107.570933,-7.106429],[107.571033,-7.106429],[107.571033,-7.106329000000001],[107.570933,-7.106329000000001],[107.570933,-7.106429]]]}},{"type":"Feature","properties":{"row":6,"col":9,"Q1_2025":0.671,"Q2_2025":0.779,"Q3_2025":0.707,"Q4_2025":0.721,"Q1_2026":0.804},"geometry":{"type":"Polygon","coordinates":[[[107.571033,-7.106429],[107.571133,-7.106429],[107.571133,-7.106329000000001],[107.571033,-7.106329000000001],[107.571033,-7.106429]]]}},{"type":"Feature","properties":{"row":6,"col":10,"Q1_2025":0.727,"Q2_2025":0.756,"Q3_2025":0.814,"Q4_2025":0.76,"Q1_2026":0.823},"geometry":{"type":"Polygon","coordinates":[[[107.571133,-7.106429],[107.571233,-7.106429],[107.571233,-7.106329000000001],[107.571133,-7.106329000000001],[107.571133,-7.106429]]]}},{"type":"Feature","properties":{"row":6,"col":11,"Q1_2025":0.681,"Q2_2025":0.809,"Q3_2025":0.798,"Q4_2025":0.813,"Q1_2026":0.816},"geometry":{"type":"Polygon","coordinates":[[[107.57123299999999,-7.106429],[107.571333,-7.106429],[107.571333,-7.106329000000001],[107.57123299999999,-7.106329000000001],[107.57123299999999,-7.106429]]]}},{"type":"Feature","properties":{"row":6,"col":12,"Q1_2025":0.69,"Q2_2025":0.733,"Q3_2025":0.794,"Q4_2025":0.788,"Q1_2026":0.816},"geometry":{"type":"Polygon","coordinates":[[[107.571333,-7.106429],[107.571433,-7.106429],[107.571433,-7.106329000000001],[107.571333,-7.106329000000001],[107.571333,-7.106429]]]}},{"type":"Feature","properties":{"row":6,"col":13,"Q1_2025":0.663,"Q2_2025":0.76,"Q3_2025":0.736,"Q4_2025":0.737,"Q1_2026":0.803},"geometry":{"type":"Polygon","coordinates":[[[107.571433,-7.106429],[107.571533,-7.106429],[107.571533,-7.106329000000001],[107.571433,-7.106329000000001],[107.571433,-7.106429]]]}},{"type":"Feature","properties":{"row":6,"col":14,"Q1_2025":0.638,"Q2_2025":0.786,"Q3_2025":0.814,"Q4_2025":0.788,"Q1_2026":0.761},"geometry":{"type":"Polygon","coordinates":[[[107.571533,-7.106429],[107.571633,-7.106429],[107.571633,-7.106329000000001],[107.571533,-7.106329000000001],[107.571533,-7.106429]]]}},{"type":"Feature","properties":{"row":6,"col":15,"Q1_2025":0.683,"Q2_2025":0.743,"Q3_2025":0.649,"Q4_2025":0.799,"Q1_2026":0.844},"geometry":{"type":"Polygon","coordinates":[[[107.57163299999999,-7.106429],[107.571733,-7.106429],[107.571733,-7.106329000000001],[107.57163299999999,-7.106329000000001],[107.57163299999999,-7.106429]]]}},{"type":"Feature","properties":{"row":6,"col":16,"Q1_2025":0.713,"Q2_2025":0.724,"Q3_2025":0.778,"Q4_2025":0.806,"Q1_2026":0.864},"geometry":{"type":"Polygon","coordinates":[[[107.571733,-7.106429],[107.571833,-7.106429],[107.571833,-7.106329000000001],[107.571733,-7.106329000000001],[107.571733,-7.106429]]]}},{"type":"Feature","properties":{"row":6,"col":17,"Q1_2025":0.728,"Q2_2025":0.712,"Q3_2025":0.744,"Q4_2025":0.796,"Q1_2026":0.885},"geometry":{"type":"Polygon","coordinates":[[[107.571833,-7.106429],[107.571933,-7.106429],[107.571933,-7.106329000000001],[107.571833,-7.106329000000001],[107.571833,-7.106429]]]}},{"type":"Feature","properties":{"row":6,"col":18,"Q1_2025":0.708,"Q2_2025":0.692,"Q3_2025":0.721,"Q4_2025":0.679,"Q1_2026":0.821},"geometry":{"type":"Polygon","coordinates":[[[107.571933,-7.106429],[107.572033,-7.106429],[107.572033,-7.106329000000001],[107.571933,-7.106329000000001],[107.571933,-7.106429]]]}},{"type":"Feature","properties":{"row":6,"col":19,"Q1_2025":0.653,"Q2_2025":0.679,"Q3_2025":0.662,"Q4_2025":0.725,"Q1_2026":0.829},"geometry":{"type":"Polygon","coordinates":[[[107.572033,-7.106429],[107.57213300000001,-7.106429],[107.57213300000001,-7.106329000000001],[107.572033,-7.106329000000001],[107.572033,-7.106429]]]}},{"type":"Feature","properties":{"row":7,"col":0,"Q1_2025":0.545,"Q2_2025":0.544,"Q3_2025":0.66,"Q4_2025":0.654,"Q1_2026":0.713},"geometry":{"type":"Polygon","coordinates":[[[107.570133,-7.106329000000001],[107.570233,-7.106329000000001],[107.570233,-7.106229000000001],[107.570133,-7.106229000000001],[107.570133,-7.106329000000001]]]}},{"type":"Feature","properties":{"row":7,"col":1,"Q1_2025":0.661,"Q2_2025":0.643,"Q3_2025":0.599,"Q4_2025":0.677,"Q1_2026":0.729},"geometry":{"type":"Polygon","coordinates":[[[107.570233,-7.106329000000001],[107.570333,-7.106329000000001],[107.570333,-7.106229000000001],[107.570233,-7.106229000000001],[107.570233,-7.106329000000001]]]}},{"type":"Feature","properties":{"row":7,"col":2,"Q1_2025":0.607,"Q2_2025":0.584,"Q3_2025":0.731,"Q4_2025":0.675,"Q1_2026":0.696},"geometry":{"type":"Polygon","coordinates":[[[107.570333,-7.106329000000001],[107.57043300000001,-7.106329000000001],[107.57043300000001,-7.106229000000001],[107.570333,-7.106229000000001],[107.570333,-7.106329000000001]]]}},{"type":"Feature","properties":{"row":7,"col":3,"Q1_2025":0.65,"Q2_2025":0.721,"Q3_2025":0.702,"Q4_2025":0.692,"Q1_2026":0.763},"geometry":{"type":"Polygon","coordinates":[[[107.570433,-7.106329000000001],[107.570533,-7.106329000000001],[107.570533,-7.106229000000001],[107.570433,-7.106229000000001],[107.570433,-7.106329000000001]]]}},{"type":"Feature","properties":{"row":7,"col":4,"Q1_2025":0.769,"Q2_2025":0.751,"Q3_2025":0.736,"Q4_2025":0.666,"Q1_2026":0.93},"geometry":{"type":"Polygon","coordinates":[[[107.570533,-7.106329000000001],[107.570633,-7.106329000000001],[107.570633,-7.106229000000001],[107.570533,-7.106229000000001],[107.570533,-7.106329000000001]]]}},{"type":"Feature","properties":{"row":7,"col":5,"Q1_2025":0.615,"Q2_2025":0.676,"Q3_2025":0.68,"Q4_2025":0.816,"Q1_2026":0.776},"geometry":{"type":"Polygon","coordinates":[[[107.570633,-7.106329000000001],[107.570733,-7.106329000000001],[107.570733,-7.106229000000001],[107.570633,-7.106229000000001],[107.570633,-7.106329000000001]]]}},{"type":"Feature","properties":{"row":7,"col":6,"Q1_2025":0.616,"Q2_2025":0.721,"Q3_2025":0.755,"Q4_2025":0.732,"Q1_2026":0.707},"geometry":{"type":"Polygon","coordinates":[[[107.570733,-7.106329000000001],[107.57083300000001,-7.106329000000001],[107.57083300000001,-7.106229000000001],[107.570733,-7.106229000000001],[107.570733,-7.106329000000001]]]}},{"type":"Feature","properties":{"row":7,"col":7,"Q1_2025":0.664,"Q2_2025":0.698,"Q3_2025":0.741,"Q4_2025":0.734,"Q1_2026":0.817},"geometry":{"type":"Polygon","coordinates":[[[107.570833,-7.106329000000001],[107.570933,-7.106329000000001],[107.570933,-7.106229000000001],[107.570833,-7.106229000000001],[107.570833,-7.106329000000001]]]}},{"type":"Feature","properties":{"row":7,"col":8,"Q1_2025":0.664,"Q2_2025":0.645,"Q3_2025":0.715,"Q4_2025":0.839,"Q1_2026":0.763},"geometry":{"type":"Polygon","coordinates":[[[107.570933,-7.106329000000001],[107.571033,-7.106329000000001],[107.571033,-7.106229000000001],[107.570933,-7.106229000000001],[107.570933,-7.106329000000001]]]}},{"type":"Feature","properties":{"row":7,"col":9,"Q1_2025":0.839,"Q2_2025":0.766,"Q3_2025":0.703,"Q4_2025":0.74,"Q1_2026":0.814},"geometry":{"type":"Polygon","coordinates":[[[107.571033,-7.106329000000001],[107.571133,-7.106329000000001],[107.571133,-7.106229000000001],[107.571033,-7.106229000000001],[107.571033,-7.106329000000001]]]}},{"type":"Feature","properties":{"row":7,"col":10,"Q1_2025":0.671,"Q2_2025":0.868,"Q3_2025":0.72,"Q4_2025":0.823,"Q1_2026":0.882},"geometry":{"type":"Polygon","coordinates":[[[107.571133,-7.106329000000001],[107.571233,-7.106329000000001],[107.571233,-7.106229000000001],[107.571133,-7.106229000000001],[107.571133,-7.106329000000001]]]}},{"type":"Feature","properties":{"row":7,"col":11,"Q1_2025":0.729,"Q2_2025":0.705,"Q3_2025":0.761,"Q4_2025":0.813,"Q1_2026":0.858},"geometry":{"type":"Polygon","coordinates":[[[107.57123299999999,-7.106329000000001],[107.571333,-7.106329000000001],[107.571333,-7.106229000000001],[107.57123299999999,-7.106229000000001],[107.57123299999999,-7.106329000000001]]]}},{"type":"Feature","properties":{"row":7,"col":12,"Q1_2025":0.74,"Q2_2025":0.687,"Q3_2025":0.779,"Q4_2025":0.763,"Q1_2026":0.708},"geometry":{"type":"Polygon","coordinates":[[[107.571333,-7.106329000000001],[107.571433,-7.106329000000001],[107.571433,-7.106229000000001],[107.571333,-7.106229000000001],[107.571333,-7.106329000000001]]]}},{"type":"Feature","properties":{"row":7,"col":13,"Q1_2025":0.703,"Q2_2025":0.686,"Q3_2025":0.807,"Q4_2025":0.895,"Q1_2026":0.911},"geometry":{"type":"Polygon","coordinates":[[[107.571433,-7.106329000000001],[107.571533,-7.106329000000001],[107.571533,-7.106229000000001],[107.571433,-7.106229000000001],[107.571433,-7.106329000000001]]]}},{"type":"Feature","properties":{"row":7,"col":14,"Q1_2025":0.708,"Q2_2025":0.734,"Q3_2025":0.812,"Q4_2025":0.85,"Q1_2026":0.796},"geometry":{"type":"Polygon","coordinates":[[[107.571533,-7.106329000000001],[107.571633,-7.106329000000001],[107.571633,-7.106229000000001],[107.571533,-7.106229000000001],[107.571533,-7.106329000000001]]]}},{"type":"Feature","properties":{"row":7,"col":15,"Q1_2025":0.729,"Q2_2025":0.866,"Q3_2025":0.77,"Q4_2025":0.771,"Q1_2026":0.822},"geometry":{"type":"Polygon","coordinates":[[[107.57163299999999,-7.106329000000001],[107.571733,-7.106329000000001],[107.571733,-7.106229000000001],[107.57163299999999,-7.106229000000001],[107.57163299999999,-7.106329000000001]]]}},{"type":"Feature","properties":{"row":7,"col":16,"Q1_2025":0.763,"Q2_2025":0.702,"Q3_2025":0.761,"Q4_2025":0.735,"Q1_2026":0.8},"geometry":{"type":"Polygon","coordinates":[[[107.571733,-7.106329000000001],[107.571833,-7.106329000000001],[107.571833,-7.106229000000001],[107.571733,-7.106229000000001],[107.571733,-7.106329000000001]]]}},{"type":"Feature","properties":{"row":7,"col":17,"Q1_2025":0.825,"Q2_2025":0.788,"Q3_2025":0.766,"Q4_2025":0.744,"Q1_2026":0.795},"geometry":{"type":"Polygon","coordinates":[[[107.571833,-7.106329000000001],[107.571933,-7.106329000000001],[107.571933,-7.106229000000001],[107.571833,-7.106229000000001],[107.571833,-7.106329000000001]]]}},{"type":"Feature","properties":{"row":7,"col":18,"Q1_2025":0.78,"Q2_2025":0.72,"Q3_2025":0.84,"Q4_2025":0.719,"Q1_2026":0.793},"geometry":{"type":"Polygon","coordinates":[[[107.571933,-7.106329000000001],[107.572033,-7.106329000000001],[107.572033,-7.106229000000001],[107.571933,-7.106229000000001],[107.571933,-7.106329000000001]]]}},{"type":"Feature","properties":{"row":7,"col":19,"Q1_2025":0.812,"Q2_2025":0.644,"Q3_2025":0.824,"Q4_2025":0.692,"Q1_2026":0.8},"geometry":{"type":"Polygon","coordinates":[[[107.572033,-7.106329000000001],[107.57213300000001,-7.106329000000001],[107.57213300000001,-7.106229000000001],[107.572033,-7.106229000000001],[107.572033,-7.106329000000001]]]}},{"type":"Feature","properties":{"row":8,"col":0,"Q1_2025":0.604,"Q2_2025":0.674,"Q3_2025":0.495,"Q4_2025":0.577,"Q1_2026":0.664},"geometry":{"type":"Polygon","coordinates":[[[107.570133,-7.106229000000001],[107.570233,-7.106229000000001],[107.570233,-7.106129000000001],[107.570133,-7.106129000000001],[107.570133,-7.106229000000001]]]}},{"type":"Feature","properties":{"row":8,"col":1,"Q1_2025":0.627,"Q2_2025":0.601,"Q3_2025":0.654,"Q4_2025":0.626,"Q1_2026":0.685},"geometry":{"type":"Polygon","coordinates":[[[107.570233,-7.106229000000001],[107.570333,-7.106229000000001],[107.570333,-7.106129000000001],[107.570233,-7.106129000000001],[107.570233,-7.106229000000001]]]}},{"type":"Feature","properties":{"row":8,"col":2,"Q1_2025":0.596,"Q2_2025":0.671,"Q3_2025":0.708,"Q4_2025":0.77,"Q1_2026":0.686},"geometry":{"type":"Polygon","coordinates":[[[107.570333,-7.106229000000001],[107.57043300000001,-7.106229000000001],[107.57043300000001,-7.106129000000001],[107.570333,-7.106129000000001],[107.570333,-7.106229000000001]]]}},{"type":"Feature","properties":{"row":8,"col":3,"Q1_2025":0.636,"Q2_2025":0.674,"Q3_2025":0.677,"Q4_2025":0.709,"Q1_2026":0.654},"geometry":{"type":"Polygon","coordinates":[[[107.570433,-7.106229000000001],[107.570533,-7.106229000000001],[107.570533,-7.106129000000001],[107.570433,-7.106129000000001],[107.570433,-7.106229000000001]]]}},{"type":"Feature","properties":{"row":8,"col":4,"Q1_2025":0.684,"Q2_2025":0.639,"Q3_2025":0.657,"Q4_2025":0.646,"Q1_2026":0.803},"geometry":{"type":"Polygon","coordinates":[[[107.570533,-7.106229000000001],[107.570633,-7.106229000000001],[107.570633,-7.106129000000001],[107.570533,-7.106129000000001],[107.570533,-7.106229000000001]]]}},{"type":"Feature","properties":{"row":8,"col":5,"Q1_2025":0.671,"Q2_2025":0.756,"Q3_2025":0.732,"Q4_2025":0.653,"Q1_2026":0.704},"geometry":{"type":"Polygon","coordinates":[[[107.570633,-7.106229000000001],[107.570733,-7.106229000000001],[107.570733,-7.106129000000001],[107.570633,-7.106129000000001],[107.570633,-7.106229000000001]]]}},{"type":"Feature","properties":{"row":8,"col":6,"Q1_2025":0.73,"Q2_2025":0.674,"Q3_2025":0.677,"Q4_2025":0.743,"Q1_2026":0.763},"geometry":{"type":"Polygon","coordinates":[[[107.570733,-7.106229000000001],[107.57083300000001,-7.106229000000001],[107.57083300000001,-7.106129000000001],[107.570733,-7.106129000000001],[107.570733,-7.106229000000001]]]}},{"type":"Feature","properties":{"row":8,"col":7,"Q1_2025":0.655,"Q2_2025":0.709,"Q3_2025":0.721,"Q4_2025":0.636,"Q1_2026":0.81},"geometry":{"type":"Polygon","coordinates":[[[107.570833,-7.106229000000001],[107.570933,-7.106229000000001],[107.570933,-7.106129000000001],[107.570833,-7.106129000000001],[107.570833,-7.106229000000001]]]}},{"type":"Feature","properties":{"row":8,"col":8,"Q1_2025":0.677,"Q2_2025":0.803,"Q3_2025":0.7,"Q4_2025":0.699,"Q1_2026":0.857},"geometry":{"type":"Polygon","coordinates":[[[107.570933,-7.106229000000001],[107.571033,-7.106229000000001],[107.571033,-7.106129000000001],[107.570933,-7.106129000000001],[107.570933,-7.106229000000001]]]}},{"type":"Feature","properties":{"row":8,"col":9,"Q1_2025":0.65,"Q2_2025":0.718,"Q3_2025":0.799,"Q4_2025":0.773,"Q1_2026":0.727},"geometry":{"type":"Polygon","coordinates":[[[107.571033,-7.106229000000001],[107.571133,-7.106229000000001],[107.571133,-7.106129000000001],[107.571033,-7.106129000000001],[107.571033,-7.106229000000001]]]}},{"type":"Feature","properties":{"row":8,"col":10,"Q1_2025":0.747,"Q2_2025":0.748,"Q3_2025":0.842,"Q4_2025":0.827,"Q1_2026":0.95},"geometry":{"type":"Polygon","coordinates":[[[107.571133,-7.106229000000001],[107.571233,-7.106229000000001],[107.571233,-7.106129000000001],[107.571133,-7.106129000000001],[107.571133,-7.106229000000001]]]}},{"type":"Feature","properties":{"row":8,"col":11,"Q1_2025":0.66,"Q2_2025":0.761,"Q3_2025":0.729,"Q4_2025":0.86,"Q1_2026":0.864},"geometry":{"type":"Polygon","coordinates":[[[107.57123299999999,-7.106229000000001],[107.571333,-7.106229000000001],[107.571333,-7.106129000000001],[107.57123299999999,-7.106129000000001],[107.57123299999999,-7.106229000000001]]]}},{"type":"Feature","properties":{"row":8,"col":12,"Q1_2025":0.781,"Q2_2025":0.725,"Q3_2025":0.747,"Q4_2025":0.702,"Q1_2026":0.909},"geometry":{"type":"Polygon","coordinates":[[[107.571333,-7.106229000000001],[107.571433,-7.106229000000001],[107.571433,-7.106129000000001],[107.571333,-7.106129000000001],[107.571333,-7.106229000000001]]]}},{"type":"Feature","properties":{"row":8,"col":13,"Q1_2025":0.769,"Q2_2025":0.75,"Q3_2025":0.83,"Q4_2025":0.841,"Q1_2026":0.872},"geometry":{"type":"Polygon","coordinates":[[[107.571433,-7.106229000000001],[107.571533,-7.106229000000001],[107.571533,-7.106129000000001],[107.571433,-7.106129000000001],[107.571433,-7.106229000000001]]]}},{"type":"Feature","properties":{"row":8,"col":14,"Q1_2025":0.661,"Q2_2025":0.726,"Q3_2025":0.792,"Q4_2025":0.82,"Q1_2026":0.87},"geometry":{"type":"Polygon","coordinates":[[[107.571533,-7.106229000000001],[107.571633,-7.106229000000001],[107.571633,-7.106129000000001],[107.571533,-7.106129000000001],[107.571533,-7.106229000000001]]]}},{"type":"Feature","properties":{"row":8,"col":15,"Q1_2025":0.689,"Q2_2025":0.766,"Q3_2025":0.89,"Q4_2025":0.834,"Q1_2026":0.863},"geometry":{"type":"Polygon","coordinates":[[[107.57163299999999,-7.106229000000001],[107.571733,-7.106229000000001],[107.571733,-7.106129000000001],[107.57163299999999,-7.106129000000001],[107.57163299999999,-7.106229000000001]]]}},{"type":"Feature","properties":{"row":8,"col":16,"Q1_2025":0.736,"Q2_2025":0.796,"Q3_2025":0.867,"Q4_2025":0.802,"Q1_2026":0.878},"geometry":{"type":"Polygon","coordinates":[[[107.571733,-7.106229000000001],[107.571833,-7.106229000000001],[107.571833,-7.106129000000001],[107.571733,-7.106129000000001],[107.571733,-7.106229000000001]]]}},{"type":"Feature","properties":{"row":8,"col":17,"Q1_2025":0.69,"Q2_2025":0.784,"Q3_2025":0.819,"Q4_2025":0.757,"Q1_2026":0.869},"geometry":{"type":"Polygon","coordinates":[[[107.571833,-7.106229000000001],[107.571933,-7.106229000000001],[107.571933,-7.106129000000001],[107.571833,-7.106129000000001],[107.571833,-7.106229000000001]]]}},{"type":"Feature","properties":{"row":8,"col":18,"Q1_2025":0.697,"Q2_2025":0.711,"Q3_2025":0.771,"Q4_2025":0.887,"Q1_2026":0.826},"geometry":{"type":"Polygon","coordinates":[[[107.571933,-7.106229000000001],[107.572033,-7.106229000000001],[107.572033,-7.106129000000001],[107.571933,-7.106129000000001],[107.571933,-7.106229000000001]]]}},{"type":"Feature","properties":{"row":8,"col":19,"Q1_2025":0.774,"Q2_2025":0.711,"Q3_2025":0.771,"Q4_2025":0.728,"Q1_2026":0.779},"geometry":{"type":"Polygon","coordinates":[[[107.572033,-7.106229000000001],[107.57213300000001,-7.106229000000001],[107.57213300000001,-7.106129000000001],[107.572033,-7.106129000000001],[107.572033,-7.106229000000001]]]}},{"type":"Feature","properties":{"row":9,"col":0,"Q1_2025":0.656,"Q2_2025":0.632,"Q3_2025":0.726,"Q4_2025":0.664,"Q1_2026":0.684},"geometry":{"type":"Polygon","coordinates":[[[107.570133,-7.106129000000001],[107.570233,-7.106129000000001],[107.570233,-7.106029000000001],[107.570133,-7.106029000000001],[107.570133,-7.106129000000001]]]}},{"type":"Feature","properties":{"row":9,"col":1,"Q1_2025":0.691,"Q2_2025":0.614,"Q3_2025":0.591,"Q4_2025":0.752,"Q1_2026":0.727},"geometry":{"type":"Polygon","coordinates":[[[107.570233,-7.106129000000001],[107.570333,-7.106129000000001],[107.570333,-7.106029000000001],[107.570233,-7.106029000000001],[107.570233,-7.106129000000001]]]}},{"type":"Feature","properties":{"row":9,"col":2,"Q1_2025":0.532,"Q2_2025":0.662,"Q3_2025":0.66,"Q4_2025":0.787,"Q1_2026":0.683},"geometry":{"type":"Polygon","coordinates":[[[107.570333,-7.106129000000001],[107.57043300000001,-7.106129000000001],[107.57043300000001,-7.106029000000001],[107.570333,-7.106029000000001],[107.570333,-7.106129000000001]]]}},{"type":"Feature","properties":{"row":9,"col":3,"Q1_2025":0.624,"Q2_2025":0.628,"Q3_2025":0.641,"Q4_2025":0.678,"Q1_2026":0.661},"geometry":{"type":"Polygon","coordinates":[[[107.570433,-7.106129000000001],[107.570533,-7.106129000000001],[107.570533,-7.106029000000001],[107.570433,-7.106029000000001],[107.570433,-7.106129000000001]]]}},{"type":"Feature","properties":{"row":9,"col":4,"Q1_2025":0.615,"Q2_2025":0.606,"Q3_2025":0.632,"Q4_2025":0.649,"Q1_2026":0.721},"geometry":{"type":"Polygon","coordinates":[[[107.570533,-7.106129000000001],[107.570633,-7.106129000000001],[107.570633,-7.106029000000001],[107.570533,-7.106029000000001],[107.570533,-7.106129000000001]]]}},{"type":"Feature","properties":{"row":9,"col":5,"Q1_2025":0.646,"Q2_2025":0.639,"Q3_2025":0.745,"Q4_2025":0.738,"Q1_2026":0.739},"geometry":{"type":"Polygon","coordinates":[[[107.570633,-7.106129000000001],[107.570733,-7.106129000000001],[107.570733,-7.106029000000001],[107.570633,-7.106029000000001],[107.570633,-7.106129000000001]]]}},{"type":"Feature","properties":{"row":9,"col":6,"Q1_2025":0.671,"Q2_2025":0.794,"Q3_2025":0.747,"Q4_2025":0.778,"Q1_2026":0.645},"geometry":{"type":"Polygon","coordinates":[[[107.570733,-7.106129000000001],[107.57083300000001,-7.106129000000001],[107.57083300000001,-7.106029000000001],[107.570733,-7.106029000000001],[107.570733,-7.106129000000001]]]}},{"type":"Feature","properties":{"row":9,"col":7,"Q1_2025":0.676,"Q2_2025":0.62,"Q3_2025":0.727,"Q4_2025":0.787,"Q1_2026":0.755},"geometry":{"type":"Polygon","coordinates":[[[107.570833,-7.106129000000001],[107.570933,-7.106129000000001],[107.570933,-7.106029000000001],[107.570833,-7.106029000000001],[107.570833,-7.106129000000001]]]}},{"type":"Feature","properties":{"row":9,"col":8,"Q1_2025":0.749,"Q2_2025":0.692,"Q3_2025":0.792,"Q4_2025":0.705,"Q1_2026":0.79},"geometry":{"type":"Polygon","coordinates":[[[107.570933,-7.106129000000001],[107.571033,-7.106129000000001],[107.571033,-7.106029000000001],[107.570933,-7.106029000000001],[107.570933,-7.106129000000001]]]}},{"type":"Feature","properties":{"row":9,"col":9,"Q1_2025":0.757,"Q2_2025":0.783,"Q3_2025":0.77,"Q4_2025":0.893,"Q1_2026":0.796},"geometry":{"type":"Polygon","coordinates":[[[107.571033,-7.106129000000001],[107.571133,-7.106129000000001],[107.571133,-7.106029000000001],[107.571033,-7.106029000000001],[107.571033,-7.106129000000001]]]}},{"type":"Feature","properties":{"row":9,"col":10,"Q1_2025":0.724,"Q2_2025":0.628,"Q3_2025":0.875,"Q4_2025":0.788,"Q1_2026":0.768},"geometry":{"type":"Polygon","coordinates":[[[107.571133,-7.106129000000001],[107.571233,-7.106129000000001],[107.571233,-7.106029000000001],[107.571133,-7.106029000000001],[107.571133,-7.106129000000001]]]}},{"type":"Feature","properties":{"row":9,"col":11,"Q1_2025":0.816,"Q2_2025":0.831,"Q3_2025":0.795,"Q4_2025":0.738,"Q1_2026":0.851},"geometry":{"type":"Polygon","coordinates":[[[107.57123299999999,-7.106129000000001],[107.571333,-7.106129000000001],[107.571333,-7.106029000000001],[107.57123299999999,-7.106029000000001],[107.57123299999999,-7.106129000000001]]]}},{"type":"Feature","properties":{"row":9,"col":12,"Q1_2025":0.718,"Q2_2025":0.71,"Q3_2025":0.841,"Q4_2025":0.702,"Q1_2026":0.857},"geometry":{"type":"Polygon","coordinates":[[[107.571333,-7.106129000000001],[107.571433,-7.106129000000001],[107.571433,-7.106029000000001],[107.571333,-7.106029000000001],[107.571333,-7.106129000000001]]]}},{"type":"Feature","properties":{"row":9,"col":13,"Q1_2025":0.77,"Q2_2025":0.87,"Q3_2025":0.804,"Q4_2025":0.704,"Q1_2026":0.785},"geometry":{"type":"Polygon","coordinates":[[[107.571433,-7.106129000000001],[107.571533,-7.106129000000001],[107.571533,-7.106029000000001],[107.571433,-7.106029000000001],[107.571433,-7.106129000000001]]]}},{"type":"Feature","properties":{"row":9,"col":14,"Q1_2025":0.748,"Q2_2025":0.783,"Q3_2025":0.834,"Q4_2025":0.707,"Q1_2026":0.809},"geometry":{"type":"Polygon","coordinates":[[[107.571533,-7.106129000000001],[107.571633,-7.106129000000001],[107.571633,-7.106029000000001],[107.571533,-7.106029000000001],[107.571533,-7.106129000000001]]]}},{"type":"Feature","properties":{"row":9,"col":15,"Q1_2025":0.791,"Q2_2025":0.84,"Q3_2025":0.875,"Q4_2025":0.783,"Q1_2026":0.877},"geometry":{"type":"Polygon","coordinates":[[[107.57163299999999,-7.106129000000001],[107.571733,-7.106129000000001],[107.571733,-7.106029000000001],[107.57163299999999,-7.106029000000001],[107.57163299999999,-7.106129000000001]]]}},{"type":"Feature","properties":{"row":9,"col":16,"Q1_2025":0.825,"Q2_2025":0.819,"Q3_2025":0.816,"Q4_2025":0.841,"Q1_2026":0.78},"geometry":{"type":"Polygon","coordinates":[[[107.571733,-7.106129000000001],[107.571833,-7.106129000000001],[107.571833,-7.106029000000001],[107.571733,-7.106029000000001],[107.571733,-7.106129000000001]]]}},{"type":"Feature","properties":{"row":9,"col":17,"Q1_2025":0.664,"Q2_2025":0.805,"Q3_2025":0.759,"Q4_2025":0.795,"Q1_2026":0.787},"geometry":{"type":"Polygon","coordinates":[[[107.571833,-7.106129000000001],[107.571933,-7.106129000000001],[107.571933,-7.106029000000001],[107.571833,-7.106029000000001],[107.571833,-7.106129000000001]]]}},{"type":"Feature","properties":{"row":9,"col":18,"Q1_2025":0.713,"Q2_2025":0.764,"Q3_2025":0.721,"Q4_2025":0.796,"Q1_2026":0.825},"geometry":{"type":"Polygon","coordinates":[[[107.571933,-7.106129000000001],[107.572033,-7.106129000000001],[107.572033,-7.106029000000001],[107.571933,-7.106029000000001],[107.571933,-7.106129000000001]]]}},{"type":"Feature","properties":{"row":9,"col":19,"Q1_2025":0.725,"Q2_2025":0.712,"Q3_2025":0.808,"Q4_2025":0.882,"Q1_2026":0.779},"geometry":{"type":"Polygon","coordinates":[[[107.572033,-7.106129000000001],[107.57213300000001,-7.106129000000001],[107.57213300000001,-7.106029000000001],[107.572033,-7.106029000000001],[107.572033,-7.106129000000001]]]}},{"type":"Feature","properties":{"row":10,"col":0,"Q1_2025":0.676,"Q2_2025":0.679,"Q3_2025":0.522,"Q4_2025":0.636,"Q1_2026":0.662},"geometry":{"type":"Polygon","coordinates":[[[107.570133,-7.106029],[107.570233,-7.106029],[107.570233,-7.105929000000001],[107.570133,-7.105929000000001],[107.570133,-7.106029]]]}},{"type":"Feature","properties":{"row":10,"col":1,"Q1_2025":0.666,"Q2_2025":0.657,"Q3_2025":0.691,"Q4_2025":0.719,"Q1_2026":0.662},"geometry":{"type":"Polygon","coordinates":[[[107.570233,-7.106029],[107.570333,-7.106029],[107.570333,-7.105929000000001],[107.570233,-7.105929000000001],[107.570233,-7.106029]]]}},{"type":"Feature","properties":{"row":10,"col":2,"Q1_2025":0.603,"Q2_2025":0.599,"Q3_2025":0.672,"Q4_2025":0.694,"Q1_2026":0.729},"geometry":{"type":"Polygon","coordinates":[[[107.570333,-7.106029],[107.57043300000001,-7.106029],[107.57043300000001,-7.105929000000001],[107.570333,-7.105929000000001],[107.570333,-7.106029]]]}},{"type":"Feature","properties":{"row":10,"col":3,"Q1_2025":0.617,"Q2_2025":0.719,"Q3_2025":0.74,"Q4_2025":0.791,"Q1_2026":0.769},"geometry":{"type":"Polygon","coordinates":[[[107.570433,-7.106029],[107.570533,-7.106029],[107.570533,-7.105929000000001],[107.570433,-7.105929000000001],[107.570433,-7.106029]]]}},{"type":"Feature","properties":{"row":10,"col":4,"Q1_2025":0.677,"Q2_2025":0.721,"Q3_2025":0.738,"Q4_2025":0.695,"Q1_2026":0.812},"geometry":{"type":"Polygon","coordinates":[[[107.570533,-7.106029],[107.570633,-7.106029],[107.570633,-7.105929000000001],[107.570533,-7.105929000000001],[107.570533,-7.106029]]]}},{"type":"Feature","properties":{"row":10,"col":5,"Q1_2025":0.767,"Q2_2025":0.8,"Q3_2025":0.723,"Q4_2025":0.758,"Q1_2026":0.782},"geometry":{"type":"Polygon","coordinates":[[[107.570633,-7.106029],[107.570733,-7.106029],[107.570733,-7.105929000000001],[107.570633,-7.105929000000001],[107.570633,-7.106029]]]}},{"type":"Feature","properties":{"row":10,"col":6,"Q1_2025":0.695,"Q2_2025":0.747,"Q3_2025":0.73,"Q4_2025":0.746,"Q1_2026":0.864},"geometry":{"type":"Polygon","coordinates":[[[107.570733,-7.106029],[107.57083300000001,-7.106029],[107.57083300000001,-7.105929000000001],[107.570733,-7.105929000000001],[107.570733,-7.106029]]]}},{"type":"Feature","properties":{"row":10,"col":7,"Q1_2025":0.718,"Q2_2025":0.733,"Q3_2025":0.794,"Q4_2025":0.778,"Q1_2026":0.805},"geometry":{"type":"Polygon","coordinates":[[[107.570833,-7.106029],[107.570933,-7.106029],[107.570933,-7.105929000000001],[107.570833,-7.105929000000001],[107.570833,-7.106029]]]}},{"type":"Feature","properties":{"row":10,"col":8,"Q1_2025":0.722,"Q2_2025":0.684,"Q3_2025":0.763,"Q4_2025":0.728,"Q1_2026":0.815},"geometry":{"type":"Polygon","coordinates":[[[107.570933,-7.106029],[107.571033,-7.106029],[107.571033,-7.105929000000001],[107.570933,-7.105929000000001],[107.570933,-7.106029]]]}},{"type":"Feature","properties":{"row":10,"col":9,"Q1_2025":0.681,"Q2_2025":0.806,"Q3_2025":0.817,"Q4_2025":0.814,"Q1_2026":0.815},"geometry":{"type":"Polygon","coordinates":[[[107.571033,-7.106029],[107.571133,-7.106029],[107.571133,-7.105929000000001],[107.571033,-7.105929000000001],[107.571033,-7.106029]]]}},{"type":"Feature","properties":{"row":10,"col":10,"Q1_2025":0.776,"Q2_2025":0.677,"Q3_2025":0.74,"Q4_2025":0.808,"Q1_2026":0.852},"geometry":{"type":"Polygon","coordinates":[[[107.571133,-7.106029],[107.571233,-7.106029],[107.571233,-7.105929000000001],[107.571133,-7.105929000000001],[107.571133,-7.106029]]]}},{"type":"Feature","properties":{"row":10,"col":11,"Q1_2025":0.749,"Q2_2025":0.723,"Q3_2025":0.8,"Q4_2025":0.79,"Q1_2026":0.78},"geometry":{"type":"Polygon","coordinates":[[[107.57123299999999,-7.106029],[107.571333,-7.106029],[107.571333,-7.105929000000001],[107.57123299999999,-7.105929000000001],[107.57123299999999,-7.106029]]]}},{"type":"Feature","properties":{"row":10,"col":12,"Q1_2025":0.768,"Q2_2025":0.761,"Q3_2025":0.851,"Q4_2025":0.844,"Q1_2026":0.868},"geometry":{"type":"Polygon","coordinates":[[[107.571333,-7.106029],[107.571433,-7.106029],[107.571433,-7.105929000000001],[107.571333,-7.105929000000001],[107.571333,-7.106029]]]}},{"type":"Feature","properties":{"row":10,"col":13,"Q1_2025":0.765,"Q2_2025":0.726,"Q3_2025":0.742,"Q4_2025":0.735,"Q1_2026":0.95},"geometry":{"type":"Polygon","coordinates":[[[107.571433,-7.106029],[107.571533,-7.106029],[107.571533,-7.105929000000001],[107.571433,-7.105929000000001],[107.571433,-7.106029]]]}},{"type":"Feature","properties":{"row":10,"col":14,"Q1_2025":0.692,"Q2_2025":0.756,"Q3_2025":0.768,"Q4_2025":0.792,"Q1_2026":0.797},"geometry":{"type":"Polygon","coordinates":[[[107.571533,-7.106029],[107.571633,-7.106029],[107.571633,-7.105929000000001],[107.571533,-7.105929000000001],[107.571533,-7.106029]]]}},{"type":"Feature","properties":{"row":10,"col":15,"Q1_2025":0.65,"Q2_2025":0.713,"Q3_2025":0.714,"Q4_2025":0.797,"Q1_2026":0.789},"geometry":{"type":"Polygon","coordinates":[[[107.57163299999999,-7.106029],[107.571733,-7.106029],[107.571733,-7.105929000000001],[107.57163299999999,-7.105929000000001],[107.57163299999999,-7.106029]]]}},{"type":"Feature","properties":{"row":10,"col":16,"Q1_2025":0.706,"Q2_2025":0.771,"Q3_2025":0.751,"Q4_2025":0.847,"Q1_2026":0.801},"geometry":{"type":"Polygon","coordinates":[[[107.571733,-7.106029],[107.571833,-7.106029],[107.571833,-7.105929000000001],[107.571733,-7.105929000000001],[107.571733,-7.106029]]]}},{"type":"Feature","properties":{"row":10,"col":17,"Q1_2025":0.748,"Q2_2025":0.691,"Q3_2025":0.81,"Q4_2025":0.777,"Q1_2026":0.837},"geometry":{"type":"Polygon","coordinates":[[[107.571833,-7.106029],[107.571933,-7.106029],[107.571933,-7.105929000000001],[107.571833,-7.105929000000001],[107.571833,-7.106029]]]}},{"type":"Feature","properties":{"row":10,"col":18,"Q1_2025":0.75,"Q2_2025":0.744,"Q3_2025":0.784,"Q4_2025":0.774,"Q1_2026":0.88},"geometry":{"type":"Polygon","coordinates":[[[107.571933,-7.106029],[107.572033,-7.106029],[107.572033,-7.105929000000001],[107.571933,-7.105929000000001],[107.571933,-7.106029]]]}},{"type":"Feature","properties":{"row":10,"col":19,"Q1_2025":0.776,"Q2_2025":0.773,"Q3_2025":0.71,"Q4_2025":0.734,"Q1_2026":0.776},"geometry":{"type":"Polygon","coordinates":[[[107.572033,-7.106029],[107.57213300000001,-7.106029],[107.57213300000001,-7.105929000000001],[107.572033,-7.105929000000001],[107.572033,-7.106029]]]}},{"type":"Feature","properties":{"row":11,"col":0,"Q1_2025":0.602,"Q2_2025":0.656,"Q3_2025":0.609,"Q4_2025":0.733,"Q1_2026":0.694},"geometry":{"type":"Polygon","coordinates":[[[107.570133,-7.105929000000001],[107.570233,-7.105929000000001],[107.570233,-7.105829000000001],[107.570133,-7.105829000000001],[107.570133,-7.105929000000001]]]}},{"type":"Feature","properties":{"row":11,"col":1,"Q1_2025":0.526,"Q2_2025":0.623,"Q3_2025":0.537,"Q4_2025":0.649,"Q1_2026":0.679},"geometry":{"type":"Polygon","coordinates":[[[107.570233,-7.105929000000001],[107.570333,-7.105929000000001],[107.570333,-7.105829000000001],[107.570233,-7.105829000000001],[107.570233,-7.105929000000001]]]}},{"type":"Feature","properties":{"row":11,"col":2,"Q1_2025":0.609,"Q2_2025":0.644,"Q3_2025":0.66,"Q4_2025":0.67,"Q1_2026":0.795},"geometry":{"type":"Polygon","coordinates":[[[107.570333,-7.105929000000001],[107.57043300000001,-7.105929000000001],[107.57043300000001,-7.105829000000001],[107.570333,-7.105829000000001],[107.570333,-7.105929000000001]]]}},{"type":"Feature","properties":{"row":11,"col":3,"Q1_2025":0.714,"Q2_2025":0.616,"Q3_2025":0.756,"Q4_2025":0.632,"Q1_2026":0.693},"geometry":{"type":"Polygon","coordinates":[[[107.570433,-7.105929000000001],[107.570533,-7.105929000000001],[107.570533,-7.105829000000001],[107.570433,-7.105829000000001],[107.570433,-7.105929000000001]]]}},{"type":"Feature","properties":{"row":11,"col":4,"Q1_2025":0.743,"Q2_2025":0.575,"Q3_2025":0.736,"Q4_2025":0.664,"Q1_2026":0.74},"geometry":{"type":"Polygon","coordinates":[[[107.570533,-7.105929000000001],[107.570633,-7.105929000000001],[107.570633,-7.105829000000001],[107.570533,-7.105829000000001],[107.570533,-7.105929000000001]]]}},{"type":"Feature","properties":{"row":11,"col":5,"Q1_2025":0.672,"Q2_2025":0.785,"Q3_2025":0.68,"Q4_2025":0.737,"Q1_2026":0.792},"geometry":{"type":"Polygon","coordinates":[[[107.570633,-7.105929000000001],[107.570733,-7.105929000000001],[107.570733,-7.105829000000001],[107.570633,-7.105829000000001],[107.570633,-7.105929000000001]]]}},{"type":"Feature","properties":{"row":11,"col":6,"Q1_2025":0.682,"Q2_2025":0.674,"Q3_2025":0.732,"Q4_2025":0.759,"Q1_2026":0.819},"geometry":{"type":"Polygon","coordinates":[[[107.570733,-7.105929000000001],[107.57083300000001,-7.105929000000001],[107.57083300000001,-7.105829000000001],[107.570733,-7.105829000000001],[107.570733,-7.105929000000001]]]}},{"type":"Feature","properties":{"row":11,"col":7,"Q1_2025":0.662,"Q2_2025":0.706,"Q3_2025":0.765,"Q4_2025":0.76,"Q1_2026":0.779},"geometry":{"type":"Polygon","coordinates":[[[107.570833,-7.105929000000001],[107.570933,-7.105929000000001],[107.570933,-7.105829000000001],[107.570833,-7.105829000000001],[107.570833,-7.105929000000001]]]}},{"type":"Feature","properties":{"row":11,"col":8,"Q1_2025":0.722,"Q2_2025":0.708,"Q3_2025":0.723,"Q4_2025":0.805,"Q1_2026":0.748},"geometry":{"type":"Polygon","coordinates":[[[107.570933,-7.105929000000001],[107.571033,-7.105929000000001],[107.571033,-7.105829000000001],[107.570933,-7.105829000000001],[107.570933,-7.105929000000001]]]}},{"type":"Feature","properties":{"row":11,"col":9,"Q1_2025":0.795,"Q2_2025":0.767,"Q3_2025":0.712,"Q4_2025":0.81,"Q1_2026":0.825},"geometry":{"type":"Polygon","coordinates":[[[107.571033,-7.105929000000001],[107.571133,-7.105929000000001],[107.571133,-7.105829000000001],[107.571033,-7.105829000000001],[107.571033,-7.105929000000001]]]}},{"type":"Feature","properties":{"row":11,"col":10,"Q1_2025":0.785,"Q2_2025":0.824,"Q3_2025":0.768,"Q4_2025":0.771,"Q1_2026":0.796},"geometry":{"type":"Polygon","coordinates":[[[107.571133,-7.105929000000001],[107.571233,-7.105929000000001],[107.571233,-7.105829000000001],[107.571133,-7.105829000000001],[107.571133,-7.105929000000001]]]}},{"type":"Feature","properties":{"row":11,"col":11,"Q1_2025":0.701,"Q2_2025":0.732,"Q3_2025":0.804,"Q4_2025":0.81,"Q1_2026":0.805},"geometry":{"type":"Polygon","coordinates":[[[107.57123299999999,-7.105929000000001],[107.571333,-7.105929000000001],[107.571333,-7.105829000000001],[107.57123299999999,-7.105829000000001],[107.57123299999999,-7.105929000000001]]]}},{"type":"Feature","properties":{"row":11,"col":12,"Q1_2025":0.712,"Q2_2025":0.786,"Q3_2025":0.764,"Q4_2025":0.757,"Q1_2026":0.821},"geometry":{"type":"Polygon","coordinates":[[[107.571333,-7.105929000000001],[107.571433,-7.105929000000001],[107.571433,-7.105829000000001],[107.571333,-7.105829000000001],[107.571333,-7.105929000000001]]]}},{"type":"Feature","properties":{"row":11,"col":13,"Q1_2025":0.734,"Q2_2025":0.714,"Q3_2025":0.829,"Q4_2025":0.85,"Q1_2026":0.829},"geometry":{"type":"Polygon","coordinates":[[[107.571433,-7.105929000000001],[107.571533,-7.105929000000001],[107.571533,-7.105829000000001],[107.571433,-7.105829000000001],[107.571433,-7.105929000000001]]]}},{"type":"Feature","properties":{"row":11,"col":14,"Q1_2025":0.752,"Q2_2025":0.791,"Q3_2025":0.783,"Q4_2025":0.85,"Q1_2026":0.908},"geometry":{"type":"Polygon","coordinates":[[[107.571533,-7.105929000000001],[107.571633,-7.105929000000001],[107.571633,-7.105829000000001],[107.571533,-7.105829000000001],[107.571533,-7.105929000000001]]]}},{"type":"Feature","properties":{"row":11,"col":15,"Q1_2025":0.746,"Q2_2025":0.784,"Q3_2025":0.826,"Q4_2025":0.785,"Q1_2026":0.766},"geometry":{"type":"Polygon","coordinates":[[[107.57163299999999,-7.105929000000001],[107.571733,-7.105929000000001],[107.571733,-7.105829000000001],[107.57163299999999,-7.105829000000001],[107.57163299999999,-7.105929000000001]]]}},{"type":"Feature","properties":{"row":11,"col":16,"Q1_2025":0.785,"Q2_2025":0.681,"Q3_2025":0.869,"Q4_2025":0.843,"Q1_2026":0.829},"geometry":{"type":"Polygon","coordinates":[[[107.571733,-7.105929000000001],[107.571833,-7.105929000000001],[107.571833,-7.105829000000001],[107.571733,-7.105829000000001],[107.571733,-7.105929000000001]]]}},{"type":"Feature","properties":{"row":11,"col":17,"Q1_2025":0.739,"Q2_2025":0.844,"Q3_2025":0.729,"Q4_2025":0.738,"Q1_2026":0.786},"geometry":{"type":"Polygon","coordinates":[[[107.571833,-7.105929000000001],[107.571933,-7.105929000000001],[107.571933,-7.105829000000001],[107.571833,-7.105829000000001],[107.571833,-7.105929000000001]]]}},{"type":"Feature","properties":{"row":11,"col":18,"Q1_2025":0.719,"Q2_2025":0.702,"Q3_2025":0.78,"Q4_2025":0.799,"Q1_2026":0.772},"geometry":{"type":"Polygon","coordinates":[[[107.571933,-7.105929000000001],[107.572033,-7.105929000000001],[107.572033,-7.105829000000001],[107.571933,-7.105829000000001],[107.571933,-7.105929000000001]]]}},{"type":"Feature","properties":{"row":11,"col":19,"Q1_2025":0.809,"Q2_2025":0.679,"Q3_2025":0.705,"Q4_2025":0.808,"Q1_2026":0.798},"geometry":{"type":"Polygon","coordinates":[[[107.572033,-7.105929000000001],[107.57213300000001,-7.105929000000001],[107.57213300000001,-7.105829000000001],[107.572033,-7.105829000000001],[107.572033,-7.105929000000001]]]}},{"type":"Feature","properties":{"row":12,"col":0,"Q1_2025":0.634,"Q2_2025":0.602,"Q3_2025":0.601,"Q4_2025":0.641,"Q1_2026":0.659},"geometry":{"type":"Polygon","coordinates":[[[107.570133,-7.105829000000001],[107.570233,-7.105829000000001],[107.570233,-7.105729000000001],[107.570133,-7.105729000000001],[107.570133,-7.105829000000001]]]}},{"type":"Feature","properties":{"row":12,"col":1,"Q1_2025":0.652,"Q2_2025":0.622,"Q3_2025":0.704,"Q4_2025":0.715,"Q1_2026":0.758},"geometry":{"type":"Polygon","coordinates":[[[107.570233,-7.105829000000001],[107.570333,-7.105829000000001],[107.570333,-7.105729000000001],[107.570233,-7.105729000000001],[107.570233,-7.105829000000001]]]}},{"type":"Feature","properties":{"row":12,"col":2,"Q1_2025":0.684,"Q2_2025":0.698,"Q3_2025":0.717,"Q4_2025":0.673,"Q1_2026":0.705},"geometry":{"type":"Polygon","coordinates":[[[107.570333,-7.105829000000001],[107.57043300000001,-7.105829000000001],[107.57043300000001,-7.105729000000001],[107.570333,-7.105729000000001],[107.570333,-7.105829000000001]]]}},{"type":"Feature","properties":{"row":12,"col":3,"Q1_2025":0.56,"Q2_2025":0.686,"Q3_2025":0.658,"Q4_2025":0.732,"Q1_2026":0.758},"geometry":{"type":"Polygon","coordinates":[[[107.570433,-7.105829000000001],[107.570533,-7.105829000000001],[107.570533,-7.105729000000001],[107.570433,-7.105729000000001],[107.570433,-7.105829000000001]]]}},{"type":"Feature","properties":{"row":12,"col":4,"Q1_2025":0.597,"Q2_2025":0.634,"Q3_2025":0.687,"Q4_2025":0.699,"Q1_2026":0.753},"geometry":{"type":"Polygon","coordinates":[[[107.570533,-7.105829000000001],[107.570633,-7.105829000000001],[107.570633,-7.105729000000001],[107.570533,-7.105729000000001],[107.570533,-7.105829000000001]]]}},{"type":"Feature","properties":{"row":12,"col":5,"Q1_2025":0.621,"Q2_2025":0.701,"Q3_2025":0.634,"Q4_2025":0.631,"Q1_2026":0.794},"geometry":{"type":"Polygon","coordinates":[[[107.570633,-7.105829000000001],[107.570733,-7.105829000000001],[107.570733,-7.105729000000001],[107.570633,-7.105729000000001],[107.570633,-7.105829000000001]]]}},{"type":"Feature","properties":{"row":12,"col":6,"Q1_2025":0.627,"Q2_2025":0.684,"Q3_2025":0.661,"Q4_2025":0.681,"Q1_2026":0.752},"geometry":{"type":"Polygon","coordinates":[[[107.570733,-7.105829000000001],[107.57083300000001,-7.105829000000001],[107.57083300000001,-7.105729000000001],[107.570733,-7.105729000000001],[107.570733,-7.105829000000001]]]}},{"type":"Feature","properties":{"row":12,"col":7,"Q1_2025":0.685,"Q2_2025":0.774,"Q3_2025":0.768,"Q4_2025":0.752,"Q1_2026":0.823},"geometry":{"type":"Polygon","coordinates":[[[107.570833,-7.105829000000001],[107.570933,-7.105829000000001],[107.570933,-7.105729000000001],[107.570833,-7.105729000000001],[107.570833,-7.105829000000001]]]}},{"type":"Feature","properties":{"row":12,"col":8,"Q1_2025":0.774,"Q2_2025":0.759,"Q3_2025":0.738,"Q4_2025":0.829,"Q1_2026":0.886},"geometry":{"type":"Polygon","coordinates":[[[107.570933,-7.105829000000001],[107.571033,-7.105829000000001],[107.571033,-7.105729000000001],[107.570933,-7.105729000000001],[107.570933,-7.105829000000001]]]}},{"type":"Feature","properties":{"row":12,"col":9,"Q1_2025":0.762,"Q2_2025":0.838,"Q3_2025":0.816,"Q4_2025":0.832,"Q1_2026":0.755},"geometry":{"type":"Polygon","coordinates":[[[107.571033,-7.105829000000001],[107.571133,-7.105829000000001],[107.571133,-7.105729000000001],[107.571033,-7.105729000000001],[107.571033,-7.105829000000001]]]}},{"type":"Feature","properties":{"row":12,"col":10,"Q1_2025":0.682,"Q2_2025":0.755,"Q3_2025":0.694,"Q4_2025":0.768,"Q1_2026":0.861},"geometry":{"type":"Polygon","coordinates":[[[107.571133,-7.105829000000001],[107.571233,-7.105829000000001],[107.571233,-7.105729000000001],[107.571133,-7.105729000000001],[107.571133,-7.105829000000001]]]}},{"type":"Feature","properties":{"row":12,"col":11,"Q1_2025":0.709,"Q2_2025":0.789,"Q3_2025":0.715,"Q4_2025":0.778,"Q1_2026":0.874},"geometry":{"type":"Polygon","coordinates":[[[107.57123299999999,-7.105829000000001],[107.571333,-7.105829000000001],[107.571333,-7.105729000000001],[107.57123299999999,-7.105729000000001],[107.57123299999999,-7.105829000000001]]]}},{"type":"Feature","properties":{"row":12,"col":12,"Q1_2025":0.754,"Q2_2025":0.778,"Q3_2025":0.869,"Q4_2025":0.869,"Q1_2026":0.78},"geometry":{"type":"Polygon","coordinates":[[[107.571333,-7.105829000000001],[107.571433,-7.105829000000001],[107.571433,-7.105729000000001],[107.571333,-7.105729000000001],[107.571333,-7.105829000000001]]]}},{"type":"Feature","properties":{"row":12,"col":13,"Q1_2025":0.809,"Q2_2025":0.733,"Q3_2025":0.782,"Q4_2025":0.804,"Q1_2026":0.877},"geometry":{"type":"Polygon","coordinates":[[[107.571433,-7.105829000000001],[107.571533,-7.105829000000001],[107.571533,-7.105729000000001],[107.571433,-7.105729000000001],[107.571433,-7.105829000000001]]]}},{"type":"Feature","properties":{"row":12,"col":14,"Q1_2025":0.685,"Q2_2025":0.784,"Q3_2025":0.808,"Q4_2025":0.842,"Q1_2026":0.811},"geometry":{"type":"Polygon","coordinates":[[[107.571533,-7.105829000000001],[107.571633,-7.105829000000001],[107.571633,-7.105729000000001],[107.571533,-7.105729000000001],[107.571533,-7.105829000000001]]]}},{"type":"Feature","properties":{"row":12,"col":15,"Q1_2025":0.79,"Q2_2025":0.724,"Q3_2025":0.837,"Q4_2025":0.817,"Q1_2026":0.75},"geometry":{"type":"Polygon","coordinates":[[[107.57163299999999,-7.105829000000001],[107.571733,-7.105829000000001],[107.571733,-7.105729000000001],[107.57163299999999,-7.105729000000001],[107.57163299999999,-7.105829000000001]]]}},{"type":"Feature","properties":{"row":12,"col":16,"Q1_2025":0.758,"Q2_2025":0.766,"Q3_2025":0.759,"Q4_2025":0.76,"Q1_2026":0.805},"geometry":{"type":"Polygon","coordinates":[[[107.571733,-7.105829000000001],[107.571833,-7.105829000000001],[107.571833,-7.105729000000001],[107.571733,-7.105729000000001],[107.571733,-7.105829000000001]]]}},{"type":"Feature","properties":{"row":12,"col":17,"Q1_2025":0.662,"Q2_2025":0.839,"Q3_2025":0.718,"Q4_2025":0.761,"Q1_2026":0.871},"geometry":{"type":"Polygon","coordinates":[[[107.571833,-7.105829000000001],[107.571933,-7.105829000000001],[107.571933,-7.105729000000001],[107.571833,-7.105729000000001],[107.571833,-7.105829000000001]]]}},{"type":"Feature","properties":{"row":12,"col":18,"Q1_2025":0.76,"Q2_2025":0.787,"Q3_2025":0.847,"Q4_2025":0.775,"Q1_2026":0.758},"geometry":{"type":"Polygon","coordinates":[[[107.571933,-7.105829000000001],[107.572033,-7.105829000000001],[107.572033,-7.105729000000001],[107.571933,-7.105729000000001],[107.571933,-7.105829000000001]]]}},{"type":"Feature","properties":{"row":12,"col":19,"Q1_2025":0.769,"Q2_2025":0.787,"Q3_2025":0.751,"Q4_2025":0.724,"Q1_2026":0.869},"geometry":{"type":"Polygon","coordinates":[[[107.572033,-7.105829000000001],[107.57213300000001,-7.105829000000001],[107.57213300000001,-7.105729000000001],[107.572033,-7.105729000000001],[107.572033,-7.105829000000001]]]}},{"type":"Feature","properties":{"row":13,"col":0,"Q1_2025":0.64,"Q2_2025":0.562,"Q3_2025":0.69,"Q4_2025":0.599,"Q1_2026":0.667},"geometry":{"type":"Polygon","coordinates":[[[107.570133,-7.105729000000001],[107.570233,-7.105729000000001],[107.570233,-7.105629000000001],[107.570133,-7.105629000000001],[107.570133,-7.105729000000001]]]}},{"type":"Feature","properties":{"row":13,"col":1,"Q1_2025":0.567,"Q2_2025":0.612,"Q3_2025":0.622,"Q4_2025":0.653,"Q1_2026":0.74},"geometry":{"type":"Polygon","coordinates":[[[107.570233,-7.105729000000001],[107.570333,-7.105729000000001],[107.570333,-7.105629000000001],[107.570233,-7.105629000000001],[107.570233,-7.105729000000001]]]}},{"type":"Feature","properties":{"row":13,"col":2,"Q1_2025":0.651,"Q2_2025":0.688,"Q3_2025":0.731,"Q4_2025":0.678,"Q1_2026":0.72},"geometry":{"type":"Polygon","coordinates":[[[107.570333,-7.105729000000001],[107.57043300000001,-7.105729000000001],[107.57043300000001,-7.105629000000001],[107.570333,-7.105629000000001],[107.570333,-7.105729000000001]]]}},{"type":"Feature","properties":{"row":13,"col":3,"Q1_2025":0.676,"Q2_2025":0.754,"Q3_2025":0.734,"Q4_2025":0.778,"Q1_2026":0.78},"geometry":{"type":"Polygon","coordinates":[[[107.570433,-7.105729000000001],[107.570533,-7.105729000000001],[107.570533,-7.105629000000001],[107.570433,-7.105629000000001],[107.570433,-7.105729000000001]]]}},{"type":"Feature","properties":{"row":13,"col":4,"Q1_2025":0.715,"Q2_2025":0.593,"Q3_2025":0.746,"Q4_2025":0.733,"Q1_2026":0.745},"geometry":{"type":"Polygon","coordinates":[[[107.570533,-7.105729000000001],[107.570633,-7.105729000000001],[107.570633,-7.105629000000001],[107.570533,-7.105629000000001],[107.570533,-7.105729000000001]]]}},{"type":"Feature","properties":{"row":13,"col":5,"Q1_2025":0.648,"Q2_2025":0.674,"Q3_2025":0.736,"Q4_2025":0.777,"Q1_2026":0.68},"geometry":{"type":"Polygon","coordinates":[[[107.570633,-7.105729000000001],[107.570733,-7.105729000000001],[107.570733,-7.105629000000001],[107.570633,-7.105629000000001],[107.570633,-7.105729000000001]]]}},{"type":"Feature","properties":{"row":13,"col":6,"Q1_2025":0.699,"Q2_2025":0.68,"Q3_2025":0.68,"Q4_2025":0.767,"Q1_2026":0.751},"geometry":{"type":"Polygon","coordinates":[[[107.570733,-7.105729000000001],[107.57083300000001,-7.105729000000001],[107.57083300000001,-7.105629000000001],[107.570733,-7.105629000000001],[107.570733,-7.105729000000001]]]}},{"type":"Feature","properties":{"row":13,"col":7,"Q1_2025":0.667,"Q2_2025":0.682,"Q3_2025":0.754,"Q4_2025":0.759,"Q1_2026":0.725},"geometry":{"type":"Polygon","coordinates":[[[107.570833,-7.105729000000001],[107.570933,-7.105729000000001],[107.570933,-7.105629000000001],[107.570833,-7.105629000000001],[107.570833,-7.105729000000001]]]}},{"type":"Feature","properties":{"row":13,"col":8,"Q1_2025":0.669,"Q2_2025":0.722,"Q3_2025":0.772,"Q4_2025":0.719,"Q1_2026":0.816},"geometry":{"type":"Polygon","coordinates":[[[107.570933,-7.105729000000001],[107.571033,-7.105729000000001],[107.571033,-7.105629000000001],[107.570933,-7.105629000000001],[107.570933,-7.105729000000001]]]}},{"type":"Feature","properties":{"row":13,"col":9,"Q1_2025":0.68,"Q2_2025":0.878,"Q3_2025":0.715,"Q4_2025":0.742,"Q1_2026":0.811},"geometry":{"type":"Polygon","coordinates":[[[107.571033,-7.105729000000001],[107.571133,-7.105729000000001],[107.571133,-7.105629000000001],[107.571033,-7.105629000000001],[107.571033,-7.105729000000001]]]}},{"type":"Feature","properties":{"row":13,"col":10,"Q1_2025":0.684,"Q2_2025":0.791,"Q3_2025":0.859,"Q4_2025":0.77,"Q1_2026":0.818},"geometry":{"type":"Polygon","coordinates":[[[107.571133,-7.105729000000001],[107.571233,-7.105729000000001],[107.571233,-7.105629000000001],[107.571133,-7.105629000000001],[107.571133,-7.105729000000001]]]}},{"type":"Feature","properties":{"row":13,"col":11,"Q1_2025":0.709,"Q2_2025":0.754,"Q3_2025":0.846,"Q4_2025":0.839,"Q1_2026":0.769},"geometry":{"type":"Polygon","coordinates":[[[107.57123299999999,-7.105729000000001],[107.571333,-7.105729000000001],[107.571333,-7.105629000000001],[107.57123299999999,-7.105629000000001],[107.57123299999999,-7.105729000000001]]]}},{"type":"Feature","properties":{"row":13,"col":12,"Q1_2025":0.814,"Q2_2025":0.815,"Q3_2025":0.801,"Q4_2025":0.764,"Q1_2026":0.82},"geometry":{"type":"Polygon","coordinates":[[[107.571333,-7.105729000000001],[107.571433,-7.105729000000001],[107.571433,-7.105629000000001],[107.571333,-7.105629000000001],[107.571333,-7.105729000000001]]]}},{"type":"Feature","properties":{"row":13,"col":13,"Q1_2025":0.698,"Q2_2025":0.781,"Q3_2025":0.762,"Q4_2025":0.686,"Q1_2026":0.864},"geometry":{"type":"Polygon","coordinates":[[[107.571433,-7.105729000000001],[107.571533,-7.105729000000001],[107.571533,-7.105629000000001],[107.571433,-7.105629000000001],[107.571433,-7.105729000000001]]]}},{"type":"Feature","properties":{"row":13,"col":14,"Q1_2025":0.747,"Q2_2025":0.811,"Q3_2025":0.77,"Q4_2025":0.807,"Q1_2026":0.873},"geometry":{"type":"Polygon","coordinates":[[[107.571533,-7.105729000000001],[107.571633,-7.105729000000001],[107.571633,-7.105629000000001],[107.571533,-7.105629000000001],[107.571533,-7.105729000000001]]]}},{"type":"Feature","properties":{"row":13,"col":15,"Q1_2025":0.755,"Q2_2025":0.77,"Q3_2025":0.936,"Q4_2025":0.787,"Q1_2026":0.824},"geometry":{"type":"Polygon","coordinates":[[[107.57163299999999,-7.105729000000001],[107.571733,-7.105729000000001],[107.571733,-7.105629000000001],[107.57163299999999,-7.105629000000001],[107.57163299999999,-7.105729000000001]]]}},{"type":"Feature","properties":{"row":13,"col":16,"Q1_2025":0.82,"Q2_2025":0.713,"Q3_2025":0.722,"Q4_2025":0.722,"Q1_2026":0.84},"geometry":{"type":"Polygon","coordinates":[[[107.571733,-7.105729000000001],[107.571833,-7.105729000000001],[107.571833,-7.105629000000001],[107.571733,-7.105629000000001],[107.571733,-7.105729000000001]]]}},{"type":"Feature","properties":{"row":13,"col":17,"Q1_2025":0.762,"Q2_2025":0.788,"Q3_2025":0.703,"Q4_2025":0.841,"Q1_2026":0.871},"geometry":{"type":"Polygon","coordinates":[[[107.571833,-7.105729000000001],[107.571933,-7.105729000000001],[107.571933,-7.105629000000001],[107.571833,-7.105629000000001],[107.571833,-7.105729000000001]]]}},{"type":"Feature","properties":{"row":13,"col":18,"Q1_2025":0.723,"Q2_2025":0.75,"Q3_2025":0.802,"Q4_2025":0.806,"Q1_2026":0.84},"geometry":{"type":"Polygon","coordinates":[[[107.571933,-7.105729000000001],[107.572033,-7.105729000000001],[107.572033,-7.105629000000001],[107.571933,-7.105629000000001],[107.571933,-7.105729000000001]]]}},{"type":"Feature","properties":{"row":13,"col":19,"Q1_2025":0.67,"Q2_2025":0.736,"Q3_2025":0.704,"Q4_2025":0.816,"Q1_2026":0.831},"geometry":{"type":"Polygon","coordinates":[[[107.572033,-7.105729000000001],[107.57213300000001,-7.105729000000001],[107.57213300000001,-7.105629000000001],[107.572033,-7.105629000000001],[107.572033,-7.105729000000001]]]}},{"type":"Feature","properties":{"row":14,"col":0,"Q1_2025":0.604,"Q2_2025":0.643,"Q3_2025":0.571,"Q4_2025":0.712,"Q1_2026":0.665},"geometry":{"type":"Polygon","coordinates":[[[107.570133,-7.105629],[107.570233,-7.105629],[107.570233,-7.105529000000001],[107.570133,-7.105529000000001],[107.570133,-7.105629]]]}},{"type":"Feature","properties":{"row":14,"col":1,"Q1_2025":0.627,"Q2_2025":0.697,"Q3_2025":0.623,"Q4_2025":0.741,"Q1_2026":0.707},"geometry":{"type":"Polygon","coordinates":[[[107.570233,-7.105629],[107.570333,-7.105629],[107.570333,-7.105529000000001],[107.570233,-7.105529000000001],[107.570233,-7.105629]]]}},{"type":"Feature","properties":{"row":14,"col":2,"Q1_2025":0.635,"Q2_2025":0.681,"Q3_2025":0.611,"Q4_2025":0.723,"Q1_2026":0.716},"geometry":{"type":"Polygon","coordinates":[[[107.570333,-7.105629],[107.57043300000001,-7.105629],[107.57043300000001,-7.105529000000001],[107.570333,-7.105529000000001],[107.570333,-7.105629]]]}},{"type":"Feature","properties":{"row":14,"col":3,"Q1_2025":0.697,"Q2_2025":0.655,"Q3_2025":0.668,"Q4_2025":0.724,"Q1_2026":0.723},"geometry":{"type":"Polygon","coordinates":[[[107.570433,-7.105629],[107.570533,-7.105629],[107.570533,-7.105529000000001],[107.570433,-7.105529000000001],[107.570433,-7.105629]]]}},{"type":"Feature","properties":{"row":14,"col":4,"Q1_2025":0.599,"Q2_2025":0.668,"Q3_2025":0.761,"Q4_2025":0.713,"Q1_2026":0.695},"geometry":{"type":"Polygon","coordinates":[[[107.570533,-7.105629],[107.570633,-7.105629],[107.570633,-7.105529000000001],[107.570533,-7.105529000000001],[107.570533,-7.105629]]]}},{"type":"Feature","properties":{"row":14,"col":5,"Q1_2025":0.706,"Q2_2025":0.598,"Q3_2025":0.604,"Q4_2025":0.73,"Q1_2026":0.759},"geometry":{"type":"Polygon","coordinates":[[[107.570633,-7.105629],[107.570733,-7.105629],[107.570733,-7.105529000000001],[107.570633,-7.105529000000001],[107.570633,-7.105629]]]}},{"type":"Feature","properties":{"row":14,"col":6,"Q1_2025":0.693,"Q2_2025":0.658,"Q3_2025":0.715,"Q4_2025":0.672,"Q1_2026":0.773},"geometry":{"type":"Polygon","coordinates":[[[107.570733,-7.105629],[107.57083300000001,-7.105629],[107.57083300000001,-7.105529000000001],[107.570733,-7.105529000000001],[107.570733,-7.105629]]]}},{"type":"Feature","properties":{"row":14,"col":7,"Q1_2025":0.613,"Q2_2025":0.706,"Q3_2025":0.747,"Q4_2025":0.666,"Q1_2026":0.748},"geometry":{"type":"Polygon","coordinates":[[[107.570833,-7.105629],[107.570933,-7.105629],[107.570933,-7.105529000000001],[107.570833,-7.105529000000001],[107.570833,-7.105629]]]}},{"type":"Feature","properties":{"row":14,"col":8,"Q1_2025":0.744,"Q2_2025":0.802,"Q3_2025":0.669,"Q4_2025":0.781,"Q1_2026":0.723},"geometry":{"type":"Polygon","coordinates":[[[107.570933,-7.105629],[107.571033,-7.105629],[107.571033,-7.105529000000001],[107.570933,-7.105529000000001],[107.570933,-7.105629]]]}},{"type":"Feature","properties":{"row":14,"col":9,"Q1_2025":0.646,"Q2_2025":0.813,"Q3_2025":0.787,"Q4_2025":0.733,"Q1_2026":0.804},"geometry":{"type":"Polygon","coordinates":[[[107.571033,-7.105629],[107.571133,-7.105629],[107.571133,-7.105529000000001],[107.571033,-7.105529000000001],[107.571033,-7.105629]]]}},{"type":"Feature","properties":{"row":14,"col":10,"Q1_2025":0.753,"Q2_2025":0.75,"Q3_2025":0.873,"Q4_2025":0.811,"Q1_2026":0.651},"geometry":{"type":"Polygon","coordinates":[[[107.571133,-7.105629],[107.571233,-7.105629],[107.571233,-7.105529000000001],[107.571133,-7.105529000000001],[107.571133,-7.105629]]]}},{"type":"Feature","properties":{"row":14,"col":11,"Q1_2025":0.712,"Q2_2025":0.709,"Q3_2025":0.756,"Q4_2025":0.787,"Q1_2026":0.774},"geometry":{"type":"Polygon","coordinates":[[[107.57123299999999,-7.105629],[107.571333,-7.105629],[107.571333,-7.105529000000001],[107.57123299999999,-7.105529000000001],[107.57123299999999,-7.105629]]]}},{"type":"Feature","properties":{"row":14,"col":12,"Q1_2025":0.675,"Q2_2025":0.818,"Q3_2025":0.799,"Q4_2025":0.756,"Q1_2026":0.843},"geometry":{"type":"Polygon","coordinates":[[[107.571333,-7.105629],[107.571433,-7.105629],[107.571433,-7.105529000000001],[107.571333,-7.105529000000001],[107.571333,-7.105629]]]}},{"type":"Feature","properties":{"row":14,"col":13,"Q1_2025":0.765,"Q2_2025":0.814,"Q3_2025":0.718,"Q4_2025":0.83,"Q1_2026":0.781},"geometry":{"type":"Polygon","coordinates":[[[107.571433,-7.105629],[107.571533,-7.105629],[107.571533,-7.105529000000001],[107.571433,-7.105529000000001],[107.571433,-7.105629]]]}},{"type":"Feature","properties":{"row":14,"col":14,"Q1_2025":0.789,"Q2_2025":0.742,"Q3_2025":0.658,"Q4_2025":0.793,"Q1_2026":0.722},"geometry":{"type":"Polygon","coordinates":[[[107.571533,-7.105629],[107.571633,-7.105629],[107.571633,-7.105529000000001],[107.571533,-7.105529000000001],[107.571533,-7.105629]]]}},{"type":"Feature","properties":{"row":14,"col":15,"Q1_2025":0.72,"Q2_2025":0.747,"Q3_2025":0.75,"Q4_2025":0.716,"Q1_2026":0.755},"geometry":{"type":"Polygon","coordinates":[[[107.57163299999999,-7.105629],[107.571733,-7.105629],[107.571733,-7.105529000000001],[107.57163299999999,-7.105529000000001],[107.57163299999999,-7.105629]]]}},{"type":"Feature","properties":{"row":14,"col":16,"Q1_2025":0.687,"Q2_2025":0.736,"Q3_2025":0.833,"Q4_2025":0.824,"Q1_2026":0.785},"geometry":{"type":"Polygon","coordinates":[[[107.571733,-7.105629],[107.571833,-7.105629],[107.571833,-7.105529000000001],[107.571733,-7.105529000000001],[107.571733,-7.105629]]]}},{"type":"Feature","properties":{"row":14,"col":17,"Q1_2025":0.79,"Q2_2025":0.678,"Q3_2025":0.801,"Q4_2025":0.778,"Q1_2026":0.819},"geometry":{"type":"Polygon","coordinates":[[[107.571833,-7.105629],[107.571933,-7.105629],[107.571933,-7.105529000000001],[107.571833,-7.105529000000001],[107.571833,-7.105629]]]}},{"type":"Feature","properties":{"row":14,"col":18,"Q1_2025":0.756,"Q2_2025":0.71,"Q3_2025":0.804,"Q4_2025":0.784,"Q1_2026":0.925},"geometry":{"type":"Polygon","coordinates":[[[107.571933,-7.105629],[107.572033,-7.105629],[107.572033,-7.105529000000001],[107.571933,-7.105529000000001],[107.571933,-7.105629]]]}},{"type":"Feature","properties":{"row":14,"col":19,"Q1_2025":0.706,"Q2_2025":0.805,"Q3_2025":0.793,"Q4_2025":0.722,"Q1_2026":0.869},"geometry":{"type":"Polygon","coordinates":[[[107.572033,-7.105629],[107.57213300000001,-7.105629],[107.57213300000001,-7.105529000000001],[107.572033,-7.105529000000001],[107.572033,-7.105629]]]}},{"type":"Feature","properties":{"row":15,"col":0,"Q1_2025":0.553,"Q2_2025":0.514,"Q3_2025":0.688,"Q4_2025":0.719,"Q1_2026":0.688},"geometry":{"type":"Polygon","coordinates":[[[107.570133,-7.105529000000001],[107.570233,-7.105529000000001],[107.570233,-7.105429000000001],[107.570133,-7.105429000000001],[107.570133,-7.105529000000001]]]}},{"type":"Feature","properties":{"row":15,"col":1,"Q1_2025":0.605,"Q2_2025":0.717,"Q3_2025":0.693,"Q4_2025":0.645,"Q1_2026":0.734},"geometry":{"type":"Polygon","coordinates":[[[107.570233,-7.105529000000001],[107.570333,-7.105529000000001],[107.570333,-7.105429000000001],[107.570233,-7.105429000000001],[107.570233,-7.105529000000001]]]}},{"type":"Feature","properties":{"row":15,"col":2,"Q1_2025":0.567,"Q2_2025":0.622,"Q3_2025":0.617,"Q4_2025":0.58,"Q1_2026":0.651},"geometry":{"type":"Polygon","coordinates":[[[107.570333,-7.105529000000001],[107.57043300000001,-7.105529000000001],[107.57043300000001,-7.105429000000001],[107.570333,-7.105429000000001],[107.570333,-7.105529000000001]]]}},{"type":"Feature","properties":{"row":15,"col":3,"Q1_2025":0.703,"Q2_2025":0.607,"Q3_2025":0.654,"Q4_2025":0.643,"Q1_2026":0.765},"geometry":{"type":"Polygon","coordinates":[[[107.570433,-7.105529000000001],[107.570533,-7.105529000000001],[107.570533,-7.105429000000001],[107.570433,-7.105429000000001],[107.570433,-7.105529000000001]]]}},{"type":"Feature","properties":{"row":15,"col":4,"Q1_2025":0.653,"Q2_2025":0.698,"Q3_2025":0.688,"Q4_2025":0.655,"Q1_2026":0.685},"geometry":{"type":"Polygon","coordinates":[[[107.570533,-7.105529000000001],[107.570633,-7.105529000000001],[107.570633,-7.105429000000001],[107.570533,-7.105429000000001],[107.570533,-7.105529000000001]]]}},{"type":"Feature","properties":{"row":15,"col":5,"Q1_2025":0.707,"Q2_2025":0.682,"Q3_2025":0.744,"Q4_2025":0.567,"Q1_2026":0.801},"geometry":{"type":"Polygon","coordinates":[[[107.570633,-7.105529000000001],[107.570733,-7.105529000000001],[107.570733,-7.105429000000001],[107.570633,-7.105429000000001],[107.570633,-7.105529000000001]]]}},{"type":"Feature","properties":{"row":15,"col":6,"Q1_2025":0.652,"Q2_2025":0.805,"Q3_2025":0.691,"Q4_2025":0.738,"Q1_2026":0.789},"geometry":{"type":"Polygon","coordinates":[[[107.570733,-7.105529000000001],[107.57083300000001,-7.105529000000001],[107.57083300000001,-7.105429000000001],[107.570733,-7.105429000000001],[107.570733,-7.105529000000001]]]}},{"type":"Feature","properties":{"row":15,"col":7,"Q1_2025":0.643,"Q2_2025":0.751,"Q3_2025":0.695,"Q4_2025":0.811,"Q1_2026":0.807},"geometry":{"type":"Polygon","coordinates":[[[107.570833,-7.105529000000001],[107.570933,-7.105529000000001],[107.570933,-7.105429000000001],[107.570833,-7.105429000000001],[107.570833,-7.105529000000001]]]}},{"type":"Feature","properties":{"row":15,"col":8,"Q1_2025":0.722,"Q2_2025":0.681,"Q3_2025":0.726,"Q4_2025":0.772,"Q1_2026":0.675},"geometry":{"type":"Polygon","coordinates":[[[107.570933,-7.105529000000001],[107.571033,-7.105529000000001],[107.571033,-7.105429000000001],[107.570933,-7.105429000000001],[107.570933,-7.105529000000001]]]}},{"type":"Feature","properties":{"row":15,"col":9,"Q1_2025":0.678,"Q2_2025":0.772,"Q3_2025":0.682,"Q4_2025":0.829,"Q1_2026":0.754},"geometry":{"type":"Polygon","coordinates":[[[107.571033,-7.105529000000001],[107.571133,-7.105529000000001],[107.571133,-7.105429000000001],[107.571033,-7.105429000000001],[107.571033,-7.105529000000001]]]}},{"type":"Feature","properties":{"row":15,"col":10,"Q1_2025":0.729,"Q2_2025":0.675,"Q3_2025":0.777,"Q4_2025":0.795,"Q1_2026":0.849},"geometry":{"type":"Polygon","coordinates":[[[107.571133,-7.105529000000001],[107.571233,-7.105529000000001],[107.571233,-7.105429000000001],[107.571133,-7.105429000000001],[107.571133,-7.105529000000001]]]}},{"type":"Feature","properties":{"row":15,"col":11,"Q1_2025":0.785,"Q2_2025":0.8,"Q3_2025":0.768,"Q4_2025":0.716,"Q1_2026":0.864},"geometry":{"type":"Polygon","coordinates":[[[107.57123299999999,-7.105529000000001],[107.571333,-7.105529000000001],[107.571333,-7.105429000000001],[107.57123299999999,-7.105429000000001],[107.57123299999999,-7.105529000000001]]]}},{"type":"Feature","properties":{"row":15,"col":12,"Q1_2025":0.656,"Q2_2025":0.719,"Q3_2025":0.798,"Q4_2025":0.804,"Q1_2026":0.881},"geometry":{"type":"Polygon","coordinates":[[[107.571333,-7.105529000000001],[107.571433,-7.105529000000001],[107.571433,-7.105429000000001],[107.571333,-7.105429000000001],[107.571333,-7.105529000000001]]]}},{"type":"Feature","properties":{"row":15,"col":13,"Q1_2025":0.723,"Q2_2025":0.659,"Q3_2025":0.75,"Q4_2025":0.792,"Q1_2026":0.786},"geometry":{"type":"Polygon","coordinates":[[[107.571433,-7.105529000000001],[107.571533,-7.105529000000001],[107.571533,-7.105429000000001],[107.571433,-7.105429000000001],[107.571433,-7.105529000000001]]]}},{"type":"Feature","properties":{"row":15,"col":14,"Q1_2025":0.795,"Q2_2025":0.732,"Q3_2025":0.693,"Q4_2025":0.808,"Q1_2026":0.747},"geometry":{"type":"Polygon","coordinates":[[[107.571533,-7.105529000000001],[107.571633,-7.105529000000001],[107.571633,-7.105429000000001],[107.571533,-7.105429000000001],[107.571533,-7.105529000000001]]]}},{"type":"Feature","properties":{"row":15,"col":15,"Q1_2025":0.809,"Q2_2025":0.758,"Q3_2025":0.694,"Q4_2025":0.838,"Q1_2026":0.923},"geometry":{"type":"Polygon","coordinates":[[[107.57163299999999,-7.105529000000001],[107.571733,-7.105529000000001],[107.571733,-7.105429000000001],[107.57163299999999,-7.105429000000001],[107.57163299999999,-7.105529000000001]]]}},{"type":"Feature","properties":{"row":15,"col":16,"Q1_2025":0.623,"Q2_2025":0.788,"Q3_2025":0.788,"Q4_2025":0.792,"Q1_2026":0.82},"geometry":{"type":"Polygon","coordinates":[[[107.571733,-7.105529000000001],[107.571833,-7.105529000000001],[107.571833,-7.105429000000001],[107.571733,-7.105429000000001],[107.571733,-7.105529000000001]]]}},{"type":"Feature","properties":{"row":15,"col":17,"Q1_2025":0.746,"Q2_2025":0.707,"Q3_2025":0.832,"Q4_2025":0.714,"Q1_2026":0.9},"geometry":{"type":"Polygon","coordinates":[[[107.571833,-7.105529000000001],[107.571933,-7.105529000000001],[107.571933,-7.105429000000001],[107.571833,-7.105429000000001],[107.571833,-7.105529000000001]]]}},{"type":"Feature","properties":{"row":15,"col":18,"Q1_2025":0.796,"Q2_2025":0.68,"Q3_2025":0.759,"Q4_2025":0.85,"Q1_2026":0.775},"geometry":{"type":"Polygon","coordinates":[[[107.571933,-7.105529000000001],[107.572033,-7.105529000000001],[107.572033,-7.105429000000001],[107.571933,-7.105429000000001],[107.571933,-7.105529000000001]]]}},{"type":"Feature","properties":{"row":15,"col":19,"Q1_2025":0.709,"Q2_2025":0.717,"Q3_2025":0.815,"Q4_2025":0.746,"Q1_2026":0.796},"geometry":{"type":"Polygon","coordinates":[[[107.572033,-7.105529000000001],[107.57213300000001,-7.105529000000001],[107.57213300000001,-7.105429000000001],[107.572033,-7.105429000000001],[107.572033,-7.105529000000001]]]}},{"type":"Feature","properties":{"row":16,"col":0,"Q1_2025":0.629,"Q2_2025":0.612,"Q3_2025":0.599,"Q4_2025":0.595,"Q1_2026":0.606},"geometry":{"type":"Polygon","coordinates":[[[107.570133,-7.105429000000001],[107.570233,-7.105429000000001],[107.570233,-7.105329000000001],[107.570133,-7.105329000000001],[107.570133,-7.105429000000001]]]}},{"type":"Feature","properties":{"row":16,"col":1,"Q1_2025":0.555,"Q2_2025":0.548,"Q3_2025":0.617,"Q4_2025":0.689,"Q1_2026":0.696},"geometry":{"type":"Polygon","coordinates":[[[107.570233,-7.105429000000001],[107.570333,-7.105429000000001],[107.570333,-7.105329000000001],[107.570233,-7.105329000000001],[107.570233,-7.105429000000001]]]}},{"type":"Feature","properties":{"row":16,"col":2,"Q1_2025":0.584,"Q2_2025":0.594,"Q3_2025":0.616,"Q4_2025":0.616,"Q1_2026":0.644},"geometry":{"type":"Polygon","coordinates":[[[107.570333,-7.105429000000001],[107.57043300000001,-7.105429000000001],[107.57043300000001,-7.105329000000001],[107.570333,-7.105329000000001],[107.570333,-7.105429000000001]]]}},{"type":"Feature","properties":{"row":16,"col":3,"Q1_2025":0.673,"Q2_2025":0.587,"Q3_2025":0.678,"Q4_2025":0.666,"Q1_2026":0.838},"geometry":{"type":"Polygon","coordinates":[[[107.570433,-7.105429000000001],[107.570533,-7.105429000000001],[107.570533,-7.105329000000001],[107.570433,-7.105329000000001],[107.570433,-7.105429000000001]]]}},{"type":"Feature","properties":{"row":16,"col":4,"Q1_2025":0.558,"Q2_2025":0.678,"Q3_2025":0.671,"Q4_2025":0.67,"Q1_2026":0.744},"geometry":{"type":"Polygon","coordinates":[[[107.570533,-7.105429000000001],[107.570633,-7.105429000000001],[107.570633,-7.105329000000001],[107.570533,-7.105329000000001],[107.570533,-7.105429000000001]]]}},{"type":"Feature","properties":{"row":16,"col":5,"Q1_2025":0.667,"Q2_2025":0.626,"Q3_2025":0.721,"Q4_2025":0.739,"Q1_2026":0.805},"geometry":{"type":"Polygon","coordinates":[[[107.570633,-7.105429000000001],[107.570733,-7.105429000000001],[107.570733,-7.105329000000001],[107.570633,-7.105329000000001],[107.570633,-7.105429000000001]]]}},{"type":"Feature","properties":{"row":16,"col":6,"Q1_2025":0.639,"Q2_2025":0.763,"Q3_2025":0.7,"Q4_2025":0.631,"Q1_2026":0.776},"geometry":{"type":"Polygon","coordinates":[[[107.570733,-7.105429000000001],[107.57083300000001,-7.105429000000001],[107.57083300000001,-7.105329000000001],[107.570733,-7.105329000000001],[107.570733,-7.105429000000001]]]}},{"type":"Feature","properties":{"row":16,"col":7,"Q1_2025":0.676,"Q2_2025":0.656,"Q3_2025":0.767,"Q4_2025":0.716,"Q1_2026":0.811},"geometry":{"type":"Polygon","coordinates":[[[107.570833,-7.105429000000001],[107.570933,-7.105429000000001],[107.570933,-7.105329000000001],[107.570833,-7.105329000000001],[107.570833,-7.105429000000001]]]}},{"type":"Feature","properties":{"row":16,"col":8,"Q1_2025":0.685,"Q2_2025":0.747,"Q3_2025":0.763,"Q4_2025":0.773,"Q1_2026":0.717},"geometry":{"type":"Polygon","coordinates":[[[107.570933,-7.105429000000001],[107.571033,-7.105429000000001],[107.571033,-7.105329000000001],[107.570933,-7.105329000000001],[107.570933,-7.105429000000001]]]}},{"type":"Feature","properties":{"row":16,"col":9,"Q1_2025":0.743,"Q2_2025":0.718,"Q3_2025":0.837,"Q4_2025":0.781,"Q1_2026":0.815},"geometry":{"type":"Polygon","coordinates":[[[107.571033,-7.105429000000001],[107.571133,-7.105429000000001],[107.571133,-7.105329000000001],[107.571033,-7.105329000000001],[107.571033,-7.105429000000001]]]}},{"type":"Feature","properties":{"row":16,"col":10,"Q1_2025":0.666,"Q2_2025":0.704,"Q3_2025":0.749,"Q4_2025":0.705,"Q1_2026":0.725},"geometry":{"type":"Polygon","coordinates":[[[107.571133,-7.105429000000001],[107.571233,-7.105429000000001],[107.571233,-7.105329000000001],[107.571133,-7.105329000000001],[107.571133,-7.105429000000001]]]}},{"type":"Feature","properties":{"row":16,"col":11,"Q1_2025":0.704,"Q2_2025":0.725,"Q3_2025":0.759,"Q4_2025":0.825,"Q1_2026":0.769},"geometry":{"type":"Polygon","coordinates":[[[107.57123299999999,-7.105429000000001],[107.571333,-7.105429000000001],[107.571333,-7.105329000000001],[107.57123299999999,-7.105329000000001],[107.57123299999999,-7.105429000000001]]]}},{"type":"Feature","properties":{"row":16,"col":12,"Q1_2025":0.747,"Q2_2025":0.726,"Q3_2025":0.743,"Q4_2025":0.786,"Q1_2026":0.69},"geometry":{"type":"Polygon","coordinates":[[[107.571333,-7.105429000000001],[107.571433,-7.105429000000001],[107.571433,-7.105329000000001],[107.571333,-7.105329000000001],[107.571333,-7.105429000000001]]]}},{"type":"Feature","properties":{"row":16,"col":13,"Q1_2025":0.719,"Q2_2025":0.704,"Q3_2025":0.709,"Q4_2025":0.681,"Q1_2026":0.774},"geometry":{"type":"Polygon","coordinates":[[[107.571433,-7.105429000000001],[107.571533,-7.105429000000001],[107.571533,-7.105329000000001],[107.571433,-7.105329000000001],[107.571433,-7.105429000000001]]]}},{"type":"Feature","properties":{"row":16,"col":14,"Q1_2025":0.623,"Q2_2025":0.781,"Q3_2025":0.745,"Q4_2025":0.693,"Q1_2026":0.763},"geometry":{"type":"Polygon","coordinates":[[[107.571533,-7.105429000000001],[107.571633,-7.105429000000001],[107.571633,-7.105329000000001],[107.571533,-7.105329000000001],[107.571533,-7.105429000000001]]]}},{"type":"Feature","properties":{"row":16,"col":15,"Q1_2025":0.755,"Q2_2025":0.708,"Q3_2025":0.743,"Q4_2025":0.759,"Q1_2026":0.791},"geometry":{"type":"Polygon","coordinates":[[[107.57163299999999,-7.105429000000001],[107.571733,-7.105429000000001],[107.571733,-7.105329000000001],[107.57163299999999,-7.105329000000001],[107.57163299999999,-7.105429000000001]]]}},{"type":"Feature","properties":{"row":16,"col":16,"Q1_2025":0.632,"Q2_2025":0.735,"Q3_2025":0.729,"Q4_2025":0.925,"Q1_2026":0.786},"geometry":{"type":"Polygon","coordinates":[[[107.571733,-7.105429000000001],[107.571833,-7.105429000000001],[107.571833,-7.105329000000001],[107.571733,-7.105329000000001],[107.571733,-7.105429000000001]]]}},{"type":"Feature","properties":{"row":16,"col":17,"Q1_2025":0.693,"Q2_2025":0.785,"Q3_2025":0.748,"Q4_2025":0.789,"Q1_2026":0.752},"geometry":{"type":"Polygon","coordinates":[[[107.571833,-7.105429000000001],[107.571933,-7.105429000000001],[107.571933,-7.105329000000001],[107.571833,-7.105329000000001],[107.571833,-7.105429000000001]]]}},{"type":"Feature","properties":{"row":16,"col":18,"Q1_2025":0.792,"Q2_2025":0.703,"Q3_2025":0.773,"Q4_2025":0.831,"Q1_2026":0.779},"geometry":{"type":"Polygon","coordinates":[[[107.571933,-7.105429000000001],[107.572033,-7.105429000000001],[107.572033,-7.105329000000001],[107.571933,-7.105329000000001],[107.571933,-7.105429000000001]]]}},{"type":"Feature","properties":{"row":16,"col":19,"Q1_2025":0.712,"Q2_2025":0.761,"Q3_2025":0.786,"Q4_2025":0.717,"Q1_2026":0.801},"geometry":{"type":"Polygon","coordinates":[[[107.572033,-7.105429000000001],[107.57213300000001,-7.105429000000001],[107.57213300000001,-7.105329000000001],[107.572033,-7.105329000000001],[107.572033,-7.105429000000001]]]}},{"type":"Feature","properties":{"row":17,"col":0,"Q1_2025":0.551,"Q2_2025":0.581,"Q3_2025":0.606,"Q4_2025":0.719,"Q1_2026":0.758},"geometry":{"type":"Polygon","coordinates":[[[107.570133,-7.105329000000001],[107.570233,-7.105329000000001],[107.570233,-7.105229000000001],[107.570133,-7.105229000000001],[107.570133,-7.105329000000001]]]}},{"type":"Feature","properties":{"row":17,"col":1,"Q1_2025":0.74,"Q2_2025":0.627,"Q3_2025":0.607,"Q4_2025":0.621,"Q1_2026":0.77},"geometry":{"type":"Polygon","coordinates":[[[107.570233,-7.105329000000001],[107.570333,-7.105329000000001],[107.570333,-7.105229000000001],[107.570233,-7.105229000000001],[107.570233,-7.105329000000001]]]}},{"type":"Feature","properties":{"row":17,"col":2,"Q1_2025":0.544,"Q2_2025":0.625,"Q3_2025":0.632,"Q4_2025":0.768,"Q1_2026":0.65},"geometry":{"type":"Polygon","coordinates":[[[107.570333,-7.105329000000001],[107.57043300000001,-7.105329000000001],[107.57043300000001,-7.105229000000001],[107.570333,-7.105229000000001],[107.570333,-7.105329000000001]]]}},{"type":"Feature","properties":{"row":17,"col":3,"Q1_2025":0.687,"Q2_2025":0.717,"Q3_2025":0.663,"Q4_2025":0.715,"Q1_2026":0.635},"geometry":{"type":"Polygon","coordinates":[[[107.570433,-7.105329000000001],[107.570533,-7.105329000000001],[107.570533,-7.105229000000001],[107.570433,-7.105229000000001],[107.570433,-7.105329000000001]]]}},{"type":"Feature","properties":{"row":17,"col":4,"Q1_2025":0.638,"Q2_2025":0.652,"Q3_2025":0.553,"Q4_2025":0.723,"Q1_2026":0.74},"geometry":{"type":"Polygon","coordinates":[[[107.570533,-7.105329000000001],[107.570633,-7.105329000000001],[107.570633,-7.105229000000001],[107.570533,-7.105229000000001],[107.570533,-7.105329000000001]]]}},{"type":"Feature","properties":{"row":17,"col":5,"Q1_2025":0.568,"Q2_2025":0.602,"Q3_2025":0.656,"Q4_2025":0.687,"Q1_2026":0.718},"geometry":{"type":"Polygon","coordinates":[[[107.570633,-7.105329000000001],[107.570733,-7.105329000000001],[107.570733,-7.105229000000001],[107.570633,-7.105229000000001],[107.570633,-7.105329000000001]]]}},{"type":"Feature","properties":{"row":17,"col":6,"Q1_2025":0.615,"Q2_2025":0.633,"Q3_2025":0.718,"Q4_2025":0.699,"Q1_2026":0.738},"geometry":{"type":"Polygon","coordinates":[[[107.570733,-7.105329000000001],[107.57083300000001,-7.105329000000001],[107.57083300000001,-7.105229000000001],[107.570733,-7.105229000000001],[107.570733,-7.105329000000001]]]}},{"type":"Feature","properties":{"row":17,"col":7,"Q1_2025":0.661,"Q2_2025":0.715,"Q3_2025":0.705,"Q4_2025":0.776,"Q1_2026":0.758},"geometry":{"type":"Polygon","coordinates":[[[107.570833,-7.105329000000001],[107.570933,-7.105329000000001],[107.570933,-7.105229000000001],[107.570833,-7.105229000000001],[107.570833,-7.105329000000001]]]}},{"type":"Feature","properties":{"row":17,"col":8,"Q1_2025":0.726,"Q2_2025":0.763,"Q3_2025":0.648,"Q4_2025":0.787,"Q1_2026":0.85},"geometry":{"type":"Polygon","coordinates":[[[107.570933,-7.105329000000001],[107.571033,-7.105329000000001],[107.571033,-7.105229000000001],[107.570933,-7.105229000000001],[107.570933,-7.105329000000001]]]}},{"type":"Feature","properties":{"row":17,"col":9,"Q1_2025":0.64,"Q2_2025":0.707,"Q3_2025":0.711,"Q4_2025":0.771,"Q1_2026":0.795},"geometry":{"type":"Polygon","coordinates":[[[107.571033,-7.105329000000001],[107.571133,-7.105329000000001],[107.571133,-7.105229000000001],[107.571033,-7.105229000000001],[107.571033,-7.105329000000001]]]}},{"type":"Feature","properties":{"row":17,"col":10,"Q1_2025":0.662,"Q2_2025":0.781,"Q3_2025":0.692,"Q4_2025":0.748,"Q1_2026":0.826},"geometry":{"type":"Polygon","coordinates":[[[107.571133,-7.105329000000001],[107.571233,-7.105329000000001],[107.571233,-7.105229000000001],[107.571133,-7.105229000000001],[107.571133,-7.105329000000001]]]}},{"type":"Feature","properties":{"row":17,"col":11,"Q1_2025":0.798,"Q2_2025":0.695,"Q3_2025":0.78,"Q4_2025":0.772,"Q1_2026":0.701},"geometry":{"type":"Polygon","coordinates":[[[107.57123299999999,-7.105329000000001],[107.571333,-7.105329000000001],[107.571333,-7.105229000000001],[107.57123299999999,-7.105229000000001],[107.57123299999999,-7.105329000000001]]]}},{"type":"Feature","properties":{"row":17,"col":12,"Q1_2025":0.657,"Q2_2025":0.664,"Q3_2025":0.72,"Q4_2025":0.744,"Q1_2026":0.786},"geometry":{"type":"Polygon","coordinates":[[[107.571333,-7.105329000000001],[107.571433,-7.105329000000001],[107.571433,-7.105229000000001],[107.571333,-7.105229000000001],[107.571333,-7.105329000000001]]]}},{"type":"Feature","properties":{"row":17,"col":13,"Q1_2025":0.771,"Q2_2025":0.749,"Q3_2025":0.88,"Q4_2025":0.755,"Q1_2026":0.827},"geometry":{"type":"Polygon","coordinates":[[[107.571433,-7.105329000000001],[107.571533,-7.105329000000001],[107.571533,-7.105229000000001],[107.571433,-7.105229000000001],[107.571433,-7.105329000000001]]]}},{"type":"Feature","properties":{"row":17,"col":14,"Q1_2025":0.73,"Q2_2025":0.805,"Q3_2025":0.73,"Q4_2025":0.812,"Q1_2026":0.871},"geometry":{"type":"Polygon","coordinates":[[[107.571533,-7.105329000000001],[107.571633,-7.105329000000001],[107.571633,-7.105229000000001],[107.571533,-7.105229000000001],[107.571533,-7.105329000000001]]]}},{"type":"Feature","properties":{"row":17,"col":15,"Q1_2025":0.674,"Q2_2025":0.726,"Q3_2025":0.775,"Q4_2025":0.748,"Q1_2026":0.746},"geometry":{"type":"Polygon","coordinates":[[[107.57163299999999,-7.105329000000001],[107.571733,-7.105329000000001],[107.571733,-7.105229000000001],[107.57163299999999,-7.105229000000001],[107.57163299999999,-7.105329000000001]]]}},{"type":"Feature","properties":{"row":17,"col":16,"Q1_2025":0.802,"Q2_2025":0.719,"Q3_2025":0.837,"Q4_2025":0.745,"Q1_2026":0.78},"geometry":{"type":"Polygon","coordinates":[[[107.571733,-7.105329000000001],[107.571833,-7.105329000000001],[107.571833,-7.105229000000001],[107.571733,-7.105229000000001],[107.571733,-7.105329000000001]]]}},{"type":"Feature","properties":{"row":17,"col":17,"Q1_2025":0.749,"Q2_2025":0.719,"Q3_2025":0.705,"Q4_2025":0.733,"Q1_2026":0.803},"geometry":{"type":"Polygon","coordinates":[[[107.571833,-7.105329000000001],[107.571933,-7.105329000000001],[107.571933,-7.105229000000001],[107.571833,-7.105229000000001],[107.571833,-7.105329000000001]]]}},{"type":"Feature","properties":{"row":17,"col":18,"Q1_2025":0.675,"Q2_2025":0.732,"Q3_2025":0.635,"Q4_2025":0.74,"Q1_2026":0.779},"geometry":{"type":"Polygon","coordinates":[[[107.571933,-7.105329000000001],[107.572033,-7.105329000000001],[107.572033,-7.105229000000001],[107.571933,-7.105229000000001],[107.571933,-7.105329000000001]]]}},{"type":"Feature","properties":{"row":17,"col":19,"Q1_2025":0.68,"Q2_2025":0.676,"Q3_2025":0.702,"Q4_2025":0.77,"Q1_2026":0.86},"geometry":{"type":"Polygon","coordinates":[[[107.572033,-7.105329000000001],[107.57213300000001,-7.105329000000001],[107.57213300000001,-7.105229000000001],[107.572033,-7.105229000000001],[107.572033,-7.105329000000001]]]}},{"type":"Feature","properties":{"row":18,"col":0,"Q1_2025":0.524,"Q2_2025":0.6,"Q3_2025":0.683,"Q4_2025":0.671,"Q1_2026":0.669},"geometry":{"type":"Polygon","coordinates":[[[107.570133,-7.1052290000000005],[107.570233,-7.1052290000000005],[107.570233,-7.105129000000001],[107.570133,-7.105129000000001],[107.570133,-7.1052290000000005]]]}},{"type":"Feature","properties":{"row":18,"col":1,"Q1_2025":0.582,"Q2_2025":0.625,"Q3_2025":0.64,"Q4_2025":0.555,"Q1_2026":0.649},"geometry":{"type":"Polygon","coordinates":[[[107.570233,-7.1052290000000005],[107.570333,-7.1052290000000005],[107.570333,-7.105129000000001],[107.570233,-7.105129000000001],[107.570233,-7.1052290000000005]]]}},{"type":"Feature","properties":{"row":18,"col":2,"Q1_2025":0.518,"Q2_2025":0.7,"Q3_2025":0.697,"Q4_2025":0.636,"Q1_2026":0.736},"geometry":{"type":"Polygon","coordinates":[[[107.570333,-7.1052290000000005],[107.57043300000001,-7.1052290000000005],[107.57043300000001,-7.105129000000001],[107.570333,-7.105129000000001],[107.570333,-7.1052290000000005]]]}},{"type":"Feature","properties":{"row":18,"col":3,"Q1_2025":0.748,"Q2_2025":0.615,"Q3_2025":0.731,"Q4_2025":0.704,"Q1_2026":0.694},"geometry":{"type":"Polygon","coordinates":[[[107.570433,-7.1052290000000005],[107.570533,-7.1052290000000005],[107.570533,-7.105129000000001],[107.570433,-7.105129000000001],[107.570433,-7.1052290000000005]]]}},{"type":"Feature","properties":{"row":18,"col":4,"Q1_2025":0.581,"Q2_2025":0.629,"Q3_2025":0.657,"Q4_2025":0.581,"Q1_2026":0.743},"geometry":{"type":"Polygon","coordinates":[[[107.570533,-7.1052290000000005],[107.570633,-7.1052290000000005],[107.570633,-7.105129000000001],[107.570533,-7.105129000000001],[107.570533,-7.1052290000000005]]]}},{"type":"Feature","properties":{"row":18,"col":5,"Q1_2025":0.63,"Q2_2025":0.689,"Q3_2025":0.665,"Q4_2025":0.856,"Q1_2026":0.644},"geometry":{"type":"Polygon","coordinates":[[[107.570633,-7.1052290000000005],[107.570733,-7.1052290000000005],[107.570733,-7.105129000000001],[107.570633,-7.105129000000001],[107.570633,-7.1052290000000005]]]}},{"type":"Feature","properties":{"row":18,"col":6,"Q1_2025":0.609,"Q2_2025":0.711,"Q3_2025":0.814,"Q4_2025":0.666,"Q1_2026":0.827},"geometry":{"type":"Polygon","coordinates":[[[107.570733,-7.1052290000000005],[107.57083300000001,-7.1052290000000005],[107.57083300000001,-7.105129000000001],[107.570733,-7.105129000000001],[107.570733,-7.1052290000000005]]]}},{"type":"Feature","properties":{"row":18,"col":7,"Q1_2025":0.619,"Q2_2025":0.75,"Q3_2025":0.709,"Q4_2025":0.836,"Q1_2026":0.834},"geometry":{"type":"Polygon","coordinates":[[[107.570833,-7.1052290000000005],[107.570933,-7.1052290000000005],[107.570933,-7.105129000000001],[107.570833,-7.105129000000001],[107.570833,-7.1052290000000005]]]}},{"type":"Feature","properties":{"row":18,"col":8,"Q1_2025":0.641,"Q2_2025":0.84,"Q3_2025":0.657,"Q4_2025":0.717,"Q1_2026":0.844},"geometry":{"type":"Polygon","coordinates":[[[107.570933,-7.1052290000000005],[107.571033,-7.1052290000000005],[107.571033,-7.105129000000001],[107.570933,-7.105129000000001],[107.570933,-7.1052290000000005]]]}},{"type":"Feature","properties":{"row":18,"col":9,"Q1_2025":0.644,"Q2_2025":0.668,"Q3_2025":0.727,"Q4_2025":0.763,"Q1_2026":0.78},"geometry":{"type":"Polygon","coordinates":[[[107.571033,-7.1052290000000005],[107.571133,-7.1052290000000005],[107.571133,-7.105129000000001],[107.571033,-7.105129000000001],[107.571033,-7.1052290000000005]]]}},{"type":"Feature","properties":{"row":18,"col":10,"Q1_2025":0.649,"Q2_2025":0.717,"Q3_2025":0.759,"Q4_2025":0.822,"Q1_2026":0.783},"geometry":{"type":"Polygon","coordinates":[[[107.571133,-7.1052290000000005],[107.571233,-7.1052290000000005],[107.571233,-7.105129000000001],[107.571133,-7.105129000000001],[107.571133,-7.1052290000000005]]]}},{"type":"Feature","properties":{"row":18,"col":11,"Q1_2025":0.629,"Q2_2025":0.713,"Q3_2025":0.701,"Q4_2025":0.818,"Q1_2026":0.688},"geometry":{"type":"Polygon","coordinates":[[[107.57123299999999,-7.1052290000000005],[107.571333,-7.1052290000000005],[107.571333,-7.105129000000001],[107.57123299999999,-7.105129000000001],[107.57123299999999,-7.1052290000000005]]]}},{"type":"Feature","properties":{"row":18,"col":12,"Q1_2025":0.724,"Q2_2025":0.663,"Q3_2025":0.8,"Q4_2025":0.795,"Q1_2026":0.787},"geometry":{"type":"Polygon","coordinates":[[[107.571333,-7.1052290000000005],[107.571433,-7.1052290000000005],[107.571433,-7.105129000000001],[107.571333,-7.105129000000001],[107.571333,-7.1052290000000005]]]}},{"type":"Feature","properties":{"row":18,"col":13,"Q1_2025":0.725,"Q2_2025":0.702,"Q3_2025":0.773,"Q4_2025":0.757,"Q1_2026":0.816},"geometry":{"type":"Polygon","coordinates":[[[107.571433,-7.1052290000000005],[107.571533,-7.1052290000000005],[107.571533,-7.105129000000001],[107.571433,-7.105129000000001],[107.571433,-7.1052290000000005]]]}},{"type":"Feature","properties":{"row":18,"col":14,"Q1_2025":0.704,"Q2_2025":0.597,"Q3_2025":0.716,"Q4_2025":0.837,"Q1_2026":0.854},"geometry":{"type":"Polygon","coordinates":[[[107.571533,-7.1052290000000005],[107.571633,-7.1052290000000005],[107.571633,-7.105129000000001],[107.571533,-7.105129000000001],[107.571533,-7.1052290000000005]]]}},{"type":"Feature","properties":{"row":18,"col":15,"Q1_2025":0.708,"Q2_2025":0.716,"Q3_2025":0.726,"Q4_2025":0.794,"Q1_2026":0.812},"geometry":{"type":"Polygon","coordinates":[[[107.57163299999999,-7.1052290000000005],[107.571733,-7.1052290000000005],[107.571733,-7.105129000000001],[107.57163299999999,-7.105129000000001],[107.57163299999999,-7.1052290000000005]]]}},{"type":"Feature","properties":{"row":18,"col":16,"Q1_2025":0.654,"Q2_2025":0.756,"Q3_2025":0.805,"Q4_2025":0.715,"Q1_2026":0.774},"geometry":{"type":"Polygon","coordinates":[[[107.571733,-7.1052290000000005],[107.571833,-7.1052290000000005],[107.571833,-7.105129000000001],[107.571733,-7.105129000000001],[107.571733,-7.1052290000000005]]]}},{"type":"Feature","properties":{"row":18,"col":17,"Q1_2025":0.726,"Q2_2025":0.759,"Q3_2025":0.722,"Q4_2025":0.736,"Q1_2026":0.759},"geometry":{"type":"Polygon","coordinates":[[[107.571833,-7.1052290000000005],[107.571933,-7.1052290000000005],[107.571933,-7.105129000000001],[107.571833,-7.105129000000001],[107.571833,-7.1052290000000005]]]}},{"type":"Feature","properties":{"row":18,"col":18,"Q1_2025":0.721,"Q2_2025":0.743,"Q3_2025":0.741,"Q4_2025":0.693,"Q1_2026":0.727},"geometry":{"type":"Polygon","coordinates":[[[107.571933,-7.1052290000000005],[107.572033,-7.1052290000000005],[107.572033,-7.105129000000001],[107.571933,-7.105129000000001],[107.571933,-7.1052290000000005]]]}},{"type":"Feature","properties":{"row":18,"col":19,"Q1_2025":0.732,"Q2_2025":0.659,"Q3_2025":0.751,"Q4_2025":0.742,"Q1_2026":0.75},"geometry":{"type":"Polygon","coordinates":[[[107.572033,-7.1052290000000005],[107.57213300000001,-7.1052290000000005],[107.57213300000001,-7.105129000000001],[107.572033,-7.105129000000001],[107.572033,-7.1052290000000005]]]}},{"type":"Feature","properties":{"row":19,"col":0,"Q1_2025":0.591,"Q2_2025":0.693,"Q3_2025":0.644,"Q4_2025":0.634,"Q1_2026":0.596},"geometry":{"type":"Polygon","coordinates":[[[107.570133,-7.105129000000001],[107.570233,-7.105129000000001],[107.570233,-7.105029000000001],[107.570133,-7.105029000000001],[107.570133,-7.105129000000001]]]}},{"type":"Feature","properties":{"row":19,"col":1,"Q1_2025":0.625,"Q2_2025":0.676,"Q3_2025":0.67,"Q4_2025":0.718,"Q1_2026":0.703},"geometry":{"type":"Polygon","coordinates":[[[107.570233,-7.105129000000001],[107.570333,-7.105129000000001],[107.570333,-7.105029000000001],[107.570233,-7.105029000000001],[107.570233,-7.105129000000001]]]}},{"type":"Feature","properties":{"row":19,"col":2,"Q1_2025":0.545,"Q2_2025":0.628,"Q3_2025":0.676,"Q4_2025":0.706,"Q1_2026":0.665},"geometry":{"type":"Polygon","coordinates":[[[107.570333,-7.105129000000001],[107.57043300000001,-7.105129000000001],[107.57043300000001,-7.105029000000001],[107.570333,-7.105029000000001],[107.570333,-7.105129000000001]]]}},{"type":"Feature","properties":{"row":19,"col":3,"Q1_2025":0.617,"Q2_2025":0.658,"Q3_2025":0.724,"Q4_2025":0.73,"Q1_2026":0.732},"geometry":{"type":"Polygon","coordinates":[[[107.570433,-7.105129000000001],[107.570533,-7.105129000000001],[107.570533,-7.105029000000001],[107.570433,-7.105029000000001],[107.570433,-7.105129000000001]]]}},{"type":"Feature","properties":{"row":19,"col":4,"Q1_2025":0.65,"Q2_2025":0.599,"Q3_2025":0.615,"Q4_2025":0.685,"Q1_2026":0.762},"geometry":{"type":"Polygon","coordinates":[[[107.570533,-7.105129000000001],[107.570633,-7.105129000000001],[107.570633,-7.105029000000001],[107.570533,-7.105029000000001],[107.570533,-7.105129000000001]]]}},{"type":"Feature","properties":{"row":19,"col":5,"Q1_2025":0.659,"Q2_2025":0.688,"Q3_2025":0.605,"Q4_2025":0.627,"Q1_2026":0.776},"geometry":{"type":"Polygon","coordinates":[[[107.570633,-7.105129000000001],[107.570733,-7.105129000000001],[107.570733,-7.105029000000001],[107.570633,-7.105029000000001],[107.570633,-7.105129000000001]]]}},{"type":"Feature","properties":{"row":19,"col":6,"Q1_2025":0.647,"Q2_2025":0.603,"Q3_2025":0.733,"Q4_2025":0.722,"Q1_2026":0.876},"geometry":{"type":"Polygon","coordinates":[[[107.570733,-7.105129000000001],[107.57083300000001,-7.105129000000001],[107.57083300000001,-7.105029000000001],[107.570733,-7.105029000000001],[107.570733,-7.105129000000001]]]}},{"type":"Feature","properties":{"row":19,"col":7,"Q1_2025":0.72,"Q2_2025":0.695,"Q3_2025":0.69,"Q4_2025":0.729,"Q1_2026":0.732},"geometry":{"type":"Polygon","coordinates":[[[107.570833,-7.105129000000001],[107.570933,-7.105129000000001],[107.570933,-7.105029000000001],[107.570833,-7.105029000000001],[107.570833,-7.105129000000001]]]}},{"type":"Feature","properties":{"row":19,"col":8,"Q1_2025":0.593,"Q2_2025":0.731,"Q3_2025":0.719,"Q4_2025":0.587,"Q1_2026":0.713},"geometry":{"type":"Polygon","coordinates":[[[107.570933,-7.105129000000001],[107.571033,-7.105129000000001],[107.571033,-7.105029000000001],[107.570933,-7.105029000000001],[107.570933,-7.105129000000001]]]}},{"type":"Feature","properties":{"row":19,"col":9,"Q1_2025":0.631,"Q2_2025":0.741,"Q3_2025":0.71,"Q4_2025":0.806,"Q1_2026":0.673},"geometry":{"type":"Polygon","coordinates":[[[107.571033,-7.105129000000001],[107.571133,-7.105129000000001],[107.571133,-7.105029000000001],[107.571033,-7.105029000000001],[107.571033,-7.105129000000001]]]}},{"type":"Feature","properties":{"row":19,"col":10,"Q1_2025":0.624,"Q2_2025":0.752,"Q3_2025":0.685,"Q4_2025":0.685,"Q1_2026":0.732},"geometry":{"type":"Polygon","coordinates":[[[107.571133,-7.105129000000001],[107.571233,-7.105129000000001],[107.571233,-7.105029000000001],[107.571133,-7.105029000000001],[107.571133,-7.105129000000001]]]}},{"type":"Feature","properties":{"row":19,"col":11,"Q1_2025":0.645,"Q2_2025":0.73,"Q3_2025":0.779,"Q4_2025":0.664,"Q1_2026":0.749},"geometry":{"type":"Polygon","coordinates":[[[107.57123299999999,-7.105129000000001],[107.571333,-7.105129000000001],[107.571333,-7.105029000000001],[107.57123299999999,-7.105029000000001],[107.57123299999999,-7.105129000000001]]]}},{"type":"Feature","properties":{"row":19,"col":12,"Q1_2025":0.688,"Q2_2025":0.712,"Q3_2025":0.769,"Q4_2025":0.754,"Q1_2026":0.739},"geometry":{"type":"Polygon","coordinates":[[[107.571333,-7.105129000000001],[107.571433,-7.105129000000001],[107.571433,-7.105029000000001],[107.571333,-7.105029000000001],[107.571333,-7.105129000000001]]]}},{"type":"Feature","properties":{"row":19,"col":13,"Q1_2025":0.635,"Q2_2025":0.62,"Q3_2025":0.712,"Q4_2025":0.752,"Q1_2026":0.817},"geometry":{"type":"Polygon","coordinates":[[[107.571433,-7.105129000000001],[107.571533,-7.105129000000001],[107.571533,-7.105029000000001],[107.571433,-7.105029000000001],[107.571433,-7.105129000000001]]]}},{"type":"Feature","properties":{"row":19,"col":14,"Q1_2025":0.674,"Q2_2025":0.829,"Q3_2025":0.729,"Q4_2025":0.729,"Q1_2026":0.792},"geometry":{"type":"Polygon","coordinates":[[[107.571533,-7.105129000000001],[107.571633,-7.105129000000001],[107.571633,-7.105029000000001],[107.571533,-7.105029000000001],[107.571533,-7.105129000000001]]]}},{"type":"Feature","properties":{"row":19,"col":15,"Q1_2025":0.646,"Q2_2025":0.725,"Q3_2025":0.631,"Q4_2025":0.789,"Q1_2026":0.778},"geometry":{"type":"Polygon","coordinates":[[[107.57163299999999,-7.105129000000001],[107.571733,-7.105129000000001],[107.571733,-7.105029000000001],[107.57163299999999,-7.105029000000001],[107.57163299999999,-7.105129000000001]]]}},{"type":"Feature","properties":{"row":19,"col":16,"Q1_2025":0.706,"Q2_2025":0.723,"Q3_2025":0.672,"Q4_2025":0.71,"Q1_2026":0.854},"geometry":{"type":"Polygon","coordinates":[[[107.571733,-7.105129000000001],[107.571833,-7.105129000000001],[107.571833,-7.105029000000001],[107.571733,-7.105029000000001],[107.571733,-7.105129000000001]]]}},{"type":"Feature","properties":{"row":19,"col":17,"Q1_2025":0.72,"Q2_2025":0.685,"Q3_2025":0.756,"Q4_2025":0.776,"Q1_2026":0.873},"geometry":{"type":"Polygon","coordinates":[[[107.571833,-7.105129000000001],[107.571933,-7.105129000000001],[107.571933,-7.105029000000001],[107.571833,-7.105029000000001],[107.571833,-7.105129000000001]]]}},{"type":"Feature","properties":{"row":19,"col":18,"Q1_2025":0.75,"Q2_2025":0.735,"Q3_2025":0.712,"Q4_2025":0.844,"Q1_2026":0.769},"geometry":{"type":"Polygon","coordinates":[[[107.571933,-7.105129000000001],[107.572033,-7.105129000000001],[107.572033,-7.105029000000001],[107.571933,-7.105029000000001],[107.571933,-7.105129000000001]]]}},{"type":"Feature","properties":{"row":19,"col":19,"Q1_2025":0.65,"Q2_2025":0.652,"Q3_2025":0.69,"Q4_2025":0.735,"Q1_2026":0.811},"geometry":{"type":"Polygon","coordinates":[[[107.572033,-7.105129000000001],[107.57213300000001,-7.105129000000001],[107.57213300000001,-7.105029000000001],[107.572033,-7.105029000000001],[107.572033,-7.105129000000001]]]}}]}