{"type":"FeatureCollection","parameter":"SOC","label":"Stok Karbon Tanah","unit":"Kg C","desc":"Kandungan Karbon Organik Tanah (Kg C) per piksel 10x10m.","periods":["Q1_2025","Q2_2025","Q3_2025","Q4_2025","Q1_2026"],"anomaly_threshold":320,"features":[{"type":"Feature","properties":{"row":0,"col":0,"Q1_2025":313.572,"Q2_2025":301.932,"Q3_2025":292.068,"Q4_2025":312.003,"Q1_2026":299.32},"geometry":{"type":"Polygon","coordinates":[[[107.570133,-7.107029000000001],[107.570233,-7.107029000000001],[107.570233,-7.106929000000001],[107.570133,-7.106929000000001],[107.570133,-7.107029000000001]]]}},{"type":"Feature","properties":{"row":0,"col":1,"Q1_2025":304.677,"Q2_2025":290.887,"Q3_2025":297.663,"Q4_2025":301.281,"Q1_2026":295.265},"geometry":{"type":"Polygon","coordinates":[[[107.570233,-7.107029000000001],[107.570333,-7.107029000000001],[107.570333,-7.106929000000001],[107.570233,-7.106929000000001],[107.570233,-7.107029000000001]]]}},{"type":"Feature","properties":{"row":0,"col":2,"Q1_2025":396.862,"Q2_2025":400.475,"Q3_2025":416.857,"Q4_2025":430.263,"Q1_2026":438.165},"geometry":{"type":"Polygon","coordinates":[[[107.570333,-7.107029000000001],[107.57043300000001,-7.107029000000001],[107.57043300000001,-7.106929000000001],[107.570333,-7.106929000000001],[107.570333,-7.107029000000001]]]}},{"type":"Feature","properties":{"row":0,"col":3,"Q1_2025":297.086,"Q2_2025":312.82,"Q3_2025":301.641,"Q4_2025":315.567,"Q1_2026":316.415},"geometry":{"type":"Polygon","coordinates":[[[107.570433,-7.107029000000001],[107.570533,-7.107029000000001],[107.570533,-7.106929000000001],[107.570433,-7.106929000000001],[107.570433,-7.107029000000001]]]}},{"type":"Feature","properties":{"row":0,"col":4,"Q1_2025":452.822,"Q2_2025":446.534,"Q3_2025":414.007,"Q4_2025":416.981,"Q1_2026":455.087},"geometry":{"type":"Polygon","coordinates":[[[107.570533,-7.107029000000001],[107.570633,-7.107029000000001],[107.570633,-7.106929000000001],[107.570533,-7.106929000000001],[107.570533,-7.107029000000001]]]}},{"type":"Feature","properties":{"row":0,"col":5,"Q1_2025":401.677,"Q2_2025":396.771,"Q3_2025":456.895,"Q4_2025":446.236,"Q1_2026":427.67},"geometry":{"type":"Polygon","coordinates":[[[107.570633,-7.107029000000001],[107.570733,-7.107029000000001],[107.570733,-7.106929000000001],[107.570633,-7.106929000000001],[107.570633,-7.107029000000001]]]}},{"type":"Feature","properties":{"row":0,"col":6,"Q1_2025":421.619,"Q2_2025":443.023,"Q3_2025":429.446,"Q4_2025":439.71,"Q1_2026":462.894},"geometry":{"type":"Polygon","coordinates":[[[107.570733,-7.107029000000001],[107.57083300000001,-7.107029000000001],[107.57083300000001,-7.106929000000001],[107.570733,-7.106929000000001],[107.570733,-7.107029000000001]]]}},{"type":"Feature","properties":{"row":0,"col":7,"Q1_2025":409.393,"Q2_2025":455.545,"Q3_2025":424.849,"Q4_2025":465.71,"Q1_2026":456.529},"geometry":{"type":"Polygon","coordinates":[[[107.570833,-7.107029000000001],[107.570933,-7.107029000000001],[107.570933,-7.106929000000001],[107.570833,-7.106929000000001],[107.570833,-7.107029000000001]]]}},{"type":"Feature","properties":{"row":0,"col":8,"Q1_2025":435.175,"Q2_2025":436.442,"Q3_2025":451.713,"Q4_2025":444.993,"Q1_2026":408.976},"geometry":{"type":"Polygon","coordinates":[[[107.570933,-7.107029000000001],[107.571033,-7.107029000000001],[107.571033,-7.106929000000001],[107.570933,-7.106929000000001],[107.570933,-7.107029000000001]]]}},{"type":"Feature","properties":{"row":0,"col":9,"Q1_2025":449.232,"Q2_2025":397.176,"Q3_2025":468.38,"Q4_2025":477.81,"Q1_2026":439.962},"geometry":{"type":"Polygon","coordinates":[[[107.571033,-7.107029000000001],[107.571133,-7.107029000000001],[107.571133,-7.106929000000001],[107.571033,-7.106929000000001],[107.571033,-7.107029000000001]]]}},{"type":"Feature","properties":{"row":0,"col":10,"Q1_2025":429.468,"Q2_2025":473.198,"Q3_2025":453.992,"Q4_2025":449.602,"Q1_2026":455.271},"geometry":{"type":"Polygon","coordinates":[[[107.571133,-7.107029000000001],[107.571233,-7.107029000000001],[107.571233,-7.106929000000001],[107.571133,-7.106929000000001],[107.571133,-7.107029000000001]]]}},{"type":"Feature","properties":{"row":0,"col":11,"Q1_2025":446.236,"Q2_2025":435.347,"Q3_2025":432.806,"Q4_2025":476.376,"Q1_2026":468.174},"geometry":{"type":"Polygon","coordinates":[[[107.57123299999999,-7.107029000000001],[107.571333,-7.107029000000001],[107.571333,-7.106929000000001],[107.57123299999999,-7.106929000000001],[107.57123299999999,-7.107029000000001]]]}},{"type":"Feature","properties":{"row":0,"col":12,"Q1_2025":439.495,"Q2_2025":423.397,"Q3_2025":447.356,"Q4_2025":461.1,"Q1_2026":471.868},"geometry":{"type":"Polygon","coordinates":[[[107.571333,-7.107029000000001],[107.571433,-7.107029000000001],[107.571433,-7.106929000000001],[107.571333,-7.106929000000001],[107.571333,-7.107029000000001]]]}},{"type":"Feature","properties":{"row":0,"col":13,"Q1_2025":450.577,"Q2_2025":467.491,"Q3_2025":464.194,"Q4_2025":443.568,"Q1_2026":462.741},"geometry":{"type":"Polygon","coordinates":[[[107.571433,-7.107029000000001],[107.571533,-7.107029000000001],[107.571533,-7.106929000000001],[107.571433,-7.106929000000001],[107.571433,-7.107029000000001]]]}},{"type":"Feature","properties":{"row":0,"col":14,"Q1_2025":459.55,"Q2_2025":451.501,"Q3_2025":477.424,"Q4_2025":481.259,"Q1_2026":459.915},"geometry":{"type":"Polygon","coordinates":[[[107.571533,-7.107029000000001],[107.571633,-7.107029000000001],[107.571633,-7.106929000000001],[107.571533,-7.106929000000001],[107.571533,-7.107029000000001]]]}},{"type":"Feature","properties":{"row":0,"col":15,"Q1_2025":430.481,"Q2_2025":452.387,"Q3_2025":462.963,"Q4_2025":463.942,"Q1_2026":459.958},"geometry":{"type":"Polygon","coordinates":[[[107.57163299999999,-7.107029000000001],[107.571733,-7.107029000000001],[107.571733,-7.106929000000001],[107.57163299999999,-7.106929000000001],[107.57163299999999,-7.107029000000001]]]}},{"type":"Feature","properties":{"row":0,"col":16,"Q1_2025":438.408,"Q2_2025":461.278,"Q3_2025":436.572,"Q4_2025":480.394,"Q1_2026":482.071},"geometry":{"type":"Polygon","coordinates":[[[107.571733,-7.107029000000001],[107.571833,-7.107029000000001],[107.571833,-7.106929000000001],[107.571733,-7.106929000000001],[107.571733,-7.107029000000001]]]}},{"type":"Feature","properties":{"row":0,"col":17,"Q1_2025":431.769,"Q2_2025":449.515,"Q3_2025":451.945,"Q4_2025":443.024,"Q1_2026":459.035},"geometry":{"type":"Polygon","coordinates":[[[107.571833,-7.107029000000001],[107.571933,-7.107029000000001],[107.571933,-7.106929000000001],[107.571833,-7.106929000000001],[107.571833,-7.107029000000001]]]}},{"type":"Feature","properties":{"row":0,"col":18,"Q1_2025":453.978,"Q2_2025":463.779,"Q3_2025":462.541,"Q4_2025":486.056,"Q1_2026":484.991},"geometry":{"type":"Polygon","coordinates":[[[107.571933,-7.107029000000001],[107.572033,-7.107029000000001],[107.572033,-7.106929000000001],[107.571933,-7.106929000000001],[107.571933,-7.107029000000001]]]}},{"type":"Feature","properties":{"row":0,"col":19,"Q1_2025":436.332,"Q2_2025":441.525,"Q3_2025":460.061,"Q4_2025":467.903,"Q1_2026":461.359},"geometry":{"type":"Polygon","coordinates":[[[107.572033,-7.107029000000001],[107.57213300000001,-7.107029000000001],[107.57213300000001,-7.106929000000001],[107.572033,-7.106929000000001],[107.572033,-7.107029000000001]]]}},{"type":"Feature","properties":{"row":1,"col":0,"Q1_2025":421.936,"Q2_2025":426.538,"Q3_2025":405.111,"Q4_2025":432.338,"Q1_2026":427.463},"geometry":{"type":"Polygon","coordinates":[[[107.570133,-7.106929000000001],[107.570233,-7.106929000000001],[107.570233,-7.106829000000001],[107.570133,-7.106829000000001],[107.570133,-7.106929000000001]]]}},{"type":"Feature","properties":{"row":1,"col":1,"Q1_2025":304.339,"Q2_2025":308.135,"Q3_2025":296.548,"Q4_2025":314.912,"Q1_2026":317.275},"geometry":{"type":"Polygon","coordinates":[[[107.570233,-7.106929000000001],[107.570333,-7.106929000000001],[107.570333,-7.106829000000001],[107.570233,-7.106829000000001],[107.570233,-7.106929000000001]]]}},{"type":"Feature","properties":{"row":1,"col":2,"Q1_2025":290.659,"Q2_2025":298.253,"Q3_2025":311.813,"Q4_2025":296.68,"Q1_2026":310.142},"geometry":{"type":"Polygon","coordinates":[[[107.570333,-7.106929000000001],[107.57043300000001,-7.106929000000001],[107.57043300000001,-7.106829000000001],[107.570333,-7.106829000000001],[107.570333,-7.106929000000001]]]}},{"type":"Feature","properties":{"row":1,"col":3,"Q1_2025":287.13,"Q2_2025":297.333,"Q3_2025":297.494,"Q4_2025":302.126,"Q1_2026":307.391},"geometry":{"type":"Polygon","coordinates":[[[107.570433,-7.106929000000001],[107.570533,-7.106929000000001],[107.570533,-7.106829000000001],[107.570433,-7.106829000000001],[107.570433,-7.106929000000001]]]}},{"type":"Feature","properties":{"row":1,"col":4,"Q1_2025":430.082,"Q2_2025":442.16,"Q3_2025":438.008,"Q4_2025":436.723,"Q1_2026":440.054},"geometry":{"type":"Polygon","coordinates":[[[107.570533,-7.106929000000001],[107.570633,-7.106929000000001],[107.570633,-7.106829000000001],[107.570533,-7.106829000000001],[107.570533,-7.106929000000001]]]}},{"type":"Feature","properties":{"row":1,"col":5,"Q1_2025":424.997,"Q2_2025":438.548,"Q3_2025":469.449,"Q4_2025":455.634,"Q1_2026":441.513},"geometry":{"type":"Polygon","coordinates":[[[107.570633,-7.106929000000001],[107.570733,-7.106929000000001],[107.570733,-7.106829000000001],[107.570633,-7.106829000000001],[107.570633,-7.106929000000001]]]}},{"type":"Feature","properties":{"row":1,"col":6,"Q1_2025":424.834,"Q2_2025":458.286,"Q3_2025":441.907,"Q4_2025":429.563,"Q1_2026":432.679},"geometry":{"type":"Polygon","coordinates":[[[107.570733,-7.106929000000001],[107.57083300000001,-7.106929000000001],[107.57083300000001,-7.106829000000001],[107.570733,-7.106829000000001],[107.570733,-7.106929000000001]]]}},{"type":"Feature","properties":{"row":1,"col":7,"Q1_2025":446.247,"Q2_2025":430.491,"Q3_2025":441.861,"Q4_2025":454.151,"Q1_2026":456.937},"geometry":{"type":"Polygon","coordinates":[[[107.570833,-7.106929000000001],[107.570933,-7.106929000000001],[107.570933,-7.106829000000001],[107.570833,-7.106829000000001],[107.570833,-7.106929000000001]]]}},{"type":"Feature","properties":{"row":1,"col":8,"Q1_2025":472.94,"Q2_2025":422.906,"Q3_2025":454.728,"Q4_2025":463.308,"Q1_2026":435.457},"geometry":{"type":"Polygon","coordinates":[[[107.570933,-7.106929000000001],[107.571033,-7.106929000000001],[107.571033,-7.106829000000001],[107.570933,-7.106829000000001],[107.570933,-7.106929000000001]]]}},{"type":"Feature","properties":{"row":1,"col":9,"Q1_2025":427.122,"Q2_2025":432.606,"Q3_2025":432.872,"Q4_2025":449.341,"Q1_2026":475.235},"geometry":{"type":"Polygon","coordinates":[[[107.571033,-7.106929000000001],[107.571133,-7.106929000000001],[107.571133,-7.106829000000001],[107.571033,-7.106829000000001],[107.571033,-7.106929000000001]]]}},{"type":"Feature","properties":{"row":1,"col":10,"Q1_2025":453.531,"Q2_2025":444.73,"Q3_2025":454.108,"Q4_2025":492.013,"Q1_2026":478.329},"geometry":{"type":"Polygon","coordinates":[[[107.571133,-7.106929000000001],[107.571233,-7.106929000000001],[107.571233,-7.106829000000001],[107.571133,-7.106829000000001],[107.571133,-7.106929000000001]]]}},{"type":"Feature","properties":{"row":1,"col":11,"Q1_2025":458.913,"Q2_2025":471.064,"Q3_2025":462.692,"Q4_2025":455.071,"Q1_2026":457.352},"geometry":{"type":"Polygon","coordinates":[[[107.57123299999999,-7.106929000000001],[107.571333,-7.106929000000001],[107.571333,-7.106829000000001],[107.57123299999999,-7.106829000000001],[107.57123299999999,-7.106929000000001]]]}},{"type":"Feature","properties":{"row":1,"col":12,"Q1_2025":455.105,"Q2_2025":452.63,"Q3_2025":474.507,"Q4_2025":463.234,"Q1_2026":456.647},"geometry":{"type":"Polygon","coordinates":[[[107.571333,-7.106929000000001],[107.571433,-7.106929000000001],[107.571433,-7.106829000000001],[107.571333,-7.106829000000001],[107.571333,-7.106929000000001]]]}},{"type":"Feature","properties":{"row":1,"col":13,"Q1_2025":463.249,"Q2_2025":458.5,"Q3_2025":447.952,"Q4_2025":446.082,"Q1_2026":486.386},"geometry":{"type":"Polygon","coordinates":[[[107.571433,-7.106929000000001],[107.571533,-7.106929000000001],[107.571533,-7.106829000000001],[107.571433,-7.106829000000001],[107.571433,-7.106929000000001]]]}},{"type":"Feature","properties":{"row":1,"col":14,"Q1_2025":466.462,"Q2_2025":436.992,"Q3_2025":483.121,"Q4_2025":486.136,"Q1_2026":461.305},"geometry":{"type":"Polygon","coordinates":[[[107.571533,-7.106929000000001],[107.571633,-7.106929000000001],[107.571633,-7.106829000000001],[107.571533,-7.106829000000001],[107.571533,-7.106929000000001]]]}},{"type":"Feature","properties":{"row":1,"col":15,"Q1_2025":463.701,"Q2_2025":443.44,"Q3_2025":458.276,"Q4_2025":485.849,"Q1_2026":466.735},"geometry":{"type":"Polygon","coordinates":[[[107.57163299999999,-7.106929000000001],[107.571733,-7.106929000000001],[107.571733,-7.106829000000001],[107.57163299999999,-7.106829000000001],[107.57163299999999,-7.106929000000001]]]}},{"type":"Feature","properties":{"row":1,"col":16,"Q1_2025":432.38,"Q2_2025":455.745,"Q3_2025":488.237,"Q4_2025":475.452,"Q1_2026":474.689},"geometry":{"type":"Polygon","coordinates":[[[107.571733,-7.106929000000001],[107.571833,-7.106929000000001],[107.571833,-7.106829000000001],[107.571733,-7.106829000000001],[107.571733,-7.106929000000001]]]}},{"type":"Feature","properties":{"row":1,"col":17,"Q1_2025":457.885,"Q2_2025":459.923,"Q3_2025":428.822,"Q4_2025":461.871,"Q1_2026":463.681},"geometry":{"type":"Polygon","coordinates":[[[107.571833,-7.106929000000001],[107.571933,-7.106929000000001],[107.571933,-7.106829000000001],[107.571833,-7.106829000000001],[107.571833,-7.106929000000001]]]}},{"type":"Feature","properties":{"row":1,"col":18,"Q1_2025":310.761,"Q2_2025":286.869,"Q3_2025":315.607,"Q4_2025":294.869,"Q1_2026":315.093},"geometry":{"type":"Polygon","coordinates":[[[107.571933,-7.106929000000001],[107.572033,-7.106929000000001],[107.572033,-7.106829000000001],[107.571933,-7.106829000000001],[107.571933,-7.106929000000001]]]}},{"type":"Feature","properties":{"row":1,"col":19,"Q1_2025":448.378,"Q2_2025":449.46,"Q3_2025":438.023,"Q4_2025":466.177,"Q1_2026":480.557},"geometry":{"type":"Polygon","coordinates":[[[107.572033,-7.106929000000001],[107.57213300000001,-7.106929000000001],[107.57213300000001,-7.106829000000001],[107.572033,-7.106829000000001],[107.572033,-7.106929000000001]]]}},{"type":"Feature","properties":{"row":2,"col":0,"Q1_2025":309.78,"Q2_2025":303.646,"Q3_2025":289.58,"Q4_2025":296.196,"Q1_2026":303.028},"geometry":{"type":"Polygon","coordinates":[[[107.570133,-7.106829],[107.570233,-7.106829],[107.570233,-7.1067290000000005],[107.570133,-7.1067290000000005],[107.570133,-7.106829]]]}},{"type":"Feature","properties":{"row":2,"col":1,"Q1_2025":311.31,"Q2_2025":295.821,"Q3_2025":290.592,"Q4_2025":298.248,"Q1_2026":314.535},"geometry":{"type":"Polygon","coordinates":[[[107.570233,-7.106829],[107.570333,-7.106829],[107.570333,-7.1067290000000005],[107.570233,-7.1067290000000005],[107.570233,-7.106829]]]}},{"type":"Feature","properties":{"row":2,"col":2,"Q1_2025":415.16,"Q2_2025":409.734,"Q3_2025":398.771,"Q4_2025":460.407,"Q1_2026":461.832},"geometry":{"type":"Polygon","coordinates":[[[107.570333,-7.106829],[107.57043300000001,-7.106829],[107.57043300000001,-7.1067290000000005],[107.570333,-7.1067290000000005],[107.570333,-7.106829]]]}},{"type":"Feature","properties":{"row":2,"col":3,"Q1_2025":306.974,"Q2_2025":291.017,"Q3_2025":315.972,"Q4_2025":308.578,"Q1_2026":311.804},"geometry":{"type":"Polygon","coordinates":[[[107.570433,-7.106829],[107.570533,-7.106829],[107.570533,-7.1067290000000005],[107.570433,-7.1067290000000005],[107.570433,-7.106829]]]}},{"type":"Feature","properties":{"row":2,"col":4,"Q1_2025":307.768,"Q2_2025":297.788,"Q3_2025":294.156,"Q4_2025":318.993,"Q1_2026":320.177},"geometry":{"type":"Polygon","coordinates":[[[107.570533,-7.106829],[107.570633,-7.106829],[107.570633,-7.1067290000000005],[107.570533,-7.1067290000000005],[107.570533,-7.106829]]]}},{"type":"Feature","properties":{"row":2,"col":5,"Q1_2025":447.69,"Q2_2025":441.837,"Q3_2025":448.71,"Q4_2025":454.704,"Q1_2026":452.195},"geometry":{"type":"Polygon","coordinates":[[[107.570633,-7.106829],[107.570733,-7.106829],[107.570733,-7.1067290000000005],[107.570633,-7.1067290000000005],[107.570633,-7.106829]]]}},{"type":"Feature","properties":{"row":2,"col":6,"Q1_2025":442.086,"Q2_2025":425.563,"Q3_2025":456.506,"Q4_2025":438.207,"Q1_2026":453.081},"geometry":{"type":"Polygon","coordinates":[[[107.570733,-7.106829],[107.57083300000001,-7.106829],[107.57083300000001,-7.1067290000000005],[107.570733,-7.1067290000000005],[107.570733,-7.106829]]]}},{"type":"Feature","properties":{"row":2,"col":7,"Q1_2025":417.417,"Q2_2025":420.846,"Q3_2025":446.465,"Q4_2025":436.376,"Q1_2026":469.567},"geometry":{"type":"Polygon","coordinates":[[[107.570833,-7.106829],[107.570933,-7.106829],[107.570933,-7.1067290000000005],[107.570833,-7.1067290000000005],[107.570833,-7.106829]]]}},{"type":"Feature","properties":{"row":2,"col":8,"Q1_2025":461.16,"Q2_2025":454.156,"Q3_2025":459.211,"Q4_2025":464.843,"Q1_2026":481.005},"geometry":{"type":"Polygon","coordinates":[[[107.570933,-7.106829],[107.571033,-7.106829],[107.571033,-7.1067290000000005],[107.570933,-7.1067290000000005],[107.570933,-7.106829]]]}},{"type":"Feature","properties":{"row":2,"col":9,"Q1_2025":416.296,"Q2_2025":426.718,"Q3_2025":471.524,"Q4_2025":451.283,"Q1_2026":478.492},"geometry":{"type":"Polygon","coordinates":[[[107.571033,-7.106829],[107.571133,-7.106829],[107.571133,-7.1067290000000005],[107.571033,-7.1067290000000005],[107.571033,-7.106829]]]}},{"type":"Feature","properties":{"row":2,"col":10,"Q1_2025":450.297,"Q2_2025":487.375,"Q3_2025":473.475,"Q4_2025":481.013,"Q1_2026":472.091},"geometry":{"type":"Polygon","coordinates":[[[107.571133,-7.106829],[107.571233,-7.106829],[107.571233,-7.1067290000000005],[107.571133,-7.1067290000000005],[107.571133,-7.106829]]]}},{"type":"Feature","properties":{"row":2,"col":11,"Q1_2025":453.35,"Q2_2025":441.491,"Q3_2025":462.925,"Q4_2025":474.121,"Q1_2026":478.586},"geometry":{"type":"Polygon","coordinates":[[[107.57123299999999,-7.106829],[107.571333,-7.106829],[107.571333,-7.1067290000000005],[107.57123299999999,-7.1067290000000005],[107.57123299999999,-7.106829]]]}},{"type":"Feature","properties":{"row":2,"col":12,"Q1_2025":452.762,"Q2_2025":439.35,"Q3_2025":432.094,"Q4_2025":472.365,"Q1_2026":493.622},"geometry":{"type":"Polygon","coordinates":[[[107.571333,-7.106829],[107.571433,-7.106829],[107.571433,-7.1067290000000005],[107.571333,-7.1067290000000005],[107.571333,-7.106829]]]}},{"type":"Feature","properties":{"row":2,"col":13,"Q1_2025":466.661,"Q2_2025":449.18,"Q3_2025":484.09,"Q4_2025":458.693,"Q1_2026":465.699},"geometry":{"type":"Polygon","coordinates":[[[107.571433,-7.106829],[107.571533,-7.106829],[107.571533,-7.1067290000000005],[107.571433,-7.1067290000000005],[107.571433,-7.106829]]]}},{"type":"Feature","properties":{"row":2,"col":14,"Q1_2025":458.193,"Q2_2025":451.253,"Q3_2025":453.39,"Q4_2025":429.658,"Q1_2026":469.14},"geometry":{"type":"Polygon","coordinates":[[[107.571533,-7.106829],[107.571633,-7.106829],[107.571633,-7.1067290000000005],[107.571533,-7.1067290000000005],[107.571533,-7.106829]]]}},{"type":"Feature","properties":{"row":2,"col":15,"Q1_2025":456.313,"Q2_2025":450.037,"Q3_2025":489.915,"Q4_2025":485.451,"Q1_2026":506.257},"geometry":{"type":"Polygon","coordinates":[[[107.57163299999999,-7.106829],[107.571733,-7.106829],[107.571733,-7.1067290000000005],[107.57163299999999,-7.1067290000000005],[107.57163299999999,-7.106829]]]}},{"type":"Feature","properties":{"row":2,"col":16,"Q1_2025":465.259,"Q2_2025":443.451,"Q3_2025":457.22,"Q4_2025":466.51,"Q1_2026":494.958},"geometry":{"type":"Polygon","coordinates":[[[107.571733,-7.106829],[107.571833,-7.106829],[107.571833,-7.1067290000000005],[107.571733,-7.1067290000000005],[107.571733,-7.106829]]]}},{"type":"Feature","properties":{"row":2,"col":17,"Q1_2025":469.337,"Q2_2025":462.28,"Q3_2025":467.111,"Q4_2025":470.468,"Q1_2026":462.977},"geometry":{"type":"Polygon","coordinates":[[[107.571833,-7.106829],[107.571933,-7.106829],[107.571933,-7.1067290000000005],[107.571833,-7.1067290000000005],[107.571833,-7.106829]]]}},{"type":"Feature","properties":{"row":2,"col":18,"Q1_2025":457.811,"Q2_2025":472.33,"Q3_2025":449.184,"Q4_2025":435.416,"Q1_2026":490.163},"geometry":{"type":"Polygon","coordinates":[[[107.571933,-7.106829],[107.572033,-7.106829],[107.572033,-7.1067290000000005],[107.571933,-7.1067290000000005],[107.571933,-7.106829]]]}},{"type":"Feature","properties":{"row":2,"col":19,"Q1_2025":462.272,"Q2_2025":462.376,"Q3_2025":459.296,"Q4_2025":477.189,"Q1_2026":472.055},"geometry":{"type":"Polygon","coordinates":[[[107.572033,-7.106829],[107.57213300000001,-7.106829],[107.57213300000001,-7.1067290000000005],[107.572033,-7.1067290000000005],[107.572033,-7.106829]]]}},{"type":"Feature","properties":{"row":3,"col":0,"Q1_2025":391.867,"Q2_2025":391.79,"Q3_2025":442.827,"Q4_2025":439.355,"Q1_2026":431.243},"geometry":{"type":"Polygon","coordinates":[[[107.570133,-7.1067290000000005],[107.570233,-7.1067290000000005],[107.570233,-7.106629000000001],[107.570133,-7.106629000000001],[107.570133,-7.1067290000000005]]]}},{"type":"Feature","properties":{"row":3,"col":1,"Q1_2025":406.145,"Q2_2025":422.816,"Q3_2025":421.58,"Q4_2025":442.496,"Q1_2026":425.962},"geometry":{"type":"Polygon","coordinates":[[[107.570233,-7.1067290000000005],[107.570333,-7.1067290000000005],[107.570333,-7.106629000000001],[107.570233,-7.106629000000001],[107.570233,-7.1067290000000005]]]}},{"type":"Feature","properties":{"row":3,"col":2,"Q1_2025":296.482,"Q2_2025":299.3,"Q3_2025":296.249,"Q4_2025":302.88,"Q1_2026":309.509},"geometry":{"type":"Polygon","coordinates":[[[107.570333,-7.1067290000000005],[107.57043300000001,-7.1067290000000005],[107.57043300000001,-7.106629000000001],[107.570333,-7.106629000000001],[107.570333,-7.1067290000000005]]]}},{"type":"Feature","properties":{"row":3,"col":3,"Q1_2025":304.418,"Q2_2025":300.871,"Q3_2025":290.632,"Q4_2025":308.78,"Q1_2026":314.916},"geometry":{"type":"Polygon","coordinates":[[[107.570433,-7.1067290000000005],[107.570533,-7.1067290000000005],[107.570533,-7.106629000000001],[107.570433,-7.106629000000001],[107.570433,-7.1067290000000005]]]}},{"type":"Feature","properties":{"row":3,"col":4,"Q1_2025":301.31,"Q2_2025":287.086,"Q3_2025":302.391,"Q4_2025":312.943,"Q1_2026":300.648},"geometry":{"type":"Polygon","coordinates":[[[107.570533,-7.1067290000000005],[107.570633,-7.1067290000000005],[107.570633,-7.106629000000001],[107.570533,-7.106629000000001],[107.570533,-7.1067290000000005]]]}},{"type":"Feature","properties":{"row":3,"col":5,"Q1_2025":448.145,"Q2_2025":436.616,"Q3_2025":445.476,"Q4_2025":444.059,"Q1_2026":449.961},"geometry":{"type":"Polygon","coordinates":[[[107.570633,-7.1067290000000005],[107.570733,-7.1067290000000005],[107.570733,-7.106629000000001],[107.570633,-7.106629000000001],[107.570633,-7.1067290000000005]]]}},{"type":"Feature","properties":{"row":3,"col":6,"Q1_2025":440.923,"Q2_2025":430.082,"Q3_2025":452.493,"Q4_2025":435.582,"Q1_2026":443.974},"geometry":{"type":"Polygon","coordinates":[[[107.570733,-7.1067290000000005],[107.57083300000001,-7.1067290000000005],[107.57083300000001,-7.106629000000001],[107.570733,-7.106629000000001],[107.570733,-7.1067290000000005]]]}},{"type":"Feature","properties":{"row":3,"col":7,"Q1_2025":455.961,"Q2_2025":446.408,"Q3_2025":459.246,"Q4_2025":455.602,"Q1_2026":471.594},"geometry":{"type":"Polygon","coordinates":[[[107.570833,-7.1067290000000005],[107.570933,-7.1067290000000005],[107.570933,-7.106629000000001],[107.570833,-7.106629000000001],[107.570833,-7.1067290000000005]]]}},{"type":"Feature","properties":{"row":3,"col":8,"Q1_2025":418.21,"Q2_2025":443.59,"Q3_2025":452.098,"Q4_2025":433.76,"Q1_2026":482.763},"geometry":{"type":"Polygon","coordinates":[[[107.570933,-7.1067290000000005],[107.571033,-7.1067290000000005],[107.571033,-7.106629000000001],[107.570933,-7.106629000000001],[107.570933,-7.1067290000000005]]]}},{"type":"Feature","properties":{"row":3,"col":9,"Q1_2025":441.137,"Q2_2025":467.251,"Q3_2025":455.847,"Q4_2025":505.019,"Q1_2026":449.114},"geometry":{"type":"Polygon","coordinates":[[[107.571033,-7.1067290000000005],[107.571133,-7.1067290000000005],[107.571133,-7.106629000000001],[107.571033,-7.106629000000001],[107.571033,-7.1067290000000005]]]}},{"type":"Feature","properties":{"row":3,"col":10,"Q1_2025":455.358,"Q2_2025":465.054,"Q3_2025":450.1,"Q4_2025":487.622,"Q1_2026":457.598},"geometry":{"type":"Polygon","coordinates":[[[107.571133,-7.1067290000000005],[107.571233,-7.1067290000000005],[107.571233,-7.106629000000001],[107.571133,-7.106629000000001],[107.571133,-7.1067290000000005]]]}},{"type":"Feature","properties":{"row":3,"col":11,"Q1_2025":468.128,"Q2_2025":453.538,"Q3_2025":449.192,"Q4_2025":459.998,"Q1_2026":469.139},"geometry":{"type":"Polygon","coordinates":[[[107.57123299999999,-7.1067290000000005],[107.571333,-7.1067290000000005],[107.571333,-7.106629000000001],[107.57123299999999,-7.106629000000001],[107.57123299999999,-7.1067290000000005]]]}},{"type":"Feature","properties":{"row":3,"col":12,"Q1_2025":481.39,"Q2_2025":450.221,"Q3_2025":479.066,"Q4_2025":432.358,"Q1_2026":465.327},"geometry":{"type":"Polygon","coordinates":[[[107.571333,-7.1067290000000005],[107.571433,-7.1067290000000005],[107.571433,-7.106629000000001],[107.571333,-7.106629000000001],[107.571333,-7.1067290000000005]]]}},{"type":"Feature","properties":{"row":3,"col":13,"Q1_2025":453.134,"Q2_2025":465.528,"Q3_2025":466.778,"Q4_2025":468.156,"Q1_2026":473.778},"geometry":{"type":"Polygon","coordinates":[[[107.571433,-7.1067290000000005],[107.571533,-7.1067290000000005],[107.571533,-7.106629000000001],[107.571433,-7.106629000000001],[107.571433,-7.1067290000000005]]]}},{"type":"Feature","properties":{"row":3,"col":14,"Q1_2025":443.014,"Q2_2025":463.21,"Q3_2025":445.865,"Q4_2025":453.487,"Q1_2026":471.292},"geometry":{"type":"Polygon","coordinates":[[[107.571533,-7.1067290000000005],[107.571633,-7.1067290000000005],[107.571633,-7.106629000000001],[107.571533,-7.106629000000001],[107.571533,-7.1067290000000005]]]}},{"type":"Feature","properties":{"row":3,"col":15,"Q1_2025":464.608,"Q2_2025":471.484,"Q3_2025":438.14,"Q4_2025":479.609,"Q1_2026":479.815},"geometry":{"type":"Polygon","coordinates":[[[107.57163299999999,-7.1067290000000005],[107.571733,-7.1067290000000005],[107.571733,-7.106629000000001],[107.57163299999999,-7.106629000000001],[107.57163299999999,-7.1067290000000005]]]}},{"type":"Feature","properties":{"row":3,"col":16,"Q1_2025":454.381,"Q2_2025":453.752,"Q3_2025":480.769,"Q4_2025":483.478,"Q1_2026":472.862},"geometry":{"type":"Polygon","coordinates":[[[107.571733,-7.1067290000000005],[107.571833,-7.1067290000000005],[107.571833,-7.106629000000001],[107.571733,-7.106629000000001],[107.571733,-7.1067290000000005]]]}},{"type":"Feature","properties":{"row":3,"col":17,"Q1_2025":460.748,"Q2_2025":455.153,"Q3_2025":445.177,"Q4_2025":459.728,"Q1_2026":469.388},"geometry":{"type":"Polygon","coordinates":[[[107.571833,-7.1067290000000005],[107.571933,-7.1067290000000005],[107.571933,-7.106629000000001],[107.571833,-7.106629000000001],[107.571833,-7.1067290000000005]]]}},{"type":"Feature","properties":{"row":3,"col":18,"Q1_2025":437.733,"Q2_2025":497.516,"Q3_2025":463.987,"Q4_2025":454.79,"Q1_2026":464.654},"geometry":{"type":"Polygon","coordinates":[[[107.571933,-7.1067290000000005],[107.572033,-7.1067290000000005],[107.572033,-7.106629000000001],[107.571933,-7.106629000000001],[107.571933,-7.1067290000000005]]]}},{"type":"Feature","properties":{"row":3,"col":19,"Q1_2025":441.595,"Q2_2025":450.257,"Q3_2025":486.342,"Q4_2025":440.769,"Q1_2026":462.947},"geometry":{"type":"Polygon","coordinates":[[[107.572033,-7.1067290000000005],[107.57213300000001,-7.1067290000000005],[107.57213300000001,-7.106629000000001],[107.572033,-7.106629000000001],[107.572033,-7.1067290000000005]]]}},{"type":"Feature","properties":{"row":4,"col":0,"Q1_2025":304.966,"Q2_2025":310.934,"Q3_2025":296.836,"Q4_2025":294.831,"Q1_2026":308.185},"geometry":{"type":"Polygon","coordinates":[[[107.570133,-7.106629000000001],[107.570233,-7.106629000000001],[107.570233,-7.106529000000001],[107.570133,-7.106529000000001],[107.570133,-7.106629000000001]]]}},{"type":"Feature","properties":{"row":4,"col":1,"Q1_2025":310.523,"Q2_2025":291.962,"Q3_2025":297.547,"Q4_2025":308.689,"Q1_2026":294.123},"geometry":{"type":"Polygon","coordinates":[[[107.570233,-7.106629000000001],[107.570333,-7.106629000000001],[107.570333,-7.106529000000001],[107.570233,-7.106529000000001],[107.570233,-7.106629000000001]]]}},{"type":"Feature","properties":{"row":4,"col":2,"Q1_2025":287.334,"Q2_2025":296.904,"Q3_2025":316.892,"Q4_2025":314.15,"Q1_2026":301.072},"geometry":{"type":"Polygon","coordinates":[[[107.570333,-7.106629000000001],[107.57043300000001,-7.106629000000001],[107.57043300000001,-7.106529000000001],[107.570333,-7.106529000000001],[107.570333,-7.106629000000001]]]}},{"type":"Feature","properties":{"row":4,"col":3,"Q1_2025":285.342,"Q2_2025":297.014,"Q3_2025":311.611,"Q4_2025":302.647,"Q1_2026":303.59},"geometry":{"type":"Polygon","coordinates":[[[107.570433,-7.106629000000001],[107.570533,-7.106629000000001],[107.570533,-7.106529000000001],[107.570433,-7.106529000000001],[107.570433,-7.106629000000001]]]}},{"type":"Feature","properties":{"row":4,"col":4,"Q1_2025":437.765,"Q2_2025":448.398,"Q3_2025":450.261,"Q4_2025":435.545,"Q1_2026":430.012},"geometry":{"type":"Polygon","coordinates":[[[107.570533,-7.106629000000001],[107.570633,-7.106629000000001],[107.570633,-7.106529000000001],[107.570533,-7.106529000000001],[107.570533,-7.106629000000001]]]}},{"type":"Feature","properties":{"row":4,"col":5,"Q1_2025":454.634,"Q2_2025":444.498,"Q3_2025":425.625,"Q4_2025":450.305,"Q1_2026":444.039},"geometry":{"type":"Polygon","coordinates":[[[107.570633,-7.106629000000001],[107.570733,-7.106629000000001],[107.570733,-7.106529000000001],[107.570633,-7.106529000000001],[107.570633,-7.106629000000001]]]}},{"type":"Feature","properties":{"row":4,"col":6,"Q1_2025":413.7,"Q2_2025":452.428,"Q3_2025":452.284,"Q4_2025":454.959,"Q1_2026":458.836},"geometry":{"type":"Polygon","coordinates":[[[107.570733,-7.106629000000001],[107.57083300000001,-7.106629000000001],[107.57083300000001,-7.106529000000001],[107.570733,-7.106529000000001],[107.570733,-7.106629000000001]]]}},{"type":"Feature","properties":{"row":4,"col":7,"Q1_2025":450.675,"Q2_2025":431.521,"Q3_2025":479.941,"Q4_2025":461.782,"Q1_2026":468.656},"geometry":{"type":"Polygon","coordinates":[[[107.570833,-7.106629000000001],[107.570933,-7.106629000000001],[107.570933,-7.106529000000001],[107.570833,-7.106529000000001],[107.570833,-7.106629000000001]]]}},{"type":"Feature","properties":{"row":4,"col":8,"Q1_2025":486.29,"Q2_2025":437.76,"Q3_2025":434.705,"Q4_2025":499.658,"Q1_2026":485.921},"geometry":{"type":"Polygon","coordinates":[[[107.570933,-7.106629000000001],[107.571033,-7.106629000000001],[107.571033,-7.106529000000001],[107.570933,-7.106529000000001],[107.570933,-7.106629000000001]]]}},{"type":"Feature","properties":{"row":4,"col":9,"Q1_2025":436.48,"Q2_2025":436.2,"Q3_2025":470.177,"Q4_2025":453.536,"Q1_2026":461.046},"geometry":{"type":"Polygon","coordinates":[[[107.571033,-7.106629000000001],[107.571133,-7.106629000000001],[107.571133,-7.106529000000001],[107.571033,-7.106529000000001],[107.571033,-7.106629000000001]]]}},{"type":"Feature","properties":{"row":4,"col":10,"Q1_2025":466.647,"Q2_2025":463.392,"Q3_2025":479.142,"Q4_2025":466.485,"Q1_2026":441.716},"geometry":{"type":"Polygon","coordinates":[[[107.571133,-7.106629000000001],[107.571233,-7.106629000000001],[107.571233,-7.106529000000001],[107.571133,-7.106529000000001],[107.571133,-7.106629000000001]]]}},{"type":"Feature","properties":{"row":4,"col":11,"Q1_2025":444.848,"Q2_2025":439.896,"Q3_2025":460.75,"Q4_2025":469.274,"Q1_2026":482.69},"geometry":{"type":"Polygon","coordinates":[[[107.57123299999999,-7.106629000000001],[107.571333,-7.106629000000001],[107.571333,-7.106529000000001],[107.57123299999999,-7.106529000000001],[107.57123299999999,-7.106629000000001]]]}},{"type":"Feature","properties":{"row":4,"col":12,"Q1_2025":443.123,"Q2_2025":474.749,"Q3_2025":462.926,"Q4_2025":473.225,"Q1_2026":484.362},"geometry":{"type":"Polygon","coordinates":[[[107.571333,-7.106629000000001],[107.571433,-7.106629000000001],[107.571433,-7.106529000000001],[107.571333,-7.106529000000001],[107.571333,-7.106629000000001]]]}},{"type":"Feature","properties":{"row":4,"col":13,"Q1_2025":459.212,"Q2_2025":473.467,"Q3_2025":450.271,"Q4_2025":467.334,"Q1_2026":479.893},"geometry":{"type":"Polygon","coordinates":[[[107.571433,-7.106629000000001],[107.571533,-7.106629000000001],[107.571533,-7.106529000000001],[107.571433,-7.106529000000001],[107.571433,-7.106629000000001]]]}},{"type":"Feature","properties":{"row":4,"col":14,"Q1_2025":314.312,"Q2_2025":300.707,"Q3_2025":302.128,"Q4_2025":316.346,"Q1_2026":302.626},"geometry":{"type":"Polygon","coordinates":[[[107.571533,-7.106629000000001],[107.571633,-7.106629000000001],[107.571633,-7.106529000000001],[107.571533,-7.106529000000001],[107.571533,-7.106629000000001]]]}},{"type":"Feature","properties":{"row":4,"col":15,"Q1_2025":481.245,"Q2_2025":454.711,"Q3_2025":480.498,"Q4_2025":476.603,"Q1_2026":484.022},"geometry":{"type":"Polygon","coordinates":[[[107.57163299999999,-7.106629000000001],[107.571733,-7.106629000000001],[107.571733,-7.106529000000001],[107.57163299999999,-7.106529000000001],[107.57163299999999,-7.106629000000001]]]}},{"type":"Feature","properties":{"row":4,"col":16,"Q1_2025":448.752,"Q2_2025":468.986,"Q3_2025":479.708,"Q4_2025":458.138,"Q1_2026":493.131},"geometry":{"type":"Polygon","coordinates":[[[107.571733,-7.106629000000001],[107.571833,-7.106629000000001],[107.571833,-7.106529000000001],[107.571733,-7.106529000000001],[107.571733,-7.106629000000001]]]}},{"type":"Feature","properties":{"row":4,"col":17,"Q1_2025":477.976,"Q2_2025":482.432,"Q3_2025":481.86,"Q4_2025":479.684,"Q1_2026":464.658},"geometry":{"type":"Polygon","coordinates":[[[107.571833,-7.106629000000001],[107.571933,-7.106629000000001],[107.571933,-7.106529000000001],[107.571833,-7.106529000000001],[107.571833,-7.106629000000001]]]}},{"type":"Feature","properties":{"row":4,"col":18,"Q1_2025":458.797,"Q2_2025":452.591,"Q3_2025":482.126,"Q4_2025":478.909,"Q1_2026":439.806},"geometry":{"type":"Polygon","coordinates":[[[107.571933,-7.106629000000001],[107.572033,-7.106629000000001],[107.572033,-7.106529000000001],[107.571933,-7.106529000000001],[107.571933,-7.106629000000001]]]}},{"type":"Feature","properties":{"row":4,"col":19,"Q1_2025":451.835,"Q2_2025":448.781,"Q3_2025":434.852,"Q4_2025":462.474,"Q1_2026":472.491},"geometry":{"type":"Polygon","coordinates":[[[107.572033,-7.106629000000001],[107.57213300000001,-7.106629000000001],[107.57213300000001,-7.106529000000001],[107.572033,-7.106529000000001],[107.572033,-7.106629000000001]]]}},{"type":"Feature","properties":{"row":5,"col":0,"Q1_2025":407.133,"Q2_2025":431.006,"Q3_2025":424.099,"Q4_2025":423.508,"Q1_2026":415.365},"geometry":{"type":"Polygon","coordinates":[[[107.570133,-7.106529000000001],[107.570233,-7.106529000000001],[107.570233,-7.106429000000001],[107.570133,-7.106429000000001],[107.570133,-7.106529000000001]]]}},{"type":"Feature","properties":{"row":5,"col":1,"Q1_2025":302.145,"Q2_2025":314.978,"Q3_2025":301.471,"Q4_2025":295.857,"Q1_2026":296.782},"geometry":{"type":"Polygon","coordinates":[[[107.570233,-7.106529000000001],[107.570333,-7.106529000000001],[107.570333,-7.106429000000001],[107.570233,-7.106429000000001],[107.570233,-7.106529000000001]]]}},{"type":"Feature","properties":{"row":5,"col":2,"Q1_2025":305.494,"Q2_2025":292.558,"Q3_2025":305.851,"Q4_2025":299.092,"Q1_2026":293.611},"geometry":{"type":"Polygon","coordinates":[[[107.570333,-7.106529000000001],[107.57043300000001,-7.106529000000001],[107.57043300000001,-7.106429000000001],[107.570333,-7.106429000000001],[107.570333,-7.106529000000001]]]}},{"type":"Feature","properties":{"row":5,"col":3,"Q1_2025":400.184,"Q2_2025":414.295,"Q3_2025":430.533,"Q4_2025":453.406,"Q1_2026":432.886},"geometry":{"type":"Polygon","coordinates":[[[107.570433,-7.106529000000001],[107.570533,-7.106529000000001],[107.570533,-7.106429000000001],[107.570433,-7.106429000000001],[107.570433,-7.106529000000001]]]}},{"type":"Feature","properties":{"row":5,"col":4,"Q1_2025":434.293,"Q2_2025":436.064,"Q3_2025":436.121,"Q4_2025":428.238,"Q1_2026":453.69},"geometry":{"type":"Polygon","coordinates":[[[107.570533,-7.106529000000001],[107.570633,-7.106529000000001],[107.570633,-7.106429000000001],[107.570533,-7.106429000000001],[107.570533,-7.106529000000001]]]}},{"type":"Feature","properties":{"row":5,"col":5,"Q1_2025":430.078,"Q2_2025":453.699,"Q3_2025":462.929,"Q4_2025":418.57,"Q1_2026":437.995},"geometry":{"type":"Polygon","coordinates":[[[107.570633,-7.106529000000001],[107.570733,-7.106529000000001],[107.570733,-7.106429000000001],[107.570633,-7.106429000000001],[107.570633,-7.106529000000001]]]}},{"type":"Feature","properties":{"row":5,"col":6,"Q1_2025":447.849,"Q2_2025":451.294,"Q3_2025":456.98,"Q4_2025":431.243,"Q1_2026":482.911},"geometry":{"type":"Polygon","coordinates":[[[107.570733,-7.106529000000001],[107.57083300000001,-7.106529000000001],[107.57083300000001,-7.106429000000001],[107.570733,-7.106429000000001],[107.570733,-7.106529000000001]]]}},{"type":"Feature","properties":{"row":5,"col":7,"Q1_2025":423.86,"Q2_2025":460.172,"Q3_2025":448.561,"Q4_2025":450.709,"Q1_2026":450.567},"geometry":{"type":"Polygon","coordinates":[[[107.570833,-7.106529000000001],[107.570933,-7.106529000000001],[107.570933,-7.106429000000001],[107.570833,-7.106429000000001],[107.570833,-7.106529000000001]]]}},{"type":"Feature","properties":{"row":5,"col":8,"Q1_2025":441.833,"Q2_2025":457.478,"Q3_2025":443.856,"Q4_2025":477.842,"Q1_2026":464.52},"geometry":{"type":"Polygon","coordinates":[[[107.570933,-7.106529000000001],[107.571033,-7.106529000000001],[107.571033,-7.106429000000001],[107.570933,-7.106429000000001],[107.570933,-7.106529000000001]]]}},{"type":"Feature","properties":{"row":5,"col":9,"Q1_2025":440.812,"Q2_2025":435.151,"Q3_2025":483.374,"Q4_2025":467.861,"Q1_2026":470.162},"geometry":{"type":"Polygon","coordinates":[[[107.571033,-7.106529000000001],[107.571133,-7.106529000000001],[107.571133,-7.106429000000001],[107.571033,-7.106429000000001],[107.571033,-7.106529000000001]]]}},{"type":"Feature","properties":{"row":5,"col":10,"Q1_2025":445.905,"Q2_2025":464.465,"Q3_2025":458.15,"Q4_2025":482.41,"Q1_2026":481.131},"geometry":{"type":"Polygon","coordinates":[[[107.571133,-7.106529000000001],[107.571233,-7.106529000000001],[107.571233,-7.106429000000001],[107.571133,-7.106429000000001],[107.571133,-7.106529000000001]]]}},{"type":"Feature","properties":{"row":5,"col":11,"Q1_2025":447.458,"Q2_2025":481.252,"Q3_2025":445.174,"Q4_2025":458.915,"Q1_2026":443.03},"geometry":{"type":"Polygon","coordinates":[[[107.57123299999999,-7.106529000000001],[107.571333,-7.106529000000001],[107.571333,-7.106429000000001],[107.57123299999999,-7.106429000000001],[107.57123299999999,-7.106529000000001]]]}},{"type":"Feature","properties":{"row":5,"col":12,"Q1_2025":463.247,"Q2_2025":479.056,"Q3_2025":470.476,"Q4_2025":450.645,"Q1_2026":471.059},"geometry":{"type":"Polygon","coordinates":[[[107.571333,-7.106529000000001],[107.571433,-7.106529000000001],[107.571433,-7.106429000000001],[107.571333,-7.106429000000001],[107.571333,-7.106529000000001]]]}},{"type":"Feature","properties":{"row":5,"col":13,"Q1_2025":484.296,"Q2_2025":462.3,"Q3_2025":468.451,"Q4_2025":446.445,"Q1_2026":494.309},"geometry":{"type":"Polygon","coordinates":[[[107.571433,-7.106529000000001],[107.571533,-7.106529000000001],[107.571533,-7.106429000000001],[107.571433,-7.106429000000001],[107.571433,-7.106529000000001]]]}},{"type":"Feature","properties":{"row":5,"col":14,"Q1_2025":448.405,"Q2_2025":477.326,"Q3_2025":458.378,"Q4_2025":476.314,"Q1_2026":507.739},"geometry":{"type":"Polygon","coordinates":[[[107.571533,-7.106529000000001],[107.571633,-7.106529000000001],[107.571633,-7.106429000000001],[107.571533,-7.106429000000001],[107.571533,-7.106529000000001]]]}},{"type":"Feature","properties":{"row":5,"col":15,"Q1_2025":471.951,"Q2_2025":489.376,"Q3_2025":482.216,"Q4_2025":456.309,"Q1_2026":497.667},"geometry":{"type":"Polygon","coordinates":[[[107.57163299999999,-7.106529000000001],[107.571733,-7.106529000000001],[107.571733,-7.106429000000001],[107.57163299999999,-7.106429000000001],[107.57163299999999,-7.106529000000001]]]}},{"type":"Feature","properties":{"row":5,"col":16,"Q1_2025":443.128,"Q2_2025":464.397,"Q3_2025":486.462,"Q4_2025":504.508,"Q1_2026":483.929},"geometry":{"type":"Polygon","coordinates":[[[107.571733,-7.106529000000001],[107.571833,-7.106529000000001],[107.571833,-7.106429000000001],[107.571733,-7.106429000000001],[107.571733,-7.106529000000001]]]}},{"type":"Feature","properties":{"row":5,"col":17,"Q1_2025":466.569,"Q2_2025":471.375,"Q3_2025":472.644,"Q4_2025":470.257,"Q1_2026":489.334},"geometry":{"type":"Polygon","coordinates":[[[107.571833,-7.106529000000001],[107.571933,-7.106529000000001],[107.571933,-7.106429000000001],[107.571833,-7.106429000000001],[107.571833,-7.106529000000001]]]}},{"type":"Feature","properties":{"row":5,"col":18,"Q1_2025":449.346,"Q2_2025":478.024,"Q3_2025":443.593,"Q4_2025":496.183,"Q1_2026":476.011},"geometry":{"type":"Polygon","coordinates":[[[107.571933,-7.106529000000001],[107.572033,-7.106529000000001],[107.572033,-7.106429000000001],[107.571933,-7.106429000000001],[107.571933,-7.106529000000001]]]}},{"type":"Feature","properties":{"row":5,"col":19,"Q1_2025":449.379,"Q2_2025":448.251,"Q3_2025":470.663,"Q4_2025":491.012,"Q1_2026":475.337},"geometry":{"type":"Polygon","coordinates":[[[107.572033,-7.106529000000001],[107.57213300000001,-7.106529000000001],[107.57213300000001,-7.106429000000001],[107.572033,-7.106429000000001],[107.572033,-7.106529000000001]]]}},{"type":"Feature","properties":{"row":6,"col":0,"Q1_2025":399.887,"Q2_2025":413.588,"Q3_2025":429.029,"Q4_2025":418.067,"Q1_2026":436.133},"geometry":{"type":"Polygon","coordinates":[[[107.570133,-7.106429],[107.570233,-7.106429],[107.570233,-7.106329000000001],[107.570133,-7.106329000000001],[107.570133,-7.106429]]]}},{"type":"Feature","properties":{"row":6,"col":1,"Q1_2025":412.527,"Q2_2025":427.948,"Q3_2025":429.053,"Q4_2025":449.073,"Q1_2026":417.494},"geometry":{"type":"Polygon","coordinates":[[[107.570233,-7.106429],[107.570333,-7.106429],[107.570333,-7.106329000000001],[107.570233,-7.106329000000001],[107.570233,-7.106429]]]}},{"type":"Feature","properties":{"row":6,"col":2,"Q1_2025":291.753,"Q2_2025":292.702,"Q3_2025":313.939,"Q4_2025":318.514,"Q1_2026":294.969},"geometry":{"type":"Polygon","coordinates":[[[107.570333,-7.106429],[107.57043300000001,-7.106429],[107.57043300000001,-7.106329000000001],[107.570333,-7.106329000000001],[107.570333,-7.106429]]]}},{"type":"Feature","properties":{"row":6,"col":3,"Q1_2025":413.417,"Q2_2025":446.407,"Q3_2025":462.773,"Q4_2025":447.272,"Q1_2026":469.162},"geometry":{"type":"Polygon","coordinates":[[[107.570433,-7.106429],[107.570533,-7.106429],[107.570533,-7.106329000000001],[107.570433,-7.106329000000001],[107.570433,-7.106429]]]}},{"type":"Feature","properties":{"row":6,"col":4,"Q1_2025":456.433,"Q2_2025":430.94,"Q3_2025":441.204,"Q4_2025":437.595,"Q1_2026":477.45},"geometry":{"type":"Polygon","coordinates":[[[107.570533,-7.106429],[107.570633,-7.106429],[107.570633,-7.106329000000001],[107.570533,-7.106329000000001],[107.570533,-7.106429]]]}},{"type":"Feature","properties":{"row":6,"col":5,"Q1_2025":421.646,"Q2_2025":434.356,"Q3_2025":452.215,"Q4_2025":448.68,"Q1_2026":476.756},"geometry":{"type":"Polygon","coordinates":[[[107.570633,-7.106429],[107.570733,-7.106429],[107.570733,-7.106329000000001],[107.570633,-7.106329000000001],[107.570633,-7.106429]]]}},{"type":"Feature","properties":{"row":6,"col":6,"Q1_2025":430.519,"Q2_2025":435.765,"Q3_2025":512.61,"Q4_2025":462.374,"Q1_2026":492.751},"geometry":{"type":"Polygon","coordinates":[[[107.570733,-7.106429],[107.57083300000001,-7.106429],[107.57083300000001,-7.106329000000001],[107.570733,-7.106329000000001],[107.570733,-7.106429]]]}},{"type":"Feature","properties":{"row":6,"col":7,"Q1_2025":443.636,"Q2_2025":435.98,"Q3_2025":452.049,"Q4_2025":459.987,"Q1_2026":491.935},"geometry":{"type":"Polygon","coordinates":[[[107.570833,-7.106429],[107.570933,-7.106429],[107.570933,-7.106329000000001],[107.570833,-7.106329000000001],[107.570833,-7.106429]]]}},{"type":"Feature","properties":{"row":6,"col":8,"Q1_2025":440.686,"Q2_2025":460.733,"Q3_2025":461.975,"Q4_2025":482.297,"Q1_2026":470.493},"geometry":{"type":"Polygon","coordinates":[[[107.570933,-7.106429],[107.571033,-7.106429],[107.571033,-7.106329000000001],[107.570933,-7.106329000000001],[107.570933,-7.106429]]]}},{"type":"Feature","properties":{"row":6,"col":9,"Q1_2025":479.74,"Q2_2025":483.938,"Q3_2025":461.69,"Q4_2025":479.972,"Q1_2026":494.898},"geometry":{"type":"Polygon","coordinates":[[[107.571033,-7.106429],[107.571133,-7.106429],[107.571133,-7.106329000000001],[107.571033,-7.106329000000001],[107.571033,-7.106429]]]}},{"type":"Feature","properties":{"row":6,"col":10,"Q1_2025":461.612,"Q2_2025":471.419,"Q3_2025":488.368,"Q4_2025":454.944,"Q1_2026":470.455},"geometry":{"type":"Polygon","coordinates":[[[107.571133,-7.106429],[107.571233,-7.106429],[107.571233,-7.106329000000001],[107.571133,-7.106329000000001],[107.571133,-7.106429]]]}},{"type":"Feature","properties":{"row":6,"col":11,"Q1_2025":471.021,"Q2_2025":470.733,"Q3_2025":476.184,"Q4_2025":466.005,"Q1_2026":483.768},"geometry":{"type":"Polygon","coordinates":[[[107.57123299999999,-7.106429],[107.571333,-7.106429],[107.571333,-7.106329000000001],[107.57123299999999,-7.106329000000001],[107.57123299999999,-7.106429]]]}},{"type":"Feature","properties":{"row":6,"col":12,"Q1_2025":477.688,"Q2_2025":461.518,"Q3_2025":473.3,"Q4_2025":460.181,"Q1_2026":512.538},"geometry":{"type":"Polygon","coordinates":[[[107.571333,-7.106429],[107.571433,-7.106429],[107.571433,-7.106329000000001],[107.571333,-7.106329000000001],[107.571333,-7.106429]]]}},{"type":"Feature","properties":{"row":6,"col":13,"Q1_2025":464.708,"Q2_2025":457.516,"Q3_2025":495.383,"Q4_2025":472.285,"Q1_2026":465.915},"geometry":{"type":"Polygon","coordinates":[[[107.571433,-7.106429],[107.571533,-7.106429],[107.571533,-7.106329000000001],[107.571433,-7.106329000000001],[107.571433,-7.106429]]]}},{"type":"Feature","properties":{"row":6,"col":14,"Q1_2025":430.485,"Q2_2025":476.138,"Q3_2025":467.738,"Q4_2025":490.565,"Q1_2026":496.305},"geometry":{"type":"Polygon","coordinates":[[[107.571533,-7.106429],[107.571633,-7.106429],[107.571633,-7.106329000000001],[107.571533,-7.106329000000001],[107.571533,-7.106429]]]}},{"type":"Feature","properties":{"row":6,"col":15,"Q1_2025":484.648,"Q2_2025":458.721,"Q3_2025":470.926,"Q4_2025":456.165,"Q1_2026":489.904},"geometry":{"type":"Polygon","coordinates":[[[107.57163299999999,-7.106429],[107.571733,-7.106429],[107.571733,-7.106329000000001],[107.57163299999999,-7.106329000000001],[107.57163299999999,-7.106429]]]}},{"type":"Feature","properties":{"row":6,"col":16,"Q1_2025":461.774,"Q2_2025":450.792,"Q3_2025":505.761,"Q4_2025":460.786,"Q1_2026":502.412},"geometry":{"type":"Polygon","coordinates":[[[107.571733,-7.106429],[107.571833,-7.106429],[107.571833,-7.106329000000001],[107.571733,-7.106329000000001],[107.571733,-7.106429]]]}},{"type":"Feature","properties":{"row":6,"col":17,"Q1_2025":450.942,"Q2_2025":470.69,"Q3_2025":484.343,"Q4_2025":489.668,"Q1_2026":472.515},"geometry":{"type":"Polygon","coordinates":[[[107.571833,-7.106429],[107.571933,-7.106429],[107.571933,-7.106329000000001],[107.571833,-7.106329000000001],[107.571833,-7.106429]]]}},{"type":"Feature","properties":{"row":6,"col":18,"Q1_2025":473.663,"Q2_2025":458.268,"Q3_2025":458.322,"Q4_2025":469.129,"Q1_2026":486.385},"geometry":{"type":"Polygon","coordinates":[[[107.571933,-7.106429],[107.572033,-7.106429],[107.572033,-7.106329000000001],[107.571933,-7.106329000000001],[107.571933,-7.106429]]]}},{"type":"Feature","properties":{"row":6,"col":19,"Q1_2025":464.739,"Q2_2025":453.251,"Q3_2025":456.602,"Q4_2025":464.065,"Q1_2026":469.72},"geometry":{"type":"Polygon","coordinates":[[[107.572033,-7.106429],[107.57213300000001,-7.106429],[107.57213300000001,-7.106329000000001],[107.572033,-7.106329000000001],[107.572033,-7.106429]]]}},{"type":"Feature","properties":{"row":7,"col":0,"Q1_2025":416.575,"Q2_2025":426.11,"Q3_2025":416.214,"Q4_2025":412.278,"Q1_2026":408.05},"geometry":{"type":"Polygon","coordinates":[[[107.570133,-7.106329000000001],[107.570233,-7.106329000000001],[107.570233,-7.106229000000001],[107.570133,-7.106229000000001],[107.570133,-7.106329000000001]]]}},{"type":"Feature","properties":{"row":7,"col":1,"Q1_2025":435.141,"Q2_2025":451.721,"Q3_2025":467.4,"Q4_2025":410.031,"Q1_2026":476.368},"geometry":{"type":"Polygon","coordinates":[[[107.570233,-7.106329000000001],[107.570333,-7.106329000000001],[107.570333,-7.106229000000001],[107.570233,-7.106229000000001],[107.570233,-7.106329000000001]]]}},{"type":"Feature","properties":{"row":7,"col":2,"Q1_2025":459.303,"Q2_2025":402.368,"Q3_2025":453.422,"Q4_2025":463.249,"Q1_2026":447.458},"geometry":{"type":"Polygon","coordinates":[[[107.570333,-7.106329000000001],[107.57043300000001,-7.106329000000001],[107.57043300000001,-7.106229000000001],[107.570333,-7.106229000000001],[107.570333,-7.106329000000001]]]}},{"type":"Feature","properties":{"row":7,"col":3,"Q1_2025":435.948,"Q2_2025":413.506,"Q3_2025":478.632,"Q4_2025":443.359,"Q1_2026":455.15},"geometry":{"type":"Polygon","coordinates":[[[107.570433,-7.106329000000001],[107.570533,-7.106329000000001],[107.570533,-7.106229000000001],[107.570433,-7.106229000000001],[107.570433,-7.106329000000001]]]}},{"type":"Feature","properties":{"row":7,"col":4,"Q1_2025":426.107,"Q2_2025":443.977,"Q3_2025":448.823,"Q4_2025":431.484,"Q1_2026":470.241},"geometry":{"type":"Polygon","coordinates":[[[107.570533,-7.106329000000001],[107.570633,-7.106329000000001],[107.570633,-7.106229000000001],[107.570533,-7.106229000000001],[107.570533,-7.106329000000001]]]}},{"type":"Feature","properties":{"row":7,"col":5,"Q1_2025":463.552,"Q2_2025":447.946,"Q3_2025":443.719,"Q4_2025":441.947,"Q1_2026":467.907},"geometry":{"type":"Polygon","coordinates":[[[107.570633,-7.106329000000001],[107.570733,-7.106329000000001],[107.570733,-7.106229000000001],[107.570633,-7.106229000000001],[107.570633,-7.106329000000001]]]}},{"type":"Feature","properties":{"row":7,"col":6,"Q1_2025":431.55,"Q2_2025":459.338,"Q3_2025":475.49,"Q4_2025":462.511,"Q1_2026":462.516},"geometry":{"type":"Polygon","coordinates":[[[107.570733,-7.106329000000001],[107.57083300000001,-7.106329000000001],[107.57083300000001,-7.106229000000001],[107.570733,-7.106229000000001],[107.570733,-7.106329000000001]]]}},{"type":"Feature","properties":{"row":7,"col":7,"Q1_2025":415.836,"Q2_2025":476.928,"Q3_2025":446.457,"Q4_2025":464.492,"Q1_2026":471.737},"geometry":{"type":"Polygon","coordinates":[[[107.570833,-7.106329000000001],[107.570933,-7.106329000000001],[107.570933,-7.106229000000001],[107.570833,-7.106229000000001],[107.570833,-7.106329000000001]]]}},{"type":"Feature","properties":{"row":7,"col":8,"Q1_2025":481.657,"Q2_2025":462.899,"Q3_2025":471.829,"Q4_2025":502.634,"Q1_2026":474.611},"geometry":{"type":"Polygon","coordinates":[[[107.570933,-7.106329000000001],[107.571033,-7.106329000000001],[107.571033,-7.106229000000001],[107.570933,-7.106229000000001],[107.570933,-7.106329000000001]]]}},{"type":"Feature","properties":{"row":7,"col":9,"Q1_2025":468.072,"Q2_2025":453.792,"Q3_2025":471.344,"Q4_2025":480.821,"Q1_2026":483.443},"geometry":{"type":"Polygon","coordinates":[[[107.571033,-7.106329000000001],[107.571133,-7.106329000000001],[107.571133,-7.106229000000001],[107.571033,-7.106229000000001],[107.571033,-7.106329000000001]]]}},{"type":"Feature","properties":{"row":7,"col":10,"Q1_2025":480.665,"Q2_2025":464.709,"Q3_2025":456.843,"Q4_2025":477.651,"Q1_2026":464.076},"geometry":{"type":"Polygon","coordinates":[[[107.571133,-7.106329000000001],[107.571233,-7.106329000000001],[107.571233,-7.106229000000001],[107.571133,-7.106229000000001],[107.571133,-7.106329000000001]]]}},{"type":"Feature","properties":{"row":7,"col":11,"Q1_2025":476.397,"Q2_2025":505.498,"Q3_2025":514.401,"Q4_2025":457.211,"Q1_2026":488.685},"geometry":{"type":"Polygon","coordinates":[[[107.57123299999999,-7.106329000000001],[107.571333,-7.106329000000001],[107.571333,-7.106229000000001],[107.57123299999999,-7.106229000000001],[107.57123299999999,-7.106329000000001]]]}},{"type":"Feature","properties":{"row":7,"col":12,"Q1_2025":484.891,"Q2_2025":501.353,"Q3_2025":479.352,"Q4_2025":480.505,"Q1_2026":495.209},"geometry":{"type":"Polygon","coordinates":[[[107.571333,-7.106329000000001],[107.571433,-7.106329000000001],[107.571433,-7.106229000000001],[107.571333,-7.106229000000001],[107.571333,-7.106329000000001]]]}},{"type":"Feature","properties":{"row":7,"col":13,"Q1_2025":511.394,"Q2_2025":474.289,"Q3_2025":481.591,"Q4_2025":475.839,"Q1_2026":488.303},"geometry":{"type":"Polygon","coordinates":[[[107.571433,-7.106329000000001],[107.571533,-7.106329000000001],[107.571533,-7.106229000000001],[107.571433,-7.106229000000001],[107.571433,-7.106329000000001]]]}},{"type":"Feature","properties":{"row":7,"col":14,"Q1_2025":461.85,"Q2_2025":447.485,"Q3_2025":463.096,"Q4_2025":498.432,"Q1_2026":491.072},"geometry":{"type":"Polygon","coordinates":[[[107.571533,-7.106329000000001],[107.571633,-7.106329000000001],[107.571633,-7.106229000000001],[107.571533,-7.106229000000001],[107.571533,-7.106329000000001]]]}},{"type":"Feature","properties":{"row":7,"col":15,"Q1_2025":446.895,"Q2_2025":468.757,"Q3_2025":475.047,"Q4_2025":504.86,"Q1_2026":505.587},"geometry":{"type":"Polygon","coordinates":[[[107.57163299999999,-7.106329000000001],[107.571733,-7.106329000000001],[107.571733,-7.106229000000001],[107.57163299999999,-7.106229000000001],[107.57163299999999,-7.106329000000001]]]}},{"type":"Feature","properties":{"row":7,"col":16,"Q1_2025":473.871,"Q2_2025":473.99,"Q3_2025":469.53,"Q4_2025":484.41,"Q1_2026":486.367},"geometry":{"type":"Polygon","coordinates":[[[107.571733,-7.106329000000001],[107.571833,-7.106329000000001],[107.571833,-7.106229000000001],[107.571733,-7.106229000000001],[107.571733,-7.106329000000001]]]}},{"type":"Feature","properties":{"row":7,"col":17,"Q1_2025":488.986,"Q2_2025":476.953,"Q3_2025":497.59,"Q4_2025":496.305,"Q1_2026":486.569},"geometry":{"type":"Polygon","coordinates":[[[107.571833,-7.106329000000001],[107.571933,-7.106329000000001],[107.571933,-7.106229000000001],[107.571833,-7.106229000000001],[107.571833,-7.106329000000001]]]}},{"type":"Feature","properties":{"row":7,"col":18,"Q1_2025":303.684,"Q2_2025":307.522,"Q3_2025":303.348,"Q4_2025":308.031,"Q1_2026":305.932},"geometry":{"type":"Polygon","coordinates":[[[107.571933,-7.106329000000001],[107.572033,-7.106329000000001],[107.572033,-7.106229000000001],[107.571933,-7.106229000000001],[107.571933,-7.106329000000001]]]}},{"type":"Feature","properties":{"row":7,"col":19,"Q1_2025":488.627,"Q2_2025":447.734,"Q3_2025":456.428,"Q4_2025":497.656,"Q1_2026":447.723},"geometry":{"type":"Polygon","coordinates":[[[107.572033,-7.106329000000001],[107.57213300000001,-7.106329000000001],[107.57213300000001,-7.106229000000001],[107.572033,-7.106229000000001],[107.572033,-7.106329000000001]]]}},{"type":"Feature","properties":{"row":8,"col":0,"Q1_2025":405.082,"Q2_2025":431.739,"Q3_2025":434.837,"Q4_2025":445.731,"Q1_2026":454.107},"geometry":{"type":"Polygon","coordinates":[[[107.570133,-7.106229000000001],[107.570233,-7.106229000000001],[107.570233,-7.106129000000001],[107.570133,-7.106129000000001],[107.570133,-7.106229000000001]]]}},{"type":"Feature","properties":{"row":8,"col":1,"Q1_2025":408.005,"Q2_2025":414.347,"Q3_2025":431.561,"Q4_2025":441.688,"Q1_2026":440.75},"geometry":{"type":"Polygon","coordinates":[[[107.570233,-7.106229000000001],[107.570333,-7.106229000000001],[107.570333,-7.106129000000001],[107.570233,-7.106129000000001],[107.570233,-7.106229000000001]]]}},{"type":"Feature","properties":{"row":8,"col":2,"Q1_2025":440.88,"Q2_2025":443.346,"Q3_2025":399.188,"Q4_2025":442.169,"Q1_2026":446.905},"geometry":{"type":"Polygon","coordinates":[[[107.570333,-7.106229000000001],[107.57043300000001,-7.106229000000001],[107.57043300000001,-7.106129000000001],[107.570333,-7.106129000000001],[107.570333,-7.106229000000001]]]}},{"type":"Feature","properties":{"row":8,"col":3,"Q1_2025":425.651,"Q2_2025":431.099,"Q3_2025":409.392,"Q4_2025":436.264,"Q1_2026":438.424},"geometry":{"type":"Polygon","coordinates":[[[107.570433,-7.106229000000001],[107.570533,-7.106229000000001],[107.570533,-7.106129000000001],[107.570433,-7.106129000000001],[107.570433,-7.106229000000001]]]}},{"type":"Feature","properties":{"row":8,"col":4,"Q1_2025":286.502,"Q2_2025":310.895,"Q3_2025":298.806,"Q4_2025":309.803,"Q1_2026":316.537},"geometry":{"type":"Polygon","coordinates":[[[107.570533,-7.106229000000001],[107.570633,-7.106229000000001],[107.570633,-7.106129000000001],[107.570533,-7.106129000000001],[107.570533,-7.106229000000001]]]}},{"type":"Feature","properties":{"row":8,"col":5,"Q1_2025":446.332,"Q2_2025":449.608,"Q3_2025":451.664,"Q4_2025":471.963,"Q1_2026":479.537},"geometry":{"type":"Polygon","coordinates":[[[107.570633,-7.106229000000001],[107.570733,-7.106229000000001],[107.570733,-7.106129000000001],[107.570633,-7.106129000000001],[107.570633,-7.106229000000001]]]}},{"type":"Feature","properties":{"row":8,"col":6,"Q1_2025":433.699,"Q2_2025":481.799,"Q3_2025":470.179,"Q4_2025":460.489,"Q1_2026":467.253},"geometry":{"type":"Polygon","coordinates":[[[107.570733,-7.106229000000001],[107.57083300000001,-7.106229000000001],[107.57083300000001,-7.106129000000001],[107.570733,-7.106129000000001],[107.570733,-7.106229000000001]]]}},{"type":"Feature","properties":{"row":8,"col":7,"Q1_2025":440.124,"Q2_2025":455.469,"Q3_2025":470.684,"Q4_2025":456.109,"Q1_2026":484.242},"geometry":{"type":"Polygon","coordinates":[[[107.570833,-7.106229000000001],[107.570933,-7.106229000000001],[107.570933,-7.106129000000001],[107.570833,-7.106129000000001],[107.570833,-7.106229000000001]]]}},{"type":"Feature","properties":{"row":8,"col":8,"Q1_2025":471.81,"Q2_2025":445.332,"Q3_2025":454.484,"Q4_2025":477.177,"Q1_2026":486.876},"geometry":{"type":"Polygon","coordinates":[[[107.570933,-7.106229000000001],[107.571033,-7.106229000000001],[107.571033,-7.106129000000001],[107.570933,-7.106129000000001],[107.570933,-7.106229000000001]]]}},{"type":"Feature","properties":{"row":8,"col":9,"Q1_2025":459.022,"Q2_2025":486.218,"Q3_2025":492.83,"Q4_2025":508.704,"Q1_2026":481.623},"geometry":{"type":"Polygon","coordinates":[[[107.571033,-7.106229000000001],[107.571133,-7.106229000000001],[107.571133,-7.106129000000001],[107.571033,-7.106129000000001],[107.571033,-7.106229000000001]]]}},{"type":"Feature","properties":{"row":8,"col":10,"Q1_2025":494.897,"Q2_2025":493.671,"Q3_2025":459.305,"Q4_2025":485.764,"Q1_2026":469.565},"geometry":{"type":"Polygon","coordinates":[[[107.571133,-7.106229000000001],[107.571233,-7.106229000000001],[107.571233,-7.106129000000001],[107.571133,-7.106129000000001],[107.571133,-7.106229000000001]]]}},{"type":"Feature","properties":{"row":8,"col":11,"Q1_2025":478.411,"Q2_2025":479.357,"Q3_2025":460.322,"Q4_2025":505.669,"Q1_2026":467.123},"geometry":{"type":"Polygon","coordinates":[[[107.57123299999999,-7.106229000000001],[107.571333,-7.106229000000001],[107.571333,-7.106129000000001],[107.57123299999999,-7.106129000000001],[107.57123299999999,-7.106229000000001]]]}},{"type":"Feature","properties":{"row":8,"col":12,"Q1_2025":466.673,"Q2_2025":444.864,"Q3_2025":463.912,"Q4_2025":488.016,"Q1_2026":503.476},"geometry":{"type":"Polygon","coordinates":[[[107.571333,-7.106229000000001],[107.571433,-7.106229000000001],[107.571433,-7.106129000000001],[107.571333,-7.106129000000001],[107.571333,-7.106229000000001]]]}},{"type":"Feature","properties":{"row":8,"col":13,"Q1_2025":460.479,"Q2_2025":496.146,"Q3_2025":489.454,"Q4_2025":516.088,"Q1_2026":493.317},"geometry":{"type":"Polygon","coordinates":[[[107.571433,-7.106229000000001],[107.571533,-7.106229000000001],[107.571533,-7.106129000000001],[107.571433,-7.106129000000001],[107.571433,-7.106229000000001]]]}},{"type":"Feature","properties":{"row":8,"col":14,"Q1_2025":445.89,"Q2_2025":471.495,"Q3_2025":478.586,"Q4_2025":474.801,"Q1_2026":519.65},"geometry":{"type":"Polygon","coordinates":[[[107.571533,-7.106229000000001],[107.571633,-7.106229000000001],[107.571633,-7.106129000000001],[107.571533,-7.106129000000001],[107.571533,-7.106229000000001]]]}},{"type":"Feature","properties":{"row":8,"col":15,"Q1_2025":461.061,"Q2_2025":451.688,"Q3_2025":476.683,"Q4_2025":472.66,"Q1_2026":478.619},"geometry":{"type":"Polygon","coordinates":[[[107.57163299999999,-7.106229000000001],[107.571733,-7.106229000000001],[107.571733,-7.106129000000001],[107.57163299999999,-7.106129000000001],[107.57163299999999,-7.106229000000001]]]}},{"type":"Feature","properties":{"row":8,"col":16,"Q1_2025":465.791,"Q2_2025":456.287,"Q3_2025":467.22,"Q4_2025":464.904,"Q1_2026":504.997},"geometry":{"type":"Polygon","coordinates":[[[107.571733,-7.106229000000001],[107.571833,-7.106229000000001],[107.571833,-7.106129000000001],[107.571733,-7.106129000000001],[107.571733,-7.106229000000001]]]}},{"type":"Feature","properties":{"row":8,"col":17,"Q1_2025":489.587,"Q2_2025":488.109,"Q3_2025":464.051,"Q4_2025":516.932,"Q1_2026":489.576},"geometry":{"type":"Polygon","coordinates":[[[107.571833,-7.106229000000001],[107.571933,-7.106229000000001],[107.571933,-7.106129000000001],[107.571833,-7.106129000000001],[107.571833,-7.106229000000001]]]}},{"type":"Feature","properties":{"row":8,"col":18,"Q1_2025":448.704,"Q2_2025":469.988,"Q3_2025":466.562,"Q4_2025":480.815,"Q1_2026":485.697},"geometry":{"type":"Polygon","coordinates":[[[107.571933,-7.106229000000001],[107.572033,-7.106229000000001],[107.572033,-7.106129000000001],[107.571933,-7.106129000000001],[107.571933,-7.106229000000001]]]}},{"type":"Feature","properties":{"row":8,"col":19,"Q1_2025":450.815,"Q2_2025":463.11,"Q3_2025":484.584,"Q4_2025":460.053,"Q1_2026":483.179},"geometry":{"type":"Polygon","coordinates":[[[107.572033,-7.106229000000001],[107.57213300000001,-7.106229000000001],[107.57213300000001,-7.106129000000001],[107.572033,-7.106129000000001],[107.572033,-7.106229000000001]]]}},{"type":"Feature","properties":{"row":9,"col":0,"Q1_2025":395.214,"Q2_2025":439.306,"Q3_2025":439.51,"Q4_2025":437.934,"Q1_2026":429.434},"geometry":{"type":"Polygon","coordinates":[[[107.570133,-7.106129000000001],[107.570233,-7.106129000000001],[107.570233,-7.106029000000001],[107.570133,-7.106029000000001],[107.570133,-7.106129000000001]]]}},{"type":"Feature","properties":{"row":9,"col":1,"Q1_2025":417.902,"Q2_2025":412.68,"Q3_2025":430.881,"Q4_2025":460.377,"Q1_2026":437.749},"geometry":{"type":"Polygon","coordinates":[[[107.570233,-7.106129000000001],[107.570333,-7.106129000000001],[107.570333,-7.106029000000001],[107.570233,-7.106029000000001],[107.570233,-7.106129000000001]]]}},{"type":"Feature","properties":{"row":9,"col":2,"Q1_2025":441.558,"Q2_2025":433.105,"Q3_2025":454.861,"Q4_2025":445.633,"Q1_2026":458.606},"geometry":{"type":"Polygon","coordinates":[[[107.570333,-7.106129000000001],[107.57043300000001,-7.106129000000001],[107.57043300000001,-7.106029000000001],[107.570333,-7.106029000000001],[107.570333,-7.106129000000001]]]}},{"type":"Feature","properties":{"row":9,"col":3,"Q1_2025":408.555,"Q2_2025":457.963,"Q3_2025":437.261,"Q4_2025":462.029,"Q1_2026":439.881},"geometry":{"type":"Polygon","coordinates":[[[107.570433,-7.106129000000001],[107.570533,-7.106129000000001],[107.570533,-7.106029000000001],[107.570433,-7.106029000000001],[107.570433,-7.106129000000001]]]}},{"type":"Feature","properties":{"row":9,"col":4,"Q1_2025":428.677,"Q2_2025":429.347,"Q3_2025":432.877,"Q4_2025":476.595,"Q1_2026":469.772},"geometry":{"type":"Polygon","coordinates":[[[107.570533,-7.106129000000001],[107.570633,-7.106129000000001],[107.570633,-7.106029000000001],[107.570533,-7.106029000000001],[107.570533,-7.106129000000001]]]}},{"type":"Feature","properties":{"row":9,"col":5,"Q1_2025":417.531,"Q2_2025":436.347,"Q3_2025":476.262,"Q4_2025":439.69,"Q1_2026":449.97},"geometry":{"type":"Polygon","coordinates":[[[107.570633,-7.106129000000001],[107.570733,-7.106129000000001],[107.570733,-7.106029000000001],[107.570633,-7.106029000000001],[107.570633,-7.106129000000001]]]}},{"type":"Feature","properties":{"row":9,"col":6,"Q1_2025":439.241,"Q2_2025":467.463,"Q3_2025":478.001,"Q4_2025":477.64,"Q1_2026":484.046},"geometry":{"type":"Polygon","coordinates":[[[107.570733,-7.106129000000001],[107.57083300000001,-7.106129000000001],[107.57083300000001,-7.106029000000001],[107.570733,-7.106029000000001],[107.570733,-7.106129000000001]]]}},{"type":"Feature","properties":{"row":9,"col":7,"Q1_2025":456.276,"Q2_2025":443.118,"Q3_2025":446.048,"Q4_2025":457.213,"Q1_2026":471.797},"geometry":{"type":"Polygon","coordinates":[[[107.570833,-7.106129000000001],[107.570933,-7.106129000000001],[107.570933,-7.106029000000001],[107.570833,-7.106029000000001],[107.570833,-7.106129000000001]]]}},{"type":"Feature","properties":{"row":9,"col":8,"Q1_2025":487.25,"Q2_2025":486.955,"Q3_2025":444.319,"Q4_2025":478.475,"Q1_2026":481.425},"geometry":{"type":"Polygon","coordinates":[[[107.570933,-7.106129000000001],[107.571033,-7.106129000000001],[107.571033,-7.106029000000001],[107.570933,-7.106029000000001],[107.570933,-7.106129000000001]]]}},{"type":"Feature","properties":{"row":9,"col":9,"Q1_2025":452.568,"Q2_2025":472.674,"Q3_2025":487.843,"Q4_2025":504.228,"Q1_2026":508.119},"geometry":{"type":"Polygon","coordinates":[[[107.571033,-7.106129000000001],[107.571133,-7.106129000000001],[107.571133,-7.106029000000001],[107.571033,-7.106029000000001],[107.571033,-7.106129000000001]]]}},{"type":"Feature","properties":{"row":9,"col":10,"Q1_2025":290.717,"Q2_2025":296.638,"Q3_2025":306.997,"Q4_2025":309.664,"Q1_2026":304.722},"geometry":{"type":"Polygon","coordinates":[[[107.571133,-7.106129000000001],[107.571233,-7.106129000000001],[107.571233,-7.106029000000001],[107.571133,-7.106029000000001],[107.571133,-7.106129000000001]]]}},{"type":"Feature","properties":{"row":9,"col":11,"Q1_2025":495.78,"Q2_2025":463.622,"Q3_2025":474.209,"Q4_2025":490.028,"Q1_2026":493.35},"geometry":{"type":"Polygon","coordinates":[[[107.57123299999999,-7.106129000000001],[107.571333,-7.106129000000001],[107.571333,-7.106029000000001],[107.57123299999999,-7.106029000000001],[107.57123299999999,-7.106129000000001]]]}},{"type":"Feature","properties":{"row":9,"col":12,"Q1_2025":297.984,"Q2_2025":304.054,"Q3_2025":315.305,"Q4_2025":310.255,"Q1_2026":294.107},"geometry":{"type":"Polygon","coordinates":[[[107.571333,-7.106129000000001],[107.571433,-7.106129000000001],[107.571433,-7.106029000000001],[107.571333,-7.106029000000001],[107.571333,-7.106129000000001]]]}},{"type":"Feature","properties":{"row":9,"col":13,"Q1_2025":497.131,"Q2_2025":466.436,"Q3_2025":465.559,"Q4_2025":474.164,"Q1_2026":520.547},"geometry":{"type":"Polygon","coordinates":[[[107.571433,-7.106129000000001],[107.571533,-7.106129000000001],[107.571533,-7.106029000000001],[107.571433,-7.106029000000001],[107.571433,-7.106129000000001]]]}},{"type":"Feature","properties":{"row":9,"col":14,"Q1_2025":453.768,"Q2_2025":486.752,"Q3_2025":477.694,"Q4_2025":476.098,"Q1_2026":480.687},"geometry":{"type":"Polygon","coordinates":[[[107.571533,-7.106129000000001],[107.571633,-7.106129000000001],[107.571633,-7.106029000000001],[107.571533,-7.106029000000001],[107.571533,-7.106129000000001]]]}},{"type":"Feature","properties":{"row":9,"col":15,"Q1_2025":478.783,"Q2_2025":468.126,"Q3_2025":506.632,"Q4_2025":498.722,"Q1_2026":506.106},"geometry":{"type":"Polygon","coordinates":[[[107.57163299999999,-7.106129000000001],[107.571733,-7.106129000000001],[107.571733,-7.106029000000001],[107.57163299999999,-7.106029000000001],[107.57163299999999,-7.106129000000001]]]}},{"type":"Feature","properties":{"row":9,"col":16,"Q1_2025":482.864,"Q2_2025":462.509,"Q3_2025":489.706,"Q4_2025":468.516,"Q1_2026":479.694},"geometry":{"type":"Polygon","coordinates":[[[107.571733,-7.106129000000001],[107.571833,-7.106129000000001],[107.571833,-7.106029000000001],[107.571733,-7.106029000000001],[107.571733,-7.106129000000001]]]}},{"type":"Feature","properties":{"row":9,"col":17,"Q1_2025":490.425,"Q2_2025":462.954,"Q3_2025":474.396,"Q4_2025":488.812,"Q1_2026":510.855},"geometry":{"type":"Polygon","coordinates":[[[107.571833,-7.106129000000001],[107.571933,-7.106129000000001],[107.571933,-7.106029000000001],[107.571833,-7.106029000000001],[107.571833,-7.106129000000001]]]}},{"type":"Feature","properties":{"row":9,"col":18,"Q1_2025":453.222,"Q2_2025":440.169,"Q3_2025":492.21,"Q4_2025":498.819,"Q1_2026":495.608},"geometry":{"type":"Polygon","coordinates":[[[107.571933,-7.106129000000001],[107.572033,-7.106129000000001],[107.572033,-7.106029000000001],[107.571933,-7.106029000000001],[107.571933,-7.106129000000001]]]}},{"type":"Feature","properties":{"row":9,"col":19,"Q1_2025":463.231,"Q2_2025":449.094,"Q3_2025":469.056,"Q4_2025":473.434,"Q1_2026":460.102},"geometry":{"type":"Polygon","coordinates":[[[107.572033,-7.106129000000001],[107.57213300000001,-7.106129000000001],[107.57213300000001,-7.106029000000001],[107.572033,-7.106029000000001],[107.572033,-7.106129000000001]]]}},{"type":"Feature","properties":{"row":10,"col":0,"Q1_2025":397.028,"Q2_2025":412.798,"Q3_2025":447.454,"Q4_2025":422.043,"Q1_2026":420.805},"geometry":{"type":"Polygon","coordinates":[[[107.570133,-7.106029],[107.570233,-7.106029],[107.570233,-7.105929000000001],[107.570133,-7.105929000000001],[107.570133,-7.106029]]]}},{"type":"Feature","properties":{"row":10,"col":1,"Q1_2025":392.691,"Q2_2025":395.888,"Q3_2025":424.432,"Q4_2025":433.806,"Q1_2026":442.057},"geometry":{"type":"Polygon","coordinates":[[[107.570233,-7.106029],[107.570333,-7.106029],[107.570333,-7.105929000000001],[107.570233,-7.105929000000001],[107.570233,-7.106029]]]}},{"type":"Feature","properties":{"row":10,"col":2,"Q1_2025":438.13,"Q2_2025":440.717,"Q3_2025":441.447,"Q4_2025":443.284,"Q1_2026":443.805},"geometry":{"type":"Polygon","coordinates":[[[107.570333,-7.106029],[107.57043300000001,-7.106029],[107.57043300000001,-7.105929000000001],[107.570333,-7.105929000000001],[107.570333,-7.106029]]]}},{"type":"Feature","properties":{"row":10,"col":3,"Q1_2025":458.568,"Q2_2025":460.024,"Q3_2025":440.046,"Q4_2025":450.648,"Q1_2026":456.667},"geometry":{"type":"Polygon","coordinates":[[[107.570433,-7.106029],[107.570533,-7.106029],[107.570533,-7.105929000000001],[107.570433,-7.105929000000001],[107.570433,-7.106029]]]}},{"type":"Feature","properties":{"row":10,"col":4,"Q1_2025":440.465,"Q2_2025":433.397,"Q3_2025":434.626,"Q4_2025":449.678,"Q1_2026":438.452},"geometry":{"type":"Polygon","coordinates":[[[107.570533,-7.106029],[107.570633,-7.106029],[107.570633,-7.105929000000001],[107.570533,-7.105929000000001],[107.570533,-7.106029]]]}},{"type":"Feature","properties":{"row":10,"col":5,"Q1_2025":450.395,"Q2_2025":440.611,"Q3_2025":437.104,"Q4_2025":462.783,"Q1_2026":485.672},"geometry":{"type":"Polygon","coordinates":[[[107.570633,-7.106029],[107.570733,-7.106029],[107.570733,-7.105929000000001],[107.570633,-7.105929000000001],[107.570633,-7.106029]]]}},{"type":"Feature","properties":{"row":10,"col":6,"Q1_2025":436.679,"Q2_2025":466.954,"Q3_2025":467.137,"Q4_2025":443.265,"Q1_2026":468.789},"geometry":{"type":"Polygon","coordinates":[[[107.570733,-7.106029],[107.57083300000001,-7.106029],[107.57083300000001,-7.105929000000001],[107.570733,-7.105929000000001],[107.570733,-7.106029]]]}},{"type":"Feature","properties":{"row":10,"col":7,"Q1_2025":452.294,"Q2_2025":450.195,"Q3_2025":477.197,"Q4_2025":477.06,"Q1_2026":454.497},"geometry":{"type":"Polygon","coordinates":[[[107.570833,-7.106029],[107.570933,-7.106029],[107.570933,-7.105929000000001],[107.570833,-7.105929000000001],[107.570833,-7.106029]]]}},{"type":"Feature","properties":{"row":10,"col":8,"Q1_2025":467.865,"Q2_2025":466.928,"Q3_2025":472.589,"Q4_2025":467.891,"Q1_2026":503.211},"geometry":{"type":"Polygon","coordinates":[[[107.570933,-7.106029],[107.571033,-7.106029],[107.571033,-7.105929000000001],[107.570933,-7.105929000000001],[107.570933,-7.106029]]]}},{"type":"Feature","properties":{"row":10,"col":9,"Q1_2025":447.593,"Q2_2025":464.394,"Q3_2025":483.195,"Q4_2025":468.708,"Q1_2026":471.867},"geometry":{"type":"Polygon","coordinates":[[[107.571033,-7.106029],[107.571133,-7.106029],[107.571133,-7.105929000000001],[107.571033,-7.105929000000001],[107.571033,-7.106029]]]}},{"type":"Feature","properties":{"row":10,"col":10,"Q1_2025":462.527,"Q2_2025":495.762,"Q3_2025":485.281,"Q4_2025":481.105,"Q1_2026":494.456},"geometry":{"type":"Polygon","coordinates":[[[107.571133,-7.106029],[107.571233,-7.106029],[107.571233,-7.105929000000001],[107.571133,-7.105929000000001],[107.571133,-7.106029]]]}},{"type":"Feature","properties":{"row":10,"col":11,"Q1_2025":465.495,"Q2_2025":439.451,"Q3_2025":498.79,"Q4_2025":524.514,"Q1_2026":512.545},"geometry":{"type":"Polygon","coordinates":[[[107.57123299999999,-7.106029],[107.571333,-7.106029],[107.571333,-7.105929000000001],[107.57123299999999,-7.105929000000001],[107.57123299999999,-7.106029]]]}},{"type":"Feature","properties":{"row":10,"col":12,"Q1_2025":473.602,"Q2_2025":471.78,"Q3_2025":496.052,"Q4_2025":492.374,"Q1_2026":493.516},"geometry":{"type":"Polygon","coordinates":[[[107.571333,-7.106029],[107.571433,-7.106029],[107.571433,-7.105929000000001],[107.571333,-7.105929000000001],[107.571333,-7.106029]]]}},{"type":"Feature","properties":{"row":10,"col":13,"Q1_2025":482.149,"Q2_2025":479.204,"Q3_2025":481.985,"Q4_2025":453.765,"Q1_2026":500.715},"geometry":{"type":"Polygon","coordinates":[[[107.571433,-7.106029],[107.571533,-7.106029],[107.571533,-7.105929000000001],[107.571433,-7.105929000000001],[107.571433,-7.106029]]]}},{"type":"Feature","properties":{"row":10,"col":14,"Q1_2025":505.565,"Q2_2025":485.737,"Q3_2025":460.966,"Q4_2025":472.393,"Q1_2026":471.81},"geometry":{"type":"Polygon","coordinates":[[[107.571533,-7.106029],[107.571633,-7.106029],[107.571633,-7.105929000000001],[107.571533,-7.105929000000001],[107.571533,-7.106029]]]}},{"type":"Feature","properties":{"row":10,"col":15,"Q1_2025":450.484,"Q2_2025":467.576,"Q3_2025":506.087,"Q4_2025":480.399,"Q1_2026":489.138},"geometry":{"type":"Polygon","coordinates":[[[107.57163299999999,-7.106029],[107.571733,-7.106029],[107.571733,-7.105929000000001],[107.57163299999999,-7.105929000000001],[107.57163299999999,-7.106029]]]}},{"type":"Feature","properties":{"row":10,"col":16,"Q1_2025":464.793,"Q2_2025":456.936,"Q3_2025":497.135,"Q4_2025":479.749,"Q1_2026":491.602},"geometry":{"type":"Polygon","coordinates":[[[107.571733,-7.106029],[107.571833,-7.106029],[107.571833,-7.105929000000001],[107.571733,-7.105929000000001],[107.571733,-7.106029]]]}},{"type":"Feature","properties":{"row":10,"col":17,"Q1_2025":459.544,"Q2_2025":458.463,"Q3_2025":474.077,"Q4_2025":464.97,"Q1_2026":513.38},"geometry":{"type":"Polygon","coordinates":[[[107.571833,-7.106029],[107.571933,-7.106029],[107.571933,-7.105929000000001],[107.571833,-7.105929000000001],[107.571833,-7.106029]]]}},{"type":"Feature","properties":{"row":10,"col":18,"Q1_2025":459.624,"Q2_2025":460.086,"Q3_2025":466.655,"Q4_2025":516.977,"Q1_2026":474.056},"geometry":{"type":"Polygon","coordinates":[[[107.571933,-7.106029],[107.572033,-7.106029],[107.572033,-7.105929000000001],[107.571933,-7.105929000000001],[107.571933,-7.106029]]]}},{"type":"Feature","properties":{"row":10,"col":19,"Q1_2025":453.4,"Q2_2025":446.704,"Q3_2025":465.502,"Q4_2025":475.541,"Q1_2026":478.948},"geometry":{"type":"Polygon","coordinates":[[[107.572033,-7.106029],[107.57213300000001,-7.106029],[107.57213300000001,-7.105929000000001],[107.572033,-7.105929000000001],[107.572033,-7.106029]]]}},{"type":"Feature","properties":{"row":11,"col":0,"Q1_2025":408.897,"Q2_2025":429.366,"Q3_2025":404.161,"Q4_2025":404.017,"Q1_2026":435.373},"geometry":{"type":"Polygon","coordinates":[[[107.570133,-7.105929000000001],[107.570233,-7.105929000000001],[107.570233,-7.105829000000001],[107.570133,-7.105829000000001],[107.570133,-7.105929000000001]]]}},{"type":"Feature","properties":{"row":11,"col":1,"Q1_2025":425.03,"Q2_2025":436.822,"Q3_2025":421.078,"Q4_2025":437.861,"Q1_2026":433.703},"geometry":{"type":"Polygon","coordinates":[[[107.570233,-7.105929000000001],[107.570333,-7.105929000000001],[107.570333,-7.105829000000001],[107.570233,-7.105829000000001],[107.570233,-7.105929000000001]]]}},{"type":"Feature","properties":{"row":11,"col":2,"Q1_2025":425.41,"Q2_2025":455.454,"Q3_2025":454.282,"Q4_2025":444.204,"Q1_2026":448.722},"geometry":{"type":"Polygon","coordinates":[[[107.570333,-7.105929000000001],[107.57043300000001,-7.105929000000001],[107.57043300000001,-7.105829000000001],[107.570333,-7.105829000000001],[107.570333,-7.105929000000001]]]}},{"type":"Feature","properties":{"row":11,"col":3,"Q1_2025":414.284,"Q2_2025":419.862,"Q3_2025":441.212,"Q4_2025":440.898,"Q1_2026":473.022},"geometry":{"type":"Polygon","coordinates":[[[107.570433,-7.105929000000001],[107.570533,-7.105929000000001],[107.570533,-7.105829000000001],[107.570433,-7.105829000000001],[107.570433,-7.105929000000001]]]}},{"type":"Feature","properties":{"row":11,"col":4,"Q1_2025":435.359,"Q2_2025":448.639,"Q3_2025":480.997,"Q4_2025":475.721,"Q1_2026":460.721},"geometry":{"type":"Polygon","coordinates":[[[107.570533,-7.105929000000001],[107.570633,-7.105929000000001],[107.570633,-7.105829000000001],[107.570533,-7.105829000000001],[107.570533,-7.105929000000001]]]}},{"type":"Feature","properties":{"row":11,"col":5,"Q1_2025":425.649,"Q2_2025":441.758,"Q3_2025":446.58,"Q4_2025":451.833,"Q1_2026":456.417},"geometry":{"type":"Polygon","coordinates":[[[107.570633,-7.105929000000001],[107.570733,-7.105929000000001],[107.570733,-7.105829000000001],[107.570633,-7.105829000000001],[107.570633,-7.105929000000001]]]}},{"type":"Feature","properties":{"row":11,"col":6,"Q1_2025":438.742,"Q2_2025":428.806,"Q3_2025":467.76,"Q4_2025":492.086,"Q1_2026":487.835},"geometry":{"type":"Polygon","coordinates":[[[107.570733,-7.105929000000001],[107.57083300000001,-7.105929000000001],[107.57083300000001,-7.105829000000001],[107.570733,-7.105829000000001],[107.570733,-7.105929000000001]]]}},{"type":"Feature","properties":{"row":11,"col":7,"Q1_2025":439.041,"Q2_2025":435.704,"Q3_2025":477.018,"Q4_2025":491.61,"Q1_2026":486.078},"geometry":{"type":"Polygon","coordinates":[[[107.570833,-7.105929000000001],[107.570933,-7.105929000000001],[107.570933,-7.105829000000001],[107.570833,-7.105829000000001],[107.570833,-7.105929000000001]]]}},{"type":"Feature","properties":{"row":11,"col":8,"Q1_2025":286.137,"Q2_2025":288.697,"Q3_2025":290.113,"Q4_2025":314.149,"Q1_2026":304.534},"geometry":{"type":"Polygon","coordinates":[[[107.570933,-7.105929000000001],[107.571033,-7.105929000000001],[107.571033,-7.105829000000001],[107.570933,-7.105829000000001],[107.570933,-7.105929000000001]]]}},{"type":"Feature","properties":{"row":11,"col":9,"Q1_2025":459.796,"Q2_2025":462.145,"Q3_2025":485.332,"Q4_2025":477.156,"Q1_2026":492.757},"geometry":{"type":"Polygon","coordinates":[[[107.571033,-7.105929000000001],[107.571133,-7.105929000000001],[107.571133,-7.105829000000001],[107.571033,-7.105829000000001],[107.571033,-7.105929000000001]]]}},{"type":"Feature","properties":{"row":11,"col":10,"Q1_2025":496.252,"Q2_2025":478.212,"Q3_2025":505.222,"Q4_2025":496.934,"Q1_2026":520.271},"geometry":{"type":"Polygon","coordinates":[[[107.571133,-7.105929000000001],[107.571233,-7.105929000000001],[107.571233,-7.105829000000001],[107.571133,-7.105829000000001],[107.571133,-7.105929000000001]]]}},{"type":"Feature","properties":{"row":11,"col":11,"Q1_2025":481.882,"Q2_2025":467.56,"Q3_2025":497.491,"Q4_2025":483.011,"Q1_2026":515.781},"geometry":{"type":"Polygon","coordinates":[[[107.57123299999999,-7.105929000000001],[107.571333,-7.105929000000001],[107.571333,-7.105829000000001],[107.57123299999999,-7.105829000000001],[107.57123299999999,-7.105929000000001]]]}},{"type":"Feature","properties":{"row":11,"col":12,"Q1_2025":463.852,"Q2_2025":470.846,"Q3_2025":496.586,"Q4_2025":481.881,"Q1_2026":495.059},"geometry":{"type":"Polygon","coordinates":[[[107.571333,-7.105929000000001],[107.571433,-7.105929000000001],[107.571433,-7.105829000000001],[107.571333,-7.105829000000001],[107.571333,-7.105929000000001]]]}},{"type":"Feature","properties":{"row":11,"col":13,"Q1_2025":469.301,"Q2_2025":483.544,"Q3_2025":491.467,"Q4_2025":487.13,"Q1_2026":465.904},"geometry":{"type":"Polygon","coordinates":[[[107.571433,-7.105929000000001],[107.571533,-7.105929000000001],[107.571533,-7.105829000000001],[107.571433,-7.105829000000001],[107.571433,-7.105929000000001]]]}},{"type":"Feature","properties":{"row":11,"col":14,"Q1_2025":479.036,"Q2_2025":466.528,"Q3_2025":473.296,"Q4_2025":477.282,"Q1_2026":521.196},"geometry":{"type":"Polygon","coordinates":[[[107.571533,-7.105929000000001],[107.571633,-7.105929000000001],[107.571633,-7.105829000000001],[107.571533,-7.105829000000001],[107.571533,-7.105929000000001]]]}},{"type":"Feature","properties":{"row":11,"col":15,"Q1_2025":445.194,"Q2_2025":490.106,"Q3_2025":464.492,"Q4_2025":487.722,"Q1_2026":489.961},"geometry":{"type":"Polygon","coordinates":[[[107.57163299999999,-7.105929000000001],[107.571733,-7.105929000000001],[107.571733,-7.105829000000001],[107.57163299999999,-7.105829000000001],[107.57163299999999,-7.105929000000001]]]}},{"type":"Feature","properties":{"row":11,"col":16,"Q1_2025":475.122,"Q2_2025":468.409,"Q3_2025":498.165,"Q4_2025":489.349,"Q1_2026":474.414},"geometry":{"type":"Polygon","coordinates":[[[107.571733,-7.105929000000001],[107.571833,-7.105929000000001],[107.571833,-7.105829000000001],[107.571733,-7.105829000000001],[107.571733,-7.105929000000001]]]}},{"type":"Feature","properties":{"row":11,"col":17,"Q1_2025":479.529,"Q2_2025":481.727,"Q3_2025":483.116,"Q4_2025":481.566,"Q1_2026":463.766},"geometry":{"type":"Polygon","coordinates":[[[107.571833,-7.105929000000001],[107.571933,-7.105929000000001],[107.571933,-7.105829000000001],[107.571833,-7.105829000000001],[107.571833,-7.105929000000001]]]}},{"type":"Feature","properties":{"row":11,"col":18,"Q1_2025":474.096,"Q2_2025":502.99,"Q3_2025":481.285,"Q4_2025":474.653,"Q1_2026":494.708},"geometry":{"type":"Polygon","coordinates":[[[107.571933,-7.105929000000001],[107.572033,-7.105929000000001],[107.572033,-7.105829000000001],[107.571933,-7.105829000000001],[107.571933,-7.105929000000001]]]}},{"type":"Feature","properties":{"row":11,"col":19,"Q1_2025":483.706,"Q2_2025":469.561,"Q3_2025":482.089,"Q4_2025":470.44,"Q1_2026":467.618},"geometry":{"type":"Polygon","coordinates":[[[107.572033,-7.105929000000001],[107.57213300000001,-7.105929000000001],[107.57213300000001,-7.105829000000001],[107.572033,-7.105829000000001],[107.572033,-7.105929000000001]]]}},{"type":"Feature","properties":{"row":12,"col":0,"Q1_2025":438.312,"Q2_2025":428.127,"Q3_2025":443.633,"Q4_2025":428.565,"Q1_2026":431.151},"geometry":{"type":"Polygon","coordinates":[[[107.570133,-7.105829000000001],[107.570233,-7.105829000000001],[107.570233,-7.105729000000001],[107.570133,-7.105729000000001],[107.570133,-7.105829000000001]]]}},{"type":"Feature","properties":{"row":12,"col":1,"Q1_2025":415.62,"Q2_2025":419.848,"Q3_2025":420.188,"Q4_2025":441.647,"Q1_2026":458.937},"geometry":{"type":"Polygon","coordinates":[[[107.570233,-7.105829000000001],[107.570333,-7.105829000000001],[107.570333,-7.105729000000001],[107.570233,-7.105729000000001],[107.570233,-7.105829000000001]]]}},{"type":"Feature","properties":{"row":12,"col":2,"Q1_2025":439.264,"Q2_2025":426.584,"Q3_2025":430.607,"Q4_2025":431.159,"Q1_2026":444.562},"geometry":{"type":"Polygon","coordinates":[[[107.570333,-7.105829000000001],[107.57043300000001,-7.105829000000001],[107.57043300000001,-7.105729000000001],[107.570333,-7.105729000000001],[107.570333,-7.105829000000001]]]}},{"type":"Feature","properties":{"row":12,"col":3,"Q1_2025":437.043,"Q2_2025":442.489,"Q3_2025":457.698,"Q4_2025":436.07,"Q1_2026":470.877},"geometry":{"type":"Polygon","coordinates":[[[107.570433,-7.105829000000001],[107.570533,-7.105829000000001],[107.570533,-7.105729000000001],[107.570433,-7.105729000000001],[107.570433,-7.105829000000001]]]}},{"type":"Feature","properties":{"row":12,"col":4,"Q1_2025":434.209,"Q2_2025":434.122,"Q3_2025":422.339,"Q4_2025":441.1,"Q1_2026":466.02},"geometry":{"type":"Polygon","coordinates":[[[107.570533,-7.105829000000001],[107.570633,-7.105829000000001],[107.570633,-7.105729000000001],[107.570533,-7.105729000000001],[107.570533,-7.105829000000001]]]}},{"type":"Feature","properties":{"row":12,"col":5,"Q1_2025":440.652,"Q2_2025":437.81,"Q3_2025":477.271,"Q4_2025":452.943,"Q1_2026":442.13},"geometry":{"type":"Polygon","coordinates":[[[107.570633,-7.105829000000001],[107.570733,-7.105829000000001],[107.570733,-7.105729000000001],[107.570633,-7.105729000000001],[107.570633,-7.105829000000001]]]}},{"type":"Feature","properties":{"row":12,"col":6,"Q1_2025":305.387,"Q2_2025":296.447,"Q3_2025":311.243,"Q4_2025":304.109,"Q1_2026":293.459},"geometry":{"type":"Polygon","coordinates":[[[107.570733,-7.105829000000001],[107.57083300000001,-7.105829000000001],[107.57083300000001,-7.105729000000001],[107.570733,-7.105729000000001],[107.570733,-7.105829000000001]]]}},{"type":"Feature","properties":{"row":12,"col":7,"Q1_2025":468.174,"Q2_2025":454.159,"Q3_2025":492.081,"Q4_2025":477.221,"Q1_2026":468.265},"geometry":{"type":"Polygon","coordinates":[[[107.570833,-7.105829000000001],[107.570933,-7.105829000000001],[107.570933,-7.105729000000001],[107.570833,-7.105729000000001],[107.570833,-7.105829000000001]]]}},{"type":"Feature","properties":{"row":12,"col":8,"Q1_2025":457.864,"Q2_2025":444.095,"Q3_2025":465.563,"Q4_2025":443.701,"Q1_2026":492.453},"geometry":{"type":"Polygon","coordinates":[[[107.570933,-7.105829000000001],[107.571033,-7.105829000000001],[107.571033,-7.105729000000001],[107.570933,-7.105729000000001],[107.570933,-7.105829000000001]]]}},{"type":"Feature","properties":{"row":12,"col":9,"Q1_2025":309.379,"Q2_2025":292.883,"Q3_2025":289.1,"Q4_2025":305.69,"Q1_2026":310.617},"geometry":{"type":"Polygon","coordinates":[[[107.571033,-7.105829000000001],[107.571133,-7.105829000000001],[107.571133,-7.105729000000001],[107.571033,-7.105729000000001],[107.571033,-7.105829000000001]]]}},{"type":"Feature","properties":{"row":12,"col":10,"Q1_2025":477.556,"Q2_2025":485.69,"Q3_2025":494.19,"Q4_2025":471.029,"Q1_2026":493.665},"geometry":{"type":"Polygon","coordinates":[[[107.571133,-7.105829000000001],[107.571233,-7.105829000000001],[107.571233,-7.105729000000001],[107.571133,-7.105729000000001],[107.571133,-7.105829000000001]]]}},{"type":"Feature","properties":{"row":12,"col":11,"Q1_2025":464.312,"Q2_2025":469.064,"Q3_2025":480.553,"Q4_2025":484.163,"Q1_2026":492.251},"geometry":{"type":"Polygon","coordinates":[[[107.57123299999999,-7.105829000000001],[107.571333,-7.105829000000001],[107.571333,-7.105729000000001],[107.57123299999999,-7.105729000000001],[107.57123299999999,-7.105829000000001]]]}},{"type":"Feature","properties":{"row":12,"col":12,"Q1_2025":473.874,"Q2_2025":514.756,"Q3_2025":503.799,"Q4_2025":483.583,"Q1_2026":491.547},"geometry":{"type":"Polygon","coordinates":[[[107.571333,-7.105829000000001],[107.571433,-7.105829000000001],[107.571433,-7.105729000000001],[107.571333,-7.105729000000001],[107.571333,-7.105829000000001]]]}},{"type":"Feature","properties":{"row":12,"col":13,"Q1_2025":462.732,"Q2_2025":486.443,"Q3_2025":497.294,"Q4_2025":458.111,"Q1_2026":478.747},"geometry":{"type":"Polygon","coordinates":[[[107.571433,-7.105829000000001],[107.571533,-7.105829000000001],[107.571533,-7.105729000000001],[107.571433,-7.105729000000001],[107.571433,-7.105829000000001]]]}},{"type":"Feature","properties":{"row":12,"col":14,"Q1_2025":485.113,"Q2_2025":494.685,"Q3_2025":484.337,"Q4_2025":483.732,"Q1_2026":491.123},"geometry":{"type":"Polygon","coordinates":[[[107.571533,-7.105829000000001],[107.571633,-7.105829000000001],[107.571633,-7.105729000000001],[107.571533,-7.105729000000001],[107.571533,-7.105829000000001]]]}},{"type":"Feature","properties":{"row":12,"col":15,"Q1_2025":458.561,"Q2_2025":473.439,"Q3_2025":490.334,"Q4_2025":475.555,"Q1_2026":473.625},"geometry":{"type":"Polygon","coordinates":[[[107.57163299999999,-7.105829000000001],[107.571733,-7.105829000000001],[107.571733,-7.105729000000001],[107.57163299999999,-7.105729000000001],[107.57163299999999,-7.105829000000001]]]}},{"type":"Feature","properties":{"row":12,"col":16,"Q1_2025":472.135,"Q2_2025":458.94,"Q3_2025":505.257,"Q4_2025":468.022,"Q1_2026":509.319},"geometry":{"type":"Polygon","coordinates":[[[107.571733,-7.105829000000001],[107.571833,-7.105829000000001],[107.571833,-7.105729000000001],[107.571733,-7.105729000000001],[107.571733,-7.105829000000001]]]}},{"type":"Feature","properties":{"row":12,"col":17,"Q1_2025":288.097,"Q2_2025":294.705,"Q3_2025":310.257,"Q4_2025":300.8,"Q1_2026":302.356},"geometry":{"type":"Polygon","coordinates":[[[107.571833,-7.105829000000001],[107.571933,-7.105829000000001],[107.571933,-7.105729000000001],[107.571833,-7.105729000000001],[107.571833,-7.105829000000001]]]}},{"type":"Feature","properties":{"row":12,"col":18,"Q1_2025":438.256,"Q2_2025":453.793,"Q3_2025":485.66,"Q4_2025":485.944,"Q1_2026":496.075},"geometry":{"type":"Polygon","coordinates":[[[107.571933,-7.105829000000001],[107.572033,-7.105829000000001],[107.572033,-7.105729000000001],[107.571933,-7.105729000000001],[107.571933,-7.105829000000001]]]}},{"type":"Feature","properties":{"row":12,"col":19,"Q1_2025":462.184,"Q2_2025":446.049,"Q3_2025":489.427,"Q4_2025":464.043,"Q1_2026":506.009},"geometry":{"type":"Polygon","coordinates":[[[107.572033,-7.105829000000001],[107.57213300000001,-7.105829000000001],[107.57213300000001,-7.105729000000001],[107.572033,-7.105729000000001],[107.572033,-7.105829000000001]]]}},{"type":"Feature","properties":{"row":13,"col":0,"Q1_2025":415.297,"Q2_2025":417.863,"Q3_2025":435.901,"Q4_2025":418.083,"Q1_2026":436.248},"geometry":{"type":"Polygon","coordinates":[[[107.570133,-7.105729000000001],[107.570233,-7.105729000000001],[107.570233,-7.105629000000001],[107.570133,-7.105629000000001],[107.570133,-7.105729000000001]]]}},{"type":"Feature","properties":{"row":13,"col":1,"Q1_2025":437.273,"Q2_2025":422.736,"Q3_2025":437.782,"Q4_2025":445.577,"Q1_2026":456.391},"geometry":{"type":"Polygon","coordinates":[[[107.570233,-7.105729000000001],[107.570333,-7.105729000000001],[107.570333,-7.105629000000001],[107.570233,-7.105629000000001],[107.570233,-7.105729000000001]]]}},{"type":"Feature","properties":{"row":13,"col":2,"Q1_2025":433.861,"Q2_2025":409.706,"Q3_2025":423.306,"Q4_2025":446.713,"Q1_2026":461.878},"geometry":{"type":"Polygon","coordinates":[[[107.570333,-7.105729000000001],[107.57043300000001,-7.105729000000001],[107.57043300000001,-7.105629000000001],[107.570333,-7.105629000000001],[107.570333,-7.105729000000001]]]}},{"type":"Feature","properties":{"row":13,"col":3,"Q1_2025":445.071,"Q2_2025":415.493,"Q3_2025":443.006,"Q4_2025":436.087,"Q1_2026":438.045},"geometry":{"type":"Polygon","coordinates":[[[107.570433,-7.105729000000001],[107.570533,-7.105729000000001],[107.570533,-7.105629000000001],[107.570433,-7.105629000000001],[107.570433,-7.105729000000001]]]}},{"type":"Feature","properties":{"row":13,"col":4,"Q1_2025":436.238,"Q2_2025":448.767,"Q3_2025":439.177,"Q4_2025":446.502,"Q1_2026":424.457},"geometry":{"type":"Polygon","coordinates":[[[107.570533,-7.105729000000001],[107.570633,-7.105729000000001],[107.570633,-7.105629000000001],[107.570533,-7.105629000000001],[107.570533,-7.105729000000001]]]}},{"type":"Feature","properties":{"row":13,"col":5,"Q1_2025":438.973,"Q2_2025":451.94,"Q3_2025":458.692,"Q4_2025":472.46,"Q1_2026":453.01},"geometry":{"type":"Polygon","coordinates":[[[107.570633,-7.105729000000001],[107.570733,-7.105729000000001],[107.570733,-7.105629000000001],[107.570633,-7.105629000000001],[107.570633,-7.105729000000001]]]}},{"type":"Feature","properties":{"row":13,"col":6,"Q1_2025":414.166,"Q2_2025":474.122,"Q3_2025":436.983,"Q4_2025":438.533,"Q1_2026":463.127},"geometry":{"type":"Polygon","coordinates":[[[107.570733,-7.105729000000001],[107.57083300000001,-7.105729000000001],[107.57083300000001,-7.105629000000001],[107.570733,-7.105629000000001],[107.570733,-7.105729000000001]]]}},{"type":"Feature","properties":{"row":13,"col":7,"Q1_2025":424.719,"Q2_2025":467.2,"Q3_2025":458.88,"Q4_2025":454.006,"Q1_2026":461.781},"geometry":{"type":"Polygon","coordinates":[[[107.570833,-7.105729000000001],[107.570933,-7.105729000000001],[107.570933,-7.105629000000001],[107.570833,-7.105629000000001],[107.570833,-7.105729000000001]]]}},{"type":"Feature","properties":{"row":13,"col":8,"Q1_2025":446.781,"Q2_2025":463.48,"Q3_2025":460.217,"Q4_2025":476.694,"Q1_2026":455.023},"geometry":{"type":"Polygon","coordinates":[[[107.570933,-7.105729000000001],[107.571033,-7.105729000000001],[107.571033,-7.105629000000001],[107.570933,-7.105629000000001],[107.570933,-7.105729000000001]]]}},{"type":"Feature","properties":{"row":13,"col":9,"Q1_2025":448.898,"Q2_2025":453.788,"Q3_2025":459.073,"Q4_2025":487.891,"Q1_2026":501.449},"geometry":{"type":"Polygon","coordinates":[[[107.571033,-7.105729000000001],[107.571133,-7.105729000000001],[107.571133,-7.105629000000001],[107.571033,-7.105629000000001],[107.571033,-7.105729000000001]]]}},{"type":"Feature","properties":{"row":13,"col":10,"Q1_2025":482.827,"Q2_2025":460.501,"Q3_2025":488.251,"Q4_2025":486.105,"Q1_2026":486.824},"geometry":{"type":"Polygon","coordinates":[[[107.571133,-7.105729000000001],[107.571233,-7.105729000000001],[107.571233,-7.105629000000001],[107.571133,-7.105629000000001],[107.571133,-7.105729000000001]]]}},{"type":"Feature","properties":{"row":13,"col":11,"Q1_2025":469.169,"Q2_2025":439.611,"Q3_2025":472.47,"Q4_2025":470.892,"Q1_2026":461.422},"geometry":{"type":"Polygon","coordinates":[[[107.57123299999999,-7.105729000000001],[107.571333,-7.105729000000001],[107.571333,-7.105629000000001],[107.57123299999999,-7.105629000000001],[107.57123299999999,-7.105729000000001]]]}},{"type":"Feature","properties":{"row":13,"col":12,"Q1_2025":460.843,"Q2_2025":467.462,"Q3_2025":494.775,"Q4_2025":471.466,"Q1_2026":501.516},"geometry":{"type":"Polygon","coordinates":[[[107.571333,-7.105729000000001],[107.571433,-7.105729000000001],[107.571433,-7.105629000000001],[107.571333,-7.105629000000001],[107.571333,-7.105729000000001]]]}},{"type":"Feature","properties":{"row":13,"col":13,"Q1_2025":455.694,"Q2_2025":473.626,"Q3_2025":471.893,"Q4_2025":466.1,"Q1_2026":461.296},"geometry":{"type":"Polygon","coordinates":[[[107.571433,-7.105729000000001],[107.571533,-7.105729000000001],[107.571533,-7.105629000000001],[107.571433,-7.105629000000001],[107.571433,-7.105729000000001]]]}},{"type":"Feature","properties":{"row":13,"col":14,"Q1_2025":467.57,"Q2_2025":473.103,"Q3_2025":499.174,"Q4_2025":474.665,"Q1_2026":474.039},"geometry":{"type":"Polygon","coordinates":[[[107.571533,-7.105729000000001],[107.571633,-7.105729000000001],[107.571633,-7.105629000000001],[107.571533,-7.105629000000001],[107.571533,-7.105729000000001]]]}},{"type":"Feature","properties":{"row":13,"col":15,"Q1_2025":474.204,"Q2_2025":489.051,"Q3_2025":461.241,"Q4_2025":450.718,"Q1_2026":502.954},"geometry":{"type":"Polygon","coordinates":[[[107.57163299999999,-7.105729000000001],[107.571733,-7.105729000000001],[107.571733,-7.105629000000001],[107.57163299999999,-7.105629000000001],[107.57163299999999,-7.105729000000001]]]}},{"type":"Feature","properties":{"row":13,"col":16,"Q1_2025":441.264,"Q2_2025":474.645,"Q3_2025":460.765,"Q4_2025":503.646,"Q1_2026":510.691},"geometry":{"type":"Polygon","coordinates":[[[107.571733,-7.105729000000001],[107.571833,-7.105729000000001],[107.571833,-7.105629000000001],[107.571733,-7.105629000000001],[107.571733,-7.105729000000001]]]}},{"type":"Feature","properties":{"row":13,"col":17,"Q1_2025":450.016,"Q2_2025":456.633,"Q3_2025":468.385,"Q4_2025":479.928,"Q1_2026":511.203},"geometry":{"type":"Polygon","coordinates":[[[107.571833,-7.105729000000001],[107.571933,-7.105729000000001],[107.571933,-7.105629000000001],[107.571833,-7.105629000000001],[107.571833,-7.105729000000001]]]}},{"type":"Feature","properties":{"row":13,"col":18,"Q1_2025":469.654,"Q2_2025":465.993,"Q3_2025":459.033,"Q4_2025":468.472,"Q1_2026":484.276},"geometry":{"type":"Polygon","coordinates":[[[107.571933,-7.105729000000001],[107.572033,-7.105729000000001],[107.572033,-7.105629000000001],[107.571933,-7.105629000000001],[107.571933,-7.105729000000001]]]}},{"type":"Feature","properties":{"row":13,"col":19,"Q1_2025":464.458,"Q2_2025":467.818,"Q3_2025":471.098,"Q4_2025":459.904,"Q1_2026":480.325},"geometry":{"type":"Polygon","coordinates":[[[107.572033,-7.105729000000001],[107.57213300000001,-7.105729000000001],[107.57213300000001,-7.105629000000001],[107.572033,-7.105629000000001],[107.572033,-7.105729000000001]]]}},{"type":"Feature","properties":{"row":14,"col":0,"Q1_2025":405.762,"Q2_2025":425.148,"Q3_2025":428.101,"Q4_2025":413.462,"Q1_2026":445.349},"geometry":{"type":"Polygon","coordinates":[[[107.570133,-7.105629],[107.570233,-7.105629],[107.570233,-7.105529000000001],[107.570133,-7.105529000000001],[107.570133,-7.105629]]]}},{"type":"Feature","properties":{"row":14,"col":1,"Q1_2025":428.044,"Q2_2025":413.197,"Q3_2025":422.266,"Q4_2025":414.382,"Q1_2026":433.881},"geometry":{"type":"Polygon","coordinates":[[[107.570233,-7.105629],[107.570333,-7.105629],[107.570333,-7.105529000000001],[107.570233,-7.105529000000001],[107.570233,-7.105629]]]}},{"type":"Feature","properties":{"row":14,"col":2,"Q1_2025":388.084,"Q2_2025":398.498,"Q3_2025":425.46,"Q4_2025":444.635,"Q1_2026":425.416},"geometry":{"type":"Polygon","coordinates":[[[107.570333,-7.105629],[107.57043300000001,-7.105629],[107.57043300000001,-7.105529000000001],[107.570333,-7.105529000000001],[107.570333,-7.105629]]]}},{"type":"Feature","properties":{"row":14,"col":3,"Q1_2025":422.742,"Q2_2025":442.215,"Q3_2025":456.206,"Q4_2025":399.305,"Q1_2026":453.469},"geometry":{"type":"Polygon","coordinates":[[[107.570433,-7.105629],[107.570533,-7.105629],[107.570533,-7.105529000000001],[107.570433,-7.105529000000001],[107.570433,-7.105629]]]}},{"type":"Feature","properties":{"row":14,"col":4,"Q1_2025":411.386,"Q2_2025":427.114,"Q3_2025":437.686,"Q4_2025":454.128,"Q1_2026":459.198},"geometry":{"type":"Polygon","coordinates":[[[107.570533,-7.105629],[107.570633,-7.105629],[107.570633,-7.105529000000001],[107.570533,-7.105529000000001],[107.570533,-7.105629]]]}},{"type":"Feature","properties":{"row":14,"col":5,"Q1_2025":433.831,"Q2_2025":447.858,"Q3_2025":475.547,"Q4_2025":461.081,"Q1_2026":457.371},"geometry":{"type":"Polygon","coordinates":[[[107.570633,-7.105629],[107.570733,-7.105629],[107.570733,-7.105529000000001],[107.570633,-7.105529000000001],[107.570633,-7.105629]]]}},{"type":"Feature","properties":{"row":14,"col":6,"Q1_2025":418.391,"Q2_2025":448.318,"Q3_2025":461.2,"Q4_2025":440.048,"Q1_2026":462.738},"geometry":{"type":"Polygon","coordinates":[[[107.570733,-7.105629],[107.57083300000001,-7.105629],[107.57083300000001,-7.105529000000001],[107.570733,-7.105529000000001],[107.570733,-7.105629]]]}},{"type":"Feature","properties":{"row":14,"col":7,"Q1_2025":445.136,"Q2_2025":438.28,"Q3_2025":473.315,"Q4_2025":473.987,"Q1_2026":443.319},"geometry":{"type":"Polygon","coordinates":[[[107.570833,-7.105629],[107.570933,-7.105629],[107.570933,-7.105529000000001],[107.570833,-7.105529000000001],[107.570833,-7.105629]]]}},{"type":"Feature","properties":{"row":14,"col":8,"Q1_2025":434.186,"Q2_2025":462.775,"Q3_2025":474.147,"Q4_2025":475.342,"Q1_2026":460.027},"geometry":{"type":"Polygon","coordinates":[[[107.570933,-7.105629],[107.571033,-7.105629],[107.571033,-7.105529000000001],[107.570933,-7.105529000000001],[107.570933,-7.105629]]]}},{"type":"Feature","properties":{"row":14,"col":9,"Q1_2025":473.046,"Q2_2025":457.605,"Q3_2025":433.922,"Q4_2025":455.35,"Q1_2026":490.946},"geometry":{"type":"Polygon","coordinates":[[[107.571033,-7.105629],[107.571133,-7.105629],[107.571133,-7.105529000000001],[107.571033,-7.105529000000001],[107.571033,-7.105629]]]}},{"type":"Feature","properties":{"row":14,"col":10,"Q1_2025":452.532,"Q2_2025":503.892,"Q3_2025":495.488,"Q4_2025":485.433,"Q1_2026":489.226},"geometry":{"type":"Polygon","coordinates":[[[107.571133,-7.105629],[107.571233,-7.105629],[107.571233,-7.105529000000001],[107.571133,-7.105529000000001],[107.571133,-7.105629]]]}},{"type":"Feature","properties":{"row":14,"col":11,"Q1_2025":479.182,"Q2_2025":497.741,"Q3_2025":475.527,"Q4_2025":494.998,"Q1_2026":475.921},"geometry":{"type":"Polygon","coordinates":[[[107.57123299999999,-7.105629],[107.571333,-7.105629],[107.571333,-7.105529000000001],[107.57123299999999,-7.105529000000001],[107.57123299999999,-7.105629]]]}},{"type":"Feature","properties":{"row":14,"col":12,"Q1_2025":300.316,"Q2_2025":307.453,"Q3_2025":298.792,"Q4_2025":309.151,"Q1_2026":299.278},"geometry":{"type":"Polygon","coordinates":[[[107.571333,-7.105629],[107.571433,-7.105629],[107.571433,-7.105529000000001],[107.571333,-7.105529000000001],[107.571333,-7.105629]]]}},{"type":"Feature","properties":{"row":14,"col":13,"Q1_2025":464.644,"Q2_2025":452.603,"Q3_2025":488.805,"Q4_2025":472.307,"Q1_2026":491.232},"geometry":{"type":"Polygon","coordinates":[[[107.571433,-7.105629],[107.571533,-7.105629],[107.571533,-7.105529000000001],[107.571433,-7.105529000000001],[107.571433,-7.105629]]]}},{"type":"Feature","properties":{"row":14,"col":14,"Q1_2025":489.008,"Q2_2025":472.979,"Q3_2025":492.278,"Q4_2025":471.511,"Q1_2026":482.856},"geometry":{"type":"Polygon","coordinates":[[[107.571533,-7.105629],[107.571633,-7.105629],[107.571633,-7.105529000000001],[107.571533,-7.105529000000001],[107.571533,-7.105629]]]}},{"type":"Feature","properties":{"row":14,"col":15,"Q1_2025":446.422,"Q2_2025":458.383,"Q3_2025":468.504,"Q4_2025":484.703,"Q1_2026":475.556},"geometry":{"type":"Polygon","coordinates":[[[107.57163299999999,-7.105629],[107.571733,-7.105629],[107.571733,-7.105529000000001],[107.57163299999999,-7.105529000000001],[107.57163299999999,-7.105629]]]}},{"type":"Feature","properties":{"row":14,"col":16,"Q1_2025":480.832,"Q2_2025":465.954,"Q3_2025":473.561,"Q4_2025":480.576,"Q1_2026":492.841},"geometry":{"type":"Polygon","coordinates":[[[107.571733,-7.105629],[107.571833,-7.105629],[107.571833,-7.105529000000001],[107.571733,-7.105529000000001],[107.571733,-7.105629]]]}},{"type":"Feature","properties":{"row":14,"col":17,"Q1_2025":479.72,"Q2_2025":452.289,"Q3_2025":467.451,"Q4_2025":474.832,"Q1_2026":490.159},"geometry":{"type":"Polygon","coordinates":[[[107.571833,-7.105629],[107.571933,-7.105629],[107.571933,-7.105529000000001],[107.571833,-7.105529000000001],[107.571833,-7.105629]]]}},{"type":"Feature","properties":{"row":14,"col":18,"Q1_2025":451.166,"Q2_2025":466.74,"Q3_2025":446.819,"Q4_2025":471.421,"Q1_2026":482.691},"geometry":{"type":"Polygon","coordinates":[[[107.571933,-7.105629],[107.572033,-7.105629],[107.572033,-7.105529000000001],[107.571933,-7.105529000000001],[107.571933,-7.105629]]]}},{"type":"Feature","properties":{"row":14,"col":19,"Q1_2025":477.601,"Q2_2025":454.026,"Q3_2025":483.413,"Q4_2025":476.957,"Q1_2026":495.033},"geometry":{"type":"Polygon","coordinates":[[[107.572033,-7.105629],[107.57213300000001,-7.105629],[107.57213300000001,-7.105529000000001],[107.572033,-7.105529000000001],[107.572033,-7.105629]]]}},{"type":"Feature","properties":{"row":15,"col":0,"Q1_2025":415.31,"Q2_2025":394.275,"Q3_2025":445.439,"Q4_2025":408.604,"Q1_2026":420.166},"geometry":{"type":"Polygon","coordinates":[[[107.570133,-7.105529000000001],[107.570233,-7.105529000000001],[107.570233,-7.105429000000001],[107.570133,-7.105429000000001],[107.570133,-7.105529000000001]]]}},{"type":"Feature","properties":{"row":15,"col":1,"Q1_2025":418.121,"Q2_2025":402.231,"Q3_2025":444.589,"Q4_2025":436.125,"Q1_2026":459.723},"geometry":{"type":"Polygon","coordinates":[[[107.570233,-7.105529000000001],[107.570333,-7.105529000000001],[107.570333,-7.105429000000001],[107.570233,-7.105429000000001],[107.570233,-7.105529000000001]]]}},{"type":"Feature","properties":{"row":15,"col":2,"Q1_2025":426.766,"Q2_2025":412.264,"Q3_2025":420.759,"Q4_2025":451.786,"Q1_2026":438.404},"geometry":{"type":"Polygon","coordinates":[[[107.570333,-7.105529000000001],[107.57043300000001,-7.105529000000001],[107.57043300000001,-7.105429000000001],[107.570333,-7.105429000000001],[107.570333,-7.105529000000001]]]}},{"type":"Feature","properties":{"row":15,"col":3,"Q1_2025":415.954,"Q2_2025":428.612,"Q3_2025":451.847,"Q4_2025":442.021,"Q1_2026":433.402},"geometry":{"type":"Polygon","coordinates":[[[107.570433,-7.105529000000001],[107.570533,-7.105529000000001],[107.570533,-7.105429000000001],[107.570433,-7.105429000000001],[107.570433,-7.105529000000001]]]}},{"type":"Feature","properties":{"row":15,"col":4,"Q1_2025":423.382,"Q2_2025":434.079,"Q3_2025":438.125,"Q4_2025":456.938,"Q1_2026":443.714},"geometry":{"type":"Polygon","coordinates":[[[107.570533,-7.105529000000001],[107.570633,-7.105529000000001],[107.570633,-7.105429000000001],[107.570533,-7.105429000000001],[107.570533,-7.105529000000001]]]}},{"type":"Feature","properties":{"row":15,"col":5,"Q1_2025":307.385,"Q2_2025":308.613,"Q3_2025":295.046,"Q4_2025":296.376,"Q1_2026":316.048},"geometry":{"type":"Polygon","coordinates":[[[107.570633,-7.105529000000001],[107.570733,-7.105529000000001],[107.570733,-7.105429000000001],[107.570633,-7.105429000000001],[107.570633,-7.105529000000001]]]}},{"type":"Feature","properties":{"row":15,"col":6,"Q1_2025":449.385,"Q2_2025":435.068,"Q3_2025":453.491,"Q4_2025":449.665,"Q1_2026":495.118},"geometry":{"type":"Polygon","coordinates":[[[107.570733,-7.105529000000001],[107.57083300000001,-7.105529000000001],[107.57083300000001,-7.105429000000001],[107.570733,-7.105429000000001],[107.570733,-7.105529000000001]]]}},{"type":"Feature","properties":{"row":15,"col":7,"Q1_2025":464.45,"Q2_2025":449.988,"Q3_2025":456.795,"Q4_2025":485.254,"Q1_2026":437.179},"geometry":{"type":"Polygon","coordinates":[[[107.570833,-7.105529000000001],[107.570933,-7.105529000000001],[107.570933,-7.105429000000001],[107.570833,-7.105429000000001],[107.570833,-7.105529000000001]]]}},{"type":"Feature","properties":{"row":15,"col":8,"Q1_2025":459.269,"Q2_2025":444.129,"Q3_2025":448.114,"Q4_2025":495.312,"Q1_2026":485.301},"geometry":{"type":"Polygon","coordinates":[[[107.570933,-7.105529000000001],[107.571033,-7.105529000000001],[107.571033,-7.105429000000001],[107.570933,-7.105429000000001],[107.570933,-7.105529000000001]]]}},{"type":"Feature","properties":{"row":15,"col":9,"Q1_2025":441.267,"Q2_2025":458.127,"Q3_2025":474.02,"Q4_2025":471.208,"Q1_2026":456.728},"geometry":{"type":"Polygon","coordinates":[[[107.571033,-7.105529000000001],[107.571133,-7.105529000000001],[107.571133,-7.105429000000001],[107.571033,-7.105429000000001],[107.571033,-7.105529000000001]]]}},{"type":"Feature","properties":{"row":15,"col":10,"Q1_2025":437.611,"Q2_2025":477.577,"Q3_2025":480.314,"Q4_2025":485.842,"Q1_2026":446.141},"geometry":{"type":"Polygon","coordinates":[[[107.571133,-7.105529000000001],[107.571233,-7.105529000000001],[107.571233,-7.105429000000001],[107.571133,-7.105429000000001],[107.571133,-7.105529000000001]]]}},{"type":"Feature","properties":{"row":15,"col":11,"Q1_2025":476.419,"Q2_2025":478.487,"Q3_2025":472.735,"Q4_2025":491.507,"Q1_2026":459.972},"geometry":{"type":"Polygon","coordinates":[[[107.57123299999999,-7.105529000000001],[107.571333,-7.105529000000001],[107.571333,-7.105429000000001],[107.57123299999999,-7.105429000000001],[107.57123299999999,-7.105529000000001]]]}},{"type":"Feature","properties":{"row":15,"col":12,"Q1_2025":454.172,"Q2_2025":468.514,"Q3_2025":458.517,"Q4_2025":475.005,"Q1_2026":503.926},"geometry":{"type":"Polygon","coordinates":[[[107.571333,-7.105529000000001],[107.571433,-7.105529000000001],[107.571433,-7.105429000000001],[107.571333,-7.105429000000001],[107.571333,-7.105529000000001]]]}},{"type":"Feature","properties":{"row":15,"col":13,"Q1_2025":463.615,"Q2_2025":462.405,"Q3_2025":477.177,"Q4_2025":458.173,"Q1_2026":505.23},"geometry":{"type":"Polygon","coordinates":[[[107.571433,-7.105529000000001],[107.571533,-7.105529000000001],[107.571533,-7.105429000000001],[107.571433,-7.105429000000001],[107.571433,-7.105529000000001]]]}},{"type":"Feature","properties":{"row":15,"col":14,"Q1_2025":467.323,"Q2_2025":478.63,"Q3_2025":468.213,"Q4_2025":515.38,"Q1_2026":477.536},"geometry":{"type":"Polygon","coordinates":[[[107.571533,-7.105529000000001],[107.571633,-7.105529000000001],[107.571633,-7.105429000000001],[107.571533,-7.105429000000001],[107.571533,-7.105529000000001]]]}},{"type":"Feature","properties":{"row":15,"col":15,"Q1_2025":470.738,"Q2_2025":453.882,"Q3_2025":479.955,"Q4_2025":477.962,"Q1_2026":468.469},"geometry":{"type":"Polygon","coordinates":[[[107.57163299999999,-7.105529000000001],[107.571733,-7.105529000000001],[107.571733,-7.105429000000001],[107.57163299999999,-7.105429000000001],[107.57163299999999,-7.105529000000001]]]}},{"type":"Feature","properties":{"row":15,"col":16,"Q1_2025":449.034,"Q2_2025":476.956,"Q3_2025":434.723,"Q4_2025":459.237,"Q1_2026":471.585},"geometry":{"type":"Polygon","coordinates":[[[107.571733,-7.105529000000001],[107.571833,-7.105529000000001],[107.571833,-7.105429000000001],[107.571733,-7.105429000000001],[107.571733,-7.105529000000001]]]}},{"type":"Feature","properties":{"row":15,"col":17,"Q1_2025":436.321,"Q2_2025":461.708,"Q3_2025":445.017,"Q4_2025":448.868,"Q1_2026":471.579},"geometry":{"type":"Polygon","coordinates":[[[107.571833,-7.105529000000001],[107.571933,-7.105529000000001],[107.571933,-7.105429000000001],[107.571833,-7.105429000000001],[107.571833,-7.105529000000001]]]}},{"type":"Feature","properties":{"row":15,"col":18,"Q1_2025":469.637,"Q2_2025":491.072,"Q3_2025":469.469,"Q4_2025":458.756,"Q1_2026":496.355},"geometry":{"type":"Polygon","coordinates":[[[107.571933,-7.105529000000001],[107.572033,-7.105529000000001],[107.572033,-7.105429000000001],[107.571933,-7.105429000000001],[107.571933,-7.105529000000001]]]}},{"type":"Feature","properties":{"row":15,"col":19,"Q1_2025":460.476,"Q2_2025":485.579,"Q3_2025":493.248,"Q4_2025":461.882,"Q1_2026":465.951},"geometry":{"type":"Polygon","coordinates":[[[107.572033,-7.105529000000001],[107.57213300000001,-7.105529000000001],[107.57213300000001,-7.105429000000001],[107.572033,-7.105429000000001],[107.572033,-7.105529000000001]]]}},{"type":"Feature","properties":{"row":16,"col":0,"Q1_2025":403.219,"Q2_2025":431.036,"Q3_2025":419.99,"Q4_2025":454.835,"Q1_2026":436.714},"geometry":{"type":"Polygon","coordinates":[[[107.570133,-7.105429000000001],[107.570233,-7.105429000000001],[107.570233,-7.105329000000001],[107.570133,-7.105329000000001],[107.570133,-7.105429000000001]]]}},{"type":"Feature","properties":{"row":16,"col":1,"Q1_2025":417.178,"Q2_2025":425.568,"Q3_2025":434.094,"Q4_2025":429.383,"Q1_2026":463.811},"geometry":{"type":"Polygon","coordinates":[[[107.570233,-7.105429000000001],[107.570333,-7.105429000000001],[107.570333,-7.105329000000001],[107.570233,-7.105329000000001],[107.570233,-7.105429000000001]]]}},{"type":"Feature","properties":{"row":16,"col":2,"Q1_2025":440.523,"Q2_2025":439.237,"Q3_2025":429.27,"Q4_2025":449.292,"Q1_2026":414.566},"geometry":{"type":"Polygon","coordinates":[[[107.570333,-7.105429000000001],[107.57043300000001,-7.105429000000001],[107.57043300000001,-7.105329000000001],[107.570333,-7.105329000000001],[107.570333,-7.105429000000001]]]}},{"type":"Feature","properties":{"row":16,"col":3,"Q1_2025":415.434,"Q2_2025":421.479,"Q3_2025":447.923,"Q4_2025":426.668,"Q1_2026":463.313},"geometry":{"type":"Polygon","coordinates":[[[107.570433,-7.105429000000001],[107.570533,-7.105429000000001],[107.570533,-7.105329000000001],[107.570433,-7.105329000000001],[107.570433,-7.105429000000001]]]}},{"type":"Feature","properties":{"row":16,"col":4,"Q1_2025":414.482,"Q2_2025":422.869,"Q3_2025":429.007,"Q4_2025":429.902,"Q1_2026":462.157},"geometry":{"type":"Polygon","coordinates":[[[107.570533,-7.105429000000001],[107.570633,-7.105429000000001],[107.570633,-7.105329000000001],[107.570533,-7.105329000000001],[107.570533,-7.105429000000001]]]}},{"type":"Feature","properties":{"row":16,"col":5,"Q1_2025":433.163,"Q2_2025":431.602,"Q3_2025":460.719,"Q4_2025":452.278,"Q1_2026":438.621},"geometry":{"type":"Polygon","coordinates":[[[107.570633,-7.105429000000001],[107.570733,-7.105429000000001],[107.570733,-7.105329000000001],[107.570633,-7.105329000000001],[107.570633,-7.105429000000001]]]}},{"type":"Feature","properties":{"row":16,"col":6,"Q1_2025":457.557,"Q2_2025":454.114,"Q3_2025":412.727,"Q4_2025":462.813,"Q1_2026":473.847},"geometry":{"type":"Polygon","coordinates":[[[107.570733,-7.105429000000001],[107.57083300000001,-7.105429000000001],[107.57083300000001,-7.105329000000001],[107.570733,-7.105329000000001],[107.570733,-7.105429000000001]]]}},{"type":"Feature","properties":{"row":16,"col":7,"Q1_2025":427.834,"Q2_2025":462.783,"Q3_2025":446.824,"Q4_2025":447.006,"Q1_2026":453.727},"geometry":{"type":"Polygon","coordinates":[[[107.570833,-7.105429000000001],[107.570933,-7.105429000000001],[107.570933,-7.105329000000001],[107.570833,-7.105329000000001],[107.570833,-7.105429000000001]]]}},{"type":"Feature","properties":{"row":16,"col":8,"Q1_2025":452.656,"Q2_2025":449.217,"Q3_2025":450.355,"Q4_2025":473.397,"Q1_2026":454.058},"geometry":{"type":"Polygon","coordinates":[[[107.570933,-7.105429000000001],[107.571033,-7.105429000000001],[107.571033,-7.105329000000001],[107.570933,-7.105329000000001],[107.570933,-7.105429000000001]]]}},{"type":"Feature","properties":{"row":16,"col":9,"Q1_2025":431.676,"Q2_2025":444.172,"Q3_2025":451.789,"Q4_2025":485.939,"Q1_2026":454.088},"geometry":{"type":"Polygon","coordinates":[[[107.571033,-7.105429000000001],[107.571133,-7.105429000000001],[107.571133,-7.105329000000001],[107.571033,-7.105329000000001],[107.571033,-7.105429000000001]]]}},{"type":"Feature","properties":{"row":16,"col":10,"Q1_2025":477.031,"Q2_2025":449.605,"Q3_2025":447.683,"Q4_2025":466.798,"Q1_2026":488.564},"geometry":{"type":"Polygon","coordinates":[[[107.571133,-7.105429000000001],[107.571233,-7.105429000000001],[107.571233,-7.105329000000001],[107.571133,-7.105329000000001],[107.571133,-7.105429000000001]]]}},{"type":"Feature","properties":{"row":16,"col":11,"Q1_2025":481.804,"Q2_2025":469.005,"Q3_2025":474.009,"Q4_2025":470.994,"Q1_2026":501.007},"geometry":{"type":"Polygon","coordinates":[[[107.57123299999999,-7.105429000000001],[107.571333,-7.105429000000001],[107.571333,-7.105329000000001],[107.57123299999999,-7.105329000000001],[107.57123299999999,-7.105429000000001]]]}},{"type":"Feature","properties":{"row":16,"col":12,"Q1_2025":457.923,"Q2_2025":452.625,"Q3_2025":462.575,"Q4_2025":476.992,"Q1_2026":493.601},"geometry":{"type":"Polygon","coordinates":[[[107.571333,-7.105429000000001],[107.571433,-7.105429000000001],[107.571433,-7.105329000000001],[107.571333,-7.105329000000001],[107.571333,-7.105429000000001]]]}},{"type":"Feature","properties":{"row":16,"col":13,"Q1_2025":452.489,"Q2_2025":488.352,"Q3_2025":477.602,"Q4_2025":424.761,"Q1_2026":471.573},"geometry":{"type":"Polygon","coordinates":[[[107.571433,-7.105429000000001],[107.571533,-7.105429000000001],[107.571533,-7.105329000000001],[107.571433,-7.105329000000001],[107.571433,-7.105429000000001]]]}},{"type":"Feature","properties":{"row":16,"col":14,"Q1_2025":476.2,"Q2_2025":477.314,"Q3_2025":499.649,"Q4_2025":492.225,"Q1_2026":471.333},"geometry":{"type":"Polygon","coordinates":[[[107.571533,-7.105429000000001],[107.571633,-7.105429000000001],[107.571633,-7.105329000000001],[107.571533,-7.105329000000001],[107.571533,-7.105429000000001]]]}},{"type":"Feature","properties":{"row":16,"col":15,"Q1_2025":466.754,"Q2_2025":463.581,"Q3_2025":453.662,"Q4_2025":487.703,"Q1_2026":492.933},"geometry":{"type":"Polygon","coordinates":[[[107.57163299999999,-7.105429000000001],[107.571733,-7.105429000000001],[107.571733,-7.105329000000001],[107.57163299999999,-7.105329000000001],[107.57163299999999,-7.105429000000001]]]}},{"type":"Feature","properties":{"row":16,"col":16,"Q1_2025":461.57,"Q2_2025":468.174,"Q3_2025":448.92,"Q4_2025":500.746,"Q1_2026":490.721},"geometry":{"type":"Polygon","coordinates":[[[107.571733,-7.105429000000001],[107.571833,-7.105429000000001],[107.571833,-7.105329000000001],[107.571733,-7.105329000000001],[107.571733,-7.105429000000001]]]}},{"type":"Feature","properties":{"row":16,"col":17,"Q1_2025":446.462,"Q2_2025":488.283,"Q3_2025":443.721,"Q4_2025":466.431,"Q1_2026":476.713},"geometry":{"type":"Polygon","coordinates":[[[107.571833,-7.105429000000001],[107.571933,-7.105429000000001],[107.571933,-7.105329000000001],[107.571833,-7.105329000000001],[107.571833,-7.105429000000001]]]}},{"type":"Feature","properties":{"row":16,"col":18,"Q1_2025":302.725,"Q2_2025":300.196,"Q3_2025":301.049,"Q4_2025":308.694,"Q1_2026":305.45},"geometry":{"type":"Polygon","coordinates":[[[107.571933,-7.105429000000001],[107.572033,-7.105429000000001],[107.572033,-7.105329000000001],[107.571933,-7.105329000000001],[107.571933,-7.105429000000001]]]}},{"type":"Feature","properties":{"row":16,"col":19,"Q1_2025":450.424,"Q2_2025":463.273,"Q3_2025":473.773,"Q4_2025":466.843,"Q1_2026":491.795},"geometry":{"type":"Polygon","coordinates":[[[107.572033,-7.105429000000001],[107.57213300000001,-7.105429000000001],[107.57213300000001,-7.105329000000001],[107.572033,-7.105329000000001],[107.572033,-7.105429000000001]]]}},{"type":"Feature","properties":{"row":17,"col":0,"Q1_2025":409.69,"Q2_2025":415.283,"Q3_2025":393.462,"Q4_2025":419.78,"Q1_2026":436.549},"geometry":{"type":"Polygon","coordinates":[[[107.570133,-7.105329000000001],[107.570233,-7.105329000000001],[107.570233,-7.105229000000001],[107.570133,-7.105229000000001],[107.570133,-7.105329000000001]]]}},{"type":"Feature","properties":{"row":17,"col":1,"Q1_2025":422.612,"Q2_2025":395.963,"Q3_2025":418.289,"Q4_2025":403.152,"Q1_2026":434.571},"geometry":{"type":"Polygon","coordinates":[[[107.570233,-7.105329000000001],[107.570333,-7.105329000000001],[107.570333,-7.105229000000001],[107.570233,-7.105229000000001],[107.570233,-7.105329000000001]]]}},{"type":"Feature","properties":{"row":17,"col":2,"Q1_2025":410.263,"Q2_2025":447.431,"Q3_2025":434.105,"Q4_2025":413.79,"Q1_2026":443.579},"geometry":{"type":"Polygon","coordinates":[[[107.570333,-7.105329000000001],[107.57043300000001,-7.105329000000001],[107.57043300000001,-7.105229000000001],[107.570333,-7.105229000000001],[107.570333,-7.105329000000001]]]}},{"type":"Feature","properties":{"row":17,"col":3,"Q1_2025":404.761,"Q2_2025":439.537,"Q3_2025":461.598,"Q4_2025":427.361,"Q1_2026":447.238},"geometry":{"type":"Polygon","coordinates":[[[107.570433,-7.105329000000001],[107.570533,-7.105329000000001],[107.570533,-7.105229000000001],[107.570433,-7.105229000000001],[107.570433,-7.105329000000001]]]}},{"type":"Feature","properties":{"row":17,"col":4,"Q1_2025":422.804,"Q2_2025":411.433,"Q3_2025":442.537,"Q4_2025":433.197,"Q1_2026":465.996},"geometry":{"type":"Polygon","coordinates":[[[107.570533,-7.105329000000001],[107.570633,-7.105329000000001],[107.570633,-7.105229000000001],[107.570533,-7.105229000000001],[107.570533,-7.105329000000001]]]}},{"type":"Feature","properties":{"row":17,"col":5,"Q1_2025":442.091,"Q2_2025":410.294,"Q3_2025":439.254,"Q4_2025":429.574,"Q1_2026":436.988},"geometry":{"type":"Polygon","coordinates":[[[107.570633,-7.105329000000001],[107.570733,-7.105329000000001],[107.570733,-7.105229000000001],[107.570633,-7.105229000000001],[107.570633,-7.105329000000001]]]}},{"type":"Feature","properties":{"row":17,"col":6,"Q1_2025":433.419,"Q2_2025":462.874,"Q3_2025":434.757,"Q4_2025":449.022,"Q1_2026":458.534},"geometry":{"type":"Polygon","coordinates":[[[107.570733,-7.105329000000001],[107.57083300000001,-7.105329000000001],[107.57083300000001,-7.105229000000001],[107.570733,-7.105229000000001],[107.570733,-7.105329000000001]]]}},{"type":"Feature","properties":{"row":17,"col":7,"Q1_2025":289.099,"Q2_2025":300.083,"Q3_2025":309.014,"Q4_2025":294.064,"Q1_2026":320.091},"geometry":{"type":"Polygon","coordinates":[[[107.570833,-7.105329000000001],[107.570933,-7.105329000000001],[107.570933,-7.105229000000001],[107.570833,-7.105229000000001],[107.570833,-7.105329000000001]]]}},{"type":"Feature","properties":{"row":17,"col":8,"Q1_2025":483.96,"Q2_2025":454.737,"Q3_2025":452.614,"Q4_2025":466.764,"Q1_2026":462.385},"geometry":{"type":"Polygon","coordinates":[[[107.570933,-7.105329000000001],[107.571033,-7.105329000000001],[107.571033,-7.105229000000001],[107.570933,-7.105229000000001],[107.570933,-7.105329000000001]]]}},{"type":"Feature","properties":{"row":17,"col":9,"Q1_2025":448.19,"Q2_2025":454.643,"Q3_2025":458.851,"Q4_2025":465.67,"Q1_2026":482.795},"geometry":{"type":"Polygon","coordinates":[[[107.571033,-7.105329000000001],[107.571133,-7.105329000000001],[107.571133,-7.105229000000001],[107.571033,-7.105229000000001],[107.571033,-7.105329000000001]]]}},{"type":"Feature","properties":{"row":17,"col":10,"Q1_2025":454.197,"Q2_2025":438.097,"Q3_2025":444.261,"Q4_2025":482.031,"Q1_2026":476.288},"geometry":{"type":"Polygon","coordinates":[[[107.571133,-7.105329000000001],[107.571233,-7.105329000000001],[107.571233,-7.105229000000001],[107.571133,-7.105229000000001],[107.571133,-7.105329000000001]]]}},{"type":"Feature","properties":{"row":17,"col":11,"Q1_2025":453.779,"Q2_2025":457.594,"Q3_2025":454.134,"Q4_2025":466.014,"Q1_2026":487.458},"geometry":{"type":"Polygon","coordinates":[[[107.57123299999999,-7.105329000000001],[107.571333,-7.105329000000001],[107.571333,-7.105229000000001],[107.57123299999999,-7.105229000000001],[107.57123299999999,-7.105329000000001]]]}},{"type":"Feature","properties":{"row":17,"col":12,"Q1_2025":445.174,"Q2_2025":456.777,"Q3_2025":473.345,"Q4_2025":462.388,"Q1_2026":472.564},"geometry":{"type":"Polygon","coordinates":[[[107.571333,-7.105329000000001],[107.571433,-7.105329000000001],[107.571433,-7.105229000000001],[107.571333,-7.105229000000001],[107.571333,-7.105329000000001]]]}},{"type":"Feature","properties":{"row":17,"col":13,"Q1_2025":457.191,"Q2_2025":484.027,"Q3_2025":461.797,"Q4_2025":440.05,"Q1_2026":502.551},"geometry":{"type":"Polygon","coordinates":[[[107.571433,-7.105329000000001],[107.571533,-7.105329000000001],[107.571533,-7.105229000000001],[107.571433,-7.105229000000001],[107.571433,-7.105329000000001]]]}},{"type":"Feature","properties":{"row":17,"col":14,"Q1_2025":457.217,"Q2_2025":509.763,"Q3_2025":474.031,"Q4_2025":494.575,"Q1_2026":494.808},"geometry":{"type":"Polygon","coordinates":[[[107.571533,-7.105329000000001],[107.571633,-7.105329000000001],[107.571633,-7.105229000000001],[107.571533,-7.105229000000001],[107.571533,-7.105329000000001]]]}},{"type":"Feature","properties":{"row":17,"col":15,"Q1_2025":469.082,"Q2_2025":465.56,"Q3_2025":481.103,"Q4_2025":505.868,"Q1_2026":468.224},"geometry":{"type":"Polygon","coordinates":[[[107.57163299999999,-7.105329000000001],[107.571733,-7.105329000000001],[107.571733,-7.105229000000001],[107.57163299999999,-7.105229000000001],[107.57163299999999,-7.105329000000001]]]}},{"type":"Feature","properties":{"row":17,"col":16,"Q1_2025":469.861,"Q2_2025":482.039,"Q3_2025":466.081,"Q4_2025":452.774,"Q1_2026":489.077},"geometry":{"type":"Polygon","coordinates":[[[107.571733,-7.105329000000001],[107.571833,-7.105329000000001],[107.571833,-7.105229000000001],[107.571733,-7.105229000000001],[107.571733,-7.105329000000001]]]}},{"type":"Feature","properties":{"row":17,"col":17,"Q1_2025":468.311,"Q2_2025":457.098,"Q3_2025":479.9,"Q4_2025":492.435,"Q1_2026":483.527},"geometry":{"type":"Polygon","coordinates":[[[107.571833,-7.105329000000001],[107.571933,-7.105329000000001],[107.571933,-7.105229000000001],[107.571833,-7.105229000000001],[107.571833,-7.105329000000001]]]}},{"type":"Feature","properties":{"row":17,"col":18,"Q1_2025":466.617,"Q2_2025":458.927,"Q3_2025":463.373,"Q4_2025":471.817,"Q1_2026":481.241},"geometry":{"type":"Polygon","coordinates":[[[107.571933,-7.105329000000001],[107.572033,-7.105329000000001],[107.572033,-7.105229000000001],[107.571933,-7.105229000000001],[107.571933,-7.105329000000001]]]}},{"type":"Feature","properties":{"row":17,"col":19,"Q1_2025":435.785,"Q2_2025":451.021,"Q3_2025":471.718,"Q4_2025":489.311,"Q1_2026":471.052},"geometry":{"type":"Polygon","coordinates":[[[107.572033,-7.105329000000001],[107.57213300000001,-7.105329000000001],[107.57213300000001,-7.105229000000001],[107.572033,-7.105229000000001],[107.572033,-7.105329000000001]]]}},{"type":"Feature","properties":{"row":18,"col":0,"Q1_2025":398.265,"Q2_2025":390.259,"Q3_2025":431.07,"Q4_2025":442.891,"Q1_2026":426.738},"geometry":{"type":"Polygon","coordinates":[[[107.570133,-7.1052290000000005],[107.570233,-7.1052290000000005],[107.570233,-7.105129000000001],[107.570133,-7.105129000000001],[107.570133,-7.1052290000000005]]]}},{"type":"Feature","properties":{"row":18,"col":1,"Q1_2025":428.92,"Q2_2025":410.921,"Q3_2025":408.716,"Q4_2025":451.128,"Q1_2026":426.461},"geometry":{"type":"Polygon","coordinates":[[[107.570233,-7.1052290000000005],[107.570333,-7.1052290000000005],[107.570333,-7.105129000000001],[107.570233,-7.105129000000001],[107.570233,-7.1052290000000005]]]}},{"type":"Feature","properties":{"row":18,"col":2,"Q1_2025":428.963,"Q2_2025":426.072,"Q3_2025":436.449,"Q4_2025":446.202,"Q1_2026":449.441},"geometry":{"type":"Polygon","coordinates":[[[107.570333,-7.1052290000000005],[107.57043300000001,-7.1052290000000005],[107.57043300000001,-7.105129000000001],[107.570333,-7.105129000000001],[107.570333,-7.1052290000000005]]]}},{"type":"Feature","properties":{"row":18,"col":3,"Q1_2025":431.296,"Q2_2025":417.648,"Q3_2025":447.972,"Q4_2025":426.939,"Q1_2026":429.526},"geometry":{"type":"Polygon","coordinates":[[[107.570433,-7.1052290000000005],[107.570533,-7.1052290000000005],[107.570533,-7.105129000000001],[107.570433,-7.105129000000001],[107.570433,-7.1052290000000005]]]}},{"type":"Feature","properties":{"row":18,"col":4,"Q1_2025":443.879,"Q2_2025":414.588,"Q3_2025":449.398,"Q4_2025":441.872,"Q1_2026":443.092},"geometry":{"type":"Polygon","coordinates":[[[107.570533,-7.1052290000000005],[107.570633,-7.1052290000000005],[107.570633,-7.105129000000001],[107.570533,-7.105129000000001],[107.570533,-7.1052290000000005]]]}},{"type":"Feature","properties":{"row":18,"col":5,"Q1_2025":417.981,"Q2_2025":457.002,"Q3_2025":444.999,"Q4_2025":426.741,"Q1_2026":442.43},"geometry":{"type":"Polygon","coordinates":[[[107.570633,-7.1052290000000005],[107.570733,-7.1052290000000005],[107.570733,-7.105129000000001],[107.570633,-7.105129000000001],[107.570633,-7.1052290000000005]]]}},{"type":"Feature","properties":{"row":18,"col":6,"Q1_2025":413.98,"Q2_2025":439.549,"Q3_2025":430.571,"Q4_2025":444.751,"Q1_2026":423.767},"geometry":{"type":"Polygon","coordinates":[[[107.570733,-7.1052290000000005],[107.57083300000001,-7.1052290000000005],[107.57083300000001,-7.105129000000001],[107.570733,-7.105129000000001],[107.570733,-7.1052290000000005]]]}},{"type":"Feature","properties":{"row":18,"col":7,"Q1_2025":443.145,"Q2_2025":417.961,"Q3_2025":429.893,"Q4_2025":462.053,"Q1_2026":472.803},"geometry":{"type":"Polygon","coordinates":[[[107.570833,-7.1052290000000005],[107.570933,-7.1052290000000005],[107.570933,-7.105129000000001],[107.570833,-7.105129000000001],[107.570833,-7.1052290000000005]]]}},{"type":"Feature","properties":{"row":18,"col":8,"Q1_2025":414.363,"Q2_2025":454.402,"Q3_2025":434.781,"Q4_2025":451.459,"Q1_2026":463.612},"geometry":{"type":"Polygon","coordinates":[[[107.570933,-7.1052290000000005],[107.571033,-7.1052290000000005],[107.571033,-7.105129000000001],[107.570933,-7.105129000000001],[107.570933,-7.1052290000000005]]]}},{"type":"Feature","properties":{"row":18,"col":9,"Q1_2025":426.298,"Q2_2025":445.691,"Q3_2025":422.971,"Q4_2025":448.455,"Q1_2026":454.123},"geometry":{"type":"Polygon","coordinates":[[[107.571033,-7.1052290000000005],[107.571133,-7.1052290000000005],[107.571133,-7.105129000000001],[107.571033,-7.105129000000001],[107.571033,-7.1052290000000005]]]}},{"type":"Feature","properties":{"row":18,"col":10,"Q1_2025":436.995,"Q2_2025":442.558,"Q3_2025":492.744,"Q4_2025":476.796,"Q1_2026":470.692},"geometry":{"type":"Polygon","coordinates":[[[107.571133,-7.1052290000000005],[107.571233,-7.1052290000000005],[107.571233,-7.105129000000001],[107.571133,-7.105129000000001],[107.571133,-7.1052290000000005]]]}},{"type":"Feature","properties":{"row":18,"col":11,"Q1_2025":440.035,"Q2_2025":443.456,"Q3_2025":435.528,"Q4_2025":470.801,"Q1_2026":478.952},"geometry":{"type":"Polygon","coordinates":[[[107.57123299999999,-7.1052290000000005],[107.571333,-7.1052290000000005],[107.571333,-7.105129000000001],[107.57123299999999,-7.105129000000001],[107.57123299999999,-7.1052290000000005]]]}},{"type":"Feature","properties":{"row":18,"col":12,"Q1_2025":439.509,"Q2_2025":462.766,"Q3_2025":478.764,"Q4_2025":478.175,"Q1_2026":504.69},"geometry":{"type":"Polygon","coordinates":[[[107.571333,-7.1052290000000005],[107.571433,-7.1052290000000005],[107.571433,-7.105129000000001],[107.571333,-7.105129000000001],[107.571333,-7.1052290000000005]]]}},{"type":"Feature","properties":{"row":18,"col":13,"Q1_2025":461.61,"Q2_2025":458.647,"Q3_2025":465.415,"Q4_2025":474.66,"Q1_2026":478.104},"geometry":{"type":"Polygon","coordinates":[[[107.571433,-7.1052290000000005],[107.571533,-7.1052290000000005],[107.571533,-7.105129000000001],[107.571433,-7.105129000000001],[107.571433,-7.1052290000000005]]]}},{"type":"Feature","properties":{"row":18,"col":14,"Q1_2025":473.982,"Q2_2025":462.186,"Q3_2025":449.605,"Q4_2025":479.129,"Q1_2026":458.657},"geometry":{"type":"Polygon","coordinates":[[[107.571533,-7.1052290000000005],[107.571633,-7.1052290000000005],[107.571633,-7.105129000000001],[107.571533,-7.105129000000001],[107.571533,-7.1052290000000005]]]}},{"type":"Feature","properties":{"row":18,"col":15,"Q1_2025":439.352,"Q2_2025":468.524,"Q3_2025":466.646,"Q4_2025":467.941,"Q1_2026":471.045},"geometry":{"type":"Polygon","coordinates":[[[107.57163299999999,-7.1052290000000005],[107.571733,-7.1052290000000005],[107.571733,-7.105129000000001],[107.57163299999999,-7.105129000000001],[107.57163299999999,-7.1052290000000005]]]}},{"type":"Feature","properties":{"row":18,"col":16,"Q1_2025":472.847,"Q2_2025":448.154,"Q3_2025":489.099,"Q4_2025":456.261,"Q1_2026":452.602},"geometry":{"type":"Polygon","coordinates":[[[107.571733,-7.1052290000000005],[107.571833,-7.1052290000000005],[107.571833,-7.105129000000001],[107.571733,-7.105129000000001],[107.571733,-7.1052290000000005]]]}},{"type":"Feature","properties":{"row":18,"col":17,"Q1_2025":457.68,"Q2_2025":442.53,"Q3_2025":482.385,"Q4_2025":489.935,"Q1_2026":455.705},"geometry":{"type":"Polygon","coordinates":[[[107.571833,-7.1052290000000005],[107.571933,-7.1052290000000005],[107.571933,-7.105129000000001],[107.571833,-7.105129000000001],[107.571833,-7.1052290000000005]]]}},{"type":"Feature","properties":{"row":18,"col":18,"Q1_2025":454.38,"Q2_2025":452.953,"Q3_2025":449.294,"Q4_2025":455.613,"Q1_2026":470.151},"geometry":{"type":"Polygon","coordinates":[[[107.571933,-7.1052290000000005],[107.572033,-7.1052290000000005],[107.572033,-7.105129000000001],[107.571933,-7.105129000000001],[107.571933,-7.1052290000000005]]]}},{"type":"Feature","properties":{"row":18,"col":19,"Q1_2025":423.922,"Q2_2025":466.465,"Q3_2025":467.154,"Q4_2025":460.355,"Q1_2026":471.387},"geometry":{"type":"Polygon","coordinates":[[[107.572033,-7.1052290000000005],[107.57213300000001,-7.1052290000000005],[107.57213300000001,-7.105129000000001],[107.572033,-7.105129000000001],[107.572033,-7.1052290000000005]]]}},{"type":"Feature","properties":{"row":19,"col":0,"Q1_2025":406.335,"Q2_2025":424.268,"Q3_2025":422.249,"Q4_2025":440.128,"Q1_2026":391.626},"geometry":{"type":"Polygon","coordinates":[[[107.570133,-7.105129000000001],[107.570233,-7.105129000000001],[107.570233,-7.105029000000001],[107.570133,-7.105029000000001],[107.570133,-7.105129000000001]]]}},{"type":"Feature","properties":{"row":19,"col":1,"Q1_2025":393.568,"Q2_2025":396.185,"Q3_2025":412.199,"Q4_2025":423.454,"Q1_2026":403.511},"geometry":{"type":"Polygon","coordinates":[[[107.570233,-7.105129000000001],[107.570333,-7.105129000000001],[107.570333,-7.105029000000001],[107.570233,-7.105029000000001],[107.570233,-7.105129000000001]]]}},{"type":"Feature","properties":{"row":19,"col":2,"Q1_2025":393.614,"Q2_2025":408.138,"Q3_2025":418.887,"Q4_2025":413.404,"Q1_2026":454.648},"geometry":{"type":"Polygon","coordinates":[[[107.570333,-7.105129000000001],[107.57043300000001,-7.105129000000001],[107.57043300000001,-7.105029000000001],[107.570333,-7.105029000000001],[107.570333,-7.105129000000001]]]}},{"type":"Feature","properties":{"row":19,"col":3,"Q1_2025":434.103,"Q2_2025":406.006,"Q3_2025":422.427,"Q4_2025":422.746,"Q1_2026":422.425},"geometry":{"type":"Polygon","coordinates":[[[107.570433,-7.105129000000001],[107.570533,-7.105129000000001],[107.570533,-7.105029000000001],[107.570433,-7.105029000000001],[107.570433,-7.105129000000001]]]}},{"type":"Feature","properties":{"row":19,"col":4,"Q1_2025":393.919,"Q2_2025":406.672,"Q3_2025":447.696,"Q4_2025":426.284,"Q1_2026":471.138},"geometry":{"type":"Polygon","coordinates":[[[107.570533,-7.105129000000001],[107.570633,-7.105129000000001],[107.570633,-7.105029000000001],[107.570533,-7.105029000000001],[107.570533,-7.105129000000001]]]}},{"type":"Feature","properties":{"row":19,"col":5,"Q1_2025":425.728,"Q2_2025":413.197,"Q3_2025":447.42,"Q4_2025":447.407,"Q1_2026":434.53},"geometry":{"type":"Polygon","coordinates":[[[107.570633,-7.105129000000001],[107.570733,-7.105129000000001],[107.570733,-7.105029000000001],[107.570633,-7.105029000000001],[107.570633,-7.105129000000001]]]}},{"type":"Feature","properties":{"row":19,"col":6,"Q1_2025":431.315,"Q2_2025":454.026,"Q3_2025":426.803,"Q4_2025":458.62,"Q1_2026":449.734},"geometry":{"type":"Polygon","coordinates":[[[107.570733,-7.105129000000001],[107.57083300000001,-7.105129000000001],[107.57083300000001,-7.105029000000001],[107.570733,-7.105029000000001],[107.570733,-7.105129000000001]]]}},{"type":"Feature","properties":{"row":19,"col":7,"Q1_2025":419.721,"Q2_2025":402.54,"Q3_2025":455.09,"Q4_2025":452.869,"Q1_2026":453.89},"geometry":{"type":"Polygon","coordinates":[[[107.570833,-7.105129000000001],[107.570933,-7.105129000000001],[107.570933,-7.105029000000001],[107.570833,-7.105029000000001],[107.570833,-7.105129000000001]]]}},{"type":"Feature","properties":{"row":19,"col":8,"Q1_2025":436.67,"Q2_2025":444.911,"Q3_2025":468.098,"Q4_2025":475.922,"Q1_2026":500.485},"geometry":{"type":"Polygon","coordinates":[[[107.570933,-7.105129000000001],[107.571033,-7.105129000000001],[107.571033,-7.105029000000001],[107.570933,-7.105029000000001],[107.570933,-7.105129000000001]]]}},{"type":"Feature","properties":{"row":19,"col":9,"Q1_2025":442.066,"Q2_2025":448.141,"Q3_2025":463.009,"Q4_2025":460.126,"Q1_2026":424.666},"geometry":{"type":"Polygon","coordinates":[[[107.571033,-7.105129000000001],[107.571133,-7.105129000000001],[107.571133,-7.105029000000001],[107.571033,-7.105029000000001],[107.571033,-7.105129000000001]]]}},{"type":"Feature","properties":{"row":19,"col":10,"Q1_2025":457.693,"Q2_2025":417.701,"Q3_2025":433.468,"Q4_2025":456.545,"Q1_2026":456.914},"geometry":{"type":"Polygon","coordinates":[[[107.571133,-7.105129000000001],[107.571233,-7.105129000000001],[107.571233,-7.105029000000001],[107.571133,-7.105029000000001],[107.571133,-7.105129000000001]]]}},{"type":"Feature","properties":{"row":19,"col":11,"Q1_2025":442.259,"Q2_2025":441.692,"Q3_2025":457.316,"Q4_2025":457.201,"Q1_2026":496.515},"geometry":{"type":"Polygon","coordinates":[[[107.57123299999999,-7.105129000000001],[107.571333,-7.105129000000001],[107.571333,-7.105029000000001],[107.57123299999999,-7.105029000000001],[107.57123299999999,-7.105129000000001]]]}},{"type":"Feature","properties":{"row":19,"col":12,"Q1_2025":446.992,"Q2_2025":463.524,"Q3_2025":450.92,"Q4_2025":480.517,"Q1_2026":457.451},"geometry":{"type":"Polygon","coordinates":[[[107.571333,-7.105129000000001],[107.571433,-7.105129000000001],[107.571433,-7.105029000000001],[107.571333,-7.105029000000001],[107.571333,-7.105129000000001]]]}},{"type":"Feature","properties":{"row":19,"col":13,"Q1_2025":443.971,"Q2_2025":465.145,"Q3_2025":464.584,"Q4_2025":446.128,"Q1_2026":470.289},"geometry":{"type":"Polygon","coordinates":[[[107.571433,-7.105129000000001],[107.571533,-7.105129000000001],[107.571533,-7.105029000000001],[107.571433,-7.105029000000001],[107.571433,-7.105129000000001]]]}},{"type":"Feature","properties":{"row":19,"col":14,"Q1_2025":468.215,"Q2_2025":440.543,"Q3_2025":462.235,"Q4_2025":458.309,"Q1_2026":466.8},"geometry":{"type":"Polygon","coordinates":[[[107.571533,-7.105129000000001],[107.571633,-7.105129000000001],[107.571633,-7.105029000000001],[107.571533,-7.105029000000001],[107.571533,-7.105129000000001]]]}},{"type":"Feature","properties":{"row":19,"col":15,"Q1_2025":446.799,"Q2_2025":460.296,"Q3_2025":446.298,"Q4_2025":471.398,"Q1_2026":436.76},"geometry":{"type":"Polygon","coordinates":[[[107.57163299999999,-7.105129000000001],[107.571733,-7.105129000000001],[107.571733,-7.105029000000001],[107.57163299999999,-7.105029000000001],[107.57163299999999,-7.105129000000001]]]}},{"type":"Feature","properties":{"row":19,"col":16,"Q1_2025":434.696,"Q2_2025":481.948,"Q3_2025":428.603,"Q4_2025":479.197,"Q1_2026":489.009},"geometry":{"type":"Polygon","coordinates":[[[107.571733,-7.105129000000001],[107.571833,-7.105129000000001],[107.571833,-7.105029000000001],[107.571733,-7.105029000000001],[107.571733,-7.105129000000001]]]}},{"type":"Feature","properties":{"row":19,"col":17,"Q1_2025":467.957,"Q2_2025":454.853,"Q3_2025":431.091,"Q4_2025":484.442,"Q1_2026":461.063},"geometry":{"type":"Polygon","coordinates":[[[107.571833,-7.105129000000001],[107.571933,-7.105129000000001],[107.571933,-7.105029000000001],[107.571833,-7.105029000000001],[107.571833,-7.105129000000001]]]}},{"type":"Feature","properties":{"row":19,"col":18,"Q1_2025":446.582,"Q2_2025":451.262,"Q3_2025":446.954,"Q4_2025":462.949,"Q1_2026":457.706},"geometry":{"type":"Polygon","coordinates":[[[107.571933,-7.105129000000001],[107.572033,-7.105129000000001],[107.572033,-7.105029000000001],[107.571933,-7.105029000000001],[107.571933,-7.105129000000001]]]}},{"type":"Feature","properties":{"row":19,"col":19,"Q1_2025":444.077,"Q2_2025":451.582,"Q3_2025":451.182,"Q4_2025":440.505,"Q1_2026":423.508},"geometry":{"type":"Polygon","coordinates":[[[107.572033,-7.105129000000001],[107.57213300000001,-7.105129000000001],[107.57213300000001,-7.105029000000001],[107.572033,-7.105029000000001],[107.572033,-7.105129000000001]]]}}]}