{"type":"FeatureCollection","parameter":"Yield","label":"Estimasi Produksi","unit":"Kg","desc":"Estimasi berat buah kopi (Kg) per piksel 10x10m.","periods":["Q1_2025","Q2_2025","Q3_2025","Q4_2025","Q1_2026"],"features":[{"type":"Feature","properties":{"row":0,"col":0,"Q1_2025":3.159,"Q2_2025":3.236,"Q3_2025":3.383,"Q4_2025":3.503,"Q1_2026":3.604},"geometry":{"type":"Polygon","coordinates":[[[107.570133,-7.107029000000001],[107.570233,-7.107029000000001],[107.570233,-7.106929000000001],[107.570133,-7.106929000000001],[107.570133,-7.107029000000001]]]}},{"type":"Feature","properties":{"row":0,"col":1,"Q1_2025":2.425,"Q2_2025":3.158,"Q3_2025":2.761,"Q4_2025":3.004,"Q1_2026":3.35},"geometry":{"type":"Polygon","coordinates":[[[107.570233,-7.107029000000001],[107.570333,-7.107029000000001],[107.570333,-7.106929000000001],[107.570233,-7.106929000000001],[107.570233,-7.107029000000001]]]}},{"type":"Feature","properties":{"row":0,"col":2,"Q1_2025":3.429,"Q2_2025":3.274,"Q3_2025":3.344,"Q4_2025":3.91,"Q1_2026":3.547},"geometry":{"type":"Polygon","coordinates":[[[107.570333,-7.107029000000001],[107.57043300000001,-7.107029000000001],[107.57043300000001,-7.106929000000001],[107.570333,-7.106929000000001],[107.570333,-7.107029000000001]]]}},{"type":"Feature","properties":{"row":0,"col":3,"Q1_2025":2.872,"Q2_2025":2.839,"Q3_2025":3.095,"Q4_2025":3.491,"Q1_2026":3.095},"geometry":{"type":"Polygon","coordinates":[[[107.570433,-7.107029000000001],[107.570533,-7.107029000000001],[107.570533,-7.106929000000001],[107.570433,-7.106929000000001],[107.570433,-7.107029000000001]]]}},{"type":"Feature","properties":{"row":0,"col":4,"Q1_2025":3.369,"Q2_2025":3.43,"Q3_2025":3.221,"Q4_2025":3.569,"Q1_2026":3.792},"geometry":{"type":"Polygon","coordinates":[[[107.570533,-7.107029000000001],[107.570633,-7.107029000000001],[107.570633,-7.106929000000001],[107.570533,-7.106929000000001],[107.570533,-7.107029000000001]]]}},{"type":"Feature","properties":{"row":0,"col":5,"Q1_2025":3.125,"Q2_2025":3.635,"Q3_2025":3.3,"Q4_2025":3.791,"Q1_2026":4.152},"geometry":{"type":"Polygon","coordinates":[[[107.570633,-7.107029000000001],[107.570733,-7.107029000000001],[107.570733,-7.106929000000001],[107.570633,-7.106929000000001],[107.570633,-7.107029000000001]]]}},{"type":"Feature","properties":{"row":0,"col":6,"Q1_2025":3.485,"Q2_2025":3.106,"Q3_2025":3.615,"Q4_2025":3.712,"Q1_2026":3.53},"geometry":{"type":"Polygon","coordinates":[[[107.570733,-7.107029000000001],[107.57083300000001,-7.107029000000001],[107.57083300000001,-7.106929000000001],[107.570733,-7.106929000000001],[107.570733,-7.107029000000001]]]}},{"type":"Feature","properties":{"row":0,"col":7,"Q1_2025":3.079,"Q2_2025":3.443,"Q3_2025":3.918,"Q4_2025":4.002,"Q1_2026":4.217},"geometry":{"type":"Polygon","coordinates":[[[107.570833,-7.107029000000001],[107.570933,-7.107029000000001],[107.570933,-7.106929000000001],[107.570833,-7.106929000000001],[107.570833,-7.107029000000001]]]}},{"type":"Feature","properties":{"row":0,"col":8,"Q1_2025":3.507,"Q2_2025":4.21,"Q3_2025":3.467,"Q4_2025":3.953,"Q1_2026":3.848},"geometry":{"type":"Polygon","coordinates":[[[107.570933,-7.107029000000001],[107.571033,-7.107029000000001],[107.571033,-7.106929000000001],[107.570933,-7.106929000000001],[107.570933,-7.107029000000001]]]}},{"type":"Feature","properties":{"row":0,"col":9,"Q1_2025":4.025,"Q2_2025":3.687,"Q3_2025":3.468,"Q4_2025":3.95,"Q1_2026":3.641},"geometry":{"type":"Polygon","coordinates":[[[107.571033,-7.107029000000001],[107.571133,-7.107029000000001],[107.571133,-7.106929000000001],[107.571033,-7.106929000000001],[107.571033,-7.107029000000001]]]}},{"type":"Feature","properties":{"row":0,"col":10,"Q1_2025":3.366,"Q2_2025":4.006,"Q3_2025":3.822,"Q4_2025":4.185,"Q1_2026":3.766},"geometry":{"type":"Polygon","coordinates":[[[107.571133,-7.107029000000001],[107.571233,-7.107029000000001],[107.571233,-7.106929000000001],[107.571133,-7.106929000000001],[107.571133,-7.107029000000001]]]}},{"type":"Feature","properties":{"row":0,"col":11,"Q1_2025":4.06,"Q2_2025":3.719,"Q3_2025":3.284,"Q4_2025":3.703,"Q1_2026":3.652},"geometry":{"type":"Polygon","coordinates":[[[107.57123299999999,-7.107029000000001],[107.571333,-7.107029000000001],[107.571333,-7.106929000000001],[107.57123299999999,-7.106929000000001],[107.57123299999999,-7.107029000000001]]]}},{"type":"Feature","properties":{"row":0,"col":12,"Q1_2025":3.268,"Q2_2025":3.96,"Q3_2025":4.017,"Q4_2025":4.184,"Q1_2026":3.886},"geometry":{"type":"Polygon","coordinates":[[[107.571333,-7.107029000000001],[107.571433,-7.107029000000001],[107.571433,-7.106929000000001],[107.571333,-7.106929000000001],[107.571333,-7.107029000000001]]]}},{"type":"Feature","properties":{"row":0,"col":13,"Q1_2025":3.895,"Q2_2025":3.395,"Q3_2025":3.791,"Q4_2025":3.988,"Q1_2026":3.965},"geometry":{"type":"Polygon","coordinates":[[[107.571433,-7.107029000000001],[107.571533,-7.107029000000001],[107.571533,-7.106929000000001],[107.571433,-7.106929000000001],[107.571433,-7.107029000000001]]]}},{"type":"Feature","properties":{"row":0,"col":14,"Q1_2025":3.787,"Q2_2025":3.85,"Q3_2025":4.098,"Q4_2025":4.148,"Q1_2026":4.443},"geometry":{"type":"Polygon","coordinates":[[[107.571533,-7.107029000000001],[107.571633,-7.107029000000001],[107.571633,-7.106929000000001],[107.571533,-7.106929000000001],[107.571533,-7.107029000000001]]]}},{"type":"Feature","properties":{"row":0,"col":15,"Q1_2025":3.627,"Q2_2025":4.067,"Q3_2025":4.054,"Q4_2025":4.144,"Q1_2026":4.211},"geometry":{"type":"Polygon","coordinates":[[[107.57163299999999,-7.107029000000001],[107.571733,-7.107029000000001],[107.571733,-7.106929000000001],[107.57163299999999,-7.106929000000001],[107.57163299999999,-7.107029000000001]]]}},{"type":"Feature","properties":{"row":0,"col":16,"Q1_2025":3.132,"Q2_2025":4.454,"Q3_2025":3.704,"Q4_2025":3.84,"Q1_2026":4.082},"geometry":{"type":"Polygon","coordinates":[[[107.571733,-7.107029000000001],[107.571833,-7.107029000000001],[107.571833,-7.106929000000001],[107.571733,-7.106929000000001],[107.571733,-7.107029000000001]]]}},{"type":"Feature","properties":{"row":0,"col":17,"Q1_2025":3.388,"Q2_2025":4.404,"Q3_2025":3.795,"Q4_2025":3.875,"Q1_2026":3.932},"geometry":{"type":"Polygon","coordinates":[[[107.571833,-7.107029000000001],[107.571933,-7.107029000000001],[107.571933,-7.106929000000001],[107.571833,-7.106929000000001],[107.571833,-7.107029000000001]]]}},{"type":"Feature","properties":{"row":0,"col":18,"Q1_2025":3.908,"Q2_2025":4.295,"Q3_2025":4.058,"Q4_2025":3.844,"Q1_2026":4.573},"geometry":{"type":"Polygon","coordinates":[[[107.571933,-7.107029000000001],[107.572033,-7.107029000000001],[107.572033,-7.106929000000001],[107.571933,-7.106929000000001],[107.571933,-7.107029000000001]]]}},{"type":"Feature","properties":{"row":0,"col":19,"Q1_2025":3.853,"Q2_2025":3.651,"Q3_2025":3.946,"Q4_2025":4.107,"Q1_2026":4.239},"geometry":{"type":"Polygon","coordinates":[[[107.572033,-7.107029000000001],[107.57213300000001,-7.107029000000001],[107.57213300000001,-7.106929000000001],[107.572033,-7.106929000000001],[107.572033,-7.107029000000001]]]}},{"type":"Feature","properties":{"row":1,"col":0,"Q1_2025":2.947,"Q2_2025":3.054,"Q3_2025":3.706,"Q4_2025":4.097,"Q1_2026":3.399},"geometry":{"type":"Polygon","coordinates":[[[107.570133,-7.106929000000001],[107.570233,-7.106929000000001],[107.570233,-7.106829000000001],[107.570133,-7.106829000000001],[107.570133,-7.106929000000001]]]}},{"type":"Feature","properties":{"row":1,"col":1,"Q1_2025":2.76,"Q2_2025":2.82,"Q3_2025":3.479,"Q4_2025":2.848,"Q1_2026":3.381},"geometry":{"type":"Polygon","coordinates":[[[107.570233,-7.106929000000001],[107.570333,-7.106929000000001],[107.570333,-7.106829000000001],[107.570233,-7.106829000000001],[107.570233,-7.106929000000001]]]}},{"type":"Feature","properties":{"row":1,"col":2,"Q1_2025":3.242,"Q2_2025":3.278,"Q3_2025":3.202,"Q4_2025":3.974,"Q1_2026":3.762},"geometry":{"type":"Polygon","coordinates":[[[107.570333,-7.106929000000001],[107.57043300000001,-7.106929000000001],[107.57043300000001,-7.106829000000001],[107.570333,-7.106829000000001],[107.570333,-7.106929000000001]]]}},{"type":"Feature","properties":{"row":1,"col":3,"Q1_2025":3.068,"Q2_2025":3.544,"Q3_2025":3.354,"Q4_2025":3.354,"Q1_2026":3.487},"geometry":{"type":"Polygon","coordinates":[[[107.570433,-7.106929000000001],[107.570533,-7.106929000000001],[107.570533,-7.106829000000001],[107.570433,-7.106829000000001],[107.570433,-7.106929000000001]]]}},{"type":"Feature","properties":{"row":1,"col":4,"Q1_2025":3.648,"Q2_2025":3.225,"Q3_2025":3.472,"Q4_2025":3.899,"Q1_2026":3.784},"geometry":{"type":"Polygon","coordinates":[[[107.570533,-7.106929000000001],[107.570633,-7.106929000000001],[107.570633,-7.106829000000001],[107.570533,-7.106829000000001],[107.570533,-7.106929000000001]]]}},{"type":"Feature","properties":{"row":1,"col":5,"Q1_2025":3.446,"Q2_2025":3.274,"Q3_2025":4.273,"Q4_2025":3.919,"Q1_2026":3.063},"geometry":{"type":"Polygon","coordinates":[[[107.570633,-7.106929000000001],[107.570733,-7.106929000000001],[107.570733,-7.106829000000001],[107.570633,-7.106829000000001],[107.570633,-7.106929000000001]]]}},{"type":"Feature","properties":{"row":1,"col":6,"Q1_2025":3.842,"Q2_2025":3.165,"Q3_2025":3.239,"Q4_2025":3.541,"Q1_2026":4.228},"geometry":{"type":"Polygon","coordinates":[[[107.570733,-7.106929000000001],[107.57083300000001,-7.106929000000001],[107.57083300000001,-7.106829000000001],[107.570733,-7.106829000000001],[107.570733,-7.106929000000001]]]}},{"type":"Feature","properties":{"row":1,"col":7,"Q1_2025":3.441,"Q2_2025":3.686,"Q3_2025":3.222,"Q4_2025":4.145,"Q1_2026":3.843},"geometry":{"type":"Polygon","coordinates":[[[107.570833,-7.106929000000001],[107.570933,-7.106929000000001],[107.570933,-7.106829000000001],[107.570833,-7.106829000000001],[107.570833,-7.106929000000001]]]}},{"type":"Feature","properties":{"row":1,"col":8,"Q1_2025":3.202,"Q2_2025":3.786,"Q3_2025":3.936,"Q4_2025":3.914,"Q1_2026":4.376},"geometry":{"type":"Polygon","coordinates":[[[107.570933,-7.106929000000001],[107.571033,-7.106929000000001],[107.571033,-7.106829000000001],[107.570933,-7.106829000000001],[107.570933,-7.106929000000001]]]}},{"type":"Feature","properties":{"row":1,"col":9,"Q1_2025":3.823,"Q2_2025":4.199,"Q3_2025":3.832,"Q4_2025":3.981,"Q1_2026":4.308},"geometry":{"type":"Polygon","coordinates":[[[107.571033,-7.106929000000001],[107.571133,-7.106929000000001],[107.571133,-7.106829000000001],[107.571033,-7.106829000000001],[107.571033,-7.106929000000001]]]}},{"type":"Feature","properties":{"row":1,"col":10,"Q1_2025":4.048,"Q2_2025":3.7,"Q3_2025":4.466,"Q4_2025":4.035,"Q1_2026":4.102},"geometry":{"type":"Polygon","coordinates":[[[107.571133,-7.106929000000001],[107.571233,-7.106929000000001],[107.571233,-7.106829000000001],[107.571133,-7.106829000000001],[107.571133,-7.106929000000001]]]}},{"type":"Feature","properties":{"row":1,"col":11,"Q1_2025":3.877,"Q2_2025":3.588,"Q3_2025":3.45,"Q4_2025":4.661,"Q1_2026":4.464},"geometry":{"type":"Polygon","coordinates":[[[107.57123299999999,-7.106929000000001],[107.571333,-7.106929000000001],[107.571333,-7.106829000000001],[107.57123299999999,-7.106829000000001],[107.57123299999999,-7.106929000000001]]]}},{"type":"Feature","properties":{"row":1,"col":12,"Q1_2025":3.503,"Q2_2025":3.921,"Q3_2025":4.167,"Q4_2025":3.934,"Q1_2026":4.61},"geometry":{"type":"Polygon","coordinates":[[[107.571333,-7.106929000000001],[107.571433,-7.106929000000001],[107.571433,-7.106829000000001],[107.571333,-7.106829000000001],[107.571333,-7.106929000000001]]]}},{"type":"Feature","properties":{"row":1,"col":13,"Q1_2025":3.659,"Q2_2025":4.205,"Q3_2025":3.818,"Q4_2025":4.26,"Q1_2026":4.673},"geometry":{"type":"Polygon","coordinates":[[[107.571433,-7.106929000000001],[107.571533,-7.106929000000001],[107.571533,-7.106829000000001],[107.571433,-7.106829000000001],[107.571433,-7.106929000000001]]]}},{"type":"Feature","properties":{"row":1,"col":14,"Q1_2025":3.97,"Q2_2025":3.781,"Q3_2025":4.094,"Q4_2025":4.345,"Q1_2026":4.099},"geometry":{"type":"Polygon","coordinates":[[[107.571533,-7.106929000000001],[107.571633,-7.106929000000001],[107.571633,-7.106829000000001],[107.571533,-7.106829000000001],[107.571533,-7.106929000000001]]]}},{"type":"Feature","properties":{"row":1,"col":15,"Q1_2025":3.721,"Q2_2025":4.468,"Q3_2025":4.459,"Q4_2025":3.941,"Q1_2026":3.844},"geometry":{"type":"Polygon","coordinates":[[[107.57163299999999,-7.106929000000001],[107.571733,-7.106929000000001],[107.571733,-7.106829000000001],[107.57163299999999,-7.106829000000001],[107.57163299999999,-7.106929000000001]]]}},{"type":"Feature","properties":{"row":1,"col":16,"Q1_2025":3.46,"Q2_2025":3.611,"Q3_2025":3.96,"Q4_2025":4.123,"Q1_2026":3.83},"geometry":{"type":"Polygon","coordinates":[[[107.571733,-7.106929000000001],[107.571833,-7.106929000000001],[107.571833,-7.106829000000001],[107.571733,-7.106829000000001],[107.571733,-7.106929000000001]]]}},{"type":"Feature","properties":{"row":1,"col":17,"Q1_2025":3.891,"Q2_2025":3.074,"Q3_2025":4.087,"Q4_2025":4.627,"Q1_2026":3.88},"geometry":{"type":"Polygon","coordinates":[[[107.571833,-7.106929000000001],[107.571933,-7.106929000000001],[107.571933,-7.106829000000001],[107.571833,-7.106829000000001],[107.571833,-7.106929000000001]]]}},{"type":"Feature","properties":{"row":1,"col":18,"Q1_2025":2.975,"Q2_2025":3.988,"Q3_2025":4.249,"Q4_2025":4.016,"Q1_2026":4.307},"geometry":{"type":"Polygon","coordinates":[[[107.571933,-7.106929000000001],[107.572033,-7.106929000000001],[107.572033,-7.106829000000001],[107.571933,-7.106829000000001],[107.571933,-7.106929000000001]]]}},{"type":"Feature","properties":{"row":1,"col":19,"Q1_2025":4.214,"Q2_2025":4.434,"Q3_2025":4.206,"Q4_2025":3.756,"Q1_2026":4.278},"geometry":{"type":"Polygon","coordinates":[[[107.572033,-7.106929000000001],[107.57213300000001,-7.106929000000001],[107.57213300000001,-7.106829000000001],[107.572033,-7.106829000000001],[107.572033,-7.106929000000001]]]}},{"type":"Feature","properties":{"row":2,"col":0,"Q1_2025":2.687,"Q2_2025":3.082,"Q3_2025":3.114,"Q4_2025":3.115,"Q1_2026":3.846},"geometry":{"type":"Polygon","coordinates":[[[107.570133,-7.106829],[107.570233,-7.106829],[107.570233,-7.1067290000000005],[107.570133,-7.1067290000000005],[107.570133,-7.106829]]]}},{"type":"Feature","properties":{"row":2,"col":1,"Q1_2025":3.01,"Q2_2025":2.734,"Q3_2025":3.392,"Q4_2025":3.584,"Q1_2026":3.494},"geometry":{"type":"Polygon","coordinates":[[[107.570233,-7.106829],[107.570333,-7.106829],[107.570333,-7.1067290000000005],[107.570233,-7.1067290000000005],[107.570233,-7.106829]]]}},{"type":"Feature","properties":{"row":2,"col":2,"Q1_2025":2.937,"Q2_2025":3.14,"Q3_2025":3.193,"Q4_2025":3.318,"Q1_2026":3.359},"geometry":{"type":"Polygon","coordinates":[[[107.570333,-7.106829],[107.57043300000001,-7.106829],[107.57043300000001,-7.1067290000000005],[107.570333,-7.1067290000000005],[107.570333,-7.106829]]]}},{"type":"Feature","properties":{"row":2,"col":3,"Q1_2025":3.193,"Q2_2025":2.952,"Q3_2025":3.533,"Q4_2025":3.324,"Q1_2026":3.922},"geometry":{"type":"Polygon","coordinates":[[[107.570433,-7.106829],[107.570533,-7.106829],[107.570533,-7.1067290000000005],[107.570433,-7.1067290000000005],[107.570433,-7.106829]]]}},{"type":"Feature","properties":{"row":2,"col":4,"Q1_2025":3.461,"Q2_2025":3.898,"Q3_2025":3.137,"Q4_2025":4.07,"Q1_2026":3.712},"geometry":{"type":"Polygon","coordinates":[[[107.570533,-7.106829],[107.570633,-7.106829],[107.570633,-7.1067290000000005],[107.570533,-7.1067290000000005],[107.570533,-7.106829]]]}},{"type":"Feature","properties":{"row":2,"col":5,"Q1_2025":3.617,"Q2_2025":3.798,"Q3_2025":3.92,"Q4_2025":3.75,"Q1_2026":3.968},"geometry":{"type":"Polygon","coordinates":[[[107.570633,-7.106829],[107.570733,-7.106829],[107.570733,-7.1067290000000005],[107.570633,-7.1067290000000005],[107.570633,-7.106829]]]}},{"type":"Feature","properties":{"row":2,"col":6,"Q1_2025":3.485,"Q2_2025":3.83,"Q3_2025":3.445,"Q4_2025":3.933,"Q1_2026":4.374},"geometry":{"type":"Polygon","coordinates":[[[107.570733,-7.106829],[107.57083300000001,-7.106829],[107.57083300000001,-7.1067290000000005],[107.570733,-7.1067290000000005],[107.570733,-7.106829]]]}},{"type":"Feature","properties":{"row":2,"col":7,"Q1_2025":4.19,"Q2_2025":4.008,"Q3_2025":4.226,"Q4_2025":4.045,"Q1_2026":4.304},"geometry":{"type":"Polygon","coordinates":[[[107.570833,-7.106829],[107.570933,-7.106829],[107.570933,-7.1067290000000005],[107.570833,-7.1067290000000005],[107.570833,-7.106829]]]}},{"type":"Feature","properties":{"row":2,"col":8,"Q1_2025":4.241,"Q2_2025":3.741,"Q3_2025":3.381,"Q4_2025":3.906,"Q1_2026":4.113},"geometry":{"type":"Polygon","coordinates":[[[107.570933,-7.106829],[107.571033,-7.106829],[107.571033,-7.1067290000000005],[107.570933,-7.1067290000000005],[107.570933,-7.106829]]]}},{"type":"Feature","properties":{"row":2,"col":9,"Q1_2025":3.472,"Q2_2025":3.46,"Q3_2025":3.771,"Q4_2025":3.65,"Q1_2026":4.393},"geometry":{"type":"Polygon","coordinates":[[[107.571033,-7.106829],[107.571133,-7.106829],[107.571133,-7.1067290000000005],[107.571033,-7.1067290000000005],[107.571033,-7.106829]]]}},{"type":"Feature","properties":{"row":2,"col":10,"Q1_2025":4.284,"Q2_2025":4.075,"Q3_2025":3.554,"Q4_2025":4.135,"Q1_2026":3.915},"geometry":{"type":"Polygon","coordinates":[[[107.571133,-7.106829],[107.571233,-7.106829],[107.571233,-7.1067290000000005],[107.571133,-7.1067290000000005],[107.571133,-7.106829]]]}},{"type":"Feature","properties":{"row":2,"col":11,"Q1_2025":3.901,"Q2_2025":3.67,"Q3_2025":4.312,"Q4_2025":4.328,"Q1_2026":4.121},"geometry":{"type":"Polygon","coordinates":[[[107.57123299999999,-7.106829],[107.571333,-7.106829],[107.571333,-7.1067290000000005],[107.57123299999999,-7.1067290000000005],[107.57123299999999,-7.106829]]]}},{"type":"Feature","properties":{"row":2,"col":12,"Q1_2025":4.004,"Q2_2025":3.971,"Q3_2025":4.571,"Q4_2025":3.582,"Q1_2026":4.376},"geometry":{"type":"Polygon","coordinates":[[[107.571333,-7.106829],[107.571433,-7.106829],[107.571433,-7.1067290000000005],[107.571333,-7.1067290000000005],[107.571333,-7.106829]]]}},{"type":"Feature","properties":{"row":2,"col":13,"Q1_2025":4.252,"Q2_2025":3.869,"Q3_2025":3.929,"Q4_2025":4.232,"Q1_2026":4.003},"geometry":{"type":"Polygon","coordinates":[[[107.571433,-7.106829],[107.571533,-7.106829],[107.571533,-7.1067290000000005],[107.571433,-7.1067290000000005],[107.571433,-7.106829]]]}},{"type":"Feature","properties":{"row":2,"col":14,"Q1_2025":3.736,"Q2_2025":3.689,"Q3_2025":4.043,"Q4_2025":3.569,"Q1_2026":4.116},"geometry":{"type":"Polygon","coordinates":[[[107.571533,-7.106829],[107.571633,-7.106829],[107.571633,-7.1067290000000005],[107.571533,-7.1067290000000005],[107.571533,-7.106829]]]}},{"type":"Feature","properties":{"row":2,"col":15,"Q1_2025":4.074,"Q2_2025":3.893,"Q3_2025":3.983,"Q4_2025":4.476,"Q1_2026":4.78},"geometry":{"type":"Polygon","coordinates":[[[107.57163299999999,-7.106829],[107.571733,-7.106829],[107.571733,-7.1067290000000005],[107.57163299999999,-7.1067290000000005],[107.57163299999999,-7.106829]]]}},{"type":"Feature","properties":{"row":2,"col":16,"Q1_2025":3.688,"Q2_2025":4.371,"Q3_2025":3.585,"Q4_2025":3.956,"Q1_2026":4.47},"geometry":{"type":"Polygon","coordinates":[[[107.571733,-7.106829],[107.571833,-7.106829],[107.571833,-7.1067290000000005],[107.571733,-7.1067290000000005],[107.571733,-7.106829]]]}},{"type":"Feature","properties":{"row":2,"col":17,"Q1_2025":3.984,"Q2_2025":4.042,"Q3_2025":4.366,"Q4_2025":4.145,"Q1_2026":4.535},"geometry":{"type":"Polygon","coordinates":[[[107.571833,-7.106829],[107.571933,-7.106829],[107.571933,-7.1067290000000005],[107.571833,-7.1067290000000005],[107.571833,-7.106829]]]}},{"type":"Feature","properties":{"row":2,"col":18,"Q1_2025":3.751,"Q2_2025":3.809,"Q3_2025":3.535,"Q4_2025":4.4,"Q1_2026":4.037},"geometry":{"type":"Polygon","coordinates":[[[107.571933,-7.106829],[107.572033,-7.106829],[107.572033,-7.1067290000000005],[107.571933,-7.1067290000000005],[107.571933,-7.106829]]]}},{"type":"Feature","properties":{"row":2,"col":19,"Q1_2025":4.185,"Q2_2025":4.286,"Q3_2025":4.016,"Q4_2025":4.209,"Q1_2026":4.342},"geometry":{"type":"Polygon","coordinates":[[[107.572033,-7.106829],[107.57213300000001,-7.106829],[107.57213300000001,-7.1067290000000005],[107.572033,-7.1067290000000005],[107.572033,-7.106829]]]}},{"type":"Feature","properties":{"row":3,"col":0,"Q1_2025":2.962,"Q2_2025":2.686,"Q3_2025":3.657,"Q4_2025":3.153,"Q1_2026":3.582},"geometry":{"type":"Polygon","coordinates":[[[107.570133,-7.1067290000000005],[107.570233,-7.1067290000000005],[107.570233,-7.106629000000001],[107.570133,-7.106629000000001],[107.570133,-7.1067290000000005]]]}},{"type":"Feature","properties":{"row":3,"col":1,"Q1_2025":3.206,"Q2_2025":3.305,"Q3_2025":3.384,"Q4_2025":3.692,"Q1_2026":3.257},"geometry":{"type":"Polygon","coordinates":[[[107.570233,-7.1067290000000005],[107.570333,-7.1067290000000005],[107.570333,-7.106629000000001],[107.570233,-7.106629000000001],[107.570233,-7.1067290000000005]]]}},{"type":"Feature","properties":{"row":3,"col":2,"Q1_2025":3.51,"Q2_2025":3.362,"Q3_2025":3.424,"Q4_2025":3.388,"Q1_2026":3.599},"geometry":{"type":"Polygon","coordinates":[[[107.570333,-7.1067290000000005],[107.57043300000001,-7.1067290000000005],[107.57043300000001,-7.106629000000001],[107.570333,-7.106629000000001],[107.570333,-7.1067290000000005]]]}},{"type":"Feature","properties":{"row":3,"col":3,"Q1_2025":3.48,"Q2_2025":3.055,"Q3_2025":2.99,"Q4_2025":3.524,"Q1_2026":3.917},"geometry":{"type":"Polygon","coordinates":[[[107.570433,-7.1067290000000005],[107.570533,-7.1067290000000005],[107.570533,-7.106629000000001],[107.570433,-7.106629000000001],[107.570433,-7.1067290000000005]]]}},{"type":"Feature","properties":{"row":3,"col":4,"Q1_2025":3.308,"Q2_2025":3.909,"Q3_2025":3.987,"Q4_2025":4.119,"Q1_2026":4.234},"geometry":{"type":"Polygon","coordinates":[[[107.570533,-7.1067290000000005],[107.570633,-7.1067290000000005],[107.570633,-7.106629000000001],[107.570533,-7.106629000000001],[107.570533,-7.1067290000000005]]]}},{"type":"Feature","properties":{"row":3,"col":5,"Q1_2025":3.566,"Q2_2025":3.757,"Q3_2025":3.482,"Q4_2025":2.981,"Q1_2026":4.008},"geometry":{"type":"Polygon","coordinates":[[[107.570633,-7.1067290000000005],[107.570733,-7.1067290000000005],[107.570733,-7.106629000000001],[107.570633,-7.106629000000001],[107.570633,-7.1067290000000005]]]}},{"type":"Feature","properties":{"row":3,"col":6,"Q1_2025":3.34,"Q2_2025":3.612,"Q3_2025":3.026,"Q4_2025":4.141,"Q1_2026":3.911},"geometry":{"type":"Polygon","coordinates":[[[107.570733,-7.1067290000000005],[107.57083300000001,-7.1067290000000005],[107.57083300000001,-7.106629000000001],[107.570733,-7.106629000000001],[107.570733,-7.1067290000000005]]]}},{"type":"Feature","properties":{"row":3,"col":7,"Q1_2025":3.475,"Q2_2025":3.405,"Q3_2025":3.608,"Q4_2025":3.698,"Q1_2026":3.76},"geometry":{"type":"Polygon","coordinates":[[[107.570833,-7.1067290000000005],[107.570933,-7.1067290000000005],[107.570933,-7.106629000000001],[107.570833,-7.106629000000001],[107.570833,-7.1067290000000005]]]}},{"type":"Feature","properties":{"row":3,"col":8,"Q1_2025":3.301,"Q2_2025":3.762,"Q3_2025":3.823,"Q4_2025":4.283,"Q1_2026":3.599},"geometry":{"type":"Polygon","coordinates":[[[107.570933,-7.1067290000000005],[107.571033,-7.1067290000000005],[107.571033,-7.106629000000001],[107.570933,-7.106629000000001],[107.570933,-7.1067290000000005]]]}},{"type":"Feature","properties":{"row":3,"col":9,"Q1_2025":3.656,"Q2_2025":3.622,"Q3_2025":4.092,"Q4_2025":4.074,"Q1_2026":4.444},"geometry":{"type":"Polygon","coordinates":[[[107.571033,-7.1067290000000005],[107.571133,-7.1067290000000005],[107.571133,-7.106629000000001],[107.571033,-7.106629000000001],[107.571033,-7.1067290000000005]]]}},{"type":"Feature","properties":{"row":3,"col":10,"Q1_2025":4.396,"Q2_2025":3.945,"Q3_2025":4.204,"Q4_2025":3.92,"Q1_2026":4.207},"geometry":{"type":"Polygon","coordinates":[[[107.571133,-7.1067290000000005],[107.571233,-7.1067290000000005],[107.571233,-7.106629000000001],[107.571133,-7.106629000000001],[107.571133,-7.1067290000000005]]]}},{"type":"Feature","properties":{"row":3,"col":11,"Q1_2025":3.897,"Q2_2025":4.631,"Q3_2025":3.748,"Q4_2025":4.149,"Q1_2026":4.295},"geometry":{"type":"Polygon","coordinates":[[[107.57123299999999,-7.1067290000000005],[107.571333,-7.1067290000000005],[107.571333,-7.106629000000001],[107.57123299999999,-7.106629000000001],[107.57123299999999,-7.1067290000000005]]]}},{"type":"Feature","properties":{"row":3,"col":12,"Q1_2025":3.698,"Q2_2025":4.13,"Q3_2025":4.128,"Q4_2025":4.26,"Q1_2026":4.108},"geometry":{"type":"Polygon","coordinates":[[[107.571333,-7.1067290000000005],[107.571433,-7.1067290000000005],[107.571433,-7.106629000000001],[107.571333,-7.106629000000001],[107.571333,-7.1067290000000005]]]}},{"type":"Feature","properties":{"row":3,"col":13,"Q1_2025":4.169,"Q2_2025":3.77,"Q3_2025":4.037,"Q4_2025":4.503,"Q1_2026":4.768},"geometry":{"type":"Polygon","coordinates":[[[107.571433,-7.1067290000000005],[107.571533,-7.1067290000000005],[107.571533,-7.106629000000001],[107.571433,-7.106629000000001],[107.571433,-7.1067290000000005]]]}},{"type":"Feature","properties":{"row":3,"col":14,"Q1_2025":3.739,"Q2_2025":4.251,"Q3_2025":4.138,"Q4_2025":4.577,"Q1_2026":4.398},"geometry":{"type":"Polygon","coordinates":[[[107.571533,-7.1067290000000005],[107.571633,-7.1067290000000005],[107.571633,-7.106629000000001],[107.571533,-7.106629000000001],[107.571533,-7.1067290000000005]]]}},{"type":"Feature","properties":{"row":3,"col":15,"Q1_2025":4.48,"Q2_2025":4.531,"Q3_2025":3.879,"Q4_2025":4.173,"Q1_2026":4.146},"geometry":{"type":"Polygon","coordinates":[[[107.57163299999999,-7.1067290000000005],[107.571733,-7.1067290000000005],[107.571733,-7.106629000000001],[107.57163299999999,-7.106629000000001],[107.57163299999999,-7.1067290000000005]]]}},{"type":"Feature","properties":{"row":3,"col":16,"Q1_2025":3.947,"Q2_2025":3.526,"Q3_2025":3.669,"Q4_2025":4.577,"Q1_2026":4.473},"geometry":{"type":"Polygon","coordinates":[[[107.571733,-7.1067290000000005],[107.571833,-7.1067290000000005],[107.571833,-7.106629000000001],[107.571733,-7.106629000000001],[107.571733,-7.1067290000000005]]]}},{"type":"Feature","properties":{"row":3,"col":17,"Q1_2025":4.191,"Q2_2025":3.793,"Q3_2025":3.849,"Q4_2025":4.207,"Q1_2026":4.779},"geometry":{"type":"Polygon","coordinates":[[[107.571833,-7.1067290000000005],[107.571933,-7.1067290000000005],[107.571933,-7.106629000000001],[107.571833,-7.106629000000001],[107.571833,-7.1067290000000005]]]}},{"type":"Feature","properties":{"row":3,"col":18,"Q1_2025":3.975,"Q2_2025":4.107,"Q3_2025":4.506,"Q4_2025":4.366,"Q1_2026":4.407},"geometry":{"type":"Polygon","coordinates":[[[107.571933,-7.1067290000000005],[107.572033,-7.1067290000000005],[107.572033,-7.106629000000001],[107.571933,-7.106629000000001],[107.571933,-7.1067290000000005]]]}},{"type":"Feature","properties":{"row":3,"col":19,"Q1_2025":4.064,"Q2_2025":3.978,"Q3_2025":4.608,"Q4_2025":4.204,"Q1_2026":4.119},"geometry":{"type":"Polygon","coordinates":[[[107.572033,-7.1067290000000005],[107.57213300000001,-7.1067290000000005],[107.57213300000001,-7.106629000000001],[107.572033,-7.106629000000001],[107.572033,-7.1067290000000005]]]}},{"type":"Feature","properties":{"row":4,"col":0,"Q1_2025":3.261,"Q2_2025":3.441,"Q3_2025":3.115,"Q4_2025":3.574,"Q1_2026":3.78},"geometry":{"type":"Polygon","coordinates":[[[107.570133,-7.106629000000001],[107.570233,-7.106629000000001],[107.570233,-7.106529000000001],[107.570133,-7.106529000000001],[107.570133,-7.106629000000001]]]}},{"type":"Feature","properties":{"row":4,"col":1,"Q1_2025":2.149,"Q2_2025":2.737,"Q3_2025":3.475,"Q4_2025":3.176,"Q1_2026":4.061},"geometry":{"type":"Polygon","coordinates":[[[107.570233,-7.106629000000001],[107.570333,-7.106629000000001],[107.570333,-7.106529000000001],[107.570233,-7.106529000000001],[107.570233,-7.106629000000001]]]}},{"type":"Feature","properties":{"row":4,"col":2,"Q1_2025":3.35,"Q2_2025":3.322,"Q3_2025":3.471,"Q4_2025":3.439,"Q1_2026":3.46},"geometry":{"type":"Polygon","coordinates":[[[107.570333,-7.106629000000001],[107.57043300000001,-7.106629000000001],[107.57043300000001,-7.106529000000001],[107.570333,-7.106529000000001],[107.570333,-7.106629000000001]]]}},{"type":"Feature","properties":{"row":4,"col":3,"Q1_2025":3.387,"Q2_2025":3.751,"Q3_2025":3.086,"Q4_2025":3.722,"Q1_2026":3.615},"geometry":{"type":"Polygon","coordinates":[[[107.570433,-7.106629000000001],[107.570533,-7.106629000000001],[107.570533,-7.106529000000001],[107.570433,-7.106529000000001],[107.570433,-7.106629000000001]]]}},{"type":"Feature","properties":{"row":4,"col":4,"Q1_2025":3.472,"Q2_2025":3.321,"Q3_2025":3.689,"Q4_2025":3.424,"Q1_2026":3.84},"geometry":{"type":"Polygon","coordinates":[[[107.570533,-7.106629000000001],[107.570633,-7.106629000000001],[107.570633,-7.106529000000001],[107.570533,-7.106529000000001],[107.570533,-7.106629000000001]]]}},{"type":"Feature","properties":{"row":4,"col":5,"Q1_2025":3.462,"Q2_2025":3.14,"Q3_2025":3.865,"Q4_2025":2.996,"Q1_2026":3.827},"geometry":{"type":"Polygon","coordinates":[[[107.570633,-7.106629000000001],[107.570733,-7.106629000000001],[107.570733,-7.106529000000001],[107.570633,-7.106529000000001],[107.570633,-7.106629000000001]]]}},{"type":"Feature","properties":{"row":4,"col":6,"Q1_2025":3.183,"Q2_2025":3.807,"Q3_2025":3.729,"Q4_2025":4.175,"Q1_2026":3.969},"geometry":{"type":"Polygon","coordinates":[[[107.570733,-7.106629000000001],[107.57083300000001,-7.106629000000001],[107.57083300000001,-7.106529000000001],[107.570733,-7.106529000000001],[107.570733,-7.106629000000001]]]}},{"type":"Feature","properties":{"row":4,"col":7,"Q1_2025":3.65,"Q2_2025":4.15,"Q3_2025":3.775,"Q4_2025":4.005,"Q1_2026":4.542},"geometry":{"type":"Polygon","coordinates":[[[107.570833,-7.106629000000001],[107.570933,-7.106629000000001],[107.570933,-7.106529000000001],[107.570833,-7.106529000000001],[107.570833,-7.106629000000001]]]}},{"type":"Feature","properties":{"row":4,"col":8,"Q1_2025":3.99,"Q2_2025":4.487,"Q3_2025":4.129,"Q4_2025":3.933,"Q1_2026":4.514},"geometry":{"type":"Polygon","coordinates":[[[107.570933,-7.106629000000001],[107.571033,-7.106629000000001],[107.571033,-7.106529000000001],[107.570933,-7.106529000000001],[107.570933,-7.106629000000001]]]}},{"type":"Feature","properties":{"row":4,"col":9,"Q1_2025":4.136,"Q2_2025":3.878,"Q3_2025":4.222,"Q4_2025":4.135,"Q1_2026":4.409},"geometry":{"type":"Polygon","coordinates":[[[107.571033,-7.106629000000001],[107.571133,-7.106629000000001],[107.571133,-7.106529000000001],[107.571033,-7.106529000000001],[107.571033,-7.106629000000001]]]}},{"type":"Feature","properties":{"row":4,"col":10,"Q1_2025":3.927,"Q2_2025":3.978,"Q3_2025":4.624,"Q4_2025":4.354,"Q1_2026":3.918},"geometry":{"type":"Polygon","coordinates":[[[107.571133,-7.106629000000001],[107.571233,-7.106629000000001],[107.571233,-7.106529000000001],[107.571133,-7.106529000000001],[107.571133,-7.106629000000001]]]}},{"type":"Feature","properties":{"row":4,"col":11,"Q1_2025":4.025,"Q2_2025":3.972,"Q3_2025":4.256,"Q4_2025":4.334,"Q1_2026":4.472},"geometry":{"type":"Polygon","coordinates":[[[107.57123299999999,-7.106629000000001],[107.571333,-7.106629000000001],[107.571333,-7.106529000000001],[107.57123299999999,-7.106529000000001],[107.57123299999999,-7.106629000000001]]]}},{"type":"Feature","properties":{"row":4,"col":12,"Q1_2025":3.486,"Q2_2025":3.625,"Q3_2025":4.615,"Q4_2025":4.287,"Q1_2026":4.797},"geometry":{"type":"Polygon","coordinates":[[[107.571333,-7.106629000000001],[107.571433,-7.106629000000001],[107.571433,-7.106529000000001],[107.571333,-7.106529000000001],[107.571333,-7.106629000000001]]]}},{"type":"Feature","properties":{"row":4,"col":13,"Q1_2025":4.175,"Q2_2025":3.957,"Q3_2025":3.711,"Q4_2025":4.471,"Q1_2026":4.572},"geometry":{"type":"Polygon","coordinates":[[[107.571433,-7.106629000000001],[107.571533,-7.106629000000001],[107.571533,-7.106529000000001],[107.571433,-7.106529000000001],[107.571433,-7.106629000000001]]]}},{"type":"Feature","properties":{"row":4,"col":14,"Q1_2025":4.555,"Q2_2025":4.068,"Q3_2025":4.252,"Q4_2025":3.787,"Q1_2026":4.247},"geometry":{"type":"Polygon","coordinates":[[[107.571533,-7.106629000000001],[107.571633,-7.106629000000001],[107.571633,-7.106529000000001],[107.571533,-7.106529000000001],[107.571533,-7.106629000000001]]]}},{"type":"Feature","properties":{"row":4,"col":15,"Q1_2025":4.106,"Q2_2025":4.027,"Q3_2025":3.97,"Q4_2025":4.758,"Q1_2026":4.913},"geometry":{"type":"Polygon","coordinates":[[[107.57163299999999,-7.106629000000001],[107.571733,-7.106629000000001],[107.571733,-7.106529000000001],[107.57163299999999,-7.106529000000001],[107.57163299999999,-7.106629000000001]]]}},{"type":"Feature","properties":{"row":4,"col":16,"Q1_2025":3.708,"Q2_2025":4.159,"Q3_2025":4.1,"Q4_2025":4.774,"Q1_2026":4.5},"geometry":{"type":"Polygon","coordinates":[[[107.571733,-7.106629000000001],[107.571833,-7.106629000000001],[107.571833,-7.106529000000001],[107.571733,-7.106529000000001],[107.571733,-7.106629000000001]]]}},{"type":"Feature","properties":{"row":4,"col":17,"Q1_2025":4.198,"Q2_2025":3.838,"Q3_2025":4.617,"Q4_2025":4.229,"Q1_2026":4.978},"geometry":{"type":"Polygon","coordinates":[[[107.571833,-7.106629000000001],[107.571933,-7.106629000000001],[107.571933,-7.106529000000001],[107.571833,-7.106529000000001],[107.571833,-7.106629000000001]]]}},{"type":"Feature","properties":{"row":4,"col":18,"Q1_2025":4.331,"Q2_2025":3.908,"Q3_2025":4.362,"Q4_2025":4.377,"Q1_2026":4.337},"geometry":{"type":"Polygon","coordinates":[[[107.571933,-7.106629000000001],[107.572033,-7.106629000000001],[107.572033,-7.106529000000001],[107.571933,-7.106529000000001],[107.571933,-7.106629000000001]]]}},{"type":"Feature","properties":{"row":4,"col":19,"Q1_2025":4.208,"Q2_2025":4.076,"Q3_2025":4.192,"Q4_2025":4.094,"Q1_2026":4.16},"geometry":{"type":"Polygon","coordinates":[[[107.572033,-7.106629000000001],[107.57213300000001,-7.106629000000001],[107.57213300000001,-7.106529000000001],[107.572033,-7.106529000000001],[107.572033,-7.106629000000001]]]}},{"type":"Feature","properties":{"row":5,"col":0,"Q1_2025":3.109,"Q2_2025":3.24,"Q3_2025":3.609,"Q4_2025":2.98,"Q1_2026":3.52},"geometry":{"type":"Polygon","coordinates":[[[107.570133,-7.106529000000001],[107.570233,-7.106529000000001],[107.570233,-7.106429000000001],[107.570133,-7.106429000000001],[107.570133,-7.106529000000001]]]}},{"type":"Feature","properties":{"row":5,"col":1,"Q1_2025":3.666,"Q2_2025":3.084,"Q3_2025":3.074,"Q4_2025":3.209,"Q1_2026":3.825},"geometry":{"type":"Polygon","coordinates":[[[107.570233,-7.106529000000001],[107.570333,-7.106529000000001],[107.570333,-7.106429000000001],[107.570233,-7.106429000000001],[107.570233,-7.106529000000001]]]}},{"type":"Feature","properties":{"row":5,"col":2,"Q1_2025":2.909,"Q2_2025":3.395,"Q3_2025":3.288,"Q4_2025":3.416,"Q1_2026":3.597},"geometry":{"type":"Polygon","coordinates":[[[107.570333,-7.106529000000001],[107.57043300000001,-7.106529000000001],[107.57043300000001,-7.106429000000001],[107.570333,-7.106429000000001],[107.570333,-7.106529000000001]]]}},{"type":"Feature","properties":{"row":5,"col":3,"Q1_2025":3.278,"Q2_2025":3.38,"Q3_2025":3.574,"Q4_2025":3.771,"Q1_2026":3.654},"geometry":{"type":"Polygon","coordinates":[[[107.570433,-7.106529000000001],[107.570533,-7.106529000000001],[107.570533,-7.106429000000001],[107.570433,-7.106429000000001],[107.570433,-7.106529000000001]]]}},{"type":"Feature","properties":{"row":5,"col":4,"Q1_2025":3.632,"Q2_2025":3.447,"Q3_2025":3.554,"Q4_2025":3.803,"Q1_2026":3.376},"geometry":{"type":"Polygon","coordinates":[[[107.570533,-7.106529000000001],[107.570633,-7.106529000000001],[107.570633,-7.106429000000001],[107.570533,-7.106429000000001],[107.570533,-7.106529000000001]]]}},{"type":"Feature","properties":{"row":5,"col":5,"Q1_2025":3.343,"Q2_2025":3.489,"Q3_2025":3.482,"Q4_2025":3.82,"Q1_2026":3.769},"geometry":{"type":"Polygon","coordinates":[[[107.570633,-7.106529000000001],[107.570733,-7.106529000000001],[107.570733,-7.106429000000001],[107.570633,-7.106429000000001],[107.570633,-7.106529000000001]]]}},{"type":"Feature","properties":{"row":5,"col":6,"Q1_2025":3.411,"Q2_2025":4.089,"Q3_2025":4.509,"Q4_2025":4.283,"Q1_2026":4.174},"geometry":{"type":"Polygon","coordinates":[[[107.570733,-7.106529000000001],[107.57083300000001,-7.106529000000001],[107.57083300000001,-7.106429000000001],[107.570733,-7.106429000000001],[107.570733,-7.106529000000001]]]}},{"type":"Feature","properties":{"row":5,"col":7,"Q1_2025":4.112,"Q2_2025":3.969,"Q3_2025":3.897,"Q4_2025":4.108,"Q1_2026":4.074},"geometry":{"type":"Polygon","coordinates":[[[107.570833,-7.106529000000001],[107.570933,-7.106529000000001],[107.570933,-7.106429000000001],[107.570833,-7.106429000000001],[107.570833,-7.106529000000001]]]}},{"type":"Feature","properties":{"row":5,"col":8,"Q1_2025":3.196,"Q2_2025":3.705,"Q3_2025":3.809,"Q4_2025":4.302,"Q1_2026":4.113},"geometry":{"type":"Polygon","coordinates":[[[107.570933,-7.106529000000001],[107.571033,-7.106529000000001],[107.571033,-7.106429000000001],[107.570933,-7.106429000000001],[107.570933,-7.106529000000001]]]}},{"type":"Feature","properties":{"row":5,"col":9,"Q1_2025":3.39,"Q2_2025":4.021,"Q3_2025":4.216,"Q4_2025":4.46,"Q1_2026":4.439},"geometry":{"type":"Polygon","coordinates":[[[107.571033,-7.106529000000001],[107.571133,-7.106529000000001],[107.571133,-7.106429000000001],[107.571033,-7.106429000000001],[107.571033,-7.106529000000001]]]}},{"type":"Feature","properties":{"row":5,"col":10,"Q1_2025":4.706,"Q2_2025":3.829,"Q3_2025":4.584,"Q4_2025":4.565,"Q1_2026":4.198},"geometry":{"type":"Polygon","coordinates":[[[107.571133,-7.106529000000001],[107.571233,-7.106529000000001],[107.571233,-7.106429000000001],[107.571133,-7.106429000000001],[107.571133,-7.106529000000001]]]}},{"type":"Feature","properties":{"row":5,"col":11,"Q1_2025":3.996,"Q2_2025":3.91,"Q3_2025":4.197,"Q4_2025":4.201,"Q1_2026":4.301},"geometry":{"type":"Polygon","coordinates":[[[107.57123299999999,-7.106529000000001],[107.571333,-7.106529000000001],[107.571333,-7.106429000000001],[107.57123299999999,-7.106429000000001],[107.57123299999999,-7.106529000000001]]]}},{"type":"Feature","properties":{"row":5,"col":12,"Q1_2025":4.064,"Q2_2025":3.854,"Q3_2025":4.602,"Q4_2025":4.629,"Q1_2026":4.257},"geometry":{"type":"Polygon","coordinates":[[[107.571333,-7.106529000000001],[107.571433,-7.106529000000001],[107.571433,-7.106429000000001],[107.571333,-7.106429000000001],[107.571333,-7.106529000000001]]]}},{"type":"Feature","properties":{"row":5,"col":13,"Q1_2025":4.342,"Q2_2025":3.868,"Q3_2025":3.748,"Q4_2025":4.478,"Q1_2026":4.647},"geometry":{"type":"Polygon","coordinates":[[[107.571433,-7.106529000000001],[107.571533,-7.106529000000001],[107.571533,-7.106429000000001],[107.571433,-7.106429000000001],[107.571433,-7.106529000000001]]]}},{"type":"Feature","properties":{"row":5,"col":14,"Q1_2025":3.869,"Q2_2025":4.349,"Q3_2025":4.879,"Q4_2025":5.295,"Q1_2026":4.229},"geometry":{"type":"Polygon","coordinates":[[[107.571533,-7.106529000000001],[107.571633,-7.106529000000001],[107.571633,-7.106429000000001],[107.571533,-7.106429000000001],[107.571533,-7.106529000000001]]]}},{"type":"Feature","properties":{"row":5,"col":15,"Q1_2025":4.188,"Q2_2025":3.821,"Q3_2025":5.139,"Q4_2025":4.259,"Q1_2026":4.748},"geometry":{"type":"Polygon","coordinates":[[[107.57163299999999,-7.106529000000001],[107.571733,-7.106529000000001],[107.571733,-7.106429000000001],[107.57163299999999,-7.106429000000001],[107.57163299999999,-7.106529000000001]]]}},{"type":"Feature","properties":{"row":5,"col":16,"Q1_2025":4.11,"Q2_2025":3.865,"Q3_2025":4.22,"Q4_2025":3.976,"Q1_2026":4.29},"geometry":{"type":"Polygon","coordinates":[[[107.571733,-7.106529000000001],[107.571833,-7.106529000000001],[107.571833,-7.106429000000001],[107.571733,-7.106429000000001],[107.571733,-7.106529000000001]]]}},{"type":"Feature","properties":{"row":5,"col":17,"Q1_2025":3.988,"Q2_2025":4.236,"Q3_2025":3.587,"Q4_2025":4.348,"Q1_2026":5.234},"geometry":{"type":"Polygon","coordinates":[[[107.571833,-7.106529000000001],[107.571933,-7.106529000000001],[107.571933,-7.106429000000001],[107.571833,-7.106429000000001],[107.571833,-7.106529000000001]]]}},{"type":"Feature","properties":{"row":5,"col":18,"Q1_2025":3.764,"Q2_2025":4.247,"Q3_2025":4.122,"Q4_2025":3.503,"Q1_2026":4.151},"geometry":{"type":"Polygon","coordinates":[[[107.571933,-7.106529000000001],[107.572033,-7.106529000000001],[107.572033,-7.106429000000001],[107.571933,-7.106429000000001],[107.571933,-7.106529000000001]]]}},{"type":"Feature","properties":{"row":5,"col":19,"Q1_2025":3.821,"Q2_2025":4.38,"Q3_2025":4.216,"Q4_2025":4.26,"Q1_2026":4.628},"geometry":{"type":"Polygon","coordinates":[[[107.572033,-7.106529000000001],[107.57213300000001,-7.106529000000001],[107.57213300000001,-7.106429000000001],[107.572033,-7.106429000000001],[107.572033,-7.106529000000001]]]}},{"type":"Feature","properties":{"row":6,"col":0,"Q1_2025":3.15,"Q2_2025":3.162,"Q3_2025":3.512,"Q4_2025":2.999,"Q1_2026":3.45},"geometry":{"type":"Polygon","coordinates":[[[107.570133,-7.106429],[107.570233,-7.106429],[107.570233,-7.106329000000001],[107.570133,-7.106329000000001],[107.570133,-7.106429]]]}},{"type":"Feature","properties":{"row":6,"col":1,"Q1_2025":3.591,"Q2_2025":2.673,"Q3_2025":3.178,"Q4_2025":3.562,"Q1_2026":3.684},"geometry":{"type":"Polygon","coordinates":[[[107.570233,-7.106429],[107.570333,-7.106429],[107.570333,-7.106329000000001],[107.570233,-7.106329000000001],[107.570233,-7.106429]]]}},{"type":"Feature","properties":{"row":6,"col":2,"Q1_2025":3.219,"Q2_2025":3.549,"Q3_2025":3.254,"Q4_2025":3.914,"Q1_2026":3.778},"geometry":{"type":"Polygon","coordinates":[[[107.570333,-7.106429],[107.57043300000001,-7.106429],[107.57043300000001,-7.106329000000001],[107.570333,-7.106329000000001],[107.570333,-7.106429]]]}},{"type":"Feature","properties":{"row":6,"col":3,"Q1_2025":3.969,"Q2_2025":3.779,"Q3_2025":3.79,"Q4_2025":4.15,"Q1_2026":3.584},"geometry":{"type":"Polygon","coordinates":[[[107.570433,-7.106429],[107.570533,-7.106429],[107.570533,-7.106329000000001],[107.570433,-7.106329000000001],[107.570433,-7.106429]]]}},{"type":"Feature","properties":{"row":6,"col":4,"Q1_2025":3.442,"Q2_2025":3.105,"Q3_2025":3.991,"Q4_2025":4.326,"Q1_2026":3.784},"geometry":{"type":"Polygon","coordinates":[[[107.570533,-7.106429],[107.570633,-7.106429],[107.570633,-7.106329000000001],[107.570533,-7.106329000000001],[107.570533,-7.106429]]]}},{"type":"Feature","properties":{"row":6,"col":5,"Q1_2025":3.269,"Q2_2025":4.071,"Q3_2025":3.612,"Q4_2025":3.782,"Q1_2026":4.496},"geometry":{"type":"Polygon","coordinates":[[[107.570633,-7.106429],[107.570733,-7.106429],[107.570733,-7.106329000000001],[107.570633,-7.106329000000001],[107.570633,-7.106429]]]}},{"type":"Feature","properties":{"row":6,"col":6,"Q1_2025":3.628,"Q2_2025":3.779,"Q3_2025":4.419,"Q4_2025":4.212,"Q1_2026":3.816},"geometry":{"type":"Polygon","coordinates":[[[107.570733,-7.106429],[107.57083300000001,-7.106429],[107.57083300000001,-7.106329000000001],[107.570733,-7.106329000000001],[107.570733,-7.106429]]]}},{"type":"Feature","properties":{"row":6,"col":7,"Q1_2025":4.284,"Q2_2025":3.41,"Q3_2025":4.334,"Q4_2025":4.279,"Q1_2026":4.075},"geometry":{"type":"Polygon","coordinates":[[[107.570833,-7.106429],[107.570933,-7.106429],[107.570933,-7.106329000000001],[107.570833,-7.106329000000001],[107.570833,-7.106429]]]}},{"type":"Feature","properties":{"row":6,"col":8,"Q1_2025":3.688,"Q2_2025":3.688,"Q3_2025":4.64,"Q4_2025":4.259,"Q1_2026":4.132},"geometry":{"type":"Polygon","coordinates":[[[107.570933,-7.106429],[107.571033,-7.106429],[107.571033,-7.106329000000001],[107.570933,-7.106329000000001],[107.570933,-7.106429]]]}},{"type":"Feature","properties":{"row":6,"col":9,"Q1_2025":4.171,"Q2_2025":4.46,"Q3_2025":4.295,"Q4_2025":4.508,"Q1_2026":4.685},"geometry":{"type":"Polygon","coordinates":[[[107.571033,-7.106429],[107.571133,-7.106429],[107.571133,-7.106329000000001],[107.571033,-7.106329000000001],[107.571033,-7.106429]]]}},{"type":"Feature","properties":{"row":6,"col":10,"Q1_2025":4.079,"Q2_2025":4.256,"Q3_2025":4.227,"Q4_2025":4.064,"Q1_2026":4.081},"geometry":{"type":"Polygon","coordinates":[[[107.571133,-7.106429],[107.571233,-7.106429],[107.571233,-7.106329000000001],[107.571133,-7.106329000000001],[107.571133,-7.106429]]]}},{"type":"Feature","properties":{"row":6,"col":11,"Q1_2025":4.241,"Q2_2025":3.993,"Q3_2025":4.299,"Q4_2025":4.331,"Q1_2026":4.797},"geometry":{"type":"Polygon","coordinates":[[[107.57123299999999,-7.106429],[107.571333,-7.106429],[107.571333,-7.106329000000001],[107.57123299999999,-7.106329000000001],[107.57123299999999,-7.106429]]]}},{"type":"Feature","properties":{"row":6,"col":12,"Q1_2025":4.217,"Q2_2025":4.325,"Q3_2025":4.247,"Q4_2025":4.392,"Q1_2026":4.431},"geometry":{"type":"Polygon","coordinates":[[[107.571333,-7.106429],[107.571433,-7.106429],[107.571433,-7.106329000000001],[107.571333,-7.106329000000001],[107.571333,-7.106429]]]}},{"type":"Feature","properties":{"row":6,"col":13,"Q1_2025":4.221,"Q2_2025":3.729,"Q3_2025":4.34,"Q4_2025":4.556,"Q1_2026":4.664},"geometry":{"type":"Polygon","coordinates":[[[107.571433,-7.106429],[107.571533,-7.106429],[107.571533,-7.106329000000001],[107.571433,-7.106329000000001],[107.571433,-7.106429]]]}},{"type":"Feature","properties":{"row":6,"col":14,"Q1_2025":3.825,"Q2_2025":4.122,"Q3_2025":4.234,"Q4_2025":4.286,"Q1_2026":4.183},"geometry":{"type":"Polygon","coordinates":[[[107.571533,-7.106429],[107.571633,-7.106429],[107.571633,-7.106329000000001],[107.571533,-7.106329000000001],[107.571533,-7.106429]]]}},{"type":"Feature","properties":{"row":6,"col":15,"Q1_2025":3.816,"Q2_2025":4.245,"Q3_2025":4.458,"Q4_2025":4.486,"Q1_2026":4.28},"geometry":{"type":"Polygon","coordinates":[[[107.57163299999999,-7.106429],[107.571733,-7.106429],[107.571733,-7.106329000000001],[107.57163299999999,-7.106329000000001],[107.57163299999999,-7.106429]]]}},{"type":"Feature","properties":{"row":6,"col":16,"Q1_2025":4.245,"Q2_2025":4.169,"Q3_2025":4.18,"Q4_2025":4.152,"Q1_2026":4.376},"geometry":{"type":"Polygon","coordinates":[[[107.571733,-7.106429],[107.571833,-7.106429],[107.571833,-7.106329000000001],[107.571733,-7.106329000000001],[107.571733,-7.106429]]]}},{"type":"Feature","properties":{"row":6,"col":17,"Q1_2025":4.326,"Q2_2025":4.156,"Q3_2025":4.274,"Q4_2025":4.111,"Q1_2026":5.348},"geometry":{"type":"Polygon","coordinates":[[[107.571833,-7.106429],[107.571933,-7.106429],[107.571933,-7.106329000000001],[107.571833,-7.106329000000001],[107.571833,-7.106429]]]}},{"type":"Feature","properties":{"row":6,"col":18,"Q1_2025":3.409,"Q2_2025":3.58,"Q3_2025":4.131,"Q4_2025":4.449,"Q1_2026":5.021},"geometry":{"type":"Polygon","coordinates":[[[107.571933,-7.106429],[107.572033,-7.106429],[107.572033,-7.106329000000001],[107.571933,-7.106329000000001],[107.571933,-7.106429]]]}},{"type":"Feature","properties":{"row":6,"col":19,"Q1_2025":4.217,"Q2_2025":4.253,"Q3_2025":4.539,"Q4_2025":4.391,"Q1_2026":3.876},"geometry":{"type":"Polygon","coordinates":[[[107.572033,-7.106429],[107.57213300000001,-7.106429],[107.57213300000001,-7.106329000000001],[107.572033,-7.106329000000001],[107.572033,-7.106429]]]}},{"type":"Feature","properties":{"row":7,"col":0,"Q1_2025":3.208,"Q2_2025":3.297,"Q3_2025":3.983,"Q4_2025":3.216,"Q1_2026":3.909},"geometry":{"type":"Polygon","coordinates":[[[107.570133,-7.106329000000001],[107.570233,-7.106329000000001],[107.570233,-7.106229000000001],[107.570133,-7.106229000000001],[107.570133,-7.106329000000001]]]}},{"type":"Feature","properties":{"row":7,"col":1,"Q1_2025":2.83,"Q2_2025":3.798,"Q3_2025":3.478,"Q4_2025":3.789,"Q1_2026":3.849},"geometry":{"type":"Polygon","coordinates":[[[107.570233,-7.106329000000001],[107.570333,-7.106329000000001],[107.570333,-7.106229000000001],[107.570233,-7.106229000000001],[107.570233,-7.106329000000001]]]}},{"type":"Feature","properties":{"row":7,"col":2,"Q1_2025":3.549,"Q2_2025":3.475,"Q3_2025":3.348,"Q4_2025":3.597,"Q1_2026":3.516},"geometry":{"type":"Polygon","coordinates":[[[107.570333,-7.106329000000001],[107.57043300000001,-7.106329000000001],[107.57043300000001,-7.106229000000001],[107.570333,-7.106229000000001],[107.570333,-7.106329000000001]]]}},{"type":"Feature","properties":{"row":7,"col":3,"Q1_2025":3.42,"Q2_2025":3.071,"Q3_2025":3.705,"Q4_2025":4.047,"Q1_2026":4.214},"geometry":{"type":"Polygon","coordinates":[[[107.570433,-7.106329000000001],[107.570533,-7.106329000000001],[107.570533,-7.106229000000001],[107.570433,-7.106229000000001],[107.570433,-7.106329000000001]]]}},{"type":"Feature","properties":{"row":7,"col":4,"Q1_2025":3.957,"Q2_2025":3.709,"Q3_2025":3.717,"Q4_2025":3.786,"Q1_2026":4.081},"geometry":{"type":"Polygon","coordinates":[[[107.570533,-7.106329000000001],[107.570633,-7.106329000000001],[107.570633,-7.106229000000001],[107.570533,-7.106229000000001],[107.570533,-7.106329000000001]]]}},{"type":"Feature","properties":{"row":7,"col":5,"Q1_2025":3.887,"Q2_2025":3.873,"Q3_2025":3.468,"Q4_2025":4.385,"Q1_2026":4.215},"geometry":{"type":"Polygon","coordinates":[[[107.570633,-7.106329000000001],[107.570733,-7.106329000000001],[107.570733,-7.106229000000001],[107.570633,-7.106229000000001],[107.570633,-7.106329000000001]]]}},{"type":"Feature","properties":{"row":7,"col":6,"Q1_2025":4.077,"Q2_2025":3.895,"Q3_2025":3.901,"Q4_2025":4.661,"Q1_2026":3.859},"geometry":{"type":"Polygon","coordinates":[[[107.570733,-7.106329000000001],[107.57083300000001,-7.106329000000001],[107.57083300000001,-7.106229000000001],[107.570733,-7.106229000000001],[107.570733,-7.106329000000001]]]}},{"type":"Feature","properties":{"row":7,"col":7,"Q1_2025":3.378,"Q2_2025":4.583,"Q3_2025":4.156,"Q4_2025":4.056,"Q1_2026":4.109},"geometry":{"type":"Polygon","coordinates":[[[107.570833,-7.106329000000001],[107.570933,-7.106329000000001],[107.570933,-7.106229000000001],[107.570833,-7.106229000000001],[107.570833,-7.106329000000001]]]}},{"type":"Feature","properties":{"row":7,"col":8,"Q1_2025":3.38,"Q2_2025":4.642,"Q3_2025":4.394,"Q4_2025":4.435,"Q1_2026":4.629},"geometry":{"type":"Polygon","coordinates":[[[107.570933,-7.106329000000001],[107.571033,-7.106329000000001],[107.571033,-7.106229000000001],[107.570933,-7.106229000000001],[107.570933,-7.106329000000001]]]}},{"type":"Feature","properties":{"row":7,"col":9,"Q1_2025":3.793,"Q2_2025":4.305,"Q3_2025":4.593,"Q4_2025":3.706,"Q1_2026":4.646},"geometry":{"type":"Polygon","coordinates":[[[107.571033,-7.106329000000001],[107.571133,-7.106329000000001],[107.571133,-7.106229000000001],[107.571033,-7.106229000000001],[107.571033,-7.106329000000001]]]}},{"type":"Feature","properties":{"row":7,"col":10,"Q1_2025":4.358,"Q2_2025":4.264,"Q3_2025":4.068,"Q4_2025":4.384,"Q1_2026":4.396},"geometry":{"type":"Polygon","coordinates":[[[107.571133,-7.106329000000001],[107.571233,-7.106329000000001],[107.571233,-7.106229000000001],[107.571133,-7.106229000000001],[107.571133,-7.106329000000001]]]}},{"type":"Feature","properties":{"row":7,"col":11,"Q1_2025":4.285,"Q2_2025":4.116,"Q3_2025":4.605,"Q4_2025":4.321,"Q1_2026":4.42},"geometry":{"type":"Polygon","coordinates":[[[107.57123299999999,-7.106329000000001],[107.571333,-7.106329000000001],[107.571333,-7.106229000000001],[107.57123299999999,-7.106229000000001],[107.57123299999999,-7.106329000000001]]]}},{"type":"Feature","properties":{"row":7,"col":12,"Q1_2025":4.548,"Q2_2025":4.249,"Q3_2025":4.557,"Q4_2025":4.108,"Q1_2026":5.054},"geometry":{"type":"Polygon","coordinates":[[[107.571333,-7.106329000000001],[107.571433,-7.106329000000001],[107.571433,-7.106229000000001],[107.571333,-7.106229000000001],[107.571333,-7.106329000000001]]]}},{"type":"Feature","properties":{"row":7,"col":13,"Q1_2025":3.768,"Q2_2025":4.332,"Q3_2025":4.336,"Q4_2025":4.274,"Q1_2026":4.521},"geometry":{"type":"Polygon","coordinates":[[[107.571433,-7.106329000000001],[107.571533,-7.106329000000001],[107.571533,-7.106229000000001],[107.571433,-7.106229000000001],[107.571433,-7.106329000000001]]]}},{"type":"Feature","properties":{"row":7,"col":14,"Q1_2025":4.569,"Q2_2025":4.82,"Q3_2025":4.327,"Q4_2025":4.391,"Q1_2026":4.035},"geometry":{"type":"Polygon","coordinates":[[[107.571533,-7.106329000000001],[107.571633,-7.106329000000001],[107.571633,-7.106229000000001],[107.571533,-7.106229000000001],[107.571533,-7.106329000000001]]]}},{"type":"Feature","properties":{"row":7,"col":15,"Q1_2025":4.701,"Q2_2025":3.966,"Q3_2025":4.113,"Q4_2025":4.518,"Q1_2026":4.806},"geometry":{"type":"Polygon","coordinates":[[[107.57163299999999,-7.106329000000001],[107.571733,-7.106329000000001],[107.571733,-7.106229000000001],[107.57163299999999,-7.106229000000001],[107.57163299999999,-7.106329000000001]]]}},{"type":"Feature","properties":{"row":7,"col":16,"Q1_2025":4.626,"Q2_2025":4.921,"Q3_2025":4.595,"Q4_2025":4.325,"Q1_2026":4.372},"geometry":{"type":"Polygon","coordinates":[[[107.571733,-7.106329000000001],[107.571833,-7.106329000000001],[107.571833,-7.106229000000001],[107.571733,-7.106229000000001],[107.571733,-7.106329000000001]]]}},{"type":"Feature","properties":{"row":7,"col":17,"Q1_2025":4.093,"Q2_2025":4.488,"Q3_2025":4.633,"Q4_2025":4.632,"Q1_2026":3.978},"geometry":{"type":"Polygon","coordinates":[[[107.571833,-7.106329000000001],[107.571933,-7.106329000000001],[107.571933,-7.106229000000001],[107.571833,-7.106229000000001],[107.571833,-7.106329000000001]]]}},{"type":"Feature","properties":{"row":7,"col":18,"Q1_2025":3.951,"Q2_2025":4.658,"Q3_2025":4.161,"Q4_2025":4.397,"Q1_2026":5.339},"geometry":{"type":"Polygon","coordinates":[[[107.571933,-7.106329000000001],[107.572033,-7.106329000000001],[107.572033,-7.106229000000001],[107.571933,-7.106229000000001],[107.571933,-7.106329000000001]]]}},{"type":"Feature","properties":{"row":7,"col":19,"Q1_2025":4.07,"Q2_2025":4.619,"Q3_2025":4.844,"Q4_2025":4.62,"Q1_2026":4.362},"geometry":{"type":"Polygon","coordinates":[[[107.572033,-7.106329000000001],[107.57213300000001,-7.106329000000001],[107.57213300000001,-7.106229000000001],[107.572033,-7.106229000000001],[107.572033,-7.106329000000001]]]}},{"type":"Feature","properties":{"row":8,"col":0,"Q1_2025":2.463,"Q2_2025":2.989,"Q3_2025":3.54,"Q4_2025":3.624,"Q1_2026":3.898},"geometry":{"type":"Polygon","coordinates":[[[107.570133,-7.106229000000001],[107.570233,-7.106229000000001],[107.570233,-7.106129000000001],[107.570133,-7.106129000000001],[107.570133,-7.106229000000001]]]}},{"type":"Feature","properties":{"row":8,"col":1,"Q1_2025":2.923,"Q2_2025":3.414,"Q3_2025":2.84,"Q4_2025":3.29,"Q1_2026":3.813},"geometry":{"type":"Polygon","coordinates":[[[107.570233,-7.106229000000001],[107.570333,-7.106229000000001],[107.570333,-7.106129000000001],[107.570233,-7.106129000000001],[107.570233,-7.106229000000001]]]}},{"type":"Feature","properties":{"row":8,"col":2,"Q1_2025":2.709,"Q2_2025":3.709,"Q3_2025":4.113,"Q4_2025":3.233,"Q1_2026":3.686},"geometry":{"type":"Polygon","coordinates":[[[107.570333,-7.106229000000001],[107.57043300000001,-7.106229000000001],[107.57043300000001,-7.106129000000001],[107.570333,-7.106129000000001],[107.570333,-7.106229000000001]]]}},{"type":"Feature","properties":{"row":8,"col":3,"Q1_2025":3.991,"Q2_2025":3.726,"Q3_2025":3.795,"Q4_2025":3.808,"Q1_2026":3.464},"geometry":{"type":"Polygon","coordinates":[[[107.570433,-7.106229000000001],[107.570533,-7.106229000000001],[107.570533,-7.106129000000001],[107.570433,-7.106129000000001],[107.570433,-7.106229000000001]]]}},{"type":"Feature","properties":{"row":8,"col":4,"Q1_2025":3.547,"Q2_2025":4.074,"Q3_2025":3.814,"Q4_2025":4.105,"Q1_2026":3.88},"geometry":{"type":"Polygon","coordinates":[[[107.570533,-7.106229000000001],[107.570633,-7.106229000000001],[107.570633,-7.106129000000001],[107.570533,-7.106129000000001],[107.570533,-7.106229000000001]]]}},{"type":"Feature","properties":{"row":8,"col":5,"Q1_2025":3.44,"Q2_2025":3.672,"Q3_2025":3.586,"Q4_2025":3.593,"Q1_2026":4.096},"geometry":{"type":"Polygon","coordinates":[[[107.570633,-7.106229000000001],[107.570733,-7.106229000000001],[107.570733,-7.106129000000001],[107.570633,-7.106129000000001],[107.570633,-7.106229000000001]]]}},{"type":"Feature","properties":{"row":8,"col":6,"Q1_2025":3.747,"Q2_2025":3.633,"Q3_2025":4.224,"Q4_2025":3.836,"Q1_2026":4.343},"geometry":{"type":"Polygon","coordinates":[[[107.570733,-7.106229000000001],[107.57083300000001,-7.106229000000001],[107.57083300000001,-7.106129000000001],[107.570733,-7.106129000000001],[107.570733,-7.106229000000001]]]}},{"type":"Feature","properties":{"row":8,"col":7,"Q1_2025":4.078,"Q2_2025":4.528,"Q3_2025":4.231,"Q4_2025":4.465,"Q1_2026":4.351},"geometry":{"type":"Polygon","coordinates":[[[107.570833,-7.106229000000001],[107.570933,-7.106229000000001],[107.570933,-7.106129000000001],[107.570833,-7.106129000000001],[107.570833,-7.106229000000001]]]}},{"type":"Feature","properties":{"row":8,"col":8,"Q1_2025":3.614,"Q2_2025":4.393,"Q3_2025":4.74,"Q4_2025":4.299,"Q1_2026":5.065},"geometry":{"type":"Polygon","coordinates":[[[107.570933,-7.106229000000001],[107.571033,-7.106229000000001],[107.571033,-7.106129000000001],[107.570933,-7.106129000000001],[107.570933,-7.106229000000001]]]}},{"type":"Feature","properties":{"row":8,"col":9,"Q1_2025":4.41,"Q2_2025":4.834,"Q3_2025":4.279,"Q4_2025":4.168,"Q1_2026":4.55},"geometry":{"type":"Polygon","coordinates":[[[107.571033,-7.106229000000001],[107.571133,-7.106229000000001],[107.571133,-7.106129000000001],[107.571033,-7.106129000000001],[107.571033,-7.106229000000001]]]}},{"type":"Feature","properties":{"row":8,"col":10,"Q1_2025":3.988,"Q2_2025":4.365,"Q3_2025":4.333,"Q4_2025":4.555,"Q1_2026":4.579},"geometry":{"type":"Polygon","coordinates":[[[107.571133,-7.106229000000001],[107.571233,-7.106229000000001],[107.571233,-7.106129000000001],[107.571133,-7.106129000000001],[107.571133,-7.106229000000001]]]}},{"type":"Feature","properties":{"row":8,"col":11,"Q1_2025":3.952,"Q2_2025":4.185,"Q3_2025":4.825,"Q4_2025":4.525,"Q1_2026":4.242},"geometry":{"type":"Polygon","coordinates":[[[107.57123299999999,-7.106229000000001],[107.571333,-7.106229000000001],[107.571333,-7.106129000000001],[107.57123299999999,-7.106129000000001],[107.57123299999999,-7.106229000000001]]]}},{"type":"Feature","properties":{"row":8,"col":12,"Q1_2025":3.65,"Q2_2025":4.258,"Q3_2025":4.539,"Q4_2025":4.201,"Q1_2026":4.119},"geometry":{"type":"Polygon","coordinates":[[[107.571333,-7.106229000000001],[107.571433,-7.106229000000001],[107.571433,-7.106129000000001],[107.571333,-7.106129000000001],[107.571333,-7.106229000000001]]]}},{"type":"Feature","properties":{"row":8,"col":13,"Q1_2025":4.42,"Q2_2025":5.309,"Q3_2025":4.713,"Q4_2025":4.252,"Q1_2026":4.616},"geometry":{"type":"Polygon","coordinates":[[[107.571433,-7.106229000000001],[107.571533,-7.106229000000001],[107.571533,-7.106129000000001],[107.571433,-7.106129000000001],[107.571433,-7.106229000000001]]]}},{"type":"Feature","properties":{"row":8,"col":14,"Q1_2025":4.203,"Q2_2025":3.957,"Q3_2025":4.018,"Q4_2025":4.496,"Q1_2026":4.876},"geometry":{"type":"Polygon","coordinates":[[[107.571533,-7.106229000000001],[107.571633,-7.106229000000001],[107.571633,-7.106129000000001],[107.571533,-7.106129000000001],[107.571533,-7.106229000000001]]]}},{"type":"Feature","properties":{"row":8,"col":15,"Q1_2025":4.297,"Q2_2025":4.116,"Q3_2025":4.574,"Q4_2025":4.677,"Q1_2026":4.326},"geometry":{"type":"Polygon","coordinates":[[[107.57163299999999,-7.106229000000001],[107.571733,-7.106229000000001],[107.571733,-7.106129000000001],[107.57163299999999,-7.106129000000001],[107.57163299999999,-7.106229000000001]]]}},{"type":"Feature","properties":{"row":8,"col":16,"Q1_2025":3.834,"Q2_2025":4.492,"Q3_2025":4.74,"Q4_2025":4.62,"Q1_2026":4.953},"geometry":{"type":"Polygon","coordinates":[[[107.571733,-7.106229000000001],[107.571833,-7.106229000000001],[107.571833,-7.106129000000001],[107.571733,-7.106129000000001],[107.571733,-7.106229000000001]]]}},{"type":"Feature","properties":{"row":8,"col":17,"Q1_2025":4.614,"Q2_2025":3.815,"Q3_2025":4.517,"Q4_2025":4.868,"Q1_2026":4.914},"geometry":{"type":"Polygon","coordinates":[[[107.571833,-7.106229000000001],[107.571933,-7.106229000000001],[107.571933,-7.106129000000001],[107.571833,-7.106129000000001],[107.571833,-7.106229000000001]]]}},{"type":"Feature","properties":{"row":8,"col":18,"Q1_2025":4.573,"Q2_2025":4.069,"Q3_2025":4.55,"Q4_2025":4.678,"Q1_2026":4.366},"geometry":{"type":"Polygon","coordinates":[[[107.571933,-7.106229000000001],[107.572033,-7.106229000000001],[107.572033,-7.106129000000001],[107.571933,-7.106129000000001],[107.571933,-7.106229000000001]]]}},{"type":"Feature","properties":{"row":8,"col":19,"Q1_2025":4.172,"Q2_2025":3.815,"Q3_2025":4.06,"Q4_2025":4.513,"Q1_2026":4.83},"geometry":{"type":"Polygon","coordinates":[[[107.572033,-7.106229000000001],[107.57213300000001,-7.106229000000001],[107.57213300000001,-7.106129000000001],[107.572033,-7.106129000000001],[107.572033,-7.106229000000001]]]}},{"type":"Feature","properties":{"row":9,"col":0,"Q1_2025":3.156,"Q2_2025":3.716,"Q3_2025":3.803,"Q4_2025":3.161,"Q1_2026":3.525},"geometry":{"type":"Polygon","coordinates":[[[107.570133,-7.106129000000001],[107.570233,-7.106129000000001],[107.570233,-7.106029000000001],[107.570133,-7.106029000000001],[107.570133,-7.106129000000001]]]}},{"type":"Feature","properties":{"row":9,"col":1,"Q1_2025":3.114,"Q2_2025":3.612,"Q3_2025":3.68,"Q4_2025":3.327,"Q1_2026":3.942},"geometry":{"type":"Polygon","coordinates":[[[107.570233,-7.106129000000001],[107.570333,-7.106129000000001],[107.570333,-7.106029000000001],[107.570233,-7.106029000000001],[107.570233,-7.106129000000001]]]}},{"type":"Feature","properties":{"row":9,"col":2,"Q1_2025":2.98,"Q2_2025":3.829,"Q3_2025":2.844,"Q4_2025":3.622,"Q1_2026":3.563},"geometry":{"type":"Polygon","coordinates":[[[107.570333,-7.106129000000001],[107.57043300000001,-7.106129000000001],[107.57043300000001,-7.106029000000001],[107.570333,-7.106029000000001],[107.570333,-7.106129000000001]]]}},{"type":"Feature","properties":{"row":9,"col":3,"Q1_2025":3.692,"Q2_2025":3.665,"Q3_2025":3.031,"Q4_2025":3.385,"Q1_2026":3.713},"geometry":{"type":"Polygon","coordinates":[[[107.570433,-7.106129000000001],[107.570533,-7.106129000000001],[107.570533,-7.106029000000001],[107.570433,-7.106029000000001],[107.570433,-7.106129000000001]]]}},{"type":"Feature","properties":{"row":9,"col":4,"Q1_2025":3.959,"Q2_2025":4.193,"Q3_2025":4.009,"Q4_2025":4.331,"Q1_2026":3.778},"geometry":{"type":"Polygon","coordinates":[[[107.570533,-7.106129000000001],[107.570633,-7.106129000000001],[107.570633,-7.106029000000001],[107.570533,-7.106029000000001],[107.570533,-7.106129000000001]]]}},{"type":"Feature","properties":{"row":9,"col":5,"Q1_2025":3.846,"Q2_2025":3.859,"Q3_2025":3.597,"Q4_2025":3.916,"Q1_2026":4.014},"geometry":{"type":"Polygon","coordinates":[[[107.570633,-7.106129000000001],[107.570733,-7.106129000000001],[107.570733,-7.106029000000001],[107.570633,-7.106029000000001],[107.570633,-7.106129000000001]]]}},{"type":"Feature","properties":{"row":9,"col":6,"Q1_2025":3.976,"Q2_2025":4.088,"Q3_2025":3.875,"Q4_2025":3.98,"Q1_2026":3.669},"geometry":{"type":"Polygon","coordinates":[[[107.570733,-7.106129000000001],[107.57083300000001,-7.106129000000001],[107.57083300000001,-7.106029000000001],[107.570733,-7.106029000000001],[107.570733,-7.106129000000001]]]}},{"type":"Feature","properties":{"row":9,"col":7,"Q1_2025":4.11,"Q2_2025":4.028,"Q3_2025":4.15,"Q4_2025":4.422,"Q1_2026":4.21},"geometry":{"type":"Polygon","coordinates":[[[107.570833,-7.106129000000001],[107.570933,-7.106129000000001],[107.570933,-7.106029000000001],[107.570833,-7.106029000000001],[107.570833,-7.106129000000001]]]}},{"type":"Feature","properties":{"row":9,"col":8,"Q1_2025":3.789,"Q2_2025":3.997,"Q3_2025":4.175,"Q4_2025":4.443,"Q1_2026":4.296},"geometry":{"type":"Polygon","coordinates":[[[107.570933,-7.106129000000001],[107.571033,-7.106129000000001],[107.571033,-7.106029000000001],[107.570933,-7.106029000000001],[107.570933,-7.106129000000001]]]}},{"type":"Feature","properties":{"row":9,"col":9,"Q1_2025":4.059,"Q2_2025":3.893,"Q3_2025":4.269,"Q4_2025":3.968,"Q1_2026":4.393},"geometry":{"type":"Polygon","coordinates":[[[107.571033,-7.106129000000001],[107.571133,-7.106129000000001],[107.571133,-7.106029000000001],[107.571033,-7.106029000000001],[107.571033,-7.106129000000001]]]}},{"type":"Feature","properties":{"row":9,"col":10,"Q1_2025":4.44,"Q2_2025":4.429,"Q3_2025":4.431,"Q4_2025":4.51,"Q1_2026":4.948},"geometry":{"type":"Polygon","coordinates":[[[107.571133,-7.106129000000001],[107.571233,-7.106129000000001],[107.571233,-7.106029000000001],[107.571133,-7.106029000000001],[107.571133,-7.106129000000001]]]}},{"type":"Feature","properties":{"row":9,"col":11,"Q1_2025":3.951,"Q2_2025":4.537,"Q3_2025":4.289,"Q4_2025":4.688,"Q1_2026":4.659},"geometry":{"type":"Polygon","coordinates":[[[107.57123299999999,-7.106129000000001],[107.571333,-7.106129000000001],[107.571333,-7.106029000000001],[107.57123299999999,-7.106029000000001],[107.57123299999999,-7.106129000000001]]]}},{"type":"Feature","properties":{"row":9,"col":12,"Q1_2025":4.136,"Q2_2025":4.493,"Q3_2025":4.305,"Q4_2025":4.235,"Q1_2026":4.554},"geometry":{"type":"Polygon","coordinates":[[[107.571333,-7.106129000000001],[107.571433,-7.106129000000001],[107.571433,-7.106029000000001],[107.571333,-7.106029000000001],[107.571333,-7.106129000000001]]]}},{"type":"Feature","properties":{"row":9,"col":13,"Q1_2025":3.908,"Q2_2025":4.428,"Q3_2025":4.302,"Q4_2025":4.206,"Q1_2026":4.794},"geometry":{"type":"Polygon","coordinates":[[[107.571433,-7.106129000000001],[107.571533,-7.106129000000001],[107.571533,-7.106029000000001],[107.571433,-7.106029000000001],[107.571433,-7.106129000000001]]]}},{"type":"Feature","properties":{"row":9,"col":14,"Q1_2025":4.386,"Q2_2025":4.31,"Q3_2025":4.378,"Q4_2025":4.839,"Q1_2026":4.584},"geometry":{"type":"Polygon","coordinates":[[[107.571533,-7.106129000000001],[107.571633,-7.106129000000001],[107.571633,-7.106029000000001],[107.571533,-7.106029000000001],[107.571533,-7.106129000000001]]]}},{"type":"Feature","properties":{"row":9,"col":15,"Q1_2025":4.32,"Q2_2025":4.003,"Q3_2025":4.61,"Q4_2025":4.5,"Q1_2026":4.799},"geometry":{"type":"Polygon","coordinates":[[[107.57163299999999,-7.106129000000001],[107.571733,-7.106129000000001],[107.571733,-7.106029000000001],[107.57163299999999,-7.106029000000001],[107.57163299999999,-7.106129000000001]]]}},{"type":"Feature","properties":{"row":9,"col":16,"Q1_2025":4.136,"Q2_2025":4.092,"Q3_2025":4.057,"Q4_2025":4.456,"Q1_2026":4.48},"geometry":{"type":"Polygon","coordinates":[[[107.571733,-7.106129000000001],[107.571833,-7.106129000000001],[107.571833,-7.106029000000001],[107.571733,-7.106029000000001],[107.571733,-7.106129000000001]]]}},{"type":"Feature","properties":{"row":9,"col":17,"Q1_2025":3.801,"Q2_2025":4.665,"Q3_2025":4.698,"Q4_2025":3.88,"Q1_2026":3.949},"geometry":{"type":"Polygon","coordinates":[[[107.571833,-7.106129000000001],[107.571933,-7.106129000000001],[107.571933,-7.106029000000001],[107.571833,-7.106029000000001],[107.571833,-7.106129000000001]]]}},{"type":"Feature","properties":{"row":9,"col":18,"Q1_2025":3.704,"Q2_2025":4.307,"Q3_2025":5.164,"Q4_2025":4.106,"Q1_2026":4.465},"geometry":{"type":"Polygon","coordinates":[[[107.571933,-7.106129000000001],[107.572033,-7.106129000000001],[107.572033,-7.106029000000001],[107.571933,-7.106029000000001],[107.571933,-7.106129000000001]]]}},{"type":"Feature","properties":{"row":9,"col":19,"Q1_2025":4.528,"Q2_2025":4.079,"Q3_2025":4.663,"Q4_2025":4.708,"Q1_2026":4.519},"geometry":{"type":"Polygon","coordinates":[[[107.572033,-7.106129000000001],[107.57213300000001,-7.106129000000001],[107.57213300000001,-7.106029000000001],[107.572033,-7.106029000000001],[107.572033,-7.106129000000001]]]}},{"type":"Feature","properties":{"row":10,"col":0,"Q1_2025":3.424,"Q2_2025":3.54,"Q3_2025":2.938,"Q4_2025":3.407,"Q1_2026":3.37},"geometry":{"type":"Polygon","coordinates":[[[107.570133,-7.106029],[107.570233,-7.106029],[107.570233,-7.105929000000001],[107.570133,-7.105929000000001],[107.570133,-7.106029]]]}},{"type":"Feature","properties":{"row":10,"col":1,"Q1_2025":3.277,"Q2_2025":3.004,"Q3_2025":3.169,"Q4_2025":3.585,"Q1_2026":3.666},"geometry":{"type":"Polygon","coordinates":[[[107.570233,-7.106029],[107.570333,-7.106029],[107.570333,-7.105929000000001],[107.570233,-7.105929000000001],[107.570233,-7.106029]]]}},{"type":"Feature","properties":{"row":10,"col":2,"Q1_2025":3.795,"Q2_2025":3.543,"Q3_2025":4.01,"Q4_2025":4.073,"Q1_2026":4.121},"geometry":{"type":"Polygon","coordinates":[[[107.570333,-7.106029],[107.57043300000001,-7.106029],[107.57043300000001,-7.105929000000001],[107.570333,-7.105929000000001],[107.570333,-7.106029]]]}},{"type":"Feature","properties":{"row":10,"col":3,"Q1_2025":2.433,"Q2_2025":3.362,"Q3_2025":3.833,"Q4_2025":3.397,"Q1_2026":3.735},"geometry":{"type":"Polygon","coordinates":[[[107.570433,-7.106029],[107.570533,-7.106029],[107.570533,-7.105929000000001],[107.570433,-7.105929000000001],[107.570433,-7.106029]]]}},{"type":"Feature","properties":{"row":10,"col":4,"Q1_2025":3.81,"Q2_2025":3.724,"Q3_2025":3.705,"Q4_2025":4.429,"Q1_2026":3.883},"geometry":{"type":"Polygon","coordinates":[[[107.570533,-7.106029],[107.570633,-7.106029],[107.570633,-7.105929000000001],[107.570533,-7.105929000000001],[107.570533,-7.106029]]]}},{"type":"Feature","properties":{"row":10,"col":5,"Q1_2025":4.061,"Q2_2025":3.812,"Q3_2025":3.957,"Q4_2025":3.92,"Q1_2026":3.875},"geometry":{"type":"Polygon","coordinates":[[[107.570633,-7.106029],[107.570733,-7.106029],[107.570733,-7.105929000000001],[107.570633,-7.105929000000001],[107.570633,-7.106029]]]}},{"type":"Feature","properties":{"row":10,"col":6,"Q1_2025":3.781,"Q2_2025":3.538,"Q3_2025":4.231,"Q4_2025":4.181,"Q1_2026":4.116},"geometry":{"type":"Polygon","coordinates":[[[107.570733,-7.106029],[107.57083300000001,-7.106029],[107.57083300000001,-7.105929000000001],[107.570733,-7.105929000000001],[107.570733,-7.106029]]]}},{"type":"Feature","properties":{"row":10,"col":7,"Q1_2025":4.208,"Q2_2025":3.757,"Q3_2025":3.58,"Q4_2025":4.396,"Q1_2026":3.957},"geometry":{"type":"Polygon","coordinates":[[[107.570833,-7.106029],[107.570933,-7.106029],[107.570933,-7.105929000000001],[107.570833,-7.105929000000001],[107.570833,-7.106029]]]}},{"type":"Feature","properties":{"row":10,"col":8,"Q1_2025":3.676,"Q2_2025":4.243,"Q3_2025":4.584,"Q4_2025":4.161,"Q1_2026":4.227},"geometry":{"type":"Polygon","coordinates":[[[107.570933,-7.106029],[107.571033,-7.106029],[107.571033,-7.105929000000001],[107.570933,-7.105929000000001],[107.570933,-7.106029]]]}},{"type":"Feature","properties":{"row":10,"col":9,"Q1_2025":4.673,"Q2_2025":3.897,"Q3_2025":4.676,"Q4_2025":4.65,"Q1_2026":4.403},"geometry":{"type":"Polygon","coordinates":[[[107.571033,-7.106029],[107.571133,-7.106029],[107.571133,-7.105929000000001],[107.571033,-7.105929000000001],[107.571033,-7.106029]]]}},{"type":"Feature","properties":{"row":10,"col":10,"Q1_2025":4.309,"Q2_2025":4.192,"Q3_2025":4.35,"Q4_2025":4.604,"Q1_2026":4.538},"geometry":{"type":"Polygon","coordinates":[[[107.571133,-7.106029],[107.571233,-7.106029],[107.571233,-7.105929000000001],[107.571133,-7.105929000000001],[107.571133,-7.106029]]]}},{"type":"Feature","properties":{"row":10,"col":11,"Q1_2025":3.84,"Q2_2025":4.648,"Q3_2025":4.353,"Q4_2025":4.873,"Q1_2026":4.688},"geometry":{"type":"Polygon","coordinates":[[[107.57123299999999,-7.106029],[107.571333,-7.106029],[107.571333,-7.105929000000001],[107.57123299999999,-7.105929000000001],[107.57123299999999,-7.106029]]]}},{"type":"Feature","properties":{"row":10,"col":12,"Q1_2025":5.161,"Q2_2025":4.584,"Q3_2025":4.113,"Q4_2025":4.205,"Q1_2026":4.448},"geometry":{"type":"Polygon","coordinates":[[[107.571333,-7.106029],[107.571433,-7.106029],[107.571433,-7.105929000000001],[107.571333,-7.105929000000001],[107.571333,-7.106029]]]}},{"type":"Feature","properties":{"row":10,"col":13,"Q1_2025":4.168,"Q2_2025":3.901,"Q3_2025":4.159,"Q4_2025":4.601,"Q1_2026":4.228},"geometry":{"type":"Polygon","coordinates":[[[107.571433,-7.106029],[107.571533,-7.106029],[107.571533,-7.105929000000001],[107.571433,-7.105929000000001],[107.571433,-7.106029]]]}},{"type":"Feature","properties":{"row":10,"col":14,"Q1_2025":4.245,"Q2_2025":4.445,"Q3_2025":4.173,"Q4_2025":4.756,"Q1_2026":4.7},"geometry":{"type":"Polygon","coordinates":[[[107.571533,-7.106029],[107.571633,-7.106029],[107.571633,-7.105929000000001],[107.571533,-7.105929000000001],[107.571533,-7.106029]]]}},{"type":"Feature","properties":{"row":10,"col":15,"Q1_2025":4.579,"Q2_2025":4.55,"Q3_2025":4.387,"Q4_2025":4.503,"Q1_2026":4.789},"geometry":{"type":"Polygon","coordinates":[[[107.57163299999999,-7.106029],[107.571733,-7.106029],[107.571733,-7.105929000000001],[107.57163299999999,-7.105929000000001],[107.57163299999999,-7.106029]]]}},{"type":"Feature","properties":{"row":10,"col":16,"Q1_2025":4.338,"Q2_2025":3.817,"Q3_2025":4.702,"Q4_2025":4.356,"Q1_2026":4.965},"geometry":{"type":"Polygon","coordinates":[[[107.571733,-7.106029],[107.571833,-7.106029],[107.571833,-7.105929000000001],[107.571733,-7.105929000000001],[107.571733,-7.106029]]]}},{"type":"Feature","properties":{"row":10,"col":17,"Q1_2025":4.25,"Q2_2025":4.101,"Q3_2025":4.396,"Q4_2025":4.928,"Q1_2026":4.371},"geometry":{"type":"Polygon","coordinates":[[[107.571833,-7.106029],[107.571933,-7.106029],[107.571933,-7.105929000000001],[107.571833,-7.105929000000001],[107.571833,-7.106029]]]}},{"type":"Feature","properties":{"row":10,"col":18,"Q1_2025":3.652,"Q2_2025":4.188,"Q3_2025":4.743,"Q4_2025":4.942,"Q1_2026":4.875},"geometry":{"type":"Polygon","coordinates":[[[107.571933,-7.106029],[107.572033,-7.106029],[107.572033,-7.105929000000001],[107.571933,-7.105929000000001],[107.571933,-7.106029]]]}},{"type":"Feature","properties":{"row":10,"col":19,"Q1_2025":3.496,"Q2_2025":4.161,"Q3_2025":4.189,"Q4_2025":4.379,"Q1_2026":4.204},"geometry":{"type":"Polygon","coordinates":[[[107.572033,-7.106029],[107.57213300000001,-7.106029],[107.57213300000001,-7.105929000000001],[107.572033,-7.105929000000001],[107.572033,-7.106029]]]}},{"type":"Feature","properties":{"row":11,"col":0,"Q1_2025":3.073,"Q2_2025":2.901,"Q3_2025":4.052,"Q4_2025":3.474,"Q1_2026":3.401},"geometry":{"type":"Polygon","coordinates":[[[107.570133,-7.105929000000001],[107.570233,-7.105929000000001],[107.570233,-7.105829000000001],[107.570133,-7.105829000000001],[107.570133,-7.105929000000001]]]}},{"type":"Feature","properties":{"row":11,"col":1,"Q1_2025":2.893,"Q2_2025":3.652,"Q3_2025":3.64,"Q4_2025":3.913,"Q1_2026":3.769},"geometry":{"type":"Polygon","coordinates":[[[107.570233,-7.105929000000001],[107.570333,-7.105929000000001],[107.570333,-7.105829000000001],[107.570233,-7.105829000000001],[107.570233,-7.105929000000001]]]}},{"type":"Feature","properties":{"row":11,"col":2,"Q1_2025":3.235,"Q2_2025":3.257,"Q3_2025":3.347,"Q4_2025":3.554,"Q1_2026":3.981},"geometry":{"type":"Polygon","coordinates":[[[107.570333,-7.105929000000001],[107.57043300000001,-7.105929000000001],[107.57043300000001,-7.105829000000001],[107.570333,-7.105829000000001],[107.570333,-7.105929000000001]]]}},{"type":"Feature","properties":{"row":11,"col":3,"Q1_2025":3.323,"Q2_2025":3.674,"Q3_2025":3.915,"Q4_2025":3.653,"Q1_2026":4.182},"geometry":{"type":"Polygon","coordinates":[[[107.570433,-7.105929000000001],[107.570533,-7.105929000000001],[107.570533,-7.105829000000001],[107.570433,-7.105829000000001],[107.570433,-7.105929000000001]]]}},{"type":"Feature","properties":{"row":11,"col":4,"Q1_2025":3.73,"Q2_2025":3.819,"Q3_2025":3.796,"Q4_2025":3.956,"Q1_2026":3.746},"geometry":{"type":"Polygon","coordinates":[[[107.570533,-7.105929000000001],[107.570633,-7.105929000000001],[107.570633,-7.105829000000001],[107.570533,-7.105829000000001],[107.570533,-7.105929000000001]]]}},{"type":"Feature","properties":{"row":11,"col":5,"Q1_2025":3.469,"Q2_2025":3.896,"Q3_2025":4.189,"Q4_2025":3.952,"Q1_2026":4.271},"geometry":{"type":"Polygon","coordinates":[[[107.570633,-7.105929000000001],[107.570733,-7.105929000000001],[107.570733,-7.105829000000001],[107.570633,-7.105829000000001],[107.570633,-7.105929000000001]]]}},{"type":"Feature","properties":{"row":11,"col":6,"Q1_2025":3.77,"Q2_2025":3.704,"Q3_2025":4.043,"Q4_2025":4.255,"Q1_2026":4.033},"geometry":{"type":"Polygon","coordinates":[[[107.570733,-7.105929000000001],[107.57083300000001,-7.105929000000001],[107.57083300000001,-7.105829000000001],[107.570733,-7.105829000000001],[107.570733,-7.105929000000001]]]}},{"type":"Feature","properties":{"row":11,"col":7,"Q1_2025":3.781,"Q2_2025":3.91,"Q3_2025":4.214,"Q4_2025":3.816,"Q1_2026":4.441},"geometry":{"type":"Polygon","coordinates":[[[107.570833,-7.105929000000001],[107.570933,-7.105929000000001],[107.570933,-7.105829000000001],[107.570833,-7.105829000000001],[107.570833,-7.105929000000001]]]}},{"type":"Feature","properties":{"row":11,"col":8,"Q1_2025":4.156,"Q2_2025":4.24,"Q3_2025":4.109,"Q4_2025":4.462,"Q1_2026":4.147},"geometry":{"type":"Polygon","coordinates":[[[107.570933,-7.105929000000001],[107.571033,-7.105929000000001],[107.571033,-7.105829000000001],[107.570933,-7.105829000000001],[107.570933,-7.105929000000001]]]}},{"type":"Feature","properties":{"row":11,"col":9,"Q1_2025":3.963,"Q2_2025":4.531,"Q3_2025":3.993,"Q4_2025":4.298,"Q1_2026":4.418},"geometry":{"type":"Polygon","coordinates":[[[107.571033,-7.105929000000001],[107.571133,-7.105929000000001],[107.571133,-7.105829000000001],[107.571033,-7.105829000000001],[107.571033,-7.105929000000001]]]}},{"type":"Feature","properties":{"row":11,"col":10,"Q1_2025":4.473,"Q2_2025":3.946,"Q3_2025":4.301,"Q4_2025":4.252,"Q1_2026":5.175},"geometry":{"type":"Polygon","coordinates":[[[107.571133,-7.105929000000001],[107.571233,-7.105929000000001],[107.571233,-7.105829000000001],[107.571133,-7.105829000000001],[107.571133,-7.105929000000001]]]}},{"type":"Feature","properties":{"row":11,"col":11,"Q1_2025":4.221,"Q2_2025":4.248,"Q3_2025":4.538,"Q4_2025":4.863,"Q1_2026":4.082},"geometry":{"type":"Polygon","coordinates":[[[107.57123299999999,-7.105929000000001],[107.571333,-7.105929000000001],[107.571333,-7.105829000000001],[107.57123299999999,-7.105829000000001],[107.57123299999999,-7.105929000000001]]]}},{"type":"Feature","properties":{"row":11,"col":12,"Q1_2025":3.975,"Q2_2025":4.465,"Q3_2025":4.31,"Q4_2025":4.167,"Q1_2026":4.487},"geometry":{"type":"Polygon","coordinates":[[[107.571333,-7.105929000000001],[107.571433,-7.105929000000001],[107.571433,-7.105829000000001],[107.571333,-7.105829000000001],[107.571333,-7.105929000000001]]]}},{"type":"Feature","properties":{"row":11,"col":13,"Q1_2025":4.332,"Q2_2025":4.482,"Q3_2025":5.073,"Q4_2025":4.093,"Q1_2026":4.24},"geometry":{"type":"Polygon","coordinates":[[[107.571433,-7.105929000000001],[107.571533,-7.105929000000001],[107.571533,-7.105829000000001],[107.571433,-7.105829000000001],[107.571433,-7.105929000000001]]]}},{"type":"Feature","properties":{"row":11,"col":14,"Q1_2025":3.903,"Q2_2025":4.657,"Q3_2025":4.197,"Q4_2025":4.11,"Q1_2026":4.909},"geometry":{"type":"Polygon","coordinates":[[[107.571533,-7.105929000000001],[107.571633,-7.105929000000001],[107.571633,-7.105829000000001],[107.571533,-7.105829000000001],[107.571533,-7.105929000000001]]]}},{"type":"Feature","properties":{"row":11,"col":15,"Q1_2025":4.021,"Q2_2025":4.678,"Q3_2025":4.507,"Q4_2025":4.345,"Q1_2026":4.911},"geometry":{"type":"Polygon","coordinates":[[[107.57163299999999,-7.105929000000001],[107.571733,-7.105929000000001],[107.571733,-7.105829000000001],[107.57163299999999,-7.105829000000001],[107.57163299999999,-7.105929000000001]]]}},{"type":"Feature","properties":{"row":11,"col":16,"Q1_2025":4.463,"Q2_2025":4.768,"Q3_2025":4.294,"Q4_2025":4.422,"Q1_2026":5.06},"geometry":{"type":"Polygon","coordinates":[[[107.571733,-7.105929000000001],[107.571833,-7.105929000000001],[107.571833,-7.105829000000001],[107.571733,-7.105829000000001],[107.571733,-7.105929000000001]]]}},{"type":"Feature","properties":{"row":11,"col":17,"Q1_2025":4.524,"Q2_2025":4.367,"Q3_2025":4.135,"Q4_2025":4.176,"Q1_2026":4.161},"geometry":{"type":"Polygon","coordinates":[[[107.571833,-7.105929000000001],[107.571933,-7.105929000000001],[107.571933,-7.105829000000001],[107.571833,-7.105829000000001],[107.571833,-7.105929000000001]]]}},{"type":"Feature","properties":{"row":11,"col":18,"Q1_2025":3.863,"Q2_2025":4.198,"Q3_2025":4.003,"Q4_2025":4.676,"Q1_2026":3.787},"geometry":{"type":"Polygon","coordinates":[[[107.571933,-7.105929000000001],[107.572033,-7.105929000000001],[107.572033,-7.105829000000001],[107.571933,-7.105829000000001],[107.571933,-7.105929000000001]]]}},{"type":"Feature","properties":{"row":11,"col":19,"Q1_2025":3.887,"Q2_2025":4.024,"Q3_2025":4.51,"Q4_2025":4.585,"Q1_2026":4.159},"geometry":{"type":"Polygon","coordinates":[[[107.572033,-7.105929000000001],[107.57213300000001,-7.105929000000001],[107.57213300000001,-7.105829000000001],[107.572033,-7.105829000000001],[107.572033,-7.105929000000001]]]}},{"type":"Feature","properties":{"row":12,"col":0,"Q1_2025":3.215,"Q2_2025":2.933,"Q3_2025":3.434,"Q4_2025":3.081,"Q1_2026":3.585},"geometry":{"type":"Polygon","coordinates":[[[107.570133,-7.105829000000001],[107.570233,-7.105829000000001],[107.570233,-7.105729000000001],[107.570133,-7.105729000000001],[107.570133,-7.105829000000001]]]}},{"type":"Feature","properties":{"row":12,"col":1,"Q1_2025":3.695,"Q2_2025":3.967,"Q3_2025":3.781,"Q4_2025":3.245,"Q1_2026":3.499},"geometry":{"type":"Polygon","coordinates":[[[107.570233,-7.105829000000001],[107.570333,-7.105829000000001],[107.570333,-7.105729000000001],[107.570233,-7.105729000000001],[107.570233,-7.105829000000001]]]}},{"type":"Feature","properties":{"row":12,"col":2,"Q1_2025":3.084,"Q2_2025":3.281,"Q3_2025":3.04,"Q4_2025":3.475,"Q1_2026":4.099},"geometry":{"type":"Polygon","coordinates":[[[107.570333,-7.105829000000001],[107.57043300000001,-7.105829000000001],[107.57043300000001,-7.105729000000001],[107.570333,-7.105729000000001],[107.570333,-7.105829000000001]]]}},{"type":"Feature","properties":{"row":12,"col":3,"Q1_2025":4.146,"Q2_2025":3.706,"Q3_2025":3.736,"Q4_2025":3.977,"Q1_2026":3.401},"geometry":{"type":"Polygon","coordinates":[[[107.570433,-7.105829000000001],[107.570533,-7.105829000000001],[107.570533,-7.105729000000001],[107.570433,-7.105729000000001],[107.570433,-7.105829000000001]]]}},{"type":"Feature","properties":{"row":12,"col":4,"Q1_2025":3.334,"Q2_2025":3.93,"Q3_2025":3.718,"Q4_2025":3.778,"Q1_2026":4.244},"geometry":{"type":"Polygon","coordinates":[[[107.570533,-7.105829000000001],[107.570633,-7.105829000000001],[107.570633,-7.105729000000001],[107.570533,-7.105729000000001],[107.570533,-7.105829000000001]]]}},{"type":"Feature","properties":{"row":12,"col":5,"Q1_2025":3.13,"Q2_2025":4.152,"Q3_2025":3.658,"Q4_2025":4.171,"Q1_2026":4.102},"geometry":{"type":"Polygon","coordinates":[[[107.570633,-7.105829000000001],[107.570733,-7.105829000000001],[107.570733,-7.105729000000001],[107.570633,-7.105729000000001],[107.570633,-7.105829000000001]]]}},{"type":"Feature","properties":{"row":12,"col":6,"Q1_2025":4.034,"Q2_2025":4.213,"Q3_2025":3.712,"Q4_2025":4.367,"Q1_2026":4.367},"geometry":{"type":"Polygon","coordinates":[[[107.570733,-7.105829000000001],[107.57083300000001,-7.105829000000001],[107.57083300000001,-7.105729000000001],[107.570733,-7.105729000000001],[107.570733,-7.105829000000001]]]}},{"type":"Feature","properties":{"row":12,"col":7,"Q1_2025":4.356,"Q2_2025":3.87,"Q3_2025":4.484,"Q4_2025":4.447,"Q1_2026":4.196},"geometry":{"type":"Polygon","coordinates":[[[107.570833,-7.105829000000001],[107.570933,-7.105829000000001],[107.570933,-7.105729000000001],[107.570833,-7.105729000000001],[107.570833,-7.105829000000001]]]}},{"type":"Feature","properties":{"row":12,"col":8,"Q1_2025":4.337,"Q2_2025":4.025,"Q3_2025":4.51,"Q4_2025":4.306,"Q1_2026":4.469},"geometry":{"type":"Polygon","coordinates":[[[107.570933,-7.105829000000001],[107.571033,-7.105829000000001],[107.571033,-7.105729000000001],[107.570933,-7.105729000000001],[107.570933,-7.105829000000001]]]}},{"type":"Feature","properties":{"row":12,"col":9,"Q1_2025":4.154,"Q2_2025":4.537,"Q3_2025":4.307,"Q4_2025":4.607,"Q1_2026":4.713},"geometry":{"type":"Polygon","coordinates":[[[107.571033,-7.105829000000001],[107.571133,-7.105829000000001],[107.571133,-7.105729000000001],[107.571033,-7.105729000000001],[107.571033,-7.105829000000001]]]}},{"type":"Feature","properties":{"row":12,"col":10,"Q1_2025":3.948,"Q2_2025":4.583,"Q3_2025":4.848,"Q4_2025":4.659,"Q1_2026":4.727},"geometry":{"type":"Polygon","coordinates":[[[107.571133,-7.105829000000001],[107.571233,-7.105829000000001],[107.571233,-7.105729000000001],[107.571133,-7.105729000000001],[107.571133,-7.105829000000001]]]}},{"type":"Feature","properties":{"row":12,"col":11,"Q1_2025":3.988,"Q2_2025":4.731,"Q3_2025":3.984,"Q4_2025":4.587,"Q1_2026":5.109},"geometry":{"type":"Polygon","coordinates":[[[107.57123299999999,-7.105829000000001],[107.571333,-7.105829000000001],[107.571333,-7.105729000000001],[107.57123299999999,-7.105729000000001],[107.57123299999999,-7.105829000000001]]]}},{"type":"Feature","properties":{"row":12,"col":12,"Q1_2025":4.048,"Q2_2025":4.517,"Q3_2025":4.237,"Q4_2025":4.753,"Q1_2026":4.231},"geometry":{"type":"Polygon","coordinates":[[[107.571333,-7.105829000000001],[107.571433,-7.105829000000001],[107.571433,-7.105729000000001],[107.571333,-7.105729000000001],[107.571333,-7.105829000000001]]]}},{"type":"Feature","properties":{"row":12,"col":13,"Q1_2025":4.128,"Q2_2025":4.16,"Q3_2025":4.482,"Q4_2025":4.041,"Q1_2026":5.104},"geometry":{"type":"Polygon","coordinates":[[[107.571433,-7.105829000000001],[107.571533,-7.105829000000001],[107.571533,-7.105729000000001],[107.571433,-7.105729000000001],[107.571433,-7.105829000000001]]]}},{"type":"Feature","properties":{"row":12,"col":14,"Q1_2025":4.332,"Q2_2025":4.192,"Q3_2025":4.886,"Q4_2025":4.532,"Q1_2026":4.716},"geometry":{"type":"Polygon","coordinates":[[[107.571533,-7.105829000000001],[107.571633,-7.105829000000001],[107.571633,-7.105729000000001],[107.571533,-7.105729000000001],[107.571533,-7.105829000000001]]]}},{"type":"Feature","properties":{"row":12,"col":15,"Q1_2025":4.307,"Q2_2025":4.798,"Q3_2025":4.468,"Q4_2025":4.201,"Q1_2026":4.648},"geometry":{"type":"Polygon","coordinates":[[[107.57163299999999,-7.105829000000001],[107.571733,-7.105829000000001],[107.571733,-7.105729000000001],[107.57163299999999,-7.105729000000001],[107.57163299999999,-7.105829000000001]]]}},{"type":"Feature","properties":{"row":12,"col":16,"Q1_2025":4.325,"Q2_2025":4.291,"Q3_2025":4.204,"Q4_2025":4.256,"Q1_2026":4.09},"geometry":{"type":"Polygon","coordinates":[[[107.571733,-7.105829000000001],[107.571833,-7.105829000000001],[107.571833,-7.105729000000001],[107.571733,-7.105729000000001],[107.571733,-7.105829000000001]]]}},{"type":"Feature","properties":{"row":12,"col":17,"Q1_2025":4.318,"Q2_2025":4.023,"Q3_2025":4.181,"Q4_2025":4.626,"Q1_2026":4.897},"geometry":{"type":"Polygon","coordinates":[[[107.571833,-7.105829000000001],[107.571933,-7.105829000000001],[107.571933,-7.105729000000001],[107.571833,-7.105729000000001],[107.571833,-7.105829000000001]]]}},{"type":"Feature","properties":{"row":12,"col":18,"Q1_2025":3.835,"Q2_2025":4.14,"Q3_2025":4.227,"Q4_2025":4.597,"Q1_2026":4.233},"geometry":{"type":"Polygon","coordinates":[[[107.571933,-7.105829000000001],[107.572033,-7.105829000000001],[107.572033,-7.105729000000001],[107.571933,-7.105729000000001],[107.571933,-7.105829000000001]]]}},{"type":"Feature","properties":{"row":12,"col":19,"Q1_2025":3.874,"Q2_2025":4.34,"Q3_2025":4.133,"Q4_2025":4.106,"Q1_2026":4.511},"geometry":{"type":"Polygon","coordinates":[[[107.572033,-7.105829000000001],[107.57213300000001,-7.105829000000001],[107.57213300000001,-7.105729000000001],[107.572033,-7.105729000000001],[107.572033,-7.105829000000001]]]}},{"type":"Feature","properties":{"row":13,"col":0,"Q1_2025":2.857,"Q2_2025":3.15,"Q3_2025":3.717,"Q4_2025":3.379,"Q1_2026":3.491},"geometry":{"type":"Polygon","coordinates":[[[107.570133,-7.105729000000001],[107.570233,-7.105729000000001],[107.570233,-7.105629000000001],[107.570133,-7.105629000000001],[107.570133,-7.105729000000001]]]}},{"type":"Feature","properties":{"row":13,"col":1,"Q1_2025":3.097,"Q2_2025":2.882,"Q3_2025":3.491,"Q4_2025":3.843,"Q1_2026":4.017},"geometry":{"type":"Polygon","coordinates":[[[107.570233,-7.105729000000001],[107.570333,-7.105729000000001],[107.570333,-7.105629000000001],[107.570233,-7.105629000000001],[107.570233,-7.105729000000001]]]}},{"type":"Feature","properties":{"row":13,"col":2,"Q1_2025":4.201,"Q2_2025":3.357,"Q3_2025":3.606,"Q4_2025":3.315,"Q1_2026":4.301},"geometry":{"type":"Polygon","coordinates":[[[107.570333,-7.105729000000001],[107.57043300000001,-7.105729000000001],[107.57043300000001,-7.105629000000001],[107.570333,-7.105629000000001],[107.570333,-7.105729000000001]]]}},{"type":"Feature","properties":{"row":13,"col":3,"Q1_2025":3.751,"Q2_2025":3.842,"Q3_2025":3.833,"Q4_2025":3.714,"Q1_2026":3.092},"geometry":{"type":"Polygon","coordinates":[[[107.570433,-7.105729000000001],[107.570533,-7.105729000000001],[107.570533,-7.105629000000001],[107.570433,-7.105629000000001],[107.570433,-7.105729000000001]]]}},{"type":"Feature","properties":{"row":13,"col":4,"Q1_2025":3.938,"Q2_2025":3.863,"Q3_2025":3.84,"Q4_2025":3.615,"Q1_2026":4.223},"geometry":{"type":"Polygon","coordinates":[[[107.570533,-7.105729000000001],[107.570633,-7.105729000000001],[107.570633,-7.105629000000001],[107.570533,-7.105629000000001],[107.570533,-7.105729000000001]]]}},{"type":"Feature","properties":{"row":13,"col":5,"Q1_2025":3.762,"Q2_2025":3.832,"Q3_2025":3.54,"Q4_2025":3.635,"Q1_2026":4.045},"geometry":{"type":"Polygon","coordinates":[[[107.570633,-7.105729000000001],[107.570733,-7.105729000000001],[107.570733,-7.105629000000001],[107.570633,-7.105629000000001],[107.570633,-7.105729000000001]]]}},{"type":"Feature","properties":{"row":13,"col":6,"Q1_2025":3.748,"Q2_2025":3.568,"Q3_2025":4.5,"Q4_2025":3.948,"Q1_2026":4.16},"geometry":{"type":"Polygon","coordinates":[[[107.570733,-7.105729000000001],[107.57083300000001,-7.105729000000001],[107.57083300000001,-7.105629000000001],[107.570733,-7.105629000000001],[107.570733,-7.105729000000001]]]}},{"type":"Feature","properties":{"row":13,"col":7,"Q1_2025":3.962,"Q2_2025":4.426,"Q3_2025":3.852,"Q4_2025":4.129,"Q1_2026":3.902},"geometry":{"type":"Polygon","coordinates":[[[107.570833,-7.105729000000001],[107.570933,-7.105729000000001],[107.570933,-7.105629000000001],[107.570833,-7.105629000000001],[107.570833,-7.105729000000001]]]}},{"type":"Feature","properties":{"row":13,"col":8,"Q1_2025":4.297,"Q2_2025":4.21,"Q3_2025":4.23,"Q4_2025":4.367,"Q1_2026":4.927},"geometry":{"type":"Polygon","coordinates":[[[107.570933,-7.105729000000001],[107.571033,-7.105729000000001],[107.571033,-7.105629000000001],[107.570933,-7.105629000000001],[107.570933,-7.105729000000001]]]}},{"type":"Feature","properties":{"row":13,"col":9,"Q1_2025":4.034,"Q2_2025":3.992,"Q3_2025":4.094,"Q4_2025":4.677,"Q1_2026":4.644},"geometry":{"type":"Polygon","coordinates":[[[107.571033,-7.105729000000001],[107.571133,-7.105729000000001],[107.571133,-7.105629000000001],[107.571033,-7.105629000000001],[107.571033,-7.105729000000001]]]}},{"type":"Feature","properties":{"row":13,"col":10,"Q1_2025":4.277,"Q2_2025":4.039,"Q3_2025":4.497,"Q4_2025":4.614,"Q1_2026":4.565},"geometry":{"type":"Polygon","coordinates":[[[107.571133,-7.105729000000001],[107.571233,-7.105729000000001],[107.571233,-7.105629000000001],[107.571133,-7.105629000000001],[107.571133,-7.105729000000001]]]}},{"type":"Feature","properties":{"row":13,"col":11,"Q1_2025":4.137,"Q2_2025":4.418,"Q3_2025":4.496,"Q4_2025":4.332,"Q1_2026":4.482},"geometry":{"type":"Polygon","coordinates":[[[107.57123299999999,-7.105729000000001],[107.571333,-7.105729000000001],[107.571333,-7.105629000000001],[107.57123299999999,-7.105629000000001],[107.57123299999999,-7.105729000000001]]]}},{"type":"Feature","properties":{"row":13,"col":12,"Q1_2025":3.683,"Q2_2025":4.477,"Q3_2025":4.364,"Q4_2025":4.962,"Q1_2026":4.062},"geometry":{"type":"Polygon","coordinates":[[[107.571333,-7.105729000000001],[107.571433,-7.105729000000001],[107.571433,-7.105629000000001],[107.571333,-7.105629000000001],[107.571333,-7.105729000000001]]]}},{"type":"Feature","properties":{"row":13,"col":13,"Q1_2025":4.254,"Q2_2025":4.481,"Q3_2025":4.194,"Q4_2025":4.648,"Q1_2026":4.688},"geometry":{"type":"Polygon","coordinates":[[[107.571433,-7.105729000000001],[107.571533,-7.105729000000001],[107.571533,-7.105629000000001],[107.571433,-7.105629000000001],[107.571433,-7.105729000000001]]]}},{"type":"Feature","properties":{"row":13,"col":14,"Q1_2025":4.357,"Q2_2025":4.228,"Q3_2025":3.445,"Q4_2025":4.523,"Q1_2026":4.627},"geometry":{"type":"Polygon","coordinates":[[[107.571533,-7.105729000000001],[107.571633,-7.105729000000001],[107.571633,-7.105629000000001],[107.571533,-7.105629000000001],[107.571533,-7.105729000000001]]]}},{"type":"Feature","properties":{"row":13,"col":15,"Q1_2025":3.967,"Q2_2025":3.889,"Q3_2025":4.543,"Q4_2025":4.605,"Q1_2026":5.06},"geometry":{"type":"Polygon","coordinates":[[[107.57163299999999,-7.105729000000001],[107.571733,-7.105729000000001],[107.571733,-7.105629000000001],[107.57163299999999,-7.105629000000001],[107.57163299999999,-7.105729000000001]]]}},{"type":"Feature","properties":{"row":13,"col":16,"Q1_2025":3.927,"Q2_2025":4.624,"Q3_2025":4.374,"Q4_2025":4.32,"Q1_2026":4.718},"geometry":{"type":"Polygon","coordinates":[[[107.571733,-7.105729000000001],[107.571833,-7.105729000000001],[107.571833,-7.105629000000001],[107.571733,-7.105629000000001],[107.571733,-7.105729000000001]]]}},{"type":"Feature","properties":{"row":13,"col":17,"Q1_2025":4.41,"Q2_2025":4.089,"Q3_2025":4.818,"Q4_2025":4.452,"Q1_2026":4.177},"geometry":{"type":"Polygon","coordinates":[[[107.571833,-7.105729000000001],[107.571933,-7.105729000000001],[107.571933,-7.105629000000001],[107.571833,-7.105629000000001],[107.571833,-7.105729000000001]]]}},{"type":"Feature","properties":{"row":13,"col":18,"Q1_2025":3.78,"Q2_2025":4.543,"Q3_2025":4.155,"Q4_2025":4.448,"Q1_2026":4.553},"geometry":{"type":"Polygon","coordinates":[[[107.571933,-7.105729000000001],[107.572033,-7.105729000000001],[107.572033,-7.105629000000001],[107.571933,-7.105629000000001],[107.571933,-7.105729000000001]]]}},{"type":"Feature","properties":{"row":13,"col":19,"Q1_2025":4.059,"Q2_2025":4.486,"Q3_2025":4.148,"Q4_2025":4.06,"Q1_2026":3.802},"geometry":{"type":"Polygon","coordinates":[[[107.572033,-7.105729000000001],[107.57213300000001,-7.105729000000001],[107.57213300000001,-7.105629000000001],[107.572033,-7.105629000000001],[107.572033,-7.105729000000001]]]}},{"type":"Feature","properties":{"row":14,"col":0,"Q1_2025":3.076,"Q2_2025":3.132,"Q3_2025":3.683,"Q4_2025":3.2,"Q1_2026":3.819},"geometry":{"type":"Polygon","coordinates":[[[107.570133,-7.105629],[107.570233,-7.105629],[107.570233,-7.105529000000001],[107.570133,-7.105529000000001],[107.570133,-7.105629]]]}},{"type":"Feature","properties":{"row":14,"col":1,"Q1_2025":3.129,"Q2_2025":3.831,"Q3_2025":3.123,"Q4_2025":3.395,"Q1_2026":3.819},"geometry":{"type":"Polygon","coordinates":[[[107.570233,-7.105629],[107.570333,-7.105629],[107.570333,-7.105529000000001],[107.570233,-7.105529000000001],[107.570233,-7.105629]]]}},{"type":"Feature","properties":{"row":14,"col":2,"Q1_2025":3.676,"Q2_2025":3.673,"Q3_2025":3.119,"Q4_2025":3.946,"Q1_2026":3.717},"geometry":{"type":"Polygon","coordinates":[[[107.570333,-7.105629],[107.57043300000001,-7.105629],[107.57043300000001,-7.105529000000001],[107.570333,-7.105529000000001],[107.570333,-7.105629]]]}},{"type":"Feature","properties":{"row":14,"col":3,"Q1_2025":2.936,"Q2_2025":3.357,"Q3_2025":3.52,"Q4_2025":3.485,"Q1_2026":4.217},"geometry":{"type":"Polygon","coordinates":[[[107.570433,-7.105629],[107.570533,-7.105629],[107.570533,-7.105529000000001],[107.570433,-7.105529000000001],[107.570433,-7.105629]]]}},{"type":"Feature","properties":{"row":14,"col":4,"Q1_2025":3.691,"Q2_2025":3.972,"Q3_2025":3.466,"Q4_2025":3.329,"Q1_2026":4.065},"geometry":{"type":"Polygon","coordinates":[[[107.570533,-7.105629],[107.570633,-7.105629],[107.570633,-7.105529000000001],[107.570533,-7.105529000000001],[107.570533,-7.105629]]]}},{"type":"Feature","properties":{"row":14,"col":5,"Q1_2025":3.644,"Q2_2025":3.993,"Q3_2025":4.032,"Q4_2025":3.98,"Q1_2026":4.274},"geometry":{"type":"Polygon","coordinates":[[[107.570633,-7.105629],[107.570733,-7.105629],[107.570733,-7.105529000000001],[107.570633,-7.105529000000001],[107.570633,-7.105629]]]}},{"type":"Feature","properties":{"row":14,"col":6,"Q1_2025":3.758,"Q2_2025":3.897,"Q3_2025":4.529,"Q4_2025":4.422,"Q1_2026":3.82},"geometry":{"type":"Polygon","coordinates":[[[107.570733,-7.105629],[107.57083300000001,-7.105629],[107.57083300000001,-7.105529000000001],[107.570733,-7.105529000000001],[107.570733,-7.105629]]]}},{"type":"Feature","properties":{"row":14,"col":7,"Q1_2025":3.357,"Q2_2025":4.339,"Q3_2025":3.901,"Q4_2025":4.093,"Q1_2026":4.086},"geometry":{"type":"Polygon","coordinates":[[[107.570833,-7.105629],[107.570933,-7.105629],[107.570933,-7.105529000000001],[107.570833,-7.105529000000001],[107.570833,-7.105629]]]}},{"type":"Feature","properties":{"row":14,"col":8,"Q1_2025":4.019,"Q2_2025":3.897,"Q3_2025":3.764,"Q4_2025":3.686,"Q1_2026":3.604},"geometry":{"type":"Polygon","coordinates":[[[107.570933,-7.105629],[107.571033,-7.105629],[107.571033,-7.105529000000001],[107.570933,-7.105529000000001],[107.570933,-7.105629]]]}},{"type":"Feature","properties":{"row":14,"col":9,"Q1_2025":3.683,"Q2_2025":4.466,"Q3_2025":3.918,"Q4_2025":4.292,"Q1_2026":4.736},"geometry":{"type":"Polygon","coordinates":[[[107.571033,-7.105629],[107.571133,-7.105629],[107.571133,-7.105529000000001],[107.571033,-7.105529000000001],[107.571033,-7.105629]]]}},{"type":"Feature","properties":{"row":14,"col":10,"Q1_2025":4.455,"Q2_2025":3.994,"Q3_2025":4.475,"Q4_2025":4.249,"Q1_2026":3.88},"geometry":{"type":"Polygon","coordinates":[[[107.571133,-7.105629],[107.571233,-7.105629],[107.571233,-7.105529000000001],[107.571133,-7.105529000000001],[107.571133,-7.105629]]]}},{"type":"Feature","properties":{"row":14,"col":11,"Q1_2025":4.393,"Q2_2025":4.239,"Q3_2025":4.043,"Q4_2025":4.467,"Q1_2026":4.606},"geometry":{"type":"Polygon","coordinates":[[[107.57123299999999,-7.105629],[107.571333,-7.105629],[107.571333,-7.105529000000001],[107.57123299999999,-7.105529000000001],[107.57123299999999,-7.105629]]]}},{"type":"Feature","properties":{"row":14,"col":12,"Q1_2025":4.183,"Q2_2025":3.943,"Q3_2025":4.281,"Q4_2025":4.525,"Q1_2026":4.759},"geometry":{"type":"Polygon","coordinates":[[[107.571333,-7.105629],[107.571433,-7.105629],[107.571433,-7.105529000000001],[107.571333,-7.105529000000001],[107.571333,-7.105629]]]}},{"type":"Feature","properties":{"row":14,"col":13,"Q1_2025":4.081,"Q2_2025":3.921,"Q3_2025":4.473,"Q4_2025":4.817,"Q1_2026":4.367},"geometry":{"type":"Polygon","coordinates":[[[107.571433,-7.105629],[107.571533,-7.105629],[107.571533,-7.105529000000001],[107.571433,-7.105529000000001],[107.571433,-7.105629]]]}},{"type":"Feature","properties":{"row":14,"col":14,"Q1_2025":4.3,"Q2_2025":4.563,"Q3_2025":4.666,"Q4_2025":4.852,"Q1_2026":4.633},"geometry":{"type":"Polygon","coordinates":[[[107.571533,-7.105629],[107.571633,-7.105629],[107.571633,-7.105529000000001],[107.571533,-7.105529000000001],[107.571533,-7.105629]]]}},{"type":"Feature","properties":{"row":14,"col":15,"Q1_2025":4.564,"Q2_2025":4.648,"Q3_2025":4.094,"Q4_2025":4.535,"Q1_2026":4.612},"geometry":{"type":"Polygon","coordinates":[[[107.57163299999999,-7.105629],[107.571733,-7.105629],[107.571733,-7.105529000000001],[107.57163299999999,-7.105529000000001],[107.57163299999999,-7.105629]]]}},{"type":"Feature","properties":{"row":14,"col":16,"Q1_2025":3.924,"Q2_2025":4.13,"Q3_2025":3.727,"Q4_2025":4.642,"Q1_2026":4.784},"geometry":{"type":"Polygon","coordinates":[[[107.571733,-7.105629],[107.571833,-7.105629],[107.571833,-7.105529000000001],[107.571733,-7.105529000000001],[107.571733,-7.105629]]]}},{"type":"Feature","properties":{"row":14,"col":17,"Q1_2025":4.456,"Q2_2025":4.616,"Q3_2025":4.13,"Q4_2025":4.363,"Q1_2026":4.974},"geometry":{"type":"Polygon","coordinates":[[[107.571833,-7.105629],[107.571933,-7.105629],[107.571933,-7.105529000000001],[107.571833,-7.105529000000001],[107.571833,-7.105629]]]}},{"type":"Feature","properties":{"row":14,"col":18,"Q1_2025":4.413,"Q2_2025":3.968,"Q3_2025":3.581,"Q4_2025":4.32,"Q1_2026":4.168},"geometry":{"type":"Polygon","coordinates":[[[107.571933,-7.105629],[107.572033,-7.105629],[107.572033,-7.105529000000001],[107.571933,-7.105529000000001],[107.571933,-7.105629]]]}},{"type":"Feature","properties":{"row":14,"col":19,"Q1_2025":4.082,"Q2_2025":4.454,"Q3_2025":3.829,"Q4_2025":4.445,"Q1_2026":4.098},"geometry":{"type":"Polygon","coordinates":[[[107.572033,-7.105629],[107.57213300000001,-7.105629],[107.57213300000001,-7.105529000000001],[107.572033,-7.105529000000001],[107.572033,-7.105629]]]}},{"type":"Feature","properties":{"row":15,"col":0,"Q1_2025":3.831,"Q2_2025":3.202,"Q3_2025":3.429,"Q4_2025":3.073,"Q1_2026":2.847},"geometry":{"type":"Polygon","coordinates":[[[107.570133,-7.105529000000001],[107.570233,-7.105529000000001],[107.570233,-7.105429000000001],[107.570133,-7.105429000000001],[107.570133,-7.105529000000001]]]}},{"type":"Feature","properties":{"row":15,"col":1,"Q1_2025":2.9,"Q2_2025":3.0,"Q3_2025":3.739,"Q4_2025":3.143,"Q1_2026":3.835},"geometry":{"type":"Polygon","coordinates":[[[107.570233,-7.105529000000001],[107.570333,-7.105529000000001],[107.570333,-7.105429000000001],[107.570233,-7.105429000000001],[107.570233,-7.105529000000001]]]}},{"type":"Feature","properties":{"row":15,"col":2,"Q1_2025":3.415,"Q2_2025":3.355,"Q3_2025":2.743,"Q4_2025":3.424,"Q1_2026":3.98},"geometry":{"type":"Polygon","coordinates":[[[107.570333,-7.105529000000001],[107.57043300000001,-7.105529000000001],[107.57043300000001,-7.105429000000001],[107.570333,-7.105429000000001],[107.570333,-7.105529000000001]]]}},{"type":"Feature","properties":{"row":15,"col":3,"Q1_2025":3.551,"Q2_2025":3.535,"Q3_2025":3.159,"Q4_2025":3.728,"Q1_2026":3.866},"geometry":{"type":"Polygon","coordinates":[[[107.570433,-7.105529000000001],[107.570533,-7.105529000000001],[107.570533,-7.105429000000001],[107.570433,-7.105429000000001],[107.570433,-7.105529000000001]]]}},{"type":"Feature","properties":{"row":15,"col":4,"Q1_2025":3.345,"Q2_2025":3.72,"Q3_2025":3.477,"Q4_2025":3.188,"Q1_2026":3.697},"geometry":{"type":"Polygon","coordinates":[[[107.570533,-7.105529000000001],[107.570633,-7.105529000000001],[107.570633,-7.105429000000001],[107.570533,-7.105429000000001],[107.570533,-7.105529000000001]]]}},{"type":"Feature","properties":{"row":15,"col":5,"Q1_2025":3.382,"Q2_2025":4.055,"Q3_2025":4.005,"Q4_2025":3.874,"Q1_2026":3.825},"geometry":{"type":"Polygon","coordinates":[[[107.570633,-7.105529000000001],[107.570733,-7.105529000000001],[107.570733,-7.105429000000001],[107.570633,-7.105429000000001],[107.570633,-7.105529000000001]]]}},{"type":"Feature","properties":{"row":15,"col":6,"Q1_2025":3.852,"Q2_2025":4.233,"Q3_2025":3.594,"Q4_2025":3.793,"Q1_2026":4.43},"geometry":{"type":"Polygon","coordinates":[[[107.570733,-7.105529000000001],[107.57083300000001,-7.105529000000001],[107.57083300000001,-7.105429000000001],[107.570733,-7.105429000000001],[107.570733,-7.105529000000001]]]}},{"type":"Feature","properties":{"row":15,"col":7,"Q1_2025":3.919,"Q2_2025":3.743,"Q3_2025":4.321,"Q4_2025":4.24,"Q1_2026":3.892},"geometry":{"type":"Polygon","coordinates":[[[107.570833,-7.105529000000001],[107.570933,-7.105529000000001],[107.570933,-7.105429000000001],[107.570833,-7.105429000000001],[107.570833,-7.105529000000001]]]}},{"type":"Feature","properties":{"row":15,"col":8,"Q1_2025":3.94,"Q2_2025":3.955,"Q3_2025":4.553,"Q4_2025":4.34,"Q1_2026":4.402},"geometry":{"type":"Polygon","coordinates":[[[107.570933,-7.105529000000001],[107.571033,-7.105529000000001],[107.571033,-7.105429000000001],[107.570933,-7.105429000000001],[107.570933,-7.105529000000001]]]}},{"type":"Feature","properties":{"row":15,"col":9,"Q1_2025":3.97,"Q2_2025":4.186,"Q3_2025":3.713,"Q4_2025":3.793,"Q1_2026":4.446},"geometry":{"type":"Polygon","coordinates":[[[107.571033,-7.105529000000001],[107.571133,-7.105529000000001],[107.571133,-7.105429000000001],[107.571033,-7.105429000000001],[107.571033,-7.105529000000001]]]}},{"type":"Feature","properties":{"row":15,"col":10,"Q1_2025":4.109,"Q2_2025":3.968,"Q3_2025":3.59,"Q4_2025":3.963,"Q1_2026":4.55},"geometry":{"type":"Polygon","coordinates":[[[107.571133,-7.105529000000001],[107.571233,-7.105529000000001],[107.571233,-7.105429000000001],[107.571133,-7.105429000000001],[107.571133,-7.105529000000001]]]}},{"type":"Feature","properties":{"row":15,"col":11,"Q1_2025":4.072,"Q2_2025":3.942,"Q3_2025":3.955,"Q4_2025":4.414,"Q1_2026":4.389},"geometry":{"type":"Polygon","coordinates":[[[107.57123299999999,-7.105529000000001],[107.571333,-7.105529000000001],[107.571333,-7.105429000000001],[107.57123299999999,-7.105429000000001],[107.57123299999999,-7.105529000000001]]]}},{"type":"Feature","properties":{"row":15,"col":12,"Q1_2025":4.017,"Q2_2025":4.014,"Q3_2025":4.31,"Q4_2025":4.45,"Q1_2026":4.277},"geometry":{"type":"Polygon","coordinates":[[[107.571333,-7.105529000000001],[107.571433,-7.105529000000001],[107.571433,-7.105429000000001],[107.571333,-7.105429000000001],[107.571333,-7.105529000000001]]]}},{"type":"Feature","properties":{"row":15,"col":13,"Q1_2025":4.582,"Q2_2025":4.007,"Q3_2025":4.333,"Q4_2025":3.918,"Q1_2026":4.184},"geometry":{"type":"Polygon","coordinates":[[[107.571433,-7.105529000000001],[107.571533,-7.105529000000001],[107.571533,-7.105429000000001],[107.571433,-7.105429000000001],[107.571433,-7.105529000000001]]]}},{"type":"Feature","properties":{"row":15,"col":14,"Q1_2025":4.367,"Q2_2025":4.409,"Q3_2025":4.355,"Q4_2025":4.189,"Q1_2026":4.597},"geometry":{"type":"Polygon","coordinates":[[[107.571533,-7.105529000000001],[107.571633,-7.105529000000001],[107.571633,-7.105429000000001],[107.571533,-7.105429000000001],[107.571533,-7.105529000000001]]]}},{"type":"Feature","properties":{"row":15,"col":15,"Q1_2025":3.792,"Q2_2025":4.511,"Q3_2025":3.501,"Q4_2025":4.275,"Q1_2026":4.251},"geometry":{"type":"Polygon","coordinates":[[[107.57163299999999,-7.105529000000001],[107.571733,-7.105529000000001],[107.571733,-7.105429000000001],[107.57163299999999,-7.105429000000001],[107.57163299999999,-7.105529000000001]]]}},{"type":"Feature","properties":{"row":15,"col":16,"Q1_2025":4.47,"Q2_2025":4.123,"Q3_2025":4.653,"Q4_2025":4.816,"Q1_2026":4.618},"geometry":{"type":"Polygon","coordinates":[[[107.571733,-7.105529000000001],[107.571833,-7.105529000000001],[107.571833,-7.105429000000001],[107.571733,-7.105429000000001],[107.571733,-7.105529000000001]]]}},{"type":"Feature","properties":{"row":15,"col":17,"Q1_2025":3.577,"Q2_2025":3.942,"Q3_2025":4.118,"Q4_2025":4.488,"Q1_2026":4.582},"geometry":{"type":"Polygon","coordinates":[[[107.571833,-7.105529000000001],[107.571933,-7.105529000000001],[107.571933,-7.105429000000001],[107.571833,-7.105429000000001],[107.571833,-7.105529000000001]]]}},{"type":"Feature","properties":{"row":15,"col":18,"Q1_2025":3.65,"Q2_2025":4.385,"Q3_2025":3.945,"Q4_2025":4.243,"Q1_2026":4.526},"geometry":{"type":"Polygon","coordinates":[[[107.571933,-7.105529000000001],[107.572033,-7.105529000000001],[107.572033,-7.105429000000001],[107.571933,-7.105429000000001],[107.571933,-7.105529000000001]]]}},{"type":"Feature","properties":{"row":15,"col":19,"Q1_2025":3.987,"Q2_2025":4.597,"Q3_2025":4.568,"Q4_2025":3.93,"Q1_2026":4.088},"geometry":{"type":"Polygon","coordinates":[[[107.572033,-7.105529000000001],[107.57213300000001,-7.105529000000001],[107.57213300000001,-7.105429000000001],[107.572033,-7.105429000000001],[107.572033,-7.105529000000001]]]}},{"type":"Feature","properties":{"row":16,"col":0,"Q1_2025":3.402,"Q2_2025":3.191,"Q3_2025":3.445,"Q4_2025":3.364,"Q1_2026":3.826},"geometry":{"type":"Polygon","coordinates":[[[107.570133,-7.105429000000001],[107.570233,-7.105429000000001],[107.570233,-7.105329000000001],[107.570133,-7.105329000000001],[107.570133,-7.105429000000001]]]}},{"type":"Feature","properties":{"row":16,"col":1,"Q1_2025":3.386,"Q2_2025":3.491,"Q3_2025":3.152,"Q4_2025":3.637,"Q1_2026":3.072},"geometry":{"type":"Polygon","coordinates":[[[107.570233,-7.105429000000001],[107.570333,-7.105429000000001],[107.570333,-7.105329000000001],[107.570233,-7.105329000000001],[107.570233,-7.105429000000001]]]}},{"type":"Feature","properties":{"row":16,"col":2,"Q1_2025":3.181,"Q2_2025":3.162,"Q3_2025":3.22,"Q4_2025":3.272,"Q1_2026":3.05},"geometry":{"type":"Polygon","coordinates":[[[107.570333,-7.105429000000001],[107.57043300000001,-7.105429000000001],[107.57043300000001,-7.105329000000001],[107.570333,-7.105329000000001],[107.570333,-7.105429000000001]]]}},{"type":"Feature","properties":{"row":16,"col":3,"Q1_2025":3.722,"Q2_2025":3.386,"Q3_2025":3.497,"Q4_2025":3.8,"Q1_2026":4.07},"geometry":{"type":"Polygon","coordinates":[[[107.570433,-7.105429000000001],[107.570533,-7.105429000000001],[107.570533,-7.105329000000001],[107.570433,-7.105329000000001],[107.570433,-7.105429000000001]]]}},{"type":"Feature","properties":{"row":16,"col":4,"Q1_2025":3.847,"Q2_2025":3.417,"Q3_2025":3.702,"Q4_2025":3.474,"Q1_2026":4.066},"geometry":{"type":"Polygon","coordinates":[[[107.570533,-7.105429000000001],[107.570633,-7.105429000000001],[107.570633,-7.105329000000001],[107.570533,-7.105329000000001],[107.570533,-7.105429000000001]]]}},{"type":"Feature","properties":{"row":16,"col":5,"Q1_2025":3.546,"Q2_2025":3.912,"Q3_2025":3.988,"Q4_2025":4.074,"Q1_2026":4.101},"geometry":{"type":"Polygon","coordinates":[[[107.570633,-7.105429000000001],[107.570733,-7.105429000000001],[107.570733,-7.105329000000001],[107.570633,-7.105329000000001],[107.570633,-7.105429000000001]]]}},{"type":"Feature","properties":{"row":16,"col":6,"Q1_2025":3.656,"Q2_2025":3.357,"Q3_2025":3.928,"Q4_2025":4.435,"Q1_2026":3.9},"geometry":{"type":"Polygon","coordinates":[[[107.570733,-7.105429000000001],[107.57083300000001,-7.105429000000001],[107.57083300000001,-7.105329000000001],[107.570733,-7.105329000000001],[107.570733,-7.105429000000001]]]}},{"type":"Feature","properties":{"row":16,"col":7,"Q1_2025":3.511,"Q2_2025":4.0,"Q3_2025":4.417,"Q4_2025":3.702,"Q1_2026":3.39},"geometry":{"type":"Polygon","coordinates":[[[107.570833,-7.105429000000001],[107.570933,-7.105429000000001],[107.570933,-7.105329000000001],[107.570833,-7.105329000000001],[107.570833,-7.105429000000001]]]}},{"type":"Feature","properties":{"row":16,"col":8,"Q1_2025":3.607,"Q2_2025":3.922,"Q3_2025":3.949,"Q4_2025":4.014,"Q1_2026":4.041},"geometry":{"type":"Polygon","coordinates":[[[107.570933,-7.105429000000001],[107.571033,-7.105429000000001],[107.571033,-7.105329000000001],[107.570933,-7.105329000000001],[107.570933,-7.105429000000001]]]}},{"type":"Feature","properties":{"row":16,"col":9,"Q1_2025":3.666,"Q2_2025":3.712,"Q3_2025":4.168,"Q4_2025":4.331,"Q1_2026":3.784},"geometry":{"type":"Polygon","coordinates":[[[107.571033,-7.105429000000001],[107.571133,-7.105429000000001],[107.571133,-7.105329000000001],[107.571033,-7.105329000000001],[107.571033,-7.105429000000001]]]}},{"type":"Feature","properties":{"row":16,"col":10,"Q1_2025":4.391,"Q2_2025":4.149,"Q3_2025":4.283,"Q4_2025":4.132,"Q1_2026":4.393},"geometry":{"type":"Polygon","coordinates":[[[107.571133,-7.105429000000001],[107.571233,-7.105429000000001],[107.571233,-7.105329000000001],[107.571133,-7.105329000000001],[107.571133,-7.105429000000001]]]}},{"type":"Feature","properties":{"row":16,"col":11,"Q1_2025":3.625,"Q2_2025":4.537,"Q3_2025":4.587,"Q4_2025":4.19,"Q1_2026":3.966},"geometry":{"type":"Polygon","coordinates":[[[107.57123299999999,-7.105429000000001],[107.571333,-7.105429000000001],[107.571333,-7.105329000000001],[107.57123299999999,-7.105329000000001],[107.57123299999999,-7.105429000000001]]]}},{"type":"Feature","properties":{"row":16,"col":12,"Q1_2025":3.903,"Q2_2025":4.273,"Q3_2025":4.077,"Q4_2025":4.057,"Q1_2026":4.444},"geometry":{"type":"Polygon","coordinates":[[[107.571333,-7.105429000000001],[107.571433,-7.105429000000001],[107.571433,-7.105329000000001],[107.571333,-7.105329000000001],[107.571333,-7.105429000000001]]]}},{"type":"Feature","properties":{"row":16,"col":13,"Q1_2025":3.755,"Q2_2025":4.518,"Q3_2025":4.501,"Q4_2025":4.516,"Q1_2026":4.205},"geometry":{"type":"Polygon","coordinates":[[[107.571433,-7.105429000000001],[107.571533,-7.105429000000001],[107.571533,-7.105329000000001],[107.571433,-7.105329000000001],[107.571433,-7.105429000000001]]]}},{"type":"Feature","properties":{"row":16,"col":14,"Q1_2025":4.091,"Q2_2025":4.462,"Q3_2025":3.601,"Q4_2025":4.391,"Q1_2026":4.851},"geometry":{"type":"Polygon","coordinates":[[[107.571533,-7.105429000000001],[107.571633,-7.105429000000001],[107.571633,-7.105329000000001],[107.571533,-7.105329000000001],[107.571533,-7.105429000000001]]]}},{"type":"Feature","properties":{"row":16,"col":15,"Q1_2025":4.576,"Q2_2025":3.847,"Q3_2025":4.316,"Q4_2025":4.646,"Q1_2026":4.794},"geometry":{"type":"Polygon","coordinates":[[[107.57163299999999,-7.105429000000001],[107.571733,-7.105429000000001],[107.571733,-7.105329000000001],[107.57163299999999,-7.105329000000001],[107.57163299999999,-7.105429000000001]]]}},{"type":"Feature","properties":{"row":16,"col":16,"Q1_2025":3.477,"Q2_2025":3.526,"Q3_2025":4.275,"Q4_2025":4.478,"Q1_2026":4.391},"geometry":{"type":"Polygon","coordinates":[[[107.571733,-7.105429000000001],[107.571833,-7.105429000000001],[107.571833,-7.105329000000001],[107.571733,-7.105329000000001],[107.571733,-7.105429000000001]]]}},{"type":"Feature","properties":{"row":16,"col":17,"Q1_2025":3.92,"Q2_2025":4.502,"Q3_2025":4.662,"Q4_2025":4.141,"Q1_2026":4.466},"geometry":{"type":"Polygon","coordinates":[[[107.571833,-7.105429000000001],[107.571933,-7.105429000000001],[107.571933,-7.105329000000001],[107.571833,-7.105329000000001],[107.571833,-7.105429000000001]]]}},{"type":"Feature","properties":{"row":16,"col":18,"Q1_2025":3.656,"Q2_2025":4.624,"Q3_2025":3.782,"Q4_2025":3.982,"Q1_2026":4.137},"geometry":{"type":"Polygon","coordinates":[[[107.571933,-7.105429000000001],[107.572033,-7.105429000000001],[107.572033,-7.105329000000001],[107.571933,-7.105329000000001],[107.571933,-7.105429000000001]]]}},{"type":"Feature","properties":{"row":16,"col":19,"Q1_2025":3.669,"Q2_2025":4.467,"Q3_2025":4.88,"Q4_2025":4.362,"Q1_2026":4.283},"geometry":{"type":"Polygon","coordinates":[[[107.572033,-7.105429000000001],[107.57213300000001,-7.105429000000001],[107.57213300000001,-7.105329000000001],[107.572033,-7.105329000000001],[107.572033,-7.105429000000001]]]}},{"type":"Feature","properties":{"row":17,"col":0,"Q1_2025":3.24,"Q2_2025":2.851,"Q3_2025":3.625,"Q4_2025":3.313,"Q1_2026":3.55},"geometry":{"type":"Polygon","coordinates":[[[107.570133,-7.105329000000001],[107.570233,-7.105329000000001],[107.570233,-7.105229000000001],[107.570133,-7.105229000000001],[107.570133,-7.105329000000001]]]}},{"type":"Feature","properties":{"row":17,"col":1,"Q1_2025":2.911,"Q2_2025":3.157,"Q3_2025":2.832,"Q4_2025":3.424,"Q1_2026":3.785},"geometry":{"type":"Polygon","coordinates":[[[107.570233,-7.105329000000001],[107.570333,-7.105329000000001],[107.570333,-7.105229000000001],[107.570233,-7.105229000000001],[107.570233,-7.105329000000001]]]}},{"type":"Feature","properties":{"row":17,"col":2,"Q1_2025":2.657,"Q2_2025":3.01,"Q3_2025":3.27,"Q4_2025":3.42,"Q1_2026":3.586},"geometry":{"type":"Polygon","coordinates":[[[107.570333,-7.105329000000001],[107.57043300000001,-7.105329000000001],[107.57043300000001,-7.105229000000001],[107.570333,-7.105229000000001],[107.570333,-7.105329000000001]]]}},{"type":"Feature","properties":{"row":17,"col":3,"Q1_2025":3.293,"Q2_2025":3.491,"Q3_2025":3.496,"Q4_2025":3.102,"Q1_2026":3.8},"geometry":{"type":"Polygon","coordinates":[[[107.570433,-7.105329000000001],[107.570533,-7.105329000000001],[107.570533,-7.105229000000001],[107.570433,-7.105229000000001],[107.570433,-7.105329000000001]]]}},{"type":"Feature","properties":{"row":17,"col":4,"Q1_2025":3.759,"Q2_2025":3.575,"Q3_2025":3.066,"Q4_2025":3.768,"Q1_2026":3.94},"geometry":{"type":"Polygon","coordinates":[[[107.570533,-7.105329000000001],[107.570633,-7.105329000000001],[107.570633,-7.105229000000001],[107.570533,-7.105229000000001],[107.570533,-7.105329000000001]]]}},{"type":"Feature","properties":{"row":17,"col":5,"Q1_2025":3.19,"Q2_2025":3.61,"Q3_2025":4.07,"Q4_2025":4.272,"Q1_2026":3.925},"geometry":{"type":"Polygon","coordinates":[[[107.570633,-7.105329000000001],[107.570733,-7.105329000000001],[107.570733,-7.105229000000001],[107.570633,-7.105229000000001],[107.570633,-7.105329000000001]]]}},{"type":"Feature","properties":{"row":17,"col":6,"Q1_2025":3.724,"Q2_2025":3.622,"Q3_2025":3.649,"Q4_2025":4.287,"Q1_2026":4.261},"geometry":{"type":"Polygon","coordinates":[[[107.570733,-7.105329000000001],[107.57083300000001,-7.105329000000001],[107.57083300000001,-7.105229000000001],[107.570733,-7.105229000000001],[107.570733,-7.105329000000001]]]}},{"type":"Feature","properties":{"row":17,"col":7,"Q1_2025":3.837,"Q2_2025":3.594,"Q3_2025":4.292,"Q4_2025":4.264,"Q1_2026":3.664},"geometry":{"type":"Polygon","coordinates":[[[107.570833,-7.105329000000001],[107.570933,-7.105329000000001],[107.570933,-7.105229000000001],[107.570833,-7.105229000000001],[107.570833,-7.105329000000001]]]}},{"type":"Feature","properties":{"row":17,"col":8,"Q1_2025":4.051,"Q2_2025":3.875,"Q3_2025":4.008,"Q4_2025":3.42,"Q1_2026":3.686},"geometry":{"type":"Polygon","coordinates":[[[107.570933,-7.105329000000001],[107.571033,-7.105329000000001],[107.571033,-7.105229000000001],[107.570933,-7.105229000000001],[107.570933,-7.105329000000001]]]}},{"type":"Feature","properties":{"row":17,"col":9,"Q1_2025":4.086,"Q2_2025":3.659,"Q3_2025":4.233,"Q4_2025":3.691,"Q1_2026":3.747},"geometry":{"type":"Polygon","coordinates":[[[107.571033,-7.105329000000001],[107.571133,-7.105329000000001],[107.571133,-7.105229000000001],[107.571033,-7.105229000000001],[107.571033,-7.105329000000001]]]}},{"type":"Feature","properties":{"row":17,"col":10,"Q1_2025":4.418,"Q2_2025":4.218,"Q3_2025":4.006,"Q4_2025":4.212,"Q1_2026":4.032},"geometry":{"type":"Polygon","coordinates":[[[107.571133,-7.105329000000001],[107.571233,-7.105329000000001],[107.571233,-7.105229000000001],[107.571133,-7.105229000000001],[107.571133,-7.105329000000001]]]}},{"type":"Feature","properties":{"row":17,"col":11,"Q1_2025":3.996,"Q2_2025":4.343,"Q3_2025":3.965,"Q4_2025":4.335,"Q1_2026":3.782},"geometry":{"type":"Polygon","coordinates":[[[107.57123299999999,-7.105329000000001],[107.571333,-7.105329000000001],[107.571333,-7.105229000000001],[107.57123299999999,-7.105229000000001],[107.57123299999999,-7.105329000000001]]]}},{"type":"Feature","properties":{"row":17,"col":12,"Q1_2025":4.465,"Q2_2025":4.326,"Q3_2025":4.115,"Q4_2025":4.124,"Q1_2026":4.748},"geometry":{"type":"Polygon","coordinates":[[[107.571333,-7.105329000000001],[107.571433,-7.105329000000001],[107.571433,-7.105229000000001],[107.571333,-7.105229000000001],[107.571333,-7.105329000000001]]]}},{"type":"Feature","properties":{"row":17,"col":13,"Q1_2025":3.797,"Q2_2025":4.16,"Q3_2025":4.055,"Q4_2025":3.972,"Q1_2026":4.66},"geometry":{"type":"Polygon","coordinates":[[[107.571433,-7.105329000000001],[107.571533,-7.105329000000001],[107.571533,-7.105229000000001],[107.571433,-7.105229000000001],[107.571433,-7.105329000000001]]]}},{"type":"Feature","properties":{"row":17,"col":14,"Q1_2025":3.84,"Q2_2025":4.203,"Q3_2025":4.06,"Q4_2025":4.224,"Q1_2026":4.313},"geometry":{"type":"Polygon","coordinates":[[[107.571533,-7.105329000000001],[107.571633,-7.105329000000001],[107.571633,-7.105229000000001],[107.571533,-7.105229000000001],[107.571533,-7.105329000000001]]]}},{"type":"Feature","properties":{"row":17,"col":15,"Q1_2025":3.775,"Q2_2025":4.291,"Q3_2025":4.145,"Q4_2025":4.53,"Q1_2026":4.595},"geometry":{"type":"Polygon","coordinates":[[[107.57163299999999,-7.105329000000001],[107.571733,-7.105329000000001],[107.571733,-7.105229000000001],[107.57163299999999,-7.105229000000001],[107.57163299999999,-7.105329000000001]]]}},{"type":"Feature","properties":{"row":17,"col":16,"Q1_2025":4.338,"Q2_2025":3.924,"Q3_2025":4.37,"Q4_2025":4.219,"Q1_2026":4.364},"geometry":{"type":"Polygon","coordinates":[[[107.571733,-7.105329000000001],[107.571833,-7.105329000000001],[107.571833,-7.105229000000001],[107.571733,-7.105229000000001],[107.571733,-7.105329000000001]]]}},{"type":"Feature","properties":{"row":17,"col":17,"Q1_2025":3.75,"Q2_2025":3.922,"Q3_2025":4.354,"Q4_2025":4.162,"Q1_2026":4.146},"geometry":{"type":"Polygon","coordinates":[[[107.571833,-7.105329000000001],[107.571933,-7.105329000000001],[107.571933,-7.105229000000001],[107.571833,-7.105229000000001],[107.571833,-7.105329000000001]]]}},{"type":"Feature","properties":{"row":17,"col":18,"Q1_2025":4.207,"Q2_2025":4.16,"Q3_2025":3.787,"Q4_2025":4.284,"Q1_2026":4.691},"geometry":{"type":"Polygon","coordinates":[[[107.571933,-7.105329000000001],[107.572033,-7.105329000000001],[107.572033,-7.105229000000001],[107.571933,-7.105229000000001],[107.571933,-7.105329000000001]]]}},{"type":"Feature","properties":{"row":17,"col":19,"Q1_2025":4.264,"Q2_2025":3.874,"Q3_2025":3.802,"Q4_2025":4.126,"Q1_2026":4.739},"geometry":{"type":"Polygon","coordinates":[[[107.572033,-7.105329000000001],[107.57213300000001,-7.105329000000001],[107.57213300000001,-7.105229000000001],[107.572033,-7.105229000000001],[107.572033,-7.105329000000001]]]}},{"type":"Feature","properties":{"row":18,"col":0,"Q1_2025":3.21,"Q2_2025":2.399,"Q3_2025":3.444,"Q4_2025":2.621,"Q1_2026":3.966},"geometry":{"type":"Polygon","coordinates":[[[107.570133,-7.1052290000000005],[107.570233,-7.1052290000000005],[107.570233,-7.105129000000001],[107.570133,-7.105129000000001],[107.570133,-7.1052290000000005]]]}},{"type":"Feature","properties":{"row":18,"col":1,"Q1_2025":3.332,"Q2_2025":3.06,"Q3_2025":3.31,"Q4_2025":3.577,"Q1_2026":3.33},"geometry":{"type":"Polygon","coordinates":[[[107.570233,-7.1052290000000005],[107.570333,-7.1052290000000005],[107.570333,-7.105129000000001],[107.570233,-7.105129000000001],[107.570233,-7.1052290000000005]]]}},{"type":"Feature","properties":{"row":18,"col":2,"Q1_2025":3.308,"Q2_2025":3.23,"Q3_2025":3.294,"Q4_2025":3.927,"Q1_2026":2.958},"geometry":{"type":"Polygon","coordinates":[[[107.570333,-7.1052290000000005],[107.57043300000001,-7.1052290000000005],[107.57043300000001,-7.105129000000001],[107.570333,-7.105129000000001],[107.570333,-7.1052290000000005]]]}},{"type":"Feature","properties":{"row":18,"col":3,"Q1_2025":3.273,"Q2_2025":2.941,"Q3_2025":3.404,"Q4_2025":3.347,"Q1_2026":4.423},"geometry":{"type":"Polygon","coordinates":[[[107.570433,-7.1052290000000005],[107.570533,-7.1052290000000005],[107.570533,-7.105129000000001],[107.570433,-7.105129000000001],[107.570433,-7.1052290000000005]]]}},{"type":"Feature","properties":{"row":18,"col":4,"Q1_2025":3.192,"Q2_2025":3.405,"Q3_2025":3.361,"Q4_2025":3.913,"Q1_2026":3.594},"geometry":{"type":"Polygon","coordinates":[[[107.570533,-7.1052290000000005],[107.570633,-7.1052290000000005],[107.570633,-7.105129000000001],[107.570533,-7.105129000000001],[107.570533,-7.1052290000000005]]]}},{"type":"Feature","properties":{"row":18,"col":5,"Q1_2025":3.235,"Q2_2025":4.092,"Q3_2025":3.866,"Q4_2025":3.812,"Q1_2026":4.555},"geometry":{"type":"Polygon","coordinates":[[[107.570633,-7.1052290000000005],[107.570733,-7.1052290000000005],[107.570733,-7.105129000000001],[107.570633,-7.105129000000001],[107.570633,-7.1052290000000005]]]}},{"type":"Feature","properties":{"row":18,"col":6,"Q1_2025":3.322,"Q2_2025":3.368,"Q3_2025":3.474,"Q4_2025":4.173,"Q1_2026":3.726},"geometry":{"type":"Polygon","coordinates":[[[107.570733,-7.1052290000000005],[107.57083300000001,-7.1052290000000005],[107.57083300000001,-7.105129000000001],[107.570733,-7.105129000000001],[107.570733,-7.1052290000000005]]]}},{"type":"Feature","properties":{"row":18,"col":7,"Q1_2025":3.945,"Q2_2025":3.499,"Q3_2025":3.243,"Q4_2025":3.647,"Q1_2026":4.074},"geometry":{"type":"Polygon","coordinates":[[[107.570833,-7.1052290000000005],[107.570933,-7.1052290000000005],[107.570933,-7.105129000000001],[107.570833,-7.105129000000001],[107.570833,-7.1052290000000005]]]}},{"type":"Feature","properties":{"row":18,"col":8,"Q1_2025":4.015,"Q2_2025":4.147,"Q3_2025":3.967,"Q4_2025":4.162,"Q1_2026":3.264},"geometry":{"type":"Polygon","coordinates":[[[107.570933,-7.1052290000000005],[107.571033,-7.1052290000000005],[107.571033,-7.105129000000001],[107.570933,-7.105129000000001],[107.570933,-7.1052290000000005]]]}},{"type":"Feature","properties":{"row":18,"col":9,"Q1_2025":3.798,"Q2_2025":3.831,"Q3_2025":3.826,"Q4_2025":3.819,"Q1_2026":4.383},"geometry":{"type":"Polygon","coordinates":[[[107.571033,-7.1052290000000005],[107.571133,-7.1052290000000005],[107.571133,-7.105129000000001],[107.571033,-7.105129000000001],[107.571033,-7.1052290000000005]]]}},{"type":"Feature","properties":{"row":18,"col":10,"Q1_2025":4.114,"Q2_2025":4.462,"Q3_2025":3.914,"Q4_2025":3.834,"Q1_2026":4.738},"geometry":{"type":"Polygon","coordinates":[[[107.571133,-7.1052290000000005],[107.571233,-7.1052290000000005],[107.571233,-7.105129000000001],[107.571133,-7.105129000000001],[107.571133,-7.1052290000000005]]]}},{"type":"Feature","properties":{"row":18,"col":11,"Q1_2025":3.721,"Q2_2025":3.761,"Q3_2025":3.601,"Q4_2025":4.243,"Q1_2026":4.399},"geometry":{"type":"Polygon","coordinates":[[[107.57123299999999,-7.1052290000000005],[107.571333,-7.1052290000000005],[107.571333,-7.105129000000001],[107.57123299999999,-7.105129000000001],[107.57123299999999,-7.1052290000000005]]]}},{"type":"Feature","properties":{"row":18,"col":12,"Q1_2025":4.105,"Q2_2025":4.019,"Q3_2025":4.216,"Q4_2025":4.319,"Q1_2026":4.407},"geometry":{"type":"Polygon","coordinates":[[[107.571333,-7.1052290000000005],[107.571433,-7.1052290000000005],[107.571433,-7.105129000000001],[107.571333,-7.105129000000001],[107.571333,-7.1052290000000005]]]}},{"type":"Feature","properties":{"row":18,"col":13,"Q1_2025":4.232,"Q2_2025":4.234,"Q3_2025":4.135,"Q4_2025":4.018,"Q1_2026":4.52},"geometry":{"type":"Polygon","coordinates":[[[107.571433,-7.1052290000000005],[107.571533,-7.1052290000000005],[107.571533,-7.105129000000001],[107.571433,-7.105129000000001],[107.571433,-7.1052290000000005]]]}},{"type":"Feature","properties":{"row":18,"col":14,"Q1_2025":3.723,"Q2_2025":3.952,"Q3_2025":3.882,"Q4_2025":4.836,"Q1_2026":4.005},"geometry":{"type":"Polygon","coordinates":[[[107.571533,-7.1052290000000005],[107.571633,-7.1052290000000005],[107.571633,-7.105129000000001],[107.571533,-7.105129000000001],[107.571533,-7.1052290000000005]]]}},{"type":"Feature","properties":{"row":18,"col":15,"Q1_2025":4.106,"Q2_2025":4.21,"Q3_2025":4.37,"Q4_2025":4.195,"Q1_2026":4.332},"geometry":{"type":"Polygon","coordinates":[[[107.57163299999999,-7.1052290000000005],[107.571733,-7.1052290000000005],[107.571733,-7.105129000000001],[107.57163299999999,-7.105129000000001],[107.57163299999999,-7.1052290000000005]]]}},{"type":"Feature","properties":{"row":18,"col":16,"Q1_2025":3.851,"Q2_2025":3.194,"Q3_2025":3.88,"Q4_2025":4.619,"Q1_2026":4.065},"geometry":{"type":"Polygon","coordinates":[[[107.571733,-7.1052290000000005],[107.571833,-7.1052290000000005],[107.571833,-7.105129000000001],[107.571733,-7.105129000000001],[107.571733,-7.1052290000000005]]]}},{"type":"Feature","properties":{"row":18,"col":17,"Q1_2025":3.947,"Q2_2025":4.798,"Q3_2025":3.816,"Q4_2025":4.055,"Q1_2026":4.231},"geometry":{"type":"Polygon","coordinates":[[[107.571833,-7.1052290000000005],[107.571933,-7.1052290000000005],[107.571933,-7.105129000000001],[107.571833,-7.105129000000001],[107.571833,-7.1052290000000005]]]}},{"type":"Feature","properties":{"row":18,"col":18,"Q1_2025":3.298,"Q2_2025":3.737,"Q3_2025":3.669,"Q4_2025":4.36,"Q1_2026":4.223},"geometry":{"type":"Polygon","coordinates":[[[107.571933,-7.1052290000000005],[107.572033,-7.1052290000000005],[107.572033,-7.105129000000001],[107.571933,-7.105129000000001],[107.571933,-7.1052290000000005]]]}},{"type":"Feature","properties":{"row":18,"col":19,"Q1_2025":3.243,"Q2_2025":4.226,"Q3_2025":4.375,"Q4_2025":4.075,"Q1_2026":4.567},"geometry":{"type":"Polygon","coordinates":[[[107.572033,-7.1052290000000005],[107.57213300000001,-7.1052290000000005],[107.57213300000001,-7.105129000000001],[107.572033,-7.105129000000001],[107.572033,-7.1052290000000005]]]}},{"type":"Feature","properties":{"row":19,"col":0,"Q1_2025":3.123,"Q2_2025":2.773,"Q3_2025":3.231,"Q4_2025":3.302,"Q1_2026":3.096},"geometry":{"type":"Polygon","coordinates":[[[107.570133,-7.105129000000001],[107.570233,-7.105129000000001],[107.570233,-7.105029000000001],[107.570133,-7.105029000000001],[107.570133,-7.105129000000001]]]}},{"type":"Feature","properties":{"row":19,"col":1,"Q1_2025":2.728,"Q2_2025":3.258,"Q3_2025":3.928,"Q4_2025":3.324,"Q1_2026":3.499},"geometry":{"type":"Polygon","coordinates":[[[107.570233,-7.105129000000001],[107.570333,-7.105129000000001],[107.570333,-7.105029000000001],[107.570233,-7.105029000000001],[107.570233,-7.105129000000001]]]}},{"type":"Feature","properties":{"row":19,"col":2,"Q1_2025":2.807,"Q2_2025":3.145,"Q3_2025":3.262,"Q4_2025":3.31,"Q1_2026":3.326},"geometry":{"type":"Polygon","coordinates":[[[107.570333,-7.105129000000001],[107.57043300000001,-7.105129000000001],[107.57043300000001,-7.105029000000001],[107.570333,-7.105029000000001],[107.570333,-7.105129000000001]]]}},{"type":"Feature","properties":{"row":19,"col":3,"Q1_2025":3.195,"Q2_2025":3.14,"Q3_2025":3.782,"Q4_2025":4.124,"Q1_2026":3.381},"geometry":{"type":"Polygon","coordinates":[[[107.570433,-7.105129000000001],[107.570533,-7.105129000000001],[107.570533,-7.105029000000001],[107.570433,-7.105029000000001],[107.570433,-7.105129000000001]]]}},{"type":"Feature","properties":{"row":19,"col":4,"Q1_2025":3.184,"Q2_2025":3.523,"Q3_2025":3.668,"Q4_2025":3.364,"Q1_2026":3.522},"geometry":{"type":"Polygon","coordinates":[[[107.570533,-7.105129000000001],[107.570633,-7.105129000000001],[107.570633,-7.105029000000001],[107.570533,-7.105029000000001],[107.570533,-7.105129000000001]]]}},{"type":"Feature","properties":{"row":19,"col":5,"Q1_2025":3.55,"Q2_2025":2.982,"Q3_2025":4.238,"Q4_2025":3.764,"Q1_2026":3.683},"geometry":{"type":"Polygon","coordinates":[[[107.570633,-7.105129000000001],[107.570733,-7.105129000000001],[107.570733,-7.105029000000001],[107.570633,-7.105029000000001],[107.570633,-7.105129000000001]]]}},{"type":"Feature","properties":{"row":19,"col":6,"Q1_2025":3.406,"Q2_2025":3.229,"Q3_2025":4.191,"Q4_2025":3.726,"Q1_2026":3.72},"geometry":{"type":"Polygon","coordinates":[[[107.570733,-7.105129000000001],[107.57083300000001,-7.105129000000001],[107.57083300000001,-7.105029000000001],[107.570733,-7.105029000000001],[107.570733,-7.105129000000001]]]}},{"type":"Feature","properties":{"row":19,"col":7,"Q1_2025":4.05,"Q2_2025":3.932,"Q3_2025":3.664,"Q4_2025":3.954,"Q1_2026":3.823},"geometry":{"type":"Polygon","coordinates":[[[107.570833,-7.105129000000001],[107.570933,-7.105129000000001],[107.570933,-7.105029000000001],[107.570833,-7.105029000000001],[107.570833,-7.105129000000001]]]}},{"type":"Feature","properties":{"row":19,"col":8,"Q1_2025":3.48,"Q2_2025":3.623,"Q3_2025":3.878,"Q4_2025":4.217,"Q1_2026":4.582},"geometry":{"type":"Polygon","coordinates":[[[107.570933,-7.105129000000001],[107.571033,-7.105129000000001],[107.571033,-7.105029000000001],[107.570933,-7.105029000000001],[107.570933,-7.105129000000001]]]}},{"type":"Feature","properties":{"row":19,"col":9,"Q1_2025":2.997,"Q2_2025":4.445,"Q3_2025":4.156,"Q4_2025":3.953,"Q1_2026":3.919},"geometry":{"type":"Polygon","coordinates":[[[107.571033,-7.105129000000001],[107.571133,-7.105129000000001],[107.571133,-7.105029000000001],[107.571033,-7.105029000000001],[107.571033,-7.105129000000001]]]}},{"type":"Feature","properties":{"row":19,"col":10,"Q1_2025":3.14,"Q2_2025":4.159,"Q3_2025":3.572,"Q4_2025":4.196,"Q1_2026":3.976},"geometry":{"type":"Polygon","coordinates":[[[107.571133,-7.105129000000001],[107.571233,-7.105129000000001],[107.571233,-7.105029000000001],[107.571133,-7.105029000000001],[107.571133,-7.105129000000001]]]}},{"type":"Feature","properties":{"row":19,"col":11,"Q1_2025":3.257,"Q2_2025":3.97,"Q3_2025":4.09,"Q4_2025":3.764,"Q1_2026":4.402},"geometry":{"type":"Polygon","coordinates":[[[107.57123299999999,-7.105129000000001],[107.571333,-7.105129000000001],[107.571333,-7.105029000000001],[107.57123299999999,-7.105029000000001],[107.57123299999999,-7.105129000000001]]]}},{"type":"Feature","properties":{"row":19,"col":12,"Q1_2025":4.322,"Q2_2025":4.027,"Q3_2025":4.109,"Q4_2025":3.86,"Q1_2026":3.868},"geometry":{"type":"Polygon","coordinates":[[[107.571333,-7.105129000000001],[107.571433,-7.105129000000001],[107.571433,-7.105029000000001],[107.571333,-7.105029000000001],[107.571333,-7.105129000000001]]]}},{"type":"Feature","properties":{"row":19,"col":13,"Q1_2025":3.686,"Q2_2025":3.928,"Q3_2025":4.011,"Q4_2025":4.048,"Q1_2026":4.955},"geometry":{"type":"Polygon","coordinates":[[[107.571433,-7.105129000000001],[107.571533,-7.105129000000001],[107.571533,-7.105029000000001],[107.571433,-7.105029000000001],[107.571433,-7.105129000000001]]]}},{"type":"Feature","properties":{"row":19,"col":14,"Q1_2025":3.999,"Q2_2025":3.634,"Q3_2025":3.667,"Q4_2025":3.606,"Q1_2026":3.925},"geometry":{"type":"Polygon","coordinates":[[[107.571533,-7.105129000000001],[107.571633,-7.105129000000001],[107.571633,-7.105029000000001],[107.571533,-7.105029000000001],[107.571533,-7.105129000000001]]]}},{"type":"Feature","properties":{"row":19,"col":15,"Q1_2025":4.013,"Q2_2025":3.854,"Q3_2025":3.832,"Q4_2025":4.317,"Q1_2026":4.405},"geometry":{"type":"Polygon","coordinates":[[[107.57163299999999,-7.105129000000001],[107.571733,-7.105129000000001],[107.571733,-7.105029000000001],[107.57163299999999,-7.105029000000001],[107.57163299999999,-7.105129000000001]]]}},{"type":"Feature","properties":{"row":19,"col":16,"Q1_2025":3.957,"Q2_2025":3.941,"Q3_2025":4.034,"Q4_2025":3.75,"Q1_2026":3.692},"geometry":{"type":"Polygon","coordinates":[[[107.571733,-7.105129000000001],[107.571833,-7.105129000000001],[107.571833,-7.105029000000001],[107.571733,-7.105029000000001],[107.571733,-7.105129000000001]]]}},{"type":"Feature","properties":{"row":19,"col":17,"Q1_2025":3.603,"Q2_2025":3.708,"Q3_2025":3.799,"Q4_2025":4.093,"Q1_2026":4.103},"geometry":{"type":"Polygon","coordinates":[[[107.571833,-7.105129000000001],[107.571933,-7.105129000000001],[107.571933,-7.105029000000001],[107.571833,-7.105029000000001],[107.571833,-7.105129000000001]]]}},{"type":"Feature","properties":{"row":19,"col":18,"Q1_2025":3.447,"Q2_2025":3.908,"Q3_2025":4.139,"Q4_2025":3.991,"Q1_2026":4.484},"geometry":{"type":"Polygon","coordinates":[[[107.571933,-7.105129000000001],[107.572033,-7.105129000000001],[107.572033,-7.105029000000001],[107.571933,-7.105029000000001],[107.571933,-7.105129000000001]]]}},{"type":"Feature","properties":{"row":19,"col":19,"Q1_2025":3.922,"Q2_2025":4.044,"Q3_2025":3.915,"Q4_2025":4.251,"Q1_2026":4.432},"geometry":{"type":"Polygon","coordinates":[[[107.572033,-7.105129000000001],[107.57213300000001,-7.105129000000001],[107.57213300000001,-7.105029000000001],[107.572033,-7.105029000000001],[107.572033,-7.105129000000001]]]}}]}